Manufacturer,Item,Category,CSI Spec Section,Description,Mounting Type,Unit of Measure,Currency,URL
Claridge,Claridge Glass Whiteboard,Markerboard,101116,"Claridge Glass Whiteboard (Claridge). Claridge glass boards are stylish, functional and easy to maintain. Product family / series listing from Claridge All Products. Spec sheet: https://claridgeproducts.com/wp-content/uploads/2023/09/Claridge-Glass-Whiteboard_Tech-Data.pdf. Image: https://claridgeproducts.com/wp-content/uploads/2022/09/Glass-Invisimount-768x768.png.",,EA,USD,https://claridgeproducts.com/product/claridge-glass/
Claridge,GB2X3MGMI,Markerboard,101116,"Claridge Glass Whiteboard (Claridge). Claridge glass boards are stylish, functional and easy to maintain. Product Codes- Magnetic (Invisible-Mount: ""GBXxXMGMI"" , Stand-off Edge Mount: ""GBXxXMGM"" , Through Glass Mount: ""GBXxXMGM-TG"") Size 24” x 36” Weight 48 lbs. Spec sheet: https://claridgeproducts.com/wp-content/uploads/2023/09/Claridge-Glass-Whiteboard_Tech-Data.pdf. Image: https://claridgeproducts.com/wp-content/uploads/2022/09/Glass-Invisimount-768x768.png.",Invisi-Mount,EA,USD,https://claridgeproducts.com/product/claridge-glass/
Claridge,GB2X3MGM,Markerboard,101116,"Claridge Glass Whiteboard (Claridge). Claridge glass boards are stylish, functional and easy to maintain. Product Codes- Magnetic (Invisible-Mount: ""GBXxXMGMI"" , Stand-off Edge Mount: ""GBXxXMGM"" , Through Glass Mount: ""GBXxXMGM-TG"") Size 24” x 36” Weight 48 lbs. Spec sheet: https://claridgeproducts.com/wp-content/uploads/2023/09/Claridge-Glass-Whiteboard_Tech-Data.pdf. Image: https://claridgeproducts.com/wp-content/uploads/2022/09/Glass-Invisimount-768x768.png.",,EA,USD,https://claridgeproducts.com/product/claridge-glass/
Claridge,GB2X3MGM-TG,Markerboard,101116,"Claridge Glass Whiteboard (Claridge). Claridge glass boards are stylish, functional and easy to maintain. Product Codes- Magnetic (Invisible-Mount: ""GBXxXMGMI"" , Stand-off Edge Mount: ""GBXxXMGM"" , Through Glass Mount: ""GBXxXMGM-TG"") Size 24” x 36” Weight 48 lbs. Spec sheet: https://claridgeproducts.com/wp-content/uploads/2023/09/Claridge-Glass-Whiteboard_Tech-Data.pdf. Image: https://claridgeproducts.com/wp-content/uploads/2022/09/Glass-Invisimount-768x768.png.",Through-Glass Standoff,EA,USD,https://claridgeproducts.com/product/claridge-glass/
Claridge,GB3X4MGMI,Markerboard,101116,"Claridge Glass Whiteboard (Claridge). Claridge glass boards are stylish, functional and easy to maintain. Product Codes- Magnetic (Invisible-Mount: ""GBXxXMGMI"" , Stand-off Edge Mount: ""GBXxXMGM"" , Through Glass Mount: ""GBXxXMGM-TG"") Size 36” x 48” Weight 96 lbs. Spec sheet: https://claridgeproducts.com/wp-content/uploads/2023/09/Claridge-Glass-Whiteboard_Tech-Data.pdf. Image: https://claridgeproducts.com/wp-content/uploads/2022/09/Glass-Invisimount-768x768.png.",Invisi-Mount,EA,USD,https://claridgeproducts.com/product/claridge-glass/
Claridge,GB3X4MGM,Markerboard,101116,"Claridge Glass Whiteboard (Claridge). Claridge glass boards are stylish, functional and easy to maintain. Product Codes- Magnetic (Invisible-Mount: ""GBXxXMGMI"" , Stand-off Edge Mount: ""GBXxXMGM"" , Through Glass Mount: ""GBXxXMGM-TG"") Size 36” x 48” Weight 96 lbs. Spec sheet: https://claridgeproducts.com/wp-content/uploads/2023/09/Claridge-Glass-Whiteboard_Tech-Data.pdf. Image: https://claridgeproducts.com/wp-content/uploads/2022/09/Glass-Invisimount-768x768.png.",,EA,USD,https://claridgeproducts.com/product/claridge-glass/
Claridge,GB3X4MGM-TG,Markerboard,101116,"Claridge Glass Whiteboard (Claridge). Claridge glass boards are stylish, functional and easy to maintain. Product Codes- Magnetic (Invisible-Mount: ""GBXxXMGMI"" , Stand-off Edge Mount: ""GBXxXMGM"" , Through Glass Mount: ""GBXxXMGM-TG"") Size 36” x 48” Weight 96 lbs. Spec sheet: https://claridgeproducts.com/wp-content/uploads/2023/09/Claridge-Glass-Whiteboard_Tech-Data.pdf. Image: https://claridgeproducts.com/wp-content/uploads/2022/09/Glass-Invisimount-768x768.png.",Through-Glass Standoff,EA,USD,https://claridgeproducts.com/product/claridge-glass/
Claridge,GB4X4MGMI,Markerboard,101116,"Claridge Glass Whiteboard (Claridge). Claridge glass boards are stylish, functional and easy to maintain. Product Codes- Magnetic (Invisible-Mount: ""GBXxXMGMI"" , Stand-off Edge Mount: ""GBXxXMGM"" , Through Glass Mount: ""GBXxXMGM-TG"") Size 48” x 48” Weight 128 lbs. Spec sheet: https://claridgeproducts.com/wp-content/uploads/2023/09/Claridge-Glass-Whiteboard_Tech-Data.pdf. Image: https://claridgeproducts.com/wp-content/uploads/2022/09/Glass-Invisimount-768x768.png.",Invisi-Mount,EA,USD,https://claridgeproducts.com/product/claridge-glass/
Claridge,GB4X4MGM,Markerboard,101116,"Claridge Glass Whiteboard (Claridge). Claridge glass boards are stylish, functional and easy to maintain. Product Codes- Magnetic (Invisible-Mount: ""GBXxXMGMI"" , Stand-off Edge Mount: ""GBXxXMGM"" , Through Glass Mount: ""GBXxXMGM-TG"") Size 48” x 48” Weight 128 lbs. Spec sheet: https://claridgeproducts.com/wp-content/uploads/2023/09/Claridge-Glass-Whiteboard_Tech-Data.pdf. Image: https://claridgeproducts.com/wp-content/uploads/2022/09/Glass-Invisimount-768x768.png.",,EA,USD,https://claridgeproducts.com/product/claridge-glass/
Claridge,GB4X4MGM-TG,Markerboard,101116,"Claridge Glass Whiteboard (Claridge). Claridge glass boards are stylish, functional and easy to maintain. Product Codes- Magnetic (Invisible-Mount: ""GBXxXMGMI"" , Stand-off Edge Mount: ""GBXxXMGM"" , Through Glass Mount: ""GBXxXMGM-TG"") Size 48” x 48” Weight 128 lbs. Spec sheet: https://claridgeproducts.com/wp-content/uploads/2023/09/Claridge-Glass-Whiteboard_Tech-Data.pdf. Image: https://claridgeproducts.com/wp-content/uploads/2022/09/Glass-Invisimount-768x768.png.",Through-Glass Standoff,EA,USD,https://claridgeproducts.com/product/claridge-glass/
Claridge,GB4X6MGMI,Markerboard,101116,"Claridge Glass Whiteboard (Claridge). Claridge glass boards are stylish, functional and easy to maintain. Product Codes- Magnetic (Invisible-Mount: ""GBXxXMGMI"" , Stand-off Edge Mount: ""GBXxXMGM"" , Through Glass Mount: ""GBXxXMGM-TG"") Size 48” x 72” Weight 195 lbs. Spec sheet: https://claridgeproducts.com/wp-content/uploads/2023/09/Claridge-Glass-Whiteboard_Tech-Data.pdf. Image: https://claridgeproducts.com/wp-content/uploads/2022/09/Glass-Invisimount-768x768.png.",Invisi-Mount,EA,USD,https://claridgeproducts.com/product/claridge-glass/
Claridge,GB4X6MGM,Markerboard,101116,"Claridge Glass Whiteboard (Claridge). Claridge glass boards are stylish, functional and easy to maintain. Product Codes- Magnetic (Invisible-Mount: ""GBXxXMGMI"" , Stand-off Edge Mount: ""GBXxXMGM"" , Through Glass Mount: ""GBXxXMGM-TG"") Size 48” x 72” Weight 195 lbs. Spec sheet: https://claridgeproducts.com/wp-content/uploads/2023/09/Claridge-Glass-Whiteboard_Tech-Data.pdf. Image: https://claridgeproducts.com/wp-content/uploads/2022/09/Glass-Invisimount-768x768.png.",,EA,USD,https://claridgeproducts.com/product/claridge-glass/
Claridge,GB4X6MGM-TG,Markerboard,101116,"Claridge Glass Whiteboard (Claridge). Claridge glass boards are stylish, functional and easy to maintain. Product Codes- Magnetic (Invisible-Mount: ""GBXxXMGMI"" , Stand-off Edge Mount: ""GBXxXMGM"" , Through Glass Mount: ""GBXxXMGM-TG"") Size 48” x 72” Weight 195 lbs. Spec sheet: https://claridgeproducts.com/wp-content/uploads/2023/09/Claridge-Glass-Whiteboard_Tech-Data.pdf. Image: https://claridgeproducts.com/wp-content/uploads/2022/09/Glass-Invisimount-768x768.png.",Through-Glass Standoff,EA,USD,https://claridgeproducts.com/product/claridge-glass/
Claridge,GB4X8MGMI,Markerboard,101116,"Claridge Glass Whiteboard (Claridge). Claridge glass boards are stylish, functional and easy to maintain. Product Codes- Magnetic (Invisible-Mount: ""GBXxXMGMI"" , Stand-off Edge Mount: ""GBXxXMGM"" , Through Glass Mount: ""GBXxXMGM-TG"") Size 48” x 96” Weight 256 lbs. Spec sheet: https://claridgeproducts.com/wp-content/uploads/2023/09/Claridge-Glass-Whiteboard_Tech-Data.pdf. Image: https://claridgeproducts.com/wp-content/uploads/2022/09/Glass-Invisimount-768x768.png.",Invisi-Mount,EA,USD,https://claridgeproducts.com/product/claridge-glass/
Claridge,GB4X8MGM,Markerboard,101116,"Claridge Glass Whiteboard (Claridge). Claridge glass boards are stylish, functional and easy to maintain. Product Codes- Magnetic (Invisible-Mount: ""GBXxXMGMI"" , Stand-off Edge Mount: ""GBXxXMGM"" , Through Glass Mount: ""GBXxXMGM-TG"") Size 48” x 96” Weight 256 lbs. Spec sheet: https://claridgeproducts.com/wp-content/uploads/2023/09/Claridge-Glass-Whiteboard_Tech-Data.pdf. Image: https://claridgeproducts.com/wp-content/uploads/2022/09/Glass-Invisimount-768x768.png.",,EA,USD,https://claridgeproducts.com/product/claridge-glass/
Claridge,GB4X8MGM-TG,Markerboard,101116,"Claridge Glass Whiteboard (Claridge). Claridge glass boards are stylish, functional and easy to maintain. Product Codes- Magnetic (Invisible-Mount: ""GBXxXMGMI"" , Stand-off Edge Mount: ""GBXxXMGM"" , Through Glass Mount: ""GBXxXMGM-TG"") Size 48” x 96” Weight 256 lbs. Spec sheet: https://claridgeproducts.com/wp-content/uploads/2023/09/Claridge-Glass-Whiteboard_Tech-Data.pdf. Image: https://claridgeproducts.com/wp-content/uploads/2022/09/Glass-Invisimount-768x768.png.",Through-Glass Standoff,EA,USD,https://claridgeproducts.com/product/claridge-glass/
Claridge,GB2X3PGB,Markerboard,101116,"Claridge Glass Whiteboard (Claridge). Claridge glass boards are stylish, functional and easy to maintain. Product Codes – Non-Magnetic (Stand-off Edge Mount: ""GBXxXPGB"" , Through Glass Mount ""GBXxXPGB-TG ) Size 24” x 36” Weight 48 lbs. Spec sheet: https://claridgeproducts.com/wp-content/uploads/2023/09/Claridge-Glass-Whiteboard_Tech-Data.pdf. Image: https://claridgeproducts.com/wp-content/uploads/2022/09/Glass-Invisimount-768x768.png.",,EA,USD,https://claridgeproducts.com/product/claridge-glass/
Claridge,GB2X3PGB-TG,Markerboard,101116,"Claridge Glass Whiteboard (Claridge). Claridge glass boards are stylish, functional and easy to maintain. Product Codes – Non-Magnetic (Stand-off Edge Mount: ""GBXxXPGB"" , Through Glass Mount ""GBXxXPGB-TG ) Size 24” x 36” Weight 48 lbs. Spec sheet: https://claridgeproducts.com/wp-content/uploads/2023/09/Claridge-Glass-Whiteboard_Tech-Data.pdf. Image: https://claridgeproducts.com/wp-content/uploads/2022/09/Glass-Invisimount-768x768.png.",Through-Glass Standoff,EA,USD,https://claridgeproducts.com/product/claridge-glass/
Claridge,GB3X4PGB,Markerboard,101116,"Claridge Glass Whiteboard (Claridge). Claridge glass boards are stylish, functional and easy to maintain. Product Codes – Non-Magnetic (Stand-off Edge Mount: ""GBXxXPGB"" , Through Glass Mount ""GBXxXPGB-TG ) Size 36” x 48” Weight 96 lbs. Spec sheet: https://claridgeproducts.com/wp-content/uploads/2023/09/Claridge-Glass-Whiteboard_Tech-Data.pdf. Image: https://claridgeproducts.com/wp-content/uploads/2022/09/Glass-Invisimount-768x768.png.",,EA,USD,https://claridgeproducts.com/product/claridge-glass/
Claridge,GB3X4PGB-TG,Markerboard,101116,"Claridge Glass Whiteboard (Claridge). Claridge glass boards are stylish, functional and easy to maintain. Product Codes – Non-Magnetic (Stand-off Edge Mount: ""GBXxXPGB"" , Through Glass Mount ""GBXxXPGB-TG ) Size 36” x 48” Weight 96 lbs. Spec sheet: https://claridgeproducts.com/wp-content/uploads/2023/09/Claridge-Glass-Whiteboard_Tech-Data.pdf. Image: https://claridgeproducts.com/wp-content/uploads/2022/09/Glass-Invisimount-768x768.png.",Through-Glass Standoff,EA,USD,https://claridgeproducts.com/product/claridge-glass/
Claridge,GB4X4PGB,Markerboard,101116,"Claridge Glass Whiteboard (Claridge). Claridge glass boards are stylish, functional and easy to maintain. Product Codes – Non-Magnetic (Stand-off Edge Mount: ""GBXxXPGB"" , Through Glass Mount ""GBXxXPGB-TG ) Size 48” x 48” Weight 128 lbs. Spec sheet: https://claridgeproducts.com/wp-content/uploads/2023/09/Claridge-Glass-Whiteboard_Tech-Data.pdf. Image: https://claridgeproducts.com/wp-content/uploads/2022/09/Glass-Invisimount-768x768.png.",,EA,USD,https://claridgeproducts.com/product/claridge-glass/
Claridge,GB4X4PGB-TG,Markerboard,101116,"Claridge Glass Whiteboard (Claridge). Claridge glass boards are stylish, functional and easy to maintain. Product Codes – Non-Magnetic (Stand-off Edge Mount: ""GBXxXPGB"" , Through Glass Mount ""GBXxXPGB-TG ) Size 48” x 48” Weight 128 lbs. Spec sheet: https://claridgeproducts.com/wp-content/uploads/2023/09/Claridge-Glass-Whiteboard_Tech-Data.pdf. Image: https://claridgeproducts.com/wp-content/uploads/2022/09/Glass-Invisimount-768x768.png.",Through-Glass Standoff,EA,USD,https://claridgeproducts.com/product/claridge-glass/
Claridge,GB4X6PGB,Markerboard,101116,"Claridge Glass Whiteboard (Claridge). Claridge glass boards are stylish, functional and easy to maintain. Product Codes – Non-Magnetic (Stand-off Edge Mount: ""GBXxXPGB"" , Through Glass Mount ""GBXxXPGB-TG ) Size 48” x 72” Weight 195 lbs. Spec sheet: https://claridgeproducts.com/wp-content/uploads/2023/09/Claridge-Glass-Whiteboard_Tech-Data.pdf. Image: https://claridgeproducts.com/wp-content/uploads/2022/09/Glass-Invisimount-768x768.png.",,EA,USD,https://claridgeproducts.com/product/claridge-glass/
Claridge,GB4X6PGB-TG,Markerboard,101116,"Claridge Glass Whiteboard (Claridge). Claridge glass boards are stylish, functional and easy to maintain. Product Codes – Non-Magnetic (Stand-off Edge Mount: ""GBXxXPGB"" , Through Glass Mount ""GBXxXPGB-TG ) Size 48” x 72” Weight 195 lbs. Spec sheet: https://claridgeproducts.com/wp-content/uploads/2023/09/Claridge-Glass-Whiteboard_Tech-Data.pdf. Image: https://claridgeproducts.com/wp-content/uploads/2022/09/Glass-Invisimount-768x768.png.",Through-Glass Standoff,EA,USD,https://claridgeproducts.com/product/claridge-glass/
Claridge,GB4X8PGB,Markerboard,101116,"Claridge Glass Whiteboard (Claridge). Claridge glass boards are stylish, functional and easy to maintain. Product Codes – Non-Magnetic (Stand-off Edge Mount: ""GBXxXPGB"" , Through Glass Mount ""GBXxXPGB-TG ) Size 48” x 96” Weight 256 lbs. Spec sheet: https://claridgeproducts.com/wp-content/uploads/2023/09/Claridge-Glass-Whiteboard_Tech-Data.pdf. Image: https://claridgeproducts.com/wp-content/uploads/2022/09/Glass-Invisimount-768x768.png.",,EA,USD,https://claridgeproducts.com/product/claridge-glass/
Claridge,GB4X8PGB-TG,Markerboard,101116,"Claridge Glass Whiteboard (Claridge). Claridge glass boards are stylish, functional and easy to maintain. Product Codes – Non-Magnetic (Stand-off Edge Mount: ""GBXxXPGB"" , Through Glass Mount ""GBXxXPGB-TG ) Size 48” x 96” Weight 256 lbs. Spec sheet: https://claridgeproducts.com/wp-content/uploads/2023/09/Claridge-Glass-Whiteboard_Tech-Data.pdf. Image: https://claridgeproducts.com/wp-content/uploads/2022/09/Glass-Invisimount-768x768.png.",Through-Glass Standoff,EA,USD,https://claridgeproducts.com/product/claridge-glass/
Claridge,LCS Elite,Markerboard,101116,LCS Elite (Claridge). Smooth LCS Porcelain surface that delivers a great writing experience. Product family / series listing from Claridge All Products. Spec sheet: https://claridgeproducts.com/wp-content/uploads/2023/09/LCS-Elite-Tech-Data.pdf. Image: https://claridgeproducts.com/wp-content/uploads/2022/05/d_Hero-Quiet-Room_filmic1-768x768.png.,Frameless,EA,USD,https://claridgeproducts.com/product/lcs-elite/
Claridge,EE2X3LCS,Markerboard,101116,"LCS Elite (Claridge). Smooth LCS Porcelain surface that delivers a great writing experience. Product Codes - LCS Elite Size 24"" x 36"" Weight 24 lbs. Spec sheet: https://claridgeproducts.com/wp-content/uploads/2023/09/LCS-Elite-Tech-Data.pdf. Image: https://claridgeproducts.com/wp-content/uploads/2022/05/d_Hero-Quiet-Room_filmic1-768x768.png.",Frameless,EA,USD,https://claridgeproducts.com/product/lcs-elite/
Claridge,EE3X4LCS,Markerboard,101116,"LCS Elite (Claridge). Smooth LCS Porcelain surface that delivers a great writing experience. Product Codes - LCS Elite Size 36"" x 48"" Weight 48 lbs. Spec sheet: https://claridgeproducts.com/wp-content/uploads/2023/09/LCS-Elite-Tech-Data.pdf. Image: https://claridgeproducts.com/wp-content/uploads/2022/05/d_Hero-Quiet-Room_filmic1-768x768.png.",Frameless,EA,USD,https://claridgeproducts.com/product/lcs-elite/
Claridge,EE4X4LCS,Markerboard,101116,"LCS Elite (Claridge). Smooth LCS Porcelain surface that delivers a great writing experience. Product Codes - LCS Elite Size 48"" x 48"" Weight 64 lbs. Spec sheet: https://claridgeproducts.com/wp-content/uploads/2023/09/LCS-Elite-Tech-Data.pdf. Image: https://claridgeproducts.com/wp-content/uploads/2022/05/d_Hero-Quiet-Room_filmic1-768x768.png.",Frameless,EA,USD,https://claridgeproducts.com/product/lcs-elite/
Claridge,EE4X6LCS,Markerboard,101116,"LCS Elite (Claridge). Smooth LCS Porcelain surface that delivers a great writing experience. Product Codes - LCS Elite Size 48"" x 72"" Weight 96 lbs. Spec sheet: https://claridgeproducts.com/wp-content/uploads/2023/09/LCS-Elite-Tech-Data.pdf. Image: https://claridgeproducts.com/wp-content/uploads/2022/05/d_Hero-Quiet-Room_filmic1-768x768.png.",Frameless,EA,USD,https://claridgeproducts.com/product/lcs-elite/
Claridge,EE4X8LCS,Markerboard,101116,"LCS Elite (Claridge). Smooth LCS Porcelain surface that delivers a great writing experience. Product Codes - LCS Elite Size 48"" x 96"" Weight 128 lbs. Spec sheet: https://claridgeproducts.com/wp-content/uploads/2023/09/LCS-Elite-Tech-Data.pdf. Image: https://claridgeproducts.com/wp-content/uploads/2022/05/d_Hero-Quiet-Room_filmic1-768x768.png.",Frameless,EA,USD,https://claridgeproducts.com/product/lcs-elite/
Claridge,Aspire Whiteboard,Markerboard,101116,Aspire Whiteboard (Claridge). LCS Porcelain surface built to gives optimum projection quality for idea sharing or training sessions. Product family / series listing from Claridge All Products. Spec sheet: https://claridgeproducts.com/wp-content/uploads/2023/09/Aspire-Whiteboard_Tech-Data.pdf. Image: https://claridgeproducts.com/wp-content/uploads/2022/01/Aspire-Hero-768x768.png.,,EA,USD,https://claridgeproducts.com/product/aspire-whiteboard/
Claridge,ASP-46,Markerboard,101116,"Aspire Whiteboard (Claridge). LCS Porcelain surface built to gives optimum projection quality for idea sharing or training sessions. Product Codes - Aspire Markerboard Size 48"" x 72"" Weight 168 lbs. Spec sheet: https://claridgeproducts.com/wp-content/uploads/2023/09/Aspire-Whiteboard_Tech-Data.pdf. Image: https://claridgeproducts.com/wp-content/uploads/2022/01/Aspire-Hero-768x768.png.",,EA,USD,https://claridgeproducts.com/product/aspire-whiteboard/
Claridge,ASP-48,Markerboard,101116,"Aspire Whiteboard (Claridge). LCS Porcelain surface built to gives optimum projection quality for idea sharing or training sessions. Product Codes - Aspire Markerboard Size 48"" x 96"" Weight 224 lbs. Spec sheet: https://claridgeproducts.com/wp-content/uploads/2023/09/Aspire-Whiteboard_Tech-Data.pdf. Image: https://claridgeproducts.com/wp-content/uploads/2022/01/Aspire-Hero-768x768.png.",,EA,USD,https://claridgeproducts.com/product/aspire-whiteboard/
Claridge,ASP-56,Markerboard,101116,"Aspire Whiteboard (Claridge). LCS Porcelain surface built to gives optimum projection quality for idea sharing or training sessions. Product Codes - Aspire Markerboard Size 60"" x 72"" Weight 210 lbs. Spec sheet: https://claridgeproducts.com/wp-content/uploads/2023/09/Aspire-Whiteboard_Tech-Data.pdf. Image: https://claridgeproducts.com/wp-content/uploads/2022/01/Aspire-Hero-768x768.png.",,EA,USD,https://claridgeproducts.com/product/aspire-whiteboard/
Claridge,ASP-58,Markerboard,101116,"Aspire Whiteboard (Claridge). LCS Porcelain surface built to gives optimum projection quality for idea sharing or training sessions. Product Codes - Aspire Markerboard Size 60"" x 96"" Weight 280 lbs. Spec sheet: https://claridgeproducts.com/wp-content/uploads/2023/09/Aspire-Whiteboard_Tech-Data.pdf. Image: https://claridgeproducts.com/wp-content/uploads/2022/01/Aspire-Hero-768x768.png.",,EA,USD,https://claridgeproducts.com/product/aspire-whiteboard/
Claridge,Arise Whiteboard,Markerboard,101116,Arise Whiteboard (Claridge). LCS Porcelain surface that delivers a great writing experience and will stand the test of time. Product family / series listing from Claridge All Products. Spec sheet: https://claridgeproducts.com/wp-content/uploads/2023/09/Arise-Whiteboard_Tech-Data.pdf. Image: https://claridgeproducts.com/wp-content/uploads/2020/05/AriseMB-website-768x768.jpg.,,EA,USD,https://claridgeproducts.com/product/arise-whiteboard/
Claridge,EM2X3LCS,Markerboard,101116,"Arise Whiteboard (Claridge). LCS Porcelain surface that delivers a great writing experience and will stand the test of time. Product Codes - Arise Whiteboard Size 24"" x 36"" Weight 24 lbs. Spec sheet: https://claridgeproducts.com/wp-content/uploads/2023/09/Arise-Whiteboard_Tech-Data.pdf. Image: https://claridgeproducts.com/wp-content/uploads/2020/05/AriseMB-website-768x768.jpg.",,EA,USD,https://claridgeproducts.com/product/arise-whiteboard/
Claridge,EM3X4LCS,Markerboard,101116,"Arise Whiteboard (Claridge). LCS Porcelain surface that delivers a great writing experience and will stand the test of time. Product Codes - Arise Whiteboard Size 36"" x 48"" Weight 42 lbs. Spec sheet: https://claridgeproducts.com/wp-content/uploads/2023/09/Arise-Whiteboard_Tech-Data.pdf. Image: https://claridgeproducts.com/wp-content/uploads/2020/05/AriseMB-website-768x768.jpg.",,EA,USD,https://claridgeproducts.com/product/arise-whiteboard/
Claridge,EM4X4LCS,Markerboard,101116,"Arise Whiteboard (Claridge). LCS Porcelain surface that delivers a great writing experience and will stand the test of time. Product Codes - Arise Whiteboard Size 48"" x 48"" Weight 56 lbs. Spec sheet: https://claridgeproducts.com/wp-content/uploads/2023/09/Arise-Whiteboard_Tech-Data.pdf. Image: https://claridgeproducts.com/wp-content/uploads/2020/05/AriseMB-website-768x768.jpg.",,EA,USD,https://claridgeproducts.com/product/arise-whiteboard/
Claridge,EM4X6LCS,Markerboard,101116,"Arise Whiteboard (Claridge). LCS Porcelain surface that delivers a great writing experience and will stand the test of time. Product Codes - Arise Whiteboard Size 48"" x 72"" Weight 84 lbs. Spec sheet: https://claridgeproducts.com/wp-content/uploads/2023/09/Arise-Whiteboard_Tech-Data.pdf. Image: https://claridgeproducts.com/wp-content/uploads/2020/05/AriseMB-website-768x768.jpg.",,EA,USD,https://claridgeproducts.com/product/arise-whiteboard/
Claridge,EM4X8LCS,Markerboard,101116,"Arise Whiteboard (Claridge). LCS Porcelain surface that delivers a great writing experience and will stand the test of time. Product Codes - Arise Whiteboard Size 48"" x 96"" Weight 112 lbs. Spec sheet: https://claridgeproducts.com/wp-content/uploads/2023/09/Arise-Whiteboard_Tech-Data.pdf. Image: https://claridgeproducts.com/wp-content/uploads/2020/05/AriseMB-website-768x768.jpg.",,EA,USD,https://claridgeproducts.com/product/arise-whiteboard/
Claridge,EM4X10LCS,Markerboard,101116,"Arise Whiteboard (Claridge). LCS Porcelain surface that delivers a great writing experience and will stand the test of time. Product Codes - Arise Whiteboard Size 48"" x 120"" Weight 140 lbs. Spec sheet: https://claridgeproducts.com/wp-content/uploads/2023/09/Arise-Whiteboard_Tech-Data.pdf. Image: https://claridgeproducts.com/wp-content/uploads/2020/05/AriseMB-website-768x768.jpg.",,EA,USD,https://claridgeproducts.com/product/arise-whiteboard/
Claridge,Series 1,Visual Display Board,101100,"Series 1 (Claridge). Claridge whiteboard and tackboard with 1-1/2"" wide perimeter trim. Available in whiteboard, chalkboard porcelain, cork, fabrics, and tackboards. Product family / series listing from Claridge All Products. Spec sheet: https://claridgeproducts.com/wp-content/uploads/2023/09/Series-1_Tech-Data.pdf. Image: https://claridgeproducts.com/wp-content/uploads/2021/07/Series-1-Hero-768x768.jpg.",,EA,USD,https://claridgeproducts.com/product/series-1/
Claridge,S12X3LCS,Markerboard,101116,"Series 1 (Claridge). Claridge whiteboard and tackboard with 1-1/2"" wide perimeter trim. Available in whiteboard, chalkboard porcelain, cork, fabrics, and tackboards. LCS Markerboard Size 24"" x 36"" Weight 21 lbs. Spec sheet: https://claridgeproducts.com/wp-content/uploads/2023/09/Series-1_Tech-Data.pdf. Image: https://claridgeproducts.com/wp-content/uploads/2021/07/Series-1-Hero-768x768.jpg.",,EA,USD,https://claridgeproducts.com/product/series-1/
Claridge,S14X3LCS,Markerboard,101116,"Series 1 (Claridge). Claridge whiteboard and tackboard with 1-1/2"" wide perimeter trim. Available in whiteboard, chalkboard porcelain, cork, fabrics, and tackboards. LCS Markerboard Size 48"" x 36"" Weight 42 lbs. Spec sheet: https://claridgeproducts.com/wp-content/uploads/2023/09/Series-1_Tech-Data.pdf. Image: https://claridgeproducts.com/wp-content/uploads/2021/07/Series-1-Hero-768x768.jpg.",,EA,USD,https://claridgeproducts.com/product/series-1/
Claridge,S14X4LCS,Markerboard,101116,"Series 1 (Claridge). Claridge whiteboard and tackboard with 1-1/2"" wide perimeter trim. Available in whiteboard, chalkboard porcelain, cork, fabrics, and tackboards. LCS Markerboard Size 48"" x 48"" Weight 56 lbs. Spec sheet: https://claridgeproducts.com/wp-content/uploads/2023/09/Series-1_Tech-Data.pdf. Image: https://claridgeproducts.com/wp-content/uploads/2021/07/Series-1-Hero-768x768.jpg.",,EA,USD,https://claridgeproducts.com/product/series-1/
Claridge,S14X6LCS,Markerboard,101116,"Series 1 (Claridge). Claridge whiteboard and tackboard with 1-1/2"" wide perimeter trim. Available in whiteboard, chalkboard porcelain, cork, fabrics, and tackboards. LCS Markerboard Size 48"" x 72"" Weight 84 lbs. Spec sheet: https://claridgeproducts.com/wp-content/uploads/2023/09/Series-1_Tech-Data.pdf. Image: https://claridgeproducts.com/wp-content/uploads/2021/07/Series-1-Hero-768x768.jpg.",,EA,USD,https://claridgeproducts.com/product/series-1/
Claridge,S14X8LCS,Markerboard,101116,"Series 1 (Claridge). Claridge whiteboard and tackboard with 1-1/2"" wide perimeter trim. Available in whiteboard, chalkboard porcelain, cork, fabrics, and tackboards. LCS Markerboard Size 48"" x 96"" Weight 112 lbs. Spec sheet: https://claridgeproducts.com/wp-content/uploads/2023/09/Series-1_Tech-Data.pdf. Image: https://claridgeproducts.com/wp-content/uploads/2021/07/Series-1-Hero-768x768.jpg.",,EA,USD,https://claridgeproducts.com/product/series-1/
Claridge,S14X10LCS,Markerboard,101116,"Series 1 (Claridge). Claridge whiteboard and tackboard with 1-1/2"" wide perimeter trim. Available in whiteboard, chalkboard porcelain, cork, fabrics, and tackboards. LCS Markerboard Size 48"" x 120"" Weight 140 lbs. Spec sheet: https://claridgeproducts.com/wp-content/uploads/2023/09/Series-1_Tech-Data.pdf. Image: https://claridgeproducts.com/wp-content/uploads/2021/07/Series-1-Hero-768x768.jpg.",,EA,USD,https://claridgeproducts.com/product/series-1/
Claridge,S14X12LCS,Markerboard,101116,"Series 1 (Claridge). Claridge whiteboard and tackboard with 1-1/2"" wide perimeter trim. Available in whiteboard, chalkboard porcelain, cork, fabrics, and tackboards. LCS Markerboard Size 48"" x 144"" Weight 168 lbs. Spec sheet: https://claridgeproducts.com/wp-content/uploads/2023/09/Series-1_Tech-Data.pdf. Image: https://claridgeproducts.com/wp-content/uploads/2021/07/Series-1-Hero-768x768.jpg.",,EA,USD,https://claridgeproducts.com/product/series-1/
Claridge,S14X16LCS,Markerboard,101116,"Series 1 (Claridge). Claridge whiteboard and tackboard with 1-1/2"" wide perimeter trim. Available in whiteboard, chalkboard porcelain, cork, fabrics, and tackboards. LCS Markerboard Size 48"" x 192"" Weight 224 lbs. Spec sheet: https://claridgeproducts.com/wp-content/uploads/2023/09/Series-1_Tech-Data.pdf. Image: https://claridgeproducts.com/wp-content/uploads/2021/07/Series-1-Hero-768x768.jpg.",,EA,USD,https://claridgeproducts.com/product/series-1/
Claridge,S15X6LCS,Markerboard,101116,"Series 1 (Claridge). Claridge whiteboard and tackboard with 1-1/2"" wide perimeter trim. Available in whiteboard, chalkboard porcelain, cork, fabrics, and tackboards. LCS Markerboard Size 60"" x 72"" Weight 105 lbs. Spec sheet: https://claridgeproducts.com/wp-content/uploads/2023/09/Series-1_Tech-Data.pdf. Image: https://claridgeproducts.com/wp-content/uploads/2021/07/Series-1-Hero-768x768.jpg.",,EA,USD,https://claridgeproducts.com/product/series-1/
Claridge,S15X8LCS,Markerboard,101116,"Series 1 (Claridge). Claridge whiteboard and tackboard with 1-1/2"" wide perimeter trim. Available in whiteboard, chalkboard porcelain, cork, fabrics, and tackboards. LCS Markerboard Size 60"" x 96"" Weight 140 lbs. Spec sheet: https://claridgeproducts.com/wp-content/uploads/2023/09/Series-1_Tech-Data.pdf. Image: https://claridgeproducts.com/wp-content/uploads/2021/07/Series-1-Hero-768x768.jpg.",,EA,USD,https://claridgeproducts.com/product/series-1/
Claridge,S15X10LCS,Markerboard,101116,"Series 1 (Claridge). Claridge whiteboard and tackboard with 1-1/2"" wide perimeter trim. Available in whiteboard, chalkboard porcelain, cork, fabrics, and tackboards. LCS Markerboard Size 60"" x 120"" Weight 200 lbs. Spec sheet: https://claridgeproducts.com/wp-content/uploads/2023/09/Series-1_Tech-Data.pdf. Image: https://claridgeproducts.com/wp-content/uploads/2021/07/Series-1-Hero-768x768.jpg.",,EA,USD,https://claridgeproducts.com/product/series-1/
Claridge,S15X12LCS,Markerboard,101116,"Series 1 (Claridge). Claridge whiteboard and tackboard with 1-1/2"" wide perimeter trim. Available in whiteboard, chalkboard porcelain, cork, fabrics, and tackboards. LCS Markerboard Size 60"" x 144"" Weight 240 lbs. Spec sheet: https://claridgeproducts.com/wp-content/uploads/2023/09/Series-1_Tech-Data.pdf. Image: https://claridgeproducts.com/wp-content/uploads/2021/07/Series-1-Hero-768x768.jpg.",,EA,USD,https://claridgeproducts.com/product/series-1/
Claridge,S12X3COR,Tackboard,101123,"Series 1 (Claridge). Claridge whiteboard and tackboard with 1-1/2"" wide perimeter trim. Available in whiteboard, chalkboard porcelain, cork, fabrics, and tackboards. Claridge Cork Tackboard Size 24"" x 36"" Weight 18 lbs. Spec sheet: https://claridgeproducts.com/wp-content/uploads/2023/09/Series-1_Tech-Data.pdf. Image: https://claridgeproducts.com/wp-content/uploads/2021/07/Series-1-Hero-768x768.jpg.",,EA,USD,https://claridgeproducts.com/product/series-1/
Claridge,S14X3COR,Tackboard,101123,"Series 1 (Claridge). Claridge whiteboard and tackboard with 1-1/2"" wide perimeter trim. Available in whiteboard, chalkboard porcelain, cork, fabrics, and tackboards. Claridge Cork Tackboard Size 48"" x 36"" Weight 36 lbs. Spec sheet: https://claridgeproducts.com/wp-content/uploads/2023/09/Series-1_Tech-Data.pdf. Image: https://claridgeproducts.com/wp-content/uploads/2021/07/Series-1-Hero-768x768.jpg.",,EA,USD,https://claridgeproducts.com/product/series-1/
Claridge,S14X4COR,Tackboard,101123,"Series 1 (Claridge). Claridge whiteboard and tackboard with 1-1/2"" wide perimeter trim. Available in whiteboard, chalkboard porcelain, cork, fabrics, and tackboards. Claridge Cork Tackboard Size 48"" x 48"" Weight 48 lbs. Spec sheet: https://claridgeproducts.com/wp-content/uploads/2023/09/Series-1_Tech-Data.pdf. Image: https://claridgeproducts.com/wp-content/uploads/2021/07/Series-1-Hero-768x768.jpg.",,EA,USD,https://claridgeproducts.com/product/series-1/
Claridge,S14X6COR,Tackboard,101123,"Series 1 (Claridge). Claridge whiteboard and tackboard with 1-1/2"" wide perimeter trim. Available in whiteboard, chalkboard porcelain, cork, fabrics, and tackboards. Claridge Cork Tackboard Size 48"" x 72"" Weight 72 lbs. Spec sheet: https://claridgeproducts.com/wp-content/uploads/2023/09/Series-1_Tech-Data.pdf. Image: https://claridgeproducts.com/wp-content/uploads/2021/07/Series-1-Hero-768x768.jpg.",,EA,USD,https://claridgeproducts.com/product/series-1/
Claridge,S14X8COR,Tackboard,101123,"Series 1 (Claridge). Claridge whiteboard and tackboard with 1-1/2"" wide perimeter trim. Available in whiteboard, chalkboard porcelain, cork, fabrics, and tackboards. Claridge Cork Tackboard Size 48"" x 96"" Weight 96 lbs. Spec sheet: https://claridgeproducts.com/wp-content/uploads/2023/09/Series-1_Tech-Data.pdf. Image: https://claridgeproducts.com/wp-content/uploads/2021/07/Series-1-Hero-768x768.jpg.",,EA,USD,https://claridgeproducts.com/product/series-1/
Claridge,S14X10COR,Tackboard,101123,"Series 1 (Claridge). Claridge whiteboard and tackboard with 1-1/2"" wide perimeter trim. Available in whiteboard, chalkboard porcelain, cork, fabrics, and tackboards. Claridge Cork Tackboard Size 48"" x 120"" Weight 120 lbs. Spec sheet: https://claridgeproducts.com/wp-content/uploads/2023/09/Series-1_Tech-Data.pdf. Image: https://claridgeproducts.com/wp-content/uploads/2021/07/Series-1-Hero-768x768.jpg.",,EA,USD,https://claridgeproducts.com/product/series-1/
Claridge,S14X12COR,Tackboard,101123,"Series 1 (Claridge). Claridge whiteboard and tackboard with 1-1/2"" wide perimeter trim. Available in whiteboard, chalkboard porcelain, cork, fabrics, and tackboards. Claridge Cork Tackboard Size 48"" x 144"" Weight 144 lbs. Spec sheet: https://claridgeproducts.com/wp-content/uploads/2023/09/Series-1_Tech-Data.pdf. Image: https://claridgeproducts.com/wp-content/uploads/2021/07/Series-1-Hero-768x768.jpg.",,EA,USD,https://claridgeproducts.com/product/series-1/
Claridge,S12X33103,Tackboard,101123,"Series 1 (Claridge). Claridge whiteboard and tackboard with 1-1/2"" wide perimeter trim. Available in whiteboard, chalkboard porcelain, cork, fabrics, and tackboards. Guilford Fabric Tackboards Size 24"" x 36"" Weight 12 lbs. Spec sheet: https://claridgeproducts.com/wp-content/uploads/2023/09/Series-1_Tech-Data.pdf. Image: https://claridgeproducts.com/wp-content/uploads/2021/07/Series-1-Hero-768x768.jpg.",,EA,USD,https://claridgeproducts.com/product/series-1/
Claridge,S14X33103,Tackboard,101123,"Series 1 (Claridge). Claridge whiteboard and tackboard with 1-1/2"" wide perimeter trim. Available in whiteboard, chalkboard porcelain, cork, fabrics, and tackboards. Guilford Fabric Tackboards Size 48"" x 36"" Weight 24 lbs. Spec sheet: https://claridgeproducts.com/wp-content/uploads/2023/09/Series-1_Tech-Data.pdf. Image: https://claridgeproducts.com/wp-content/uploads/2021/07/Series-1-Hero-768x768.jpg.",,EA,USD,https://claridgeproducts.com/product/series-1/
Claridge,S14X43103,Tackboard,101123,"Series 1 (Claridge). Claridge whiteboard and tackboard with 1-1/2"" wide perimeter trim. Available in whiteboard, chalkboard porcelain, cork, fabrics, and tackboards. Guilford Fabric Tackboards Size 48"" x 48"" Weight 32 lbs. Spec sheet: https://claridgeproducts.com/wp-content/uploads/2023/09/Series-1_Tech-Data.pdf. Image: https://claridgeproducts.com/wp-content/uploads/2021/07/Series-1-Hero-768x768.jpg.",,EA,USD,https://claridgeproducts.com/product/series-1/
Claridge,S14X63103,Tackboard,101123,"Series 1 (Claridge). Claridge whiteboard and tackboard with 1-1/2"" wide perimeter trim. Available in whiteboard, chalkboard porcelain, cork, fabrics, and tackboards. Guilford Fabric Tackboards Size 48"" x 72"" Weight 48 lbs. Spec sheet: https://claridgeproducts.com/wp-content/uploads/2023/09/Series-1_Tech-Data.pdf. Image: https://claridgeproducts.com/wp-content/uploads/2021/07/Series-1-Hero-768x768.jpg.",,EA,USD,https://claridgeproducts.com/product/series-1/
Claridge,S14X83103,Tackboard,101123,"Series 1 (Claridge). Claridge whiteboard and tackboard with 1-1/2"" wide perimeter trim. Available in whiteboard, chalkboard porcelain, cork, fabrics, and tackboards. Guilford Fabric Tackboards Size 48"" x 96"" Weight 64 lbs. Spec sheet: https://claridgeproducts.com/wp-content/uploads/2023/09/Series-1_Tech-Data.pdf. Image: https://claridgeproducts.com/wp-content/uploads/2021/07/Series-1-Hero-768x768.jpg.",,EA,USD,https://claridgeproducts.com/product/series-1/
Claridge,S14X103103,Tackboard,101123,"Series 1 (Claridge). Claridge whiteboard and tackboard with 1-1/2"" wide perimeter trim. Available in whiteboard, chalkboard porcelain, cork, fabrics, and tackboards. Guilford Fabric Tackboards Size 48"" x 120"" Weight 80 lbs. Spec sheet: https://claridgeproducts.com/wp-content/uploads/2023/09/Series-1_Tech-Data.pdf. Image: https://claridgeproducts.com/wp-content/uploads/2021/07/Series-1-Hero-768x768.jpg.",,EA,USD,https://claridgeproducts.com/product/series-1/
Claridge,S14X123103,Tackboard,101123,"Series 1 (Claridge). Claridge whiteboard and tackboard with 1-1/2"" wide perimeter trim. Available in whiteboard, chalkboard porcelain, cork, fabrics, and tackboards. Guilford Fabric Tackboards Size 48"" x 144"" Weight 96 lbs. Spec sheet: https://claridgeproducts.com/wp-content/uploads/2023/09/Series-1_Tech-Data.pdf. Image: https://claridgeproducts.com/wp-content/uploads/2021/07/Series-1-Hero-768x768.jpg.",,EA,USD,https://claridgeproducts.com/product/series-1/
Claridge,S12X31380,Tackboard,101123,"Series 1 (Claridge). Claridge whiteboard and tackboard with 1-1/2"" wide perimeter trim. Available in whiteboard, chalkboard porcelain, cork, fabrics, and tackboards. Fabricork Tackboards Size 24"" x 36"" Weight 12 lbs. Spec sheet: https://claridgeproducts.com/wp-content/uploads/2023/09/Series-1_Tech-Data.pdf. Image: https://claridgeproducts.com/wp-content/uploads/2021/07/Series-1-Hero-768x768.jpg.",,EA,USD,https://claridgeproducts.com/product/series-1/
Claridge,S14X31380,Tackboard,101123,"Series 1 (Claridge). Claridge whiteboard and tackboard with 1-1/2"" wide perimeter trim. Available in whiteboard, chalkboard porcelain, cork, fabrics, and tackboards. Fabricork Tackboards Size 48"" x 36"" Weight 24 lbs. Spec sheet: https://claridgeproducts.com/wp-content/uploads/2023/09/Series-1_Tech-Data.pdf. Image: https://claridgeproducts.com/wp-content/uploads/2021/07/Series-1-Hero-768x768.jpg.",,EA,USD,https://claridgeproducts.com/product/series-1/
Claridge,S14X41380,Tackboard,101123,"Series 1 (Claridge). Claridge whiteboard and tackboard with 1-1/2"" wide perimeter trim. Available in whiteboard, chalkboard porcelain, cork, fabrics, and tackboards. Fabricork Tackboards Size 48"" x 48"" Weight 32 lbs. Spec sheet: https://claridgeproducts.com/wp-content/uploads/2023/09/Series-1_Tech-Data.pdf. Image: https://claridgeproducts.com/wp-content/uploads/2021/07/Series-1-Hero-768x768.jpg.",,EA,USD,https://claridgeproducts.com/product/series-1/
Claridge,S14X61380,Tackboard,101123,"Series 1 (Claridge). Claridge whiteboard and tackboard with 1-1/2"" wide perimeter trim. Available in whiteboard, chalkboard porcelain, cork, fabrics, and tackboards. Fabricork Tackboards Size 48"" x 72"" Weight 48 lbs. Spec sheet: https://claridgeproducts.com/wp-content/uploads/2023/09/Series-1_Tech-Data.pdf. Image: https://claridgeproducts.com/wp-content/uploads/2021/07/Series-1-Hero-768x768.jpg.",,EA,USD,https://claridgeproducts.com/product/series-1/
Claridge,S14X81380,Tackboard,101123,"Series 1 (Claridge). Claridge whiteboard and tackboard with 1-1/2"" wide perimeter trim. Available in whiteboard, chalkboard porcelain, cork, fabrics, and tackboards. Fabricork Tackboards Size 48"" x 96"" Weight 64 lbs. Spec sheet: https://claridgeproducts.com/wp-content/uploads/2023/09/Series-1_Tech-Data.pdf. Image: https://claridgeproducts.com/wp-content/uploads/2021/07/Series-1-Hero-768x768.jpg.",,EA,USD,https://claridgeproducts.com/product/series-1/
Claridge,S14X101380,Tackboard,101123,"Series 1 (Claridge). Claridge whiteboard and tackboard with 1-1/2"" wide perimeter trim. Available in whiteboard, chalkboard porcelain, cork, fabrics, and tackboards. Fabricork Tackboards Size 48"" x 120"" Weight 80 lbs. Spec sheet: https://claridgeproducts.com/wp-content/uploads/2023/09/Series-1_Tech-Data.pdf. Image: https://claridgeproducts.com/wp-content/uploads/2021/07/Series-1-Hero-768x768.jpg.",,EA,USD,https://claridgeproducts.com/product/series-1/
Claridge,S14X121380,Tackboard,101123,"Series 1 (Claridge). Claridge whiteboard and tackboard with 1-1/2"" wide perimeter trim. Available in whiteboard, chalkboard porcelain, cork, fabrics, and tackboards. Fabricork Tackboards Size 48"" x 144"" Weight 96 lbs. Spec sheet: https://claridgeproducts.com/wp-content/uploads/2023/09/Series-1_Tech-Data.pdf. Image: https://claridgeproducts.com/wp-content/uploads/2021/07/Series-1-Hero-768x768.jpg.",,EA,USD,https://claridgeproducts.com/product/series-1/
Claridge,S12X3TAN,Tackboard,101123,"Series 1 (Claridge). Claridge whiteboard and tackboard with 1-1/2"" wide perimeter trim. Available in whiteboard, chalkboard porcelain, cork, fabrics, and tackboards. Tan Nucork Tackboards Size 24"" x 36"" Weight 12 lbs. Spec sheet: https://claridgeproducts.com/wp-content/uploads/2023/09/Series-1_Tech-Data.pdf. Image: https://claridgeproducts.com/wp-content/uploads/2021/07/Series-1-Hero-768x768.jpg.",,EA,USD,https://claridgeproducts.com/product/series-1/
Claridge,S14X3TAN,Tackboard,101123,"Series 1 (Claridge). Claridge whiteboard and tackboard with 1-1/2"" wide perimeter trim. Available in whiteboard, chalkboard porcelain, cork, fabrics, and tackboards. Tan Nucork Tackboards Size 48"" x 36"" Weight 24 lbs. Spec sheet: https://claridgeproducts.com/wp-content/uploads/2023/09/Series-1_Tech-Data.pdf. Image: https://claridgeproducts.com/wp-content/uploads/2021/07/Series-1-Hero-768x768.jpg.",,EA,USD,https://claridgeproducts.com/product/series-1/
Claridge,S14X4TAN,Tackboard,101123,"Series 1 (Claridge). Claridge whiteboard and tackboard with 1-1/2"" wide perimeter trim. Available in whiteboard, chalkboard porcelain, cork, fabrics, and tackboards. Tan Nucork Tackboards Size 48"" x 48"" Weight 32 lbs. Spec sheet: https://claridgeproducts.com/wp-content/uploads/2023/09/Series-1_Tech-Data.pdf. Image: https://claridgeproducts.com/wp-content/uploads/2021/07/Series-1-Hero-768x768.jpg.",,EA,USD,https://claridgeproducts.com/product/series-1/
Claridge,S14X6TAN,Tackboard,101123,"Series 1 (Claridge). Claridge whiteboard and tackboard with 1-1/2"" wide perimeter trim. Available in whiteboard, chalkboard porcelain, cork, fabrics, and tackboards. Tan Nucork Tackboards Size 48"" x 72"" Weight 48 lbs. Spec sheet: https://claridgeproducts.com/wp-content/uploads/2023/09/Series-1_Tech-Data.pdf. Image: https://claridgeproducts.com/wp-content/uploads/2021/07/Series-1-Hero-768x768.jpg.",,EA,USD,https://claridgeproducts.com/product/series-1/
Claridge,S14X8TAN,Tackboard,101123,"Series 1 (Claridge). Claridge whiteboard and tackboard with 1-1/2"" wide perimeter trim. Available in whiteboard, chalkboard porcelain, cork, fabrics, and tackboards. Tan Nucork Tackboards Size 48"" x 96"" Weight 64 lbs. Spec sheet: https://claridgeproducts.com/wp-content/uploads/2023/09/Series-1_Tech-Data.pdf. Image: https://claridgeproducts.com/wp-content/uploads/2021/07/Series-1-Hero-768x768.jpg.",,EA,USD,https://claridgeproducts.com/product/series-1/
Claridge,S14X10TAN,Tackboard,101123,"Series 1 (Claridge). Claridge whiteboard and tackboard with 1-1/2"" wide perimeter trim. Available in whiteboard, chalkboard porcelain, cork, fabrics, and tackboards. Tan Nucork Tackboards Size 48"" x 120"" Weight 80 lbs. Spec sheet: https://claridgeproducts.com/wp-content/uploads/2023/09/Series-1_Tech-Data.pdf. Image: https://claridgeproducts.com/wp-content/uploads/2021/07/Series-1-Hero-768x768.jpg.",,EA,USD,https://claridgeproducts.com/product/series-1/
Claridge,S14X12TAN,Tackboard,101123,"Series 1 (Claridge). Claridge whiteboard and tackboard with 1-1/2"" wide perimeter trim. Available in whiteboard, chalkboard porcelain, cork, fabrics, and tackboards. Tan Nucork Tackboards Size 48"" x 144"" Weight 96 lbs. Spec sheet: https://claridgeproducts.com/wp-content/uploads/2023/09/Series-1_Tech-Data.pdf. Image: https://claridgeproducts.com/wp-content/uploads/2021/07/Series-1-Hero-768x768.jpg.",,EA,USD,https://claridgeproducts.com/product/series-1/
Claridge,S14X16TAN,Tackboard,101123,"Series 1 (Claridge). Claridge whiteboard and tackboard with 1-1/2"" wide perimeter trim. Available in whiteboard, chalkboard porcelain, cork, fabrics, and tackboards. Tan Nucork Tackboards Size 48"" x 192"" Weight 128 lbs. Spec sheet: https://claridgeproducts.com/wp-content/uploads/2023/09/Series-1_Tech-Data.pdf. Image: https://claridgeproducts.com/wp-content/uploads/2021/07/Series-1-Hero-768x768.jpg.",,EA,USD,https://claridgeproducts.com/product/series-1/
Claridge,Series 2,Visual Display Board,101100,"Series 2 (Claridge). Claridge whiteboard or tackboard with 3/4” perimeter trim. Available in whiteboard, chalkboard porcelain, cork, fabrics, and tackboards. Product family / series listing from Claridge All Products. Spec sheet: https://claridgeproducts.com/wp-content/uploads/2023/08/Series-2_Tech-Data.pdf. Image: https://claridgeproducts.com/wp-content/uploads/2022/09/Series-2-Hero-768x768.jpg.",,EA,USD,https://claridgeproducts.com/product/series-2/
Claridge,S22X3LCS,Markerboard,101116,"Series 2 (Claridge). Claridge whiteboard or tackboard with 3/4” perimeter trim. Available in whiteboard, chalkboard porcelain, cork, fabrics, and tackboards. LCS Markerboard Size 24"" x 36"" Weight 21 lbs. Spec sheet: https://claridgeproducts.com/wp-content/uploads/2023/08/Series-2_Tech-Data.pdf. Image: https://claridgeproducts.com/wp-content/uploads/2022/09/Series-2-Hero-768x768.jpg.",,EA,USD,https://claridgeproducts.com/product/series-2/
Claridge,S24X3LCS,Markerboard,101116,"Series 2 (Claridge). Claridge whiteboard or tackboard with 3/4” perimeter trim. Available in whiteboard, chalkboard porcelain, cork, fabrics, and tackboards. LCS Markerboard Size 48"" x 36"" Weight 42 lbs. Spec sheet: https://claridgeproducts.com/wp-content/uploads/2023/08/Series-2_Tech-Data.pdf. Image: https://claridgeproducts.com/wp-content/uploads/2022/09/Series-2-Hero-768x768.jpg.",,EA,USD,https://claridgeproducts.com/product/series-2/
Claridge,S24X4LCS,Markerboard,101116,"Series 2 (Claridge). Claridge whiteboard or tackboard with 3/4” perimeter trim. Available in whiteboard, chalkboard porcelain, cork, fabrics, and tackboards. LCS Markerboard Size 48"" x 48"" Weight 56 lbs. Spec sheet: https://claridgeproducts.com/wp-content/uploads/2023/08/Series-2_Tech-Data.pdf. Image: https://claridgeproducts.com/wp-content/uploads/2022/09/Series-2-Hero-768x768.jpg.",,EA,USD,https://claridgeproducts.com/product/series-2/
Claridge,S24X6LCS,Markerboard,101116,"Series 2 (Claridge). Claridge whiteboard or tackboard with 3/4” perimeter trim. Available in whiteboard, chalkboard porcelain, cork, fabrics, and tackboards. LCS Markerboard Size 48"" x 72"" Weight 84 lbs. Spec sheet: https://claridgeproducts.com/wp-content/uploads/2023/08/Series-2_Tech-Data.pdf. Image: https://claridgeproducts.com/wp-content/uploads/2022/09/Series-2-Hero-768x768.jpg.",,EA,USD,https://claridgeproducts.com/product/series-2/
Claridge,S24X8LCS,Markerboard,101116,"Series 2 (Claridge). Claridge whiteboard or tackboard with 3/4” perimeter trim. Available in whiteboard, chalkboard porcelain, cork, fabrics, and tackboards. LCS Markerboard Size 48"" x 96"" Weight 112 lbs. Spec sheet: https://claridgeproducts.com/wp-content/uploads/2023/08/Series-2_Tech-Data.pdf. Image: https://claridgeproducts.com/wp-content/uploads/2022/09/Series-2-Hero-768x768.jpg.",,EA,USD,https://claridgeproducts.com/product/series-2/
Claridge,S24X10LCS,Markerboard,101116,"Series 2 (Claridge). Claridge whiteboard or tackboard with 3/4” perimeter trim. Available in whiteboard, chalkboard porcelain, cork, fabrics, and tackboards. LCS Markerboard Size 48"" x 120"" Weight 140 lbs. Spec sheet: https://claridgeproducts.com/wp-content/uploads/2023/08/Series-2_Tech-Data.pdf. Image: https://claridgeproducts.com/wp-content/uploads/2022/09/Series-2-Hero-768x768.jpg.",,EA,USD,https://claridgeproducts.com/product/series-2/
Claridge,S24X12LCS,Markerboard,101116,"Series 2 (Claridge). Claridge whiteboard or tackboard with 3/4” perimeter trim. Available in whiteboard, chalkboard porcelain, cork, fabrics, and tackboards. LCS Markerboard Size 48"" x 144"" Weight 168 lbs. Spec sheet: https://claridgeproducts.com/wp-content/uploads/2023/08/Series-2_Tech-Data.pdf. Image: https://claridgeproducts.com/wp-content/uploads/2022/09/Series-2-Hero-768x768.jpg.",,EA,USD,https://claridgeproducts.com/product/series-2/
Claridge,S24X16LCS,Markerboard,101116,"Series 2 (Claridge). Claridge whiteboard or tackboard with 3/4” perimeter trim. Available in whiteboard, chalkboard porcelain, cork, fabrics, and tackboards. LCS Markerboard Size 48"" x 192"" Weight 224 lbs. Spec sheet: https://claridgeproducts.com/wp-content/uploads/2023/08/Series-2_Tech-Data.pdf. Image: https://claridgeproducts.com/wp-content/uploads/2022/09/Series-2-Hero-768x768.jpg.",,EA,USD,https://claridgeproducts.com/product/series-2/
Claridge,S22X3COR,Tackboard,101123,"Series 2 (Claridge). Claridge whiteboard or tackboard with 3/4” perimeter trim. Available in whiteboard, chalkboard porcelain, cork, fabrics, and tackboards. Claridge Cork Tackboard Size 24"" x 36"" Weight 18 lbs. Spec sheet: https://claridgeproducts.com/wp-content/uploads/2023/08/Series-2_Tech-Data.pdf. Image: https://claridgeproducts.com/wp-content/uploads/2022/09/Series-2-Hero-768x768.jpg.",,EA,USD,https://claridgeproducts.com/product/series-2/
Claridge,S24X3COR,Tackboard,101123,"Series 2 (Claridge). Claridge whiteboard or tackboard with 3/4” perimeter trim. Available in whiteboard, chalkboard porcelain, cork, fabrics, and tackboards. Claridge Cork Tackboard Size 48"" x 36"" Weight 36 lbs. Spec sheet: https://claridgeproducts.com/wp-content/uploads/2023/08/Series-2_Tech-Data.pdf. Image: https://claridgeproducts.com/wp-content/uploads/2022/09/Series-2-Hero-768x768.jpg.",,EA,USD,https://claridgeproducts.com/product/series-2/
Claridge,S24X4COR,Tackboard,101123,"Series 2 (Claridge). Claridge whiteboard or tackboard with 3/4” perimeter trim. Available in whiteboard, chalkboard porcelain, cork, fabrics, and tackboards. Claridge Cork Tackboard Size 48"" x 48"" Weight 48 lbs. Spec sheet: https://claridgeproducts.com/wp-content/uploads/2023/08/Series-2_Tech-Data.pdf. Image: https://claridgeproducts.com/wp-content/uploads/2022/09/Series-2-Hero-768x768.jpg.",,EA,USD,https://claridgeproducts.com/product/series-2/
Claridge,S24X6COR,Tackboard,101123,"Series 2 (Claridge). Claridge whiteboard or tackboard with 3/4” perimeter trim. Available in whiteboard, chalkboard porcelain, cork, fabrics, and tackboards. Claridge Cork Tackboard Size 48"" x 72"" Weight 72 lbs. Spec sheet: https://claridgeproducts.com/wp-content/uploads/2023/08/Series-2_Tech-Data.pdf. Image: https://claridgeproducts.com/wp-content/uploads/2022/09/Series-2-Hero-768x768.jpg.",,EA,USD,https://claridgeproducts.com/product/series-2/
Claridge,S24X8COR,Tackboard,101123,"Series 2 (Claridge). Claridge whiteboard or tackboard with 3/4” perimeter trim. Available in whiteboard, chalkboard porcelain, cork, fabrics, and tackboards. Claridge Cork Tackboard Size 48"" x 96"" Weight 96 lbs. Spec sheet: https://claridgeproducts.com/wp-content/uploads/2023/08/Series-2_Tech-Data.pdf. Image: https://claridgeproducts.com/wp-content/uploads/2022/09/Series-2-Hero-768x768.jpg.",,EA,USD,https://claridgeproducts.com/product/series-2/
Claridge,S24X10COR,Tackboard,101123,"Series 2 (Claridge). Claridge whiteboard or tackboard with 3/4” perimeter trim. Available in whiteboard, chalkboard porcelain, cork, fabrics, and tackboards. Claridge Cork Tackboard Size 48"" x 120"" Weight 120 lbs. Spec sheet: https://claridgeproducts.com/wp-content/uploads/2023/08/Series-2_Tech-Data.pdf. Image: https://claridgeproducts.com/wp-content/uploads/2022/09/Series-2-Hero-768x768.jpg.",,EA,USD,https://claridgeproducts.com/product/series-2/
Claridge,S24X12COR,Tackboard,101123,"Series 2 (Claridge). Claridge whiteboard or tackboard with 3/4” perimeter trim. Available in whiteboard, chalkboard porcelain, cork, fabrics, and tackboards. Claridge Cork Tackboard Size 48"" x 144"" Weight 144 lbs. Spec sheet: https://claridgeproducts.com/wp-content/uploads/2023/08/Series-2_Tech-Data.pdf. Image: https://claridgeproducts.com/wp-content/uploads/2022/09/Series-2-Hero-768x768.jpg.",,EA,USD,https://claridgeproducts.com/product/series-2/
Claridge,S22X33103,Tackboard,101123,"Series 2 (Claridge). Claridge whiteboard or tackboard with 3/4” perimeter trim. Available in whiteboard, chalkboard porcelain, cork, fabrics, and tackboards. Guilford Fabric Tackboards Size 24"" x 36"" Weight 12 lbs. Spec sheet: https://claridgeproducts.com/wp-content/uploads/2023/08/Series-2_Tech-Data.pdf. Image: https://claridgeproducts.com/wp-content/uploads/2022/09/Series-2-Hero-768x768.jpg.",,EA,USD,https://claridgeproducts.com/product/series-2/
Claridge,S24X33103,Tackboard,101123,"Series 2 (Claridge). Claridge whiteboard or tackboard with 3/4” perimeter trim. Available in whiteboard, chalkboard porcelain, cork, fabrics, and tackboards. Guilford Fabric Tackboards Size 48"" x 36"" Weight 24 lbs. Spec sheet: https://claridgeproducts.com/wp-content/uploads/2023/08/Series-2_Tech-Data.pdf. Image: https://claridgeproducts.com/wp-content/uploads/2022/09/Series-2-Hero-768x768.jpg.",,EA,USD,https://claridgeproducts.com/product/series-2/
Claridge,S24X43103,Tackboard,101123,"Series 2 (Claridge). Claridge whiteboard or tackboard with 3/4” perimeter trim. Available in whiteboard, chalkboard porcelain, cork, fabrics, and tackboards. Guilford Fabric Tackboards Size 48"" x 48"" Weight 32 lbs. Spec sheet: https://claridgeproducts.com/wp-content/uploads/2023/08/Series-2_Tech-Data.pdf. Image: https://claridgeproducts.com/wp-content/uploads/2022/09/Series-2-Hero-768x768.jpg.",,EA,USD,https://claridgeproducts.com/product/series-2/
Claridge,S24X63103,Tackboard,101123,"Series 2 (Claridge). Claridge whiteboard or tackboard with 3/4” perimeter trim. Available in whiteboard, chalkboard porcelain, cork, fabrics, and tackboards. Guilford Fabric Tackboards Size 48"" x 72"" Weight 48 lbs. Spec sheet: https://claridgeproducts.com/wp-content/uploads/2023/08/Series-2_Tech-Data.pdf. Image: https://claridgeproducts.com/wp-content/uploads/2022/09/Series-2-Hero-768x768.jpg.",,EA,USD,https://claridgeproducts.com/product/series-2/
Claridge,S24X83103,Tackboard,101123,"Series 2 (Claridge). Claridge whiteboard or tackboard with 3/4” perimeter trim. Available in whiteboard, chalkboard porcelain, cork, fabrics, and tackboards. Guilford Fabric Tackboards Size 48"" x 96"" Weight 64 lbs. Spec sheet: https://claridgeproducts.com/wp-content/uploads/2023/08/Series-2_Tech-Data.pdf. Image: https://claridgeproducts.com/wp-content/uploads/2022/09/Series-2-Hero-768x768.jpg.",,EA,USD,https://claridgeproducts.com/product/series-2/
Claridge,S24X103103,Tackboard,101123,"Series 2 (Claridge). Claridge whiteboard or tackboard with 3/4” perimeter trim. Available in whiteboard, chalkboard porcelain, cork, fabrics, and tackboards. Guilford Fabric Tackboards Size 48"" x 120"" Weight 80 lbs. Spec sheet: https://claridgeproducts.com/wp-content/uploads/2023/08/Series-2_Tech-Data.pdf. Image: https://claridgeproducts.com/wp-content/uploads/2022/09/Series-2-Hero-768x768.jpg.",,EA,USD,https://claridgeproducts.com/product/series-2/
Claridge,S24X123103,Tackboard,101123,"Series 2 (Claridge). Claridge whiteboard or tackboard with 3/4” perimeter trim. Available in whiteboard, chalkboard porcelain, cork, fabrics, and tackboards. Guilford Fabric Tackboards Size 48"" x 144"" Weight 96 lbs. Spec sheet: https://claridgeproducts.com/wp-content/uploads/2023/08/Series-2_Tech-Data.pdf. Image: https://claridgeproducts.com/wp-content/uploads/2022/09/Series-2-Hero-768x768.jpg.",,EA,USD,https://claridgeproducts.com/product/series-2/
Claridge,S22X31380,Tackboard,101123,"Series 2 (Claridge). Claridge whiteboard or tackboard with 3/4” perimeter trim. Available in whiteboard, chalkboard porcelain, cork, fabrics, and tackboards. Fabricork Tackboards Size 24"" x 36"" Weight 12 lbs. Spec sheet: https://claridgeproducts.com/wp-content/uploads/2023/08/Series-2_Tech-Data.pdf. Image: https://claridgeproducts.com/wp-content/uploads/2022/09/Series-2-Hero-768x768.jpg.",,EA,USD,https://claridgeproducts.com/product/series-2/
Claridge,S24X31380,Tackboard,101123,"Series 2 (Claridge). Claridge whiteboard or tackboard with 3/4” perimeter trim. Available in whiteboard, chalkboard porcelain, cork, fabrics, and tackboards. Fabricork Tackboards Size 48"" x 36"" Weight 24 lbs. Spec sheet: https://claridgeproducts.com/wp-content/uploads/2023/08/Series-2_Tech-Data.pdf. Image: https://claridgeproducts.com/wp-content/uploads/2022/09/Series-2-Hero-768x768.jpg.",,EA,USD,https://claridgeproducts.com/product/series-2/
Claridge,S24X41380,Tackboard,101123,"Series 2 (Claridge). Claridge whiteboard or tackboard with 3/4” perimeter trim. Available in whiteboard, chalkboard porcelain, cork, fabrics, and tackboards. Fabricork Tackboards Size 48"" x 48"" Weight 32 lbs. Spec sheet: https://claridgeproducts.com/wp-content/uploads/2023/08/Series-2_Tech-Data.pdf. Image: https://claridgeproducts.com/wp-content/uploads/2022/09/Series-2-Hero-768x768.jpg.",,EA,USD,https://claridgeproducts.com/product/series-2/
Claridge,S24X61380,Tackboard,101123,"Series 2 (Claridge). Claridge whiteboard or tackboard with 3/4” perimeter trim. Available in whiteboard, chalkboard porcelain, cork, fabrics, and tackboards. Fabricork Tackboards Size 48"" x 72"" Weight 48 lbs. Spec sheet: https://claridgeproducts.com/wp-content/uploads/2023/08/Series-2_Tech-Data.pdf. Image: https://claridgeproducts.com/wp-content/uploads/2022/09/Series-2-Hero-768x768.jpg.",,EA,USD,https://claridgeproducts.com/product/series-2/
Claridge,S24X81380,Tackboard,101123,"Series 2 (Claridge). Claridge whiteboard or tackboard with 3/4” perimeter trim. Available in whiteboard, chalkboard porcelain, cork, fabrics, and tackboards. Fabricork Tackboards Size 48"" x 96"" Weight 64 lbs. Spec sheet: https://claridgeproducts.com/wp-content/uploads/2023/08/Series-2_Tech-Data.pdf. Image: https://claridgeproducts.com/wp-content/uploads/2022/09/Series-2-Hero-768x768.jpg.",,EA,USD,https://claridgeproducts.com/product/series-2/
Claridge,S24X101380,Tackboard,101123,"Series 2 (Claridge). Claridge whiteboard or tackboard with 3/4” perimeter trim. Available in whiteboard, chalkboard porcelain, cork, fabrics, and tackboards. Fabricork Tackboards Size 48"" x 120"" Weight 80 lbs. Spec sheet: https://claridgeproducts.com/wp-content/uploads/2023/08/Series-2_Tech-Data.pdf. Image: https://claridgeproducts.com/wp-content/uploads/2022/09/Series-2-Hero-768x768.jpg.",,EA,USD,https://claridgeproducts.com/product/series-2/
Claridge,S24X121380,Tackboard,101123,"Series 2 (Claridge). Claridge whiteboard or tackboard with 3/4” perimeter trim. Available in whiteboard, chalkboard porcelain, cork, fabrics, and tackboards. Fabricork Tackboards Size 48"" x 144"" Weight 96 lbs. Spec sheet: https://claridgeproducts.com/wp-content/uploads/2023/08/Series-2_Tech-Data.pdf. Image: https://claridgeproducts.com/wp-content/uploads/2022/09/Series-2-Hero-768x768.jpg.",,EA,USD,https://claridgeproducts.com/product/series-2/
Claridge,S22X3TAN,Tackboard,101123,"Series 2 (Claridge). Claridge whiteboard or tackboard with 3/4” perimeter trim. Available in whiteboard, chalkboard porcelain, cork, fabrics, and tackboards. Tan Nucork Tackboards Size 24"" x 36"" Weight 12 lbs. Spec sheet: https://claridgeproducts.com/wp-content/uploads/2023/08/Series-2_Tech-Data.pdf. Image: https://claridgeproducts.com/wp-content/uploads/2022/09/Series-2-Hero-768x768.jpg.",,EA,USD,https://claridgeproducts.com/product/series-2/
Claridge,S24X3TAN,Tackboard,101123,"Series 2 (Claridge). Claridge whiteboard or tackboard with 3/4” perimeter trim. Available in whiteboard, chalkboard porcelain, cork, fabrics, and tackboards. Tan Nucork Tackboards Size 48"" x 36"" Weight 24 lbs. Spec sheet: https://claridgeproducts.com/wp-content/uploads/2023/08/Series-2_Tech-Data.pdf. Image: https://claridgeproducts.com/wp-content/uploads/2022/09/Series-2-Hero-768x768.jpg.",,EA,USD,https://claridgeproducts.com/product/series-2/
Claridge,S24X4TAN,Tackboard,101123,"Series 2 (Claridge). Claridge whiteboard or tackboard with 3/4” perimeter trim. Available in whiteboard, chalkboard porcelain, cork, fabrics, and tackboards. Tan Nucork Tackboards Size 48"" x 48"" Weight 32 lbs. Spec sheet: https://claridgeproducts.com/wp-content/uploads/2023/08/Series-2_Tech-Data.pdf. Image: https://claridgeproducts.com/wp-content/uploads/2022/09/Series-2-Hero-768x768.jpg.",,EA,USD,https://claridgeproducts.com/product/series-2/
Claridge,S24X6TAN,Tackboard,101123,"Series 2 (Claridge). Claridge whiteboard or tackboard with 3/4” perimeter trim. Available in whiteboard, chalkboard porcelain, cork, fabrics, and tackboards. Tan Nucork Tackboards Size 48"" x 72"" Weight 48 lbs. Spec sheet: https://claridgeproducts.com/wp-content/uploads/2023/08/Series-2_Tech-Data.pdf. Image: https://claridgeproducts.com/wp-content/uploads/2022/09/Series-2-Hero-768x768.jpg.",,EA,USD,https://claridgeproducts.com/product/series-2/
Claridge,S24X8TAN,Tackboard,101123,"Series 2 (Claridge). Claridge whiteboard or tackboard with 3/4” perimeter trim. Available in whiteboard, chalkboard porcelain, cork, fabrics, and tackboards. Tan Nucork Tackboards Size 48"" x 96"" Weight 64 lbs. Spec sheet: https://claridgeproducts.com/wp-content/uploads/2023/08/Series-2_Tech-Data.pdf. Image: https://claridgeproducts.com/wp-content/uploads/2022/09/Series-2-Hero-768x768.jpg.",,EA,USD,https://claridgeproducts.com/product/series-2/
Claridge,S24X10TAN,Tackboard,101123,"Series 2 (Claridge). Claridge whiteboard or tackboard with 3/4” perimeter trim. Available in whiteboard, chalkboard porcelain, cork, fabrics, and tackboards. Tan Nucork Tackboards Size 48"" x 120"" Weight 80 lbs. Spec sheet: https://claridgeproducts.com/wp-content/uploads/2023/08/Series-2_Tech-Data.pdf. Image: https://claridgeproducts.com/wp-content/uploads/2022/09/Series-2-Hero-768x768.jpg.",,EA,USD,https://claridgeproducts.com/product/series-2/
Claridge,S24X12TAN,Tackboard,101123,"Series 2 (Claridge). Claridge whiteboard or tackboard with 3/4” perimeter trim. Available in whiteboard, chalkboard porcelain, cork, fabrics, and tackboards. Tan Nucork Tackboards Size 48"" x 144"" Weight 96 lbs. Spec sheet: https://claridgeproducts.com/wp-content/uploads/2023/08/Series-2_Tech-Data.pdf. Image: https://claridgeproducts.com/wp-content/uploads/2022/09/Series-2-Hero-768x768.jpg.",,EA,USD,https://claridgeproducts.com/product/series-2/
Claridge,S24X16TAN,Tackboard,101123,"Series 2 (Claridge). Claridge whiteboard or tackboard with 3/4” perimeter trim. Available in whiteboard, chalkboard porcelain, cork, fabrics, and tackboards. Tan Nucork Tackboards Size 48"" x 192"" Weight 128 lbs. Spec sheet: https://claridgeproducts.com/wp-content/uploads/2023/08/Series-2_Tech-Data.pdf. Image: https://claridgeproducts.com/wp-content/uploads/2022/09/Series-2-Hero-768x768.jpg.",,EA,USD,https://claridgeproducts.com/product/series-2/
Claridge,Series 3,Visual Display Board,101100,"Series 3 (Claridge). Claridge whiteboard and tackboard with 1-1/4"" wide perimeter trim. Available in whiteboard, chalkboard porcelain, cork, fabrics, and tackboards. Product family / series listing from Claridge All Products. Spec sheet: https://claridgeproducts.com/wp-content/uploads/2023/08/Series-3_Tech-Data.pdf. Image: https://claridgeproducts.com/wp-content/uploads/2022/09/Series-3-Hero-768x768.jpg.",,EA,USD,https://claridgeproducts.com/product/series-3/
Claridge,S32X3LCS,Markerboard,101116,"Series 3 (Claridge). Claridge whiteboard and tackboard with 1-1/4"" wide perimeter trim. Available in whiteboard, chalkboard porcelain, cork, fabrics, and tackboards. LCS Markerboard Size 24″ x 36″ Weight 21 lbs. Spec sheet: https://claridgeproducts.com/wp-content/uploads/2023/08/Series-3_Tech-Data.pdf. Image: https://claridgeproducts.com/wp-content/uploads/2022/09/Series-3-Hero-768x768.jpg.",,EA,USD,https://claridgeproducts.com/product/series-3/
Claridge,S34X3LCS,Markerboard,101116,"Series 3 (Claridge). Claridge whiteboard and tackboard with 1-1/4"" wide perimeter trim. Available in whiteboard, chalkboard porcelain, cork, fabrics, and tackboards. LCS Markerboard Size 48″ x 36″ Weight 42 lbs. Spec sheet: https://claridgeproducts.com/wp-content/uploads/2023/08/Series-3_Tech-Data.pdf. Image: https://claridgeproducts.com/wp-content/uploads/2022/09/Series-3-Hero-768x768.jpg.",,EA,USD,https://claridgeproducts.com/product/series-3/
Claridge,S34X4LCS,Markerboard,101116,"Series 3 (Claridge). Claridge whiteboard and tackboard with 1-1/4"" wide perimeter trim. Available in whiteboard, chalkboard porcelain, cork, fabrics, and tackboards. LCS Markerboard Size 48″ x 48″ Weight 56 lbs. Spec sheet: https://claridgeproducts.com/wp-content/uploads/2023/08/Series-3_Tech-Data.pdf. Image: https://claridgeproducts.com/wp-content/uploads/2022/09/Series-3-Hero-768x768.jpg.",,EA,USD,https://claridgeproducts.com/product/series-3/
Claridge,S34X6LCS,Markerboard,101116,"Series 3 (Claridge). Claridge whiteboard and tackboard with 1-1/4"" wide perimeter trim. Available in whiteboard, chalkboard porcelain, cork, fabrics, and tackboards. LCS Markerboard Size 48″ x 72″ Weight 84 lbs. Spec sheet: https://claridgeproducts.com/wp-content/uploads/2023/08/Series-3_Tech-Data.pdf. Image: https://claridgeproducts.com/wp-content/uploads/2022/09/Series-3-Hero-768x768.jpg.",,EA,USD,https://claridgeproducts.com/product/series-3/
Claridge,S34X8LCS,Markerboard,101116,"Series 3 (Claridge). Claridge whiteboard and tackboard with 1-1/4"" wide perimeter trim. Available in whiteboard, chalkboard porcelain, cork, fabrics, and tackboards. LCS Markerboard Size 48″ x 96″ Weight 112 lbs. Spec sheet: https://claridgeproducts.com/wp-content/uploads/2023/08/Series-3_Tech-Data.pdf. Image: https://claridgeproducts.com/wp-content/uploads/2022/09/Series-3-Hero-768x768.jpg.",,EA,USD,https://claridgeproducts.com/product/series-3/
Claridge,S34X10LCS,Markerboard,101116,"Series 3 (Claridge). Claridge whiteboard and tackboard with 1-1/4"" wide perimeter trim. Available in whiteboard, chalkboard porcelain, cork, fabrics, and tackboards. LCS Markerboard Size 48″ x 120″ Weight 140 lbs. Spec sheet: https://claridgeproducts.com/wp-content/uploads/2023/08/Series-3_Tech-Data.pdf. Image: https://claridgeproducts.com/wp-content/uploads/2022/09/Series-3-Hero-768x768.jpg.",,EA,USD,https://claridgeproducts.com/product/series-3/
Claridge,S34X12LCS,Markerboard,101116,"Series 3 (Claridge). Claridge whiteboard and tackboard with 1-1/4"" wide perimeter trim. Available in whiteboard, chalkboard porcelain, cork, fabrics, and tackboards. LCS Markerboard Size 48″ x 144″ Weight 168 lbs. Spec sheet: https://claridgeproducts.com/wp-content/uploads/2023/08/Series-3_Tech-Data.pdf. Image: https://claridgeproducts.com/wp-content/uploads/2022/09/Series-3-Hero-768x768.jpg.",,EA,USD,https://claridgeproducts.com/product/series-3/
Claridge,S34X16LCS,Markerboard,101116,"Series 3 (Claridge). Claridge whiteboard and tackboard with 1-1/4"" wide perimeter trim. Available in whiteboard, chalkboard porcelain, cork, fabrics, and tackboards. LCS Markerboard Size 48"" x 192"" Weight 224 lbs. Spec sheet: https://claridgeproducts.com/wp-content/uploads/2023/08/Series-3_Tech-Data.pdf. Image: https://claridgeproducts.com/wp-content/uploads/2022/09/Series-3-Hero-768x768.jpg.",,EA,USD,https://claridgeproducts.com/product/series-3/
Claridge,S35X6LCS,Markerboard,101116,"Series 3 (Claridge). Claridge whiteboard and tackboard with 1-1/4"" wide perimeter trim. Available in whiteboard, chalkboard porcelain, cork, fabrics, and tackboards. LCS Markerboard Size 60"" x 72"" Weight 105 lbs. Spec sheet: https://claridgeproducts.com/wp-content/uploads/2023/08/Series-3_Tech-Data.pdf. Image: https://claridgeproducts.com/wp-content/uploads/2022/09/Series-3-Hero-768x768.jpg.",,EA,USD,https://claridgeproducts.com/product/series-3/
Claridge,S35X8LCS,Markerboard,101116,"Series 3 (Claridge). Claridge whiteboard and tackboard with 1-1/4"" wide perimeter trim. Available in whiteboard, chalkboard porcelain, cork, fabrics, and tackboards. LCS Markerboard Size 60"" x 96"" Weight 140 lbs. Spec sheet: https://claridgeproducts.com/wp-content/uploads/2023/08/Series-3_Tech-Data.pdf. Image: https://claridgeproducts.com/wp-content/uploads/2022/09/Series-3-Hero-768x768.jpg.",,EA,USD,https://claridgeproducts.com/product/series-3/
Claridge,S35X10LCS,Markerboard,101116,"Series 3 (Claridge). Claridge whiteboard and tackboard with 1-1/4"" wide perimeter trim. Available in whiteboard, chalkboard porcelain, cork, fabrics, and tackboards. LCS Markerboard Size 60"" x 120"" Weight 200 lbs. Spec sheet: https://claridgeproducts.com/wp-content/uploads/2023/08/Series-3_Tech-Data.pdf. Image: https://claridgeproducts.com/wp-content/uploads/2022/09/Series-3-Hero-768x768.jpg.",,EA,USD,https://claridgeproducts.com/product/series-3/
Claridge,S35X12LCS,Markerboard,101116,"Series 3 (Claridge). Claridge whiteboard and tackboard with 1-1/4"" wide perimeter trim. Available in whiteboard, chalkboard porcelain, cork, fabrics, and tackboards. LCS Markerboard Size 60"" x 144"" Weight 240 lbs. Spec sheet: https://claridgeproducts.com/wp-content/uploads/2023/08/Series-3_Tech-Data.pdf. Image: https://claridgeproducts.com/wp-content/uploads/2022/09/Series-3-Hero-768x768.jpg.",,EA,USD,https://claridgeproducts.com/product/series-3/
Claridge,S32X3COR,Tackboard,101123,"Series 3 (Claridge). Claridge whiteboard and tackboard with 1-1/4"" wide perimeter trim. Available in whiteboard, chalkboard porcelain, cork, fabrics, and tackboards. Claridge Cork Tackboard Size 24"" x 36"" Weight 18 lbs. Spec sheet: https://claridgeproducts.com/wp-content/uploads/2023/08/Series-3_Tech-Data.pdf. Image: https://claridgeproducts.com/wp-content/uploads/2022/09/Series-3-Hero-768x768.jpg.",,EA,USD,https://claridgeproducts.com/product/series-3/
Claridge,S34X3COR,Tackboard,101123,"Series 3 (Claridge). Claridge whiteboard and tackboard with 1-1/4"" wide perimeter trim. Available in whiteboard, chalkboard porcelain, cork, fabrics, and tackboards. Claridge Cork Tackboard Size 48"" x 36"" Weight 36 lbs. Spec sheet: https://claridgeproducts.com/wp-content/uploads/2023/08/Series-3_Tech-Data.pdf. Image: https://claridgeproducts.com/wp-content/uploads/2022/09/Series-3-Hero-768x768.jpg.",,EA,USD,https://claridgeproducts.com/product/series-3/
Claridge,S34X4COR,Tackboard,101123,"Series 3 (Claridge). Claridge whiteboard and tackboard with 1-1/4"" wide perimeter trim. Available in whiteboard, chalkboard porcelain, cork, fabrics, and tackboards. Claridge Cork Tackboard Size 48"" x 48"" Weight 48 lbs. Spec sheet: https://claridgeproducts.com/wp-content/uploads/2023/08/Series-3_Tech-Data.pdf. Image: https://claridgeproducts.com/wp-content/uploads/2022/09/Series-3-Hero-768x768.jpg.",,EA,USD,https://claridgeproducts.com/product/series-3/
Claridge,S34X6COR,Tackboard,101123,"Series 3 (Claridge). Claridge whiteboard and tackboard with 1-1/4"" wide perimeter trim. Available in whiteboard, chalkboard porcelain, cork, fabrics, and tackboards. Claridge Cork Tackboard Size 48"" x 72"" Weight 72 lbs. Spec sheet: https://claridgeproducts.com/wp-content/uploads/2023/08/Series-3_Tech-Data.pdf. Image: https://claridgeproducts.com/wp-content/uploads/2022/09/Series-3-Hero-768x768.jpg.",,EA,USD,https://claridgeproducts.com/product/series-3/
Claridge,S34X8COR,Tackboard,101123,"Series 3 (Claridge). Claridge whiteboard and tackboard with 1-1/4"" wide perimeter trim. Available in whiteboard, chalkboard porcelain, cork, fabrics, and tackboards. Claridge Cork Tackboard Size 48"" x 96"" Weight 96 lbs. Spec sheet: https://claridgeproducts.com/wp-content/uploads/2023/08/Series-3_Tech-Data.pdf. Image: https://claridgeproducts.com/wp-content/uploads/2022/09/Series-3-Hero-768x768.jpg.",,EA,USD,https://claridgeproducts.com/product/series-3/
Claridge,S34X10COR,Tackboard,101123,"Series 3 (Claridge). Claridge whiteboard and tackboard with 1-1/4"" wide perimeter trim. Available in whiteboard, chalkboard porcelain, cork, fabrics, and tackboards. Claridge Cork Tackboard Size 48"" x 120"" Weight 120 lbs. Spec sheet: https://claridgeproducts.com/wp-content/uploads/2023/08/Series-3_Tech-Data.pdf. Image: https://claridgeproducts.com/wp-content/uploads/2022/09/Series-3-Hero-768x768.jpg.",,EA,USD,https://claridgeproducts.com/product/series-3/
Claridge,S34X12COR,Tackboard,101123,"Series 3 (Claridge). Claridge whiteboard and tackboard with 1-1/4"" wide perimeter trim. Available in whiteboard, chalkboard porcelain, cork, fabrics, and tackboards. Claridge Cork Tackboard Size 48"" x 144"" Weight 144 lbs. Spec sheet: https://claridgeproducts.com/wp-content/uploads/2023/08/Series-3_Tech-Data.pdf. Image: https://claridgeproducts.com/wp-content/uploads/2022/09/Series-3-Hero-768x768.jpg.",,EA,USD,https://claridgeproducts.com/product/series-3/
Claridge,S32X33103,Tackboard,101123,"Series 3 (Claridge). Claridge whiteboard and tackboard with 1-1/4"" wide perimeter trim. Available in whiteboard, chalkboard porcelain, cork, fabrics, and tackboards. Guilford Fabric Tackboards Size 24"" x 36"" Weight 12 lbs. Spec sheet: https://claridgeproducts.com/wp-content/uploads/2023/08/Series-3_Tech-Data.pdf. Image: https://claridgeproducts.com/wp-content/uploads/2022/09/Series-3-Hero-768x768.jpg.",,EA,USD,https://claridgeproducts.com/product/series-3/
Claridge,S34X33103,Tackboard,101123,"Series 3 (Claridge). Claridge whiteboard and tackboard with 1-1/4"" wide perimeter trim. Available in whiteboard, chalkboard porcelain, cork, fabrics, and tackboards. Guilford Fabric Tackboards Size 48"" x 36"" Weight 24 lbs. Spec sheet: https://claridgeproducts.com/wp-content/uploads/2023/08/Series-3_Tech-Data.pdf. Image: https://claridgeproducts.com/wp-content/uploads/2022/09/Series-3-Hero-768x768.jpg.",,EA,USD,https://claridgeproducts.com/product/series-3/
Claridge,S34X43103,Tackboard,101123,"Series 3 (Claridge). Claridge whiteboard and tackboard with 1-1/4"" wide perimeter trim. Available in whiteboard, chalkboard porcelain, cork, fabrics, and tackboards. Guilford Fabric Tackboards Size 48"" x 48"" Weight 32 lbs. Spec sheet: https://claridgeproducts.com/wp-content/uploads/2023/08/Series-3_Tech-Data.pdf. Image: https://claridgeproducts.com/wp-content/uploads/2022/09/Series-3-Hero-768x768.jpg.",,EA,USD,https://claridgeproducts.com/product/series-3/
Claridge,S34X63103,Tackboard,101123,"Series 3 (Claridge). Claridge whiteboard and tackboard with 1-1/4"" wide perimeter trim. Available in whiteboard, chalkboard porcelain, cork, fabrics, and tackboards. Guilford Fabric Tackboards Size 48"" x 72"" Weight 48 lbs. Spec sheet: https://claridgeproducts.com/wp-content/uploads/2023/08/Series-3_Tech-Data.pdf. Image: https://claridgeproducts.com/wp-content/uploads/2022/09/Series-3-Hero-768x768.jpg.",,EA,USD,https://claridgeproducts.com/product/series-3/
Claridge,S34X83103,Tackboard,101123,"Series 3 (Claridge). Claridge whiteboard and tackboard with 1-1/4"" wide perimeter trim. Available in whiteboard, chalkboard porcelain, cork, fabrics, and tackboards. Guilford Fabric Tackboards Size 48"" x 96"" Weight 64 lbs. Spec sheet: https://claridgeproducts.com/wp-content/uploads/2023/08/Series-3_Tech-Data.pdf. Image: https://claridgeproducts.com/wp-content/uploads/2022/09/Series-3-Hero-768x768.jpg.",,EA,USD,https://claridgeproducts.com/product/series-3/
Claridge,S34X103103,Tackboard,101123,"Series 3 (Claridge). Claridge whiteboard and tackboard with 1-1/4"" wide perimeter trim. Available in whiteboard, chalkboard porcelain, cork, fabrics, and tackboards. Guilford Fabric Tackboards Size 48"" x 120"" Weight 80 lbs. Spec sheet: https://claridgeproducts.com/wp-content/uploads/2023/08/Series-3_Tech-Data.pdf. Image: https://claridgeproducts.com/wp-content/uploads/2022/09/Series-3-Hero-768x768.jpg.",,EA,USD,https://claridgeproducts.com/product/series-3/
Claridge,S34X123103,Tackboard,101123,"Series 3 (Claridge). Claridge whiteboard and tackboard with 1-1/4"" wide perimeter trim. Available in whiteboard, chalkboard porcelain, cork, fabrics, and tackboards. Guilford Fabric Tackboards Size 48"" x 144"" Weight 96 lbs. Spec sheet: https://claridgeproducts.com/wp-content/uploads/2023/08/Series-3_Tech-Data.pdf. Image: https://claridgeproducts.com/wp-content/uploads/2022/09/Series-3-Hero-768x768.jpg.",,EA,USD,https://claridgeproducts.com/product/series-3/
Claridge,S32X31380,Tackboard,101123,"Series 3 (Claridge). Claridge whiteboard and tackboard with 1-1/4"" wide perimeter trim. Available in whiteboard, chalkboard porcelain, cork, fabrics, and tackboards. Fabricork Tackboards Size 24"" x 36"" Weight 12 lbs. Spec sheet: https://claridgeproducts.com/wp-content/uploads/2023/08/Series-3_Tech-Data.pdf. Image: https://claridgeproducts.com/wp-content/uploads/2022/09/Series-3-Hero-768x768.jpg.",,EA,USD,https://claridgeproducts.com/product/series-3/
Claridge,S34X31380,Tackboard,101123,"Series 3 (Claridge). Claridge whiteboard and tackboard with 1-1/4"" wide perimeter trim. Available in whiteboard, chalkboard porcelain, cork, fabrics, and tackboards. Fabricork Tackboards Size 48"" x 36"" Weight 24 lbs. Spec sheet: https://claridgeproducts.com/wp-content/uploads/2023/08/Series-3_Tech-Data.pdf. Image: https://claridgeproducts.com/wp-content/uploads/2022/09/Series-3-Hero-768x768.jpg.",,EA,USD,https://claridgeproducts.com/product/series-3/
Claridge,S34X41380,Tackboard,101123,"Series 3 (Claridge). Claridge whiteboard and tackboard with 1-1/4"" wide perimeter trim. Available in whiteboard, chalkboard porcelain, cork, fabrics, and tackboards. Fabricork Tackboards Size 48"" x 48"" Weight 32 lbs. Spec sheet: https://claridgeproducts.com/wp-content/uploads/2023/08/Series-3_Tech-Data.pdf. Image: https://claridgeproducts.com/wp-content/uploads/2022/09/Series-3-Hero-768x768.jpg.",,EA,USD,https://claridgeproducts.com/product/series-3/
Claridge,S34X61380,Tackboard,101123,"Series 3 (Claridge). Claridge whiteboard and tackboard with 1-1/4"" wide perimeter trim. Available in whiteboard, chalkboard porcelain, cork, fabrics, and tackboards. Fabricork Tackboards Size 48"" x 72"" Weight 48 lbs. Spec sheet: https://claridgeproducts.com/wp-content/uploads/2023/08/Series-3_Tech-Data.pdf. Image: https://claridgeproducts.com/wp-content/uploads/2022/09/Series-3-Hero-768x768.jpg.",,EA,USD,https://claridgeproducts.com/product/series-3/
Claridge,S34X81380,Tackboard,101123,"Series 3 (Claridge). Claridge whiteboard and tackboard with 1-1/4"" wide perimeter trim. Available in whiteboard, chalkboard porcelain, cork, fabrics, and tackboards. Fabricork Tackboards Size 48"" x 96"" Weight 64 lbs. Spec sheet: https://claridgeproducts.com/wp-content/uploads/2023/08/Series-3_Tech-Data.pdf. Image: https://claridgeproducts.com/wp-content/uploads/2022/09/Series-3-Hero-768x768.jpg.",,EA,USD,https://claridgeproducts.com/product/series-3/
Claridge,S34X101380,Tackboard,101123,"Series 3 (Claridge). Claridge whiteboard and tackboard with 1-1/4"" wide perimeter trim. Available in whiteboard, chalkboard porcelain, cork, fabrics, and tackboards. Fabricork Tackboards Size 48"" x 120"" Weight 80 lbs. Spec sheet: https://claridgeproducts.com/wp-content/uploads/2023/08/Series-3_Tech-Data.pdf. Image: https://claridgeproducts.com/wp-content/uploads/2022/09/Series-3-Hero-768x768.jpg.",,EA,USD,https://claridgeproducts.com/product/series-3/
Claridge,S34X121380,Tackboard,101123,"Series 3 (Claridge). Claridge whiteboard and tackboard with 1-1/4"" wide perimeter trim. Available in whiteboard, chalkboard porcelain, cork, fabrics, and tackboards. Fabricork Tackboards Size 48"" x 144"" Weight 96 lbs. Spec sheet: https://claridgeproducts.com/wp-content/uploads/2023/08/Series-3_Tech-Data.pdf. Image: https://claridgeproducts.com/wp-content/uploads/2022/09/Series-3-Hero-768x768.jpg.",,EA,USD,https://claridgeproducts.com/product/series-3/
Claridge,S32X3TAN,Tackboard,101123,"Series 3 (Claridge). Claridge whiteboard and tackboard with 1-1/4"" wide perimeter trim. Available in whiteboard, chalkboard porcelain, cork, fabrics, and tackboards. Tan Nucork Tackboards Size 24"" x 36"" Weight 12 lbs. Spec sheet: https://claridgeproducts.com/wp-content/uploads/2023/08/Series-3_Tech-Data.pdf. Image: https://claridgeproducts.com/wp-content/uploads/2022/09/Series-3-Hero-768x768.jpg.",,EA,USD,https://claridgeproducts.com/product/series-3/
Claridge,S34X3TAN,Tackboard,101123,"Series 3 (Claridge). Claridge whiteboard and tackboard with 1-1/4"" wide perimeter trim. Available in whiteboard, chalkboard porcelain, cork, fabrics, and tackboards. Tan Nucork Tackboards Size 48"" x 36"" Weight 24 lbs. Spec sheet: https://claridgeproducts.com/wp-content/uploads/2023/08/Series-3_Tech-Data.pdf. Image: https://claridgeproducts.com/wp-content/uploads/2022/09/Series-3-Hero-768x768.jpg.",,EA,USD,https://claridgeproducts.com/product/series-3/
Claridge,S34X4TAN,Tackboard,101123,"Series 3 (Claridge). Claridge whiteboard and tackboard with 1-1/4"" wide perimeter trim. Available in whiteboard, chalkboard porcelain, cork, fabrics, and tackboards. Tan Nucork Tackboards Size 48"" x 48"" Weight 32 lbs. Spec sheet: https://claridgeproducts.com/wp-content/uploads/2023/08/Series-3_Tech-Data.pdf. Image: https://claridgeproducts.com/wp-content/uploads/2022/09/Series-3-Hero-768x768.jpg.",,EA,USD,https://claridgeproducts.com/product/series-3/
Claridge,S34X6TAN,Tackboard,101123,"Series 3 (Claridge). Claridge whiteboard and tackboard with 1-1/4"" wide perimeter trim. Available in whiteboard, chalkboard porcelain, cork, fabrics, and tackboards. Tan Nucork Tackboards Size 48"" x 72"" Weight 48 lbs. Spec sheet: https://claridgeproducts.com/wp-content/uploads/2023/08/Series-3_Tech-Data.pdf. Image: https://claridgeproducts.com/wp-content/uploads/2022/09/Series-3-Hero-768x768.jpg.",,EA,USD,https://claridgeproducts.com/product/series-3/
Claridge,S34X8TAN,Tackboard,101123,"Series 3 (Claridge). Claridge whiteboard and tackboard with 1-1/4"" wide perimeter trim. Available in whiteboard, chalkboard porcelain, cork, fabrics, and tackboards. Tan Nucork Tackboards Size 48"" x 96"" Weight 64 lbs. Spec sheet: https://claridgeproducts.com/wp-content/uploads/2023/08/Series-3_Tech-Data.pdf. Image: https://claridgeproducts.com/wp-content/uploads/2022/09/Series-3-Hero-768x768.jpg.",,EA,USD,https://claridgeproducts.com/product/series-3/
Claridge,S34X10TAN,Tackboard,101123,"Series 3 (Claridge). Claridge whiteboard and tackboard with 1-1/4"" wide perimeter trim. Available in whiteboard, chalkboard porcelain, cork, fabrics, and tackboards. Tan Nucork Tackboards Size 48"" x 120"" Weight 80 lbs. Spec sheet: https://claridgeproducts.com/wp-content/uploads/2023/08/Series-3_Tech-Data.pdf. Image: https://claridgeproducts.com/wp-content/uploads/2022/09/Series-3-Hero-768x768.jpg.",,EA,USD,https://claridgeproducts.com/product/series-3/
Claridge,S34X12TAN,Tackboard,101123,"Series 3 (Claridge). Claridge whiteboard and tackboard with 1-1/4"" wide perimeter trim. Available in whiteboard, chalkboard porcelain, cork, fabrics, and tackboards. Tan Nucork Tackboards Size 48"" x 144"" Weight 96 lbs. Spec sheet: https://claridgeproducts.com/wp-content/uploads/2023/08/Series-3_Tech-Data.pdf. Image: https://claridgeproducts.com/wp-content/uploads/2022/09/Series-3-Hero-768x768.jpg.",,EA,USD,https://claridgeproducts.com/product/series-3/
Claridge,S34X16TAN,Tackboard,101123,"Series 3 (Claridge). Claridge whiteboard and tackboard with 1-1/4"" wide perimeter trim. Available in whiteboard, chalkboard porcelain, cork, fabrics, and tackboards. Tan Nucork Tackboards Size 48"" x 192"" Weight 128 lbs. Spec sheet: https://claridgeproducts.com/wp-content/uploads/2023/08/Series-3_Tech-Data.pdf. Image: https://claridgeproducts.com/wp-content/uploads/2022/09/Series-3-Hero-768x768.jpg.",,EA,USD,https://claridgeproducts.com/product/series-3/
Claridge,Series 4,Visual Display Board,101100,"Series 4 (Claridge). Claridge whiteboard and tackboard with 5/8"" wide perimeter trim. Available in whiteboard, chalkboard porcelain, cork, fabrics, and tackboards. Product family / series listing from Claridge All Products. Spec sheet: https://claridgeproducts.com/wp-content/uploads/2023/08/Series-4_Tech-Data.pdf. Image: https://claridgeproducts.com/wp-content/uploads/2022/09/Series-4-Hero-768x768.jpg.",,EA,USD,https://claridgeproducts.com/product/series-4/
Claridge,S42X3LCS,Markerboard,101116,"Series 4 (Claridge). Claridge whiteboard and tackboard with 5/8"" wide perimeter trim. Available in whiteboard, chalkboard porcelain, cork, fabrics, and tackboards. LCS Markerboard Size 24″ x 36″ Weight 21 lbs. Spec sheet: https://claridgeproducts.com/wp-content/uploads/2023/08/Series-4_Tech-Data.pdf. Image: https://claridgeproducts.com/wp-content/uploads/2022/09/Series-4-Hero-768x768.jpg.",,EA,USD,https://claridgeproducts.com/product/series-4/
Claridge,S44X3LCS,Markerboard,101116,"Series 4 (Claridge). Claridge whiteboard and tackboard with 5/8"" wide perimeter trim. Available in whiteboard, chalkboard porcelain, cork, fabrics, and tackboards. LCS Markerboard Size 48″ x 36″ Weight 42 lbs. Spec sheet: https://claridgeproducts.com/wp-content/uploads/2023/08/Series-4_Tech-Data.pdf. Image: https://claridgeproducts.com/wp-content/uploads/2022/09/Series-4-Hero-768x768.jpg.",,EA,USD,https://claridgeproducts.com/product/series-4/
Claridge,S44X4LCS,Markerboard,101116,"Series 4 (Claridge). Claridge whiteboard and tackboard with 5/8"" wide perimeter trim. Available in whiteboard, chalkboard porcelain, cork, fabrics, and tackboards. LCS Markerboard Size 48″ x 48″ Weight 56 lbs. Spec sheet: https://claridgeproducts.com/wp-content/uploads/2023/08/Series-4_Tech-Data.pdf. Image: https://claridgeproducts.com/wp-content/uploads/2022/09/Series-4-Hero-768x768.jpg.",,EA,USD,https://claridgeproducts.com/product/series-4/
Claridge,S44X6LCS,Markerboard,101116,"Series 4 (Claridge). Claridge whiteboard and tackboard with 5/8"" wide perimeter trim. Available in whiteboard, chalkboard porcelain, cork, fabrics, and tackboards. LCS Markerboard Size 48″ x 72″ Weight 84 lbs. Spec sheet: https://claridgeproducts.com/wp-content/uploads/2023/08/Series-4_Tech-Data.pdf. Image: https://claridgeproducts.com/wp-content/uploads/2022/09/Series-4-Hero-768x768.jpg.",,EA,USD,https://claridgeproducts.com/product/series-4/
Claridge,S44X8LCS,Markerboard,101116,"Series 4 (Claridge). Claridge whiteboard and tackboard with 5/8"" wide perimeter trim. Available in whiteboard, chalkboard porcelain, cork, fabrics, and tackboards. LCS Markerboard Size 48″ x 96″ Weight 112 lbs. Spec sheet: https://claridgeproducts.com/wp-content/uploads/2023/08/Series-4_Tech-Data.pdf. Image: https://claridgeproducts.com/wp-content/uploads/2022/09/Series-4-Hero-768x768.jpg.",,EA,USD,https://claridgeproducts.com/product/series-4/
Claridge,S44X10LCS,Markerboard,101116,"Series 4 (Claridge). Claridge whiteboard and tackboard with 5/8"" wide perimeter trim. Available in whiteboard, chalkboard porcelain, cork, fabrics, and tackboards. LCS Markerboard Size 48"" x 120"" Weight 140 lbs. Spec sheet: https://claridgeproducts.com/wp-content/uploads/2023/08/Series-4_Tech-Data.pdf. Image: https://claridgeproducts.com/wp-content/uploads/2022/09/Series-4-Hero-768x768.jpg.",,EA,USD,https://claridgeproducts.com/product/series-4/
Claridge,S44X12LCS,Markerboard,101116,"Series 4 (Claridge). Claridge whiteboard and tackboard with 5/8"" wide perimeter trim. Available in whiteboard, chalkboard porcelain, cork, fabrics, and tackboards. LCS Markerboard Size 48"" x 144"" Weight 168 lbs. Spec sheet: https://claridgeproducts.com/wp-content/uploads/2023/08/Series-4_Tech-Data.pdf. Image: https://claridgeproducts.com/wp-content/uploads/2022/09/Series-4-Hero-768x768.jpg.",,EA,USD,https://claridgeproducts.com/product/series-4/
Claridge,S44X16LCS,Markerboard,101116,"Series 4 (Claridge). Claridge whiteboard and tackboard with 5/8"" wide perimeter trim. Available in whiteboard, chalkboard porcelain, cork, fabrics, and tackboards. LCS Markerboard Size 48"" x 192"" Weight 224 lbs. Spec sheet: https://claridgeproducts.com/wp-content/uploads/2023/08/Series-4_Tech-Data.pdf. Image: https://claridgeproducts.com/wp-content/uploads/2022/09/Series-4-Hero-768x768.jpg.",,EA,USD,https://claridgeproducts.com/product/series-4/
Claridge,S45X6LCS,Markerboard,101116,"Series 4 (Claridge). Claridge whiteboard and tackboard with 5/8"" wide perimeter trim. Available in whiteboard, chalkboard porcelain, cork, fabrics, and tackboards. LCS Markerboard Size 60"" x 72"" Weight 105 lbs. Spec sheet: https://claridgeproducts.com/wp-content/uploads/2023/08/Series-4_Tech-Data.pdf. Image: https://claridgeproducts.com/wp-content/uploads/2022/09/Series-4-Hero-768x768.jpg.",,EA,USD,https://claridgeproducts.com/product/series-4/
Claridge,S45X8LCS,Markerboard,101116,"Series 4 (Claridge). Claridge whiteboard and tackboard with 5/8"" wide perimeter trim. Available in whiteboard, chalkboard porcelain, cork, fabrics, and tackboards. LCS Markerboard Size 60"" x 96"" Weight 140 lbs. Spec sheet: https://claridgeproducts.com/wp-content/uploads/2023/08/Series-4_Tech-Data.pdf. Image: https://claridgeproducts.com/wp-content/uploads/2022/09/Series-4-Hero-768x768.jpg.",,EA,USD,https://claridgeproducts.com/product/series-4/
Claridge,S45X10LCS,Markerboard,101116,"Series 4 (Claridge). Claridge whiteboard and tackboard with 5/8"" wide perimeter trim. Available in whiteboard, chalkboard porcelain, cork, fabrics, and tackboards. LCS Markerboard Size 60"" x 120"" Weight 200 lbs. Spec sheet: https://claridgeproducts.com/wp-content/uploads/2023/08/Series-4_Tech-Data.pdf. Image: https://claridgeproducts.com/wp-content/uploads/2022/09/Series-4-Hero-768x768.jpg.",,EA,USD,https://claridgeproducts.com/product/series-4/
Claridge,S45X12LCS,Markerboard,101116,"Series 4 (Claridge). Claridge whiteboard and tackboard with 5/8"" wide perimeter trim. Available in whiteboard, chalkboard porcelain, cork, fabrics, and tackboards. LCS Markerboard Size 60"" x 144"" Weight 240 lbs. Spec sheet: https://claridgeproducts.com/wp-content/uploads/2023/08/Series-4_Tech-Data.pdf. Image: https://claridgeproducts.com/wp-content/uploads/2022/09/Series-4-Hero-768x768.jpg.",,EA,USD,https://claridgeproducts.com/product/series-4/
Claridge,S42X3COR,Tackboard,101123,"Series 4 (Claridge). Claridge whiteboard and tackboard with 5/8"" wide perimeter trim. Available in whiteboard, chalkboard porcelain, cork, fabrics, and tackboards. Claridge Cork Tackboard Size 24″ x 36″ Weight 18 lbs. Spec sheet: https://claridgeproducts.com/wp-content/uploads/2023/08/Series-4_Tech-Data.pdf. Image: https://claridgeproducts.com/wp-content/uploads/2022/09/Series-4-Hero-768x768.jpg.",,EA,USD,https://claridgeproducts.com/product/series-4/
Claridge,S44X3COR,Tackboard,101123,"Series 4 (Claridge). Claridge whiteboard and tackboard with 5/8"" wide perimeter trim. Available in whiteboard, chalkboard porcelain, cork, fabrics, and tackboards. Claridge Cork Tackboard Size 48″ x 36″ Weight 36 lbs. Spec sheet: https://claridgeproducts.com/wp-content/uploads/2023/08/Series-4_Tech-Data.pdf. Image: https://claridgeproducts.com/wp-content/uploads/2022/09/Series-4-Hero-768x768.jpg.",,EA,USD,https://claridgeproducts.com/product/series-4/
Claridge,S44X4COR,Tackboard,101123,"Series 4 (Claridge). Claridge whiteboard and tackboard with 5/8"" wide perimeter trim. Available in whiteboard, chalkboard porcelain, cork, fabrics, and tackboards. Claridge Cork Tackboard Size 48″ x 48″ Weight 48 lbs. Spec sheet: https://claridgeproducts.com/wp-content/uploads/2023/08/Series-4_Tech-Data.pdf. Image: https://claridgeproducts.com/wp-content/uploads/2022/09/Series-4-Hero-768x768.jpg.",,EA,USD,https://claridgeproducts.com/product/series-4/
Claridge,S44X6COR,Tackboard,101123,"Series 4 (Claridge). Claridge whiteboard and tackboard with 5/8"" wide perimeter trim. Available in whiteboard, chalkboard porcelain, cork, fabrics, and tackboards. Claridge Cork Tackboard Size 48″ x 72″ Weight 72 lbs. Spec sheet: https://claridgeproducts.com/wp-content/uploads/2023/08/Series-4_Tech-Data.pdf. Image: https://claridgeproducts.com/wp-content/uploads/2022/09/Series-4-Hero-768x768.jpg.",,EA,USD,https://claridgeproducts.com/product/series-4/
Claridge,S44X8COR,Tackboard,101123,"Series 4 (Claridge). Claridge whiteboard and tackboard with 5/8"" wide perimeter trim. Available in whiteboard, chalkboard porcelain, cork, fabrics, and tackboards. Claridge Cork Tackboard Size 48″ x 96″ Weight 96 lbs. Spec sheet: https://claridgeproducts.com/wp-content/uploads/2023/08/Series-4_Tech-Data.pdf. Image: https://claridgeproducts.com/wp-content/uploads/2022/09/Series-4-Hero-768x768.jpg.",,EA,USD,https://claridgeproducts.com/product/series-4/
Claridge,S44X10COR,Tackboard,101123,"Series 4 (Claridge). Claridge whiteboard and tackboard with 5/8"" wide perimeter trim. Available in whiteboard, chalkboard porcelain, cork, fabrics, and tackboards. Claridge Cork Tackboard Size 48"" x 120"" Weight 120 lbs. Spec sheet: https://claridgeproducts.com/wp-content/uploads/2023/08/Series-4_Tech-Data.pdf. Image: https://claridgeproducts.com/wp-content/uploads/2022/09/Series-4-Hero-768x768.jpg.",,EA,USD,https://claridgeproducts.com/product/series-4/
Claridge,S44X12COR,Tackboard,101123,"Series 4 (Claridge). Claridge whiteboard and tackboard with 5/8"" wide perimeter trim. Available in whiteboard, chalkboard porcelain, cork, fabrics, and tackboards. Claridge Cork Tackboard Size 48"" x 144"" Weight 144 lbs. Spec sheet: https://claridgeproducts.com/wp-content/uploads/2023/08/Series-4_Tech-Data.pdf. Image: https://claridgeproducts.com/wp-content/uploads/2022/09/Series-4-Hero-768x768.jpg.",,EA,USD,https://claridgeproducts.com/product/series-4/
Claridge,S42X33103,Tackboard,101123,"Series 4 (Claridge). Claridge whiteboard and tackboard with 5/8"" wide perimeter trim. Available in whiteboard, chalkboard porcelain, cork, fabrics, and tackboards. Guilford Fabric Tackboards Size 24"" x 36"" Weight 12 lbs. Spec sheet: https://claridgeproducts.com/wp-content/uploads/2023/08/Series-4_Tech-Data.pdf. Image: https://claridgeproducts.com/wp-content/uploads/2022/09/Series-4-Hero-768x768.jpg.",,EA,USD,https://claridgeproducts.com/product/series-4/
Claridge,S44X33103,Tackboard,101123,"Series 4 (Claridge). Claridge whiteboard and tackboard with 5/8"" wide perimeter trim. Available in whiteboard, chalkboard porcelain, cork, fabrics, and tackboards. Guilford Fabric Tackboards Size 48"" x 36"" Weight 24 lbs. Spec sheet: https://claridgeproducts.com/wp-content/uploads/2023/08/Series-4_Tech-Data.pdf. Image: https://claridgeproducts.com/wp-content/uploads/2022/09/Series-4-Hero-768x768.jpg.",,EA,USD,https://claridgeproducts.com/product/series-4/
Claridge,S44X43103,Tackboard,101123,"Series 4 (Claridge). Claridge whiteboard and tackboard with 5/8"" wide perimeter trim. Available in whiteboard, chalkboard porcelain, cork, fabrics, and tackboards. Guilford Fabric Tackboards Size 48"" x 48"" Weight 32 lbs. Spec sheet: https://claridgeproducts.com/wp-content/uploads/2023/08/Series-4_Tech-Data.pdf. Image: https://claridgeproducts.com/wp-content/uploads/2022/09/Series-4-Hero-768x768.jpg.",,EA,USD,https://claridgeproducts.com/product/series-4/
Claridge,S44X63103,Tackboard,101123,"Series 4 (Claridge). Claridge whiteboard and tackboard with 5/8"" wide perimeter trim. Available in whiteboard, chalkboard porcelain, cork, fabrics, and tackboards. Guilford Fabric Tackboards Size S14X63103 Weight 48 lbs. Spec sheet: https://claridgeproducts.com/wp-content/uploads/2023/08/Series-4_Tech-Data.pdf. Image: https://claridgeproducts.com/wp-content/uploads/2022/09/Series-4-Hero-768x768.jpg.",,EA,USD,https://claridgeproducts.com/product/series-4/
Claridge,S44X83103,Tackboard,101123,"Series 4 (Claridge). Claridge whiteboard and tackboard with 5/8"" wide perimeter trim. Available in whiteboard, chalkboard porcelain, cork, fabrics, and tackboards. Guilford Fabric Tackboards Size 48"" x 96"" Weight 64 lbs. Spec sheet: https://claridgeproducts.com/wp-content/uploads/2023/08/Series-4_Tech-Data.pdf. Image: https://claridgeproducts.com/wp-content/uploads/2022/09/Series-4-Hero-768x768.jpg.",,EA,USD,https://claridgeproducts.com/product/series-4/
Claridge,S44X103103,Tackboard,101123,"Series 4 (Claridge). Claridge whiteboard and tackboard with 5/8"" wide perimeter trim. Available in whiteboard, chalkboard porcelain, cork, fabrics, and tackboards. Guilford Fabric Tackboards Size 48"" x 120"" Weight 80 lbs. Spec sheet: https://claridgeproducts.com/wp-content/uploads/2023/08/Series-4_Tech-Data.pdf. Image: https://claridgeproducts.com/wp-content/uploads/2022/09/Series-4-Hero-768x768.jpg.",,EA,USD,https://claridgeproducts.com/product/series-4/
Claridge,S44X123103,Tackboard,101123,"Series 4 (Claridge). Claridge whiteboard and tackboard with 5/8"" wide perimeter trim. Available in whiteboard, chalkboard porcelain, cork, fabrics, and tackboards. Guilford Fabric Tackboards Size 48"" x 144"" Weight 96 lbs. Spec sheet: https://claridgeproducts.com/wp-content/uploads/2023/08/Series-4_Tech-Data.pdf. Image: https://claridgeproducts.com/wp-content/uploads/2022/09/Series-4-Hero-768x768.jpg.",,EA,USD,https://claridgeproducts.com/product/series-4/
Claridge,S42X31380,Tackboard,101123,"Series 4 (Claridge). Claridge whiteboard and tackboard with 5/8"" wide perimeter trim. Available in whiteboard, chalkboard porcelain, cork, fabrics, and tackboards. Fabricork Tackboards Size 24"" x 36"" Weight 12 lbs. Spec sheet: https://claridgeproducts.com/wp-content/uploads/2023/08/Series-4_Tech-Data.pdf. Image: https://claridgeproducts.com/wp-content/uploads/2022/09/Series-4-Hero-768x768.jpg.",,EA,USD,https://claridgeproducts.com/product/series-4/
Claridge,S44X31380,Tackboard,101123,"Series 4 (Claridge). Claridge whiteboard and tackboard with 5/8"" wide perimeter trim. Available in whiteboard, chalkboard porcelain, cork, fabrics, and tackboards. Fabricork Tackboards Size 48"" x 36"" Weight 24 lbs. Spec sheet: https://claridgeproducts.com/wp-content/uploads/2023/08/Series-4_Tech-Data.pdf. Image: https://claridgeproducts.com/wp-content/uploads/2022/09/Series-4-Hero-768x768.jpg.",,EA,USD,https://claridgeproducts.com/product/series-4/
Claridge,S44X41380,Tackboard,101123,"Series 4 (Claridge). Claridge whiteboard and tackboard with 5/8"" wide perimeter trim. Available in whiteboard, chalkboard porcelain, cork, fabrics, and tackboards. Fabricork Tackboards Size 48"" x 48"" Weight 32 lbs. Spec sheet: https://claridgeproducts.com/wp-content/uploads/2023/08/Series-4_Tech-Data.pdf. Image: https://claridgeproducts.com/wp-content/uploads/2022/09/Series-4-Hero-768x768.jpg.",,EA,USD,https://claridgeproducts.com/product/series-4/
Claridge,S44X61380,Tackboard,101123,"Series 4 (Claridge). Claridge whiteboard and tackboard with 5/8"" wide perimeter trim. Available in whiteboard, chalkboard porcelain, cork, fabrics, and tackboards. Fabricork Tackboards Size 48"" x 72"" Weight 48 lbs. Spec sheet: https://claridgeproducts.com/wp-content/uploads/2023/08/Series-4_Tech-Data.pdf. Image: https://claridgeproducts.com/wp-content/uploads/2022/09/Series-4-Hero-768x768.jpg.",,EA,USD,https://claridgeproducts.com/product/series-4/
Claridge,S44X81380,Tackboard,101123,"Series 4 (Claridge). Claridge whiteboard and tackboard with 5/8"" wide perimeter trim. Available in whiteboard, chalkboard porcelain, cork, fabrics, and tackboards. Fabricork Tackboards Size 48"" x 96"" Weight 64 lbs. Spec sheet: https://claridgeproducts.com/wp-content/uploads/2023/08/Series-4_Tech-Data.pdf. Image: https://claridgeproducts.com/wp-content/uploads/2022/09/Series-4-Hero-768x768.jpg.",,EA,USD,https://claridgeproducts.com/product/series-4/
Claridge,S44X101380,Tackboard,101123,"Series 4 (Claridge). Claridge whiteboard and tackboard with 5/8"" wide perimeter trim. Available in whiteboard, chalkboard porcelain, cork, fabrics, and tackboards. Fabricork Tackboards Size 48"" x 120"" Weight 80 lbs. Spec sheet: https://claridgeproducts.com/wp-content/uploads/2023/08/Series-4_Tech-Data.pdf. Image: https://claridgeproducts.com/wp-content/uploads/2022/09/Series-4-Hero-768x768.jpg.",,EA,USD,https://claridgeproducts.com/product/series-4/
Claridge,S44X121380,Tackboard,101123,"Series 4 (Claridge). Claridge whiteboard and tackboard with 5/8"" wide perimeter trim. Available in whiteboard, chalkboard porcelain, cork, fabrics, and tackboards. Fabricork Tackboards Size 48"" x 144"" Weight 96 lbs. Spec sheet: https://claridgeproducts.com/wp-content/uploads/2023/08/Series-4_Tech-Data.pdf. Image: https://claridgeproducts.com/wp-content/uploads/2022/09/Series-4-Hero-768x768.jpg.",,EA,USD,https://claridgeproducts.com/product/series-4/
Claridge,S42X3TAN,Tackboard,101123,"Series 4 (Claridge). Claridge whiteboard and tackboard with 5/8"" wide perimeter trim. Available in whiteboard, chalkboard porcelain, cork, fabrics, and tackboards. Tan Nucork Tackboards Size 24"" x 36"" Weight 12 lbs. Spec sheet: https://claridgeproducts.com/wp-content/uploads/2023/08/Series-4_Tech-Data.pdf. Image: https://claridgeproducts.com/wp-content/uploads/2022/09/Series-4-Hero-768x768.jpg.",,EA,USD,https://claridgeproducts.com/product/series-4/
Claridge,S44X3TAN,Tackboard,101123,"Series 4 (Claridge). Claridge whiteboard and tackboard with 5/8"" wide perimeter trim. Available in whiteboard, chalkboard porcelain, cork, fabrics, and tackboards. Tan Nucork Tackboards Size 48"" x 36"" Weight 24 lbs. Spec sheet: https://claridgeproducts.com/wp-content/uploads/2023/08/Series-4_Tech-Data.pdf. Image: https://claridgeproducts.com/wp-content/uploads/2022/09/Series-4-Hero-768x768.jpg.",,EA,USD,https://claridgeproducts.com/product/series-4/
Claridge,S44X4TAN,Tackboard,101123,"Series 4 (Claridge). Claridge whiteboard and tackboard with 5/8"" wide perimeter trim. Available in whiteboard, chalkboard porcelain, cork, fabrics, and tackboards. Tan Nucork Tackboards Size 48"" x 48"" Weight 32 lbs. Spec sheet: https://claridgeproducts.com/wp-content/uploads/2023/08/Series-4_Tech-Data.pdf. Image: https://claridgeproducts.com/wp-content/uploads/2022/09/Series-4-Hero-768x768.jpg.",,EA,USD,https://claridgeproducts.com/product/series-4/
Claridge,S44X6TAN,Tackboard,101123,"Series 4 (Claridge). Claridge whiteboard and tackboard with 5/8"" wide perimeter trim. Available in whiteboard, chalkboard porcelain, cork, fabrics, and tackboards. Tan Nucork Tackboards Size 48"" x 72"" Weight 48 lbs. Spec sheet: https://claridgeproducts.com/wp-content/uploads/2023/08/Series-4_Tech-Data.pdf. Image: https://claridgeproducts.com/wp-content/uploads/2022/09/Series-4-Hero-768x768.jpg.",,EA,USD,https://claridgeproducts.com/product/series-4/
Claridge,S44X8TAN,Tackboard,101123,"Series 4 (Claridge). Claridge whiteboard and tackboard with 5/8"" wide perimeter trim. Available in whiteboard, chalkboard porcelain, cork, fabrics, and tackboards. Tan Nucork Tackboards Size 48"" x 96"" Weight 64 lbs. Spec sheet: https://claridgeproducts.com/wp-content/uploads/2023/08/Series-4_Tech-Data.pdf. Image: https://claridgeproducts.com/wp-content/uploads/2022/09/Series-4-Hero-768x768.jpg.",,EA,USD,https://claridgeproducts.com/product/series-4/
Claridge,S44X10TAN,Tackboard,101123,"Series 4 (Claridge). Claridge whiteboard and tackboard with 5/8"" wide perimeter trim. Available in whiteboard, chalkboard porcelain, cork, fabrics, and tackboards. Tan Nucork Tackboards Size 48"" x 120"" Weight 80 lbs. Spec sheet: https://claridgeproducts.com/wp-content/uploads/2023/08/Series-4_Tech-Data.pdf. Image: https://claridgeproducts.com/wp-content/uploads/2022/09/Series-4-Hero-768x768.jpg.",,EA,USD,https://claridgeproducts.com/product/series-4/
Claridge,S44X12TAN,Tackboard,101123,"Series 4 (Claridge). Claridge whiteboard and tackboard with 5/8"" wide perimeter trim. Available in whiteboard, chalkboard porcelain, cork, fabrics, and tackboards. Tan Nucork Tackboards Size 48"" x 144"" Weight 96 lbs. Spec sheet: https://claridgeproducts.com/wp-content/uploads/2023/08/Series-4_Tech-Data.pdf. Image: https://claridgeproducts.com/wp-content/uploads/2022/09/Series-4-Hero-768x768.jpg.",,EA,USD,https://claridgeproducts.com/product/series-4/
Claridge,S44X16TAN,Tackboard,101123,"Series 4 (Claridge). Claridge whiteboard and tackboard with 5/8"" wide perimeter trim. Available in whiteboard, chalkboard porcelain, cork, fabrics, and tackboards. Tan Nucork Tackboards Size 48"" x 192"" Weight 128 lbs. Spec sheet: https://claridgeproducts.com/wp-content/uploads/2023/08/Series-4_Tech-Data.pdf. Image: https://claridgeproducts.com/wp-content/uploads/2022/09/Series-4-Hero-768x768.jpg.",,EA,USD,https://claridgeproducts.com/product/series-4/
Claridge,Series 5,Visual Display Board,101100,"Series 5 (Claridge). Claridge whiteboard and tackboard with 5/8"" wide perimeter trim and extruded Z-bar for more concealed mounting. Product family / series listing from Claridge All Products. Spec sheet: https://claridgeproducts.com/wp-content/uploads/2023/08/Series-5_Tech-Data.pdf. Image: https://claridgeproducts.com/wp-content/uploads/2022/09/Series-4-Hero-768x768.jpg.",Z-bar,EA,USD,https://claridgeproducts.com/product/series-5/
Claridge,S52X3LCS,Markerboard,101116,"Series 5 (Claridge). Claridge whiteboard and tackboard with 5/8"" wide perimeter trim and extruded Z-bar for more concealed mounting. LCS Markerboard Size 24″ x 36″ Weight 21 lbs. Spec sheet: https://claridgeproducts.com/wp-content/uploads/2023/08/Series-5_Tech-Data.pdf. Image: https://claridgeproducts.com/wp-content/uploads/2022/09/Series-4-Hero-768x768.jpg.",Z-bar,EA,USD,https://claridgeproducts.com/product/series-5/
Claridge,S54X3LCS,Markerboard,101116,"Series 5 (Claridge). Claridge whiteboard and tackboard with 5/8"" wide perimeter trim and extruded Z-bar for more concealed mounting. LCS Markerboard Size 48″ x 36″ Weight 42 lbs. Spec sheet: https://claridgeproducts.com/wp-content/uploads/2023/08/Series-5_Tech-Data.pdf. Image: https://claridgeproducts.com/wp-content/uploads/2022/09/Series-4-Hero-768x768.jpg.",Z-bar,EA,USD,https://claridgeproducts.com/product/series-5/
Claridge,S54X4LCS,Markerboard,101116,"Series 5 (Claridge). Claridge whiteboard and tackboard with 5/8"" wide perimeter trim and extruded Z-bar for more concealed mounting. LCS Markerboard Size 48″ x 48″ Weight 56 lbs. Spec sheet: https://claridgeproducts.com/wp-content/uploads/2023/08/Series-5_Tech-Data.pdf. Image: https://claridgeproducts.com/wp-content/uploads/2022/09/Series-4-Hero-768x768.jpg.",Z-bar,EA,USD,https://claridgeproducts.com/product/series-5/
Claridge,S54X6LCS,Markerboard,101116,"Series 5 (Claridge). Claridge whiteboard and tackboard with 5/8"" wide perimeter trim and extruded Z-bar for more concealed mounting. LCS Markerboard Size 48″ x 72″ Weight 84 lbs. Spec sheet: https://claridgeproducts.com/wp-content/uploads/2023/08/Series-5_Tech-Data.pdf. Image: https://claridgeproducts.com/wp-content/uploads/2022/09/Series-4-Hero-768x768.jpg.",Z-bar,EA,USD,https://claridgeproducts.com/product/series-5/
Claridge,S54X8LCS,Markerboard,101116,"Series 5 (Claridge). Claridge whiteboard and tackboard with 5/8"" wide perimeter trim and extruded Z-bar for more concealed mounting. LCS Markerboard Size 48″ x 96″ Weight 112 lbs. Spec sheet: https://claridgeproducts.com/wp-content/uploads/2023/08/Series-5_Tech-Data.pdf. Image: https://claridgeproducts.com/wp-content/uploads/2022/09/Series-4-Hero-768x768.jpg.",Z-bar,EA,USD,https://claridgeproducts.com/product/series-5/
Claridge,S54X10LCS,Markerboard,101116,"Series 5 (Claridge). Claridge whiteboard and tackboard with 5/8"" wide perimeter trim and extruded Z-bar for more concealed mounting. LCS Markerboard Size 48"" x 120"" Weight 140 lbs. Spec sheet: https://claridgeproducts.com/wp-content/uploads/2023/08/Series-5_Tech-Data.pdf. Image: https://claridgeproducts.com/wp-content/uploads/2022/09/Series-4-Hero-768x768.jpg.",Z-bar,EA,USD,https://claridgeproducts.com/product/series-5/
Claridge,S54X12LCS,Markerboard,101116,"Series 5 (Claridge). Claridge whiteboard and tackboard with 5/8"" wide perimeter trim and extruded Z-bar for more concealed mounting. LCS Markerboard Size 48"" x 144"" Weight 168 lbs. Spec sheet: https://claridgeproducts.com/wp-content/uploads/2023/08/Series-5_Tech-Data.pdf. Image: https://claridgeproducts.com/wp-content/uploads/2022/09/Series-4-Hero-768x768.jpg.",Z-bar,EA,USD,https://claridgeproducts.com/product/series-5/
Claridge,S54X16LCS,Markerboard,101116,"Series 5 (Claridge). Claridge whiteboard and tackboard with 5/8"" wide perimeter trim and extruded Z-bar for more concealed mounting. LCS Markerboard Size 48"" x 192"" Weight 224 lbs. Spec sheet: https://claridgeproducts.com/wp-content/uploads/2023/08/Series-5_Tech-Data.pdf. Image: https://claridgeproducts.com/wp-content/uploads/2022/09/Series-4-Hero-768x768.jpg.",Z-bar,EA,USD,https://claridgeproducts.com/product/series-5/
Claridge,S55X6LCS,Markerboard,101116,"Series 5 (Claridge). Claridge whiteboard and tackboard with 5/8"" wide perimeter trim and extruded Z-bar for more concealed mounting. LCS Markerboard Size 60"" x 72"" Weight 105 lbs. Spec sheet: https://claridgeproducts.com/wp-content/uploads/2023/08/Series-5_Tech-Data.pdf. Image: https://claridgeproducts.com/wp-content/uploads/2022/09/Series-4-Hero-768x768.jpg.",Z-bar,EA,USD,https://claridgeproducts.com/product/series-5/
Claridge,S55X8LCS,Markerboard,101116,"Series 5 (Claridge). Claridge whiteboard and tackboard with 5/8"" wide perimeter trim and extruded Z-bar for more concealed mounting. LCS Markerboard Size 60"" x 96"" Weight 140 lbs. Spec sheet: https://claridgeproducts.com/wp-content/uploads/2023/08/Series-5_Tech-Data.pdf. Image: https://claridgeproducts.com/wp-content/uploads/2022/09/Series-4-Hero-768x768.jpg.",Z-bar,EA,USD,https://claridgeproducts.com/product/series-5/
Claridge,S55X10LCS,Markerboard,101116,"Series 5 (Claridge). Claridge whiteboard and tackboard with 5/8"" wide perimeter trim and extruded Z-bar for more concealed mounting. LCS Markerboard Size 60"" x 120"" Weight 200 lbs. Spec sheet: https://claridgeproducts.com/wp-content/uploads/2023/08/Series-5_Tech-Data.pdf. Image: https://claridgeproducts.com/wp-content/uploads/2022/09/Series-4-Hero-768x768.jpg.",Z-bar,EA,USD,https://claridgeproducts.com/product/series-5/
Claridge,S55X12LCS,Markerboard,101116,"Series 5 (Claridge). Claridge whiteboard and tackboard with 5/8"" wide perimeter trim and extruded Z-bar for more concealed mounting. LCS Markerboard Size 60"" x 144"" Weight 240 lbs. Spec sheet: https://claridgeproducts.com/wp-content/uploads/2023/08/Series-5_Tech-Data.pdf. Image: https://claridgeproducts.com/wp-content/uploads/2022/09/Series-4-Hero-768x768.jpg.",Z-bar,EA,USD,https://claridgeproducts.com/product/series-5/
Claridge,S52X3COR,Tackboard,101123,"Series 5 (Claridge). Claridge whiteboard and tackboard with 5/8"" wide perimeter trim and extruded Z-bar for more concealed mounting. Claridge Cork Tackboard Size 24″ x 36″ Weight 18 lbs. Spec sheet: https://claridgeproducts.com/wp-content/uploads/2023/08/Series-5_Tech-Data.pdf. Image: https://claridgeproducts.com/wp-content/uploads/2022/09/Series-4-Hero-768x768.jpg.",Z-bar,EA,USD,https://claridgeproducts.com/product/series-5/
Claridge,S54X3COR,Tackboard,101123,"Series 5 (Claridge). Claridge whiteboard and tackboard with 5/8"" wide perimeter trim and extruded Z-bar for more concealed mounting. Claridge Cork Tackboard Size 48″ x 36″ Weight 36 lbs. Spec sheet: https://claridgeproducts.com/wp-content/uploads/2023/08/Series-5_Tech-Data.pdf. Image: https://claridgeproducts.com/wp-content/uploads/2022/09/Series-4-Hero-768x768.jpg.",Z-bar,EA,USD,https://claridgeproducts.com/product/series-5/
Claridge,S54X4COR,Tackboard,101123,"Series 5 (Claridge). Claridge whiteboard and tackboard with 5/8"" wide perimeter trim and extruded Z-bar for more concealed mounting. Claridge Cork Tackboard Size 48″ x 48″ Weight 48 lbs. Spec sheet: https://claridgeproducts.com/wp-content/uploads/2023/08/Series-5_Tech-Data.pdf. Image: https://claridgeproducts.com/wp-content/uploads/2022/09/Series-4-Hero-768x768.jpg.",Z-bar,EA,USD,https://claridgeproducts.com/product/series-5/
Claridge,S54X6COR,Tackboard,101123,"Series 5 (Claridge). Claridge whiteboard and tackboard with 5/8"" wide perimeter trim and extruded Z-bar for more concealed mounting. Claridge Cork Tackboard Size 48″ x 72″ Weight 72 lbs. Spec sheet: https://claridgeproducts.com/wp-content/uploads/2023/08/Series-5_Tech-Data.pdf. Image: https://claridgeproducts.com/wp-content/uploads/2022/09/Series-4-Hero-768x768.jpg.",Z-bar,EA,USD,https://claridgeproducts.com/product/series-5/
Claridge,S54X8COR,Tackboard,101123,"Series 5 (Claridge). Claridge whiteboard and tackboard with 5/8"" wide perimeter trim and extruded Z-bar for more concealed mounting. Claridge Cork Tackboard Size 48″ x 96″ Weight 96 lbs. Spec sheet: https://claridgeproducts.com/wp-content/uploads/2023/08/Series-5_Tech-Data.pdf. Image: https://claridgeproducts.com/wp-content/uploads/2022/09/Series-4-Hero-768x768.jpg.",Z-bar,EA,USD,https://claridgeproducts.com/product/series-5/
Claridge,S54X10COR,Tackboard,101123,"Series 5 (Claridge). Claridge whiteboard and tackboard with 5/8"" wide perimeter trim and extruded Z-bar for more concealed mounting. Claridge Cork Tackboard Size 48"" x 120"" Weight 120 lbs. Spec sheet: https://claridgeproducts.com/wp-content/uploads/2023/08/Series-5_Tech-Data.pdf. Image: https://claridgeproducts.com/wp-content/uploads/2022/09/Series-4-Hero-768x768.jpg.",Z-bar,EA,USD,https://claridgeproducts.com/product/series-5/
Claridge,S54X12COR,Tackboard,101123,"Series 5 (Claridge). Claridge whiteboard and tackboard with 5/8"" wide perimeter trim and extruded Z-bar for more concealed mounting. Claridge Cork Tackboard Size 48"" x 144"" Weight 144 lbs. Spec sheet: https://claridgeproducts.com/wp-content/uploads/2023/08/Series-5_Tech-Data.pdf. Image: https://claridgeproducts.com/wp-content/uploads/2022/09/Series-4-Hero-768x768.jpg.",Z-bar,EA,USD,https://claridgeproducts.com/product/series-5/
Claridge,S52X33103,Tackboard,101123,"Series 5 (Claridge). Claridge whiteboard and tackboard with 5/8"" wide perimeter trim and extruded Z-bar for more concealed mounting. Guilford Fabric Tackboards Size 24"" x 36"" Weight 12 lbs. Spec sheet: https://claridgeproducts.com/wp-content/uploads/2023/08/Series-5_Tech-Data.pdf. Image: https://claridgeproducts.com/wp-content/uploads/2022/09/Series-4-Hero-768x768.jpg.",Z-bar,EA,USD,https://claridgeproducts.com/product/series-5/
Claridge,S54X33103,Tackboard,101123,"Series 5 (Claridge). Claridge whiteboard and tackboard with 5/8"" wide perimeter trim and extruded Z-bar for more concealed mounting. Guilford Fabric Tackboards Size 48"" x 36"" Weight 24 lbs. Spec sheet: https://claridgeproducts.com/wp-content/uploads/2023/08/Series-5_Tech-Data.pdf. Image: https://claridgeproducts.com/wp-content/uploads/2022/09/Series-4-Hero-768x768.jpg.",Z-bar,EA,USD,https://claridgeproducts.com/product/series-5/
Claridge,S54X43103,Tackboard,101123,"Series 5 (Claridge). Claridge whiteboard and tackboard with 5/8"" wide perimeter trim and extruded Z-bar for more concealed mounting. Guilford Fabric Tackboards Size 48"" x 48"" Weight 32 lbs. Spec sheet: https://claridgeproducts.com/wp-content/uploads/2023/08/Series-5_Tech-Data.pdf. Image: https://claridgeproducts.com/wp-content/uploads/2022/09/Series-4-Hero-768x768.jpg.",Z-bar,EA,USD,https://claridgeproducts.com/product/series-5/
Claridge,S54X63103,Tackboard,101123,"Series 5 (Claridge). Claridge whiteboard and tackboard with 5/8"" wide perimeter trim and extruded Z-bar for more concealed mounting. Guilford Fabric Tackboards Size S14X63103 Weight 48 lbs. Spec sheet: https://claridgeproducts.com/wp-content/uploads/2023/08/Series-5_Tech-Data.pdf. Image: https://claridgeproducts.com/wp-content/uploads/2022/09/Series-4-Hero-768x768.jpg.",Z-bar,EA,USD,https://claridgeproducts.com/product/series-5/
Claridge,S54X83103,Tackboard,101123,"Series 5 (Claridge). Claridge whiteboard and tackboard with 5/8"" wide perimeter trim and extruded Z-bar for more concealed mounting. Guilford Fabric Tackboards Size 48"" x 96"" Weight 64 lbs. Spec sheet: https://claridgeproducts.com/wp-content/uploads/2023/08/Series-5_Tech-Data.pdf. Image: https://claridgeproducts.com/wp-content/uploads/2022/09/Series-4-Hero-768x768.jpg.",Z-bar,EA,USD,https://claridgeproducts.com/product/series-5/
Claridge,S54X103103,Tackboard,101123,"Series 5 (Claridge). Claridge whiteboard and tackboard with 5/8"" wide perimeter trim and extruded Z-bar for more concealed mounting. Guilford Fabric Tackboards Size 48"" x 120"" Weight 80 lbs. Spec sheet: https://claridgeproducts.com/wp-content/uploads/2023/08/Series-5_Tech-Data.pdf. Image: https://claridgeproducts.com/wp-content/uploads/2022/09/Series-4-Hero-768x768.jpg.",Z-bar,EA,USD,https://claridgeproducts.com/product/series-5/
Claridge,S54X123103,Tackboard,101123,"Series 5 (Claridge). Claridge whiteboard and tackboard with 5/8"" wide perimeter trim and extruded Z-bar for more concealed mounting. Guilford Fabric Tackboards Size 48"" x 144"" Weight 96 lbs. Spec sheet: https://claridgeproducts.com/wp-content/uploads/2023/08/Series-5_Tech-Data.pdf. Image: https://claridgeproducts.com/wp-content/uploads/2022/09/Series-4-Hero-768x768.jpg.",Z-bar,EA,USD,https://claridgeproducts.com/product/series-5/
Claridge,S52X31380,Tackboard,101123,"Series 5 (Claridge). Claridge whiteboard and tackboard with 5/8"" wide perimeter trim and extruded Z-bar for more concealed mounting. Fabricork Tackboards Size 24"" x 36"" Weight 12 lbs. Spec sheet: https://claridgeproducts.com/wp-content/uploads/2023/08/Series-5_Tech-Data.pdf. Image: https://claridgeproducts.com/wp-content/uploads/2022/09/Series-4-Hero-768x768.jpg.",Z-bar,EA,USD,https://claridgeproducts.com/product/series-5/
Claridge,S54X31380,Tackboard,101123,"Series 5 (Claridge). Claridge whiteboard and tackboard with 5/8"" wide perimeter trim and extruded Z-bar for more concealed mounting. Fabricork Tackboards Size 48"" x 36"" Weight 24 lbs. Spec sheet: https://claridgeproducts.com/wp-content/uploads/2023/08/Series-5_Tech-Data.pdf. Image: https://claridgeproducts.com/wp-content/uploads/2022/09/Series-4-Hero-768x768.jpg.",Z-bar,EA,USD,https://claridgeproducts.com/product/series-5/
Claridge,S54X41380,Tackboard,101123,"Series 5 (Claridge). Claridge whiteboard and tackboard with 5/8"" wide perimeter trim and extruded Z-bar for more concealed mounting. Fabricork Tackboards Size 48"" x 48"" Weight 32 lbs. Spec sheet: https://claridgeproducts.com/wp-content/uploads/2023/08/Series-5_Tech-Data.pdf. Image: https://claridgeproducts.com/wp-content/uploads/2022/09/Series-4-Hero-768x768.jpg.",Z-bar,EA,USD,https://claridgeproducts.com/product/series-5/
Claridge,S54X61380,Tackboard,101123,"Series 5 (Claridge). Claridge whiteboard and tackboard with 5/8"" wide perimeter trim and extruded Z-bar for more concealed mounting. Fabricork Tackboards Size 48"" x 72"" Weight 48 lbs. Spec sheet: https://claridgeproducts.com/wp-content/uploads/2023/08/Series-5_Tech-Data.pdf. Image: https://claridgeproducts.com/wp-content/uploads/2022/09/Series-4-Hero-768x768.jpg.",Z-bar,EA,USD,https://claridgeproducts.com/product/series-5/
Claridge,S54X81380,Tackboard,101123,"Series 5 (Claridge). Claridge whiteboard and tackboard with 5/8"" wide perimeter trim and extruded Z-bar for more concealed mounting. Fabricork Tackboards Size 48"" x 96"" Weight 64 lbs. Spec sheet: https://claridgeproducts.com/wp-content/uploads/2023/08/Series-5_Tech-Data.pdf. Image: https://claridgeproducts.com/wp-content/uploads/2022/09/Series-4-Hero-768x768.jpg.",Z-bar,EA,USD,https://claridgeproducts.com/product/series-5/
Claridge,S54X101380,Tackboard,101123,"Series 5 (Claridge). Claridge whiteboard and tackboard with 5/8"" wide perimeter trim and extruded Z-bar for more concealed mounting. Fabricork Tackboards Size 48"" x 120"" Weight 80 lbs. Spec sheet: https://claridgeproducts.com/wp-content/uploads/2023/08/Series-5_Tech-Data.pdf. Image: https://claridgeproducts.com/wp-content/uploads/2022/09/Series-4-Hero-768x768.jpg.",Z-bar,EA,USD,https://claridgeproducts.com/product/series-5/
Claridge,S54X121380,Tackboard,101123,"Series 5 (Claridge). Claridge whiteboard and tackboard with 5/8"" wide perimeter trim and extruded Z-bar for more concealed mounting. Fabricork Tackboards Size 48"" x 144"" Weight 96 lbs. Spec sheet: https://claridgeproducts.com/wp-content/uploads/2023/08/Series-5_Tech-Data.pdf. Image: https://claridgeproducts.com/wp-content/uploads/2022/09/Series-4-Hero-768x768.jpg.",Z-bar,EA,USD,https://claridgeproducts.com/product/series-5/
Claridge,S52X3TAN,Tackboard,101123,"Series 5 (Claridge). Claridge whiteboard and tackboard with 5/8"" wide perimeter trim and extruded Z-bar for more concealed mounting. Tan Nucork Tackboards Size 24"" x 36"" Weight 12 lbs. Spec sheet: https://claridgeproducts.com/wp-content/uploads/2023/08/Series-5_Tech-Data.pdf. Image: https://claridgeproducts.com/wp-content/uploads/2022/09/Series-4-Hero-768x768.jpg.",Z-bar,EA,USD,https://claridgeproducts.com/product/series-5/
Claridge,S54X3TAN,Tackboard,101123,"Series 5 (Claridge). Claridge whiteboard and tackboard with 5/8"" wide perimeter trim and extruded Z-bar for more concealed mounting. Tan Nucork Tackboards Size 48"" x 36"" Weight 24 lbs. Spec sheet: https://claridgeproducts.com/wp-content/uploads/2023/08/Series-5_Tech-Data.pdf. Image: https://claridgeproducts.com/wp-content/uploads/2022/09/Series-4-Hero-768x768.jpg.",Z-bar,EA,USD,https://claridgeproducts.com/product/series-5/
Claridge,S54X4TAN,Tackboard,101123,"Series 5 (Claridge). Claridge whiteboard and tackboard with 5/8"" wide perimeter trim and extruded Z-bar for more concealed mounting. Tan Nucork Tackboards Size 48"" x 48"" Weight 32 lbs. Spec sheet: https://claridgeproducts.com/wp-content/uploads/2023/08/Series-5_Tech-Data.pdf. Image: https://claridgeproducts.com/wp-content/uploads/2022/09/Series-4-Hero-768x768.jpg.",Z-bar,EA,USD,https://claridgeproducts.com/product/series-5/
Claridge,S54X6TAN,Tackboard,101123,"Series 5 (Claridge). Claridge whiteboard and tackboard with 5/8"" wide perimeter trim and extruded Z-bar for more concealed mounting. Tan Nucork Tackboards Size 48"" x 72"" Weight 48 lbs. Spec sheet: https://claridgeproducts.com/wp-content/uploads/2023/08/Series-5_Tech-Data.pdf. Image: https://claridgeproducts.com/wp-content/uploads/2022/09/Series-4-Hero-768x768.jpg.",Z-bar,EA,USD,https://claridgeproducts.com/product/series-5/
Claridge,S54X8TAN,Tackboard,101123,"Series 5 (Claridge). Claridge whiteboard and tackboard with 5/8"" wide perimeter trim and extruded Z-bar for more concealed mounting. Tan Nucork Tackboards Size 48"" x 96"" Weight 64 lbs. Spec sheet: https://claridgeproducts.com/wp-content/uploads/2023/08/Series-5_Tech-Data.pdf. Image: https://claridgeproducts.com/wp-content/uploads/2022/09/Series-4-Hero-768x768.jpg.",Z-bar,EA,USD,https://claridgeproducts.com/product/series-5/
Claridge,S54X10TAN,Tackboard,101123,"Series 5 (Claridge). Claridge whiteboard and tackboard with 5/8"" wide perimeter trim and extruded Z-bar for more concealed mounting. Tan Nucork Tackboards Size 48"" x 120"" Weight 80 lbs. Spec sheet: https://claridgeproducts.com/wp-content/uploads/2023/08/Series-5_Tech-Data.pdf. Image: https://claridgeproducts.com/wp-content/uploads/2022/09/Series-4-Hero-768x768.jpg.",Z-bar,EA,USD,https://claridgeproducts.com/product/series-5/
Claridge,S54X12TAN,Tackboard,101123,"Series 5 (Claridge). Claridge whiteboard and tackboard with 5/8"" wide perimeter trim and extruded Z-bar for more concealed mounting. Tan Nucork Tackboards Size 48"" x 144"" Weight 96 lbs. Spec sheet: https://claridgeproducts.com/wp-content/uploads/2023/08/Series-5_Tech-Data.pdf. Image: https://claridgeproducts.com/wp-content/uploads/2022/09/Series-4-Hero-768x768.jpg.",Z-bar,EA,USD,https://claridgeproducts.com/product/series-5/
Claridge,S54X16TAN,Tackboard,101123,"Series 5 (Claridge). Claridge whiteboard and tackboard with 5/8"" wide perimeter trim and extruded Z-bar for more concealed mounting. Tan Nucork Tackboards Size 48"" x 192"" Weight 128 lbs. Spec sheet: https://claridgeproducts.com/wp-content/uploads/2023/08/Series-5_Tech-Data.pdf. Image: https://claridgeproducts.com/wp-content/uploads/2022/09/Series-4-Hero-768x768.jpg.",Z-bar,EA,USD,https://claridgeproducts.com/product/series-5/
Claridge,Series 8,Visual Display Board,101100,"Series 8 (Claridge). Claridge whiteboard and tackboard with 5/16"" wide perimeter trim. Available in whiteboard, chalkboard porcelain, cork, fabrics, and tackboards. Product family / series listing from Claridge All Products. Spec sheet: https://claridgeproducts.com/wp-content/uploads/2023/08/Series-8_Tech-Data.pdf. Image: https://claridgeproducts.com/wp-content/uploads/2022/05/Series-8-Hero-768x768.jpg.",,EA,USD,https://claridgeproducts.com/product/series-8/
Claridge,S82X3LCS,Markerboard,101116,"Series 8 (Claridge). Claridge whiteboard and tackboard with 5/16"" wide perimeter trim. Available in whiteboard, chalkboard porcelain, cork, fabrics, and tackboards. LCS Markerboard Size 24"" x 36"" Weight 21 lbs. Spec sheet: https://claridgeproducts.com/wp-content/uploads/2023/08/Series-8_Tech-Data.pdf. Image: https://claridgeproducts.com/wp-content/uploads/2022/05/Series-8-Hero-768x768.jpg.",,EA,USD,https://claridgeproducts.com/product/series-8/
Claridge,S84X3LCS,Markerboard,101116,"Series 8 (Claridge). Claridge whiteboard and tackboard with 5/16"" wide perimeter trim. Available in whiteboard, chalkboard porcelain, cork, fabrics, and tackboards. LCS Markerboard Size 48"" x 36"" Weight 42 lbs. Spec sheet: https://claridgeproducts.com/wp-content/uploads/2023/08/Series-8_Tech-Data.pdf. Image: https://claridgeproducts.com/wp-content/uploads/2022/05/Series-8-Hero-768x768.jpg.",,EA,USD,https://claridgeproducts.com/product/series-8/
Claridge,S84X4LCS,Markerboard,101116,"Series 8 (Claridge). Claridge whiteboard and tackboard with 5/16"" wide perimeter trim. Available in whiteboard, chalkboard porcelain, cork, fabrics, and tackboards. LCS Markerboard Size 48"" x 48"" Weight 56 lbs. Spec sheet: https://claridgeproducts.com/wp-content/uploads/2023/08/Series-8_Tech-Data.pdf. Image: https://claridgeproducts.com/wp-content/uploads/2022/05/Series-8-Hero-768x768.jpg.",,EA,USD,https://claridgeproducts.com/product/series-8/
Claridge,S84X6LCS,Markerboard,101116,"Series 8 (Claridge). Claridge whiteboard and tackboard with 5/16"" wide perimeter trim. Available in whiteboard, chalkboard porcelain, cork, fabrics, and tackboards. LCS Markerboard Size 48"" x 72"" Weight 84 lbs. Spec sheet: https://claridgeproducts.com/wp-content/uploads/2023/08/Series-8_Tech-Data.pdf. Image: https://claridgeproducts.com/wp-content/uploads/2022/05/Series-8-Hero-768x768.jpg.",,EA,USD,https://claridgeproducts.com/product/series-8/
Claridge,S84X8LCS,Markerboard,101116,"Series 8 (Claridge). Claridge whiteboard and tackboard with 5/16"" wide perimeter trim. Available in whiteboard, chalkboard porcelain, cork, fabrics, and tackboards. LCS Markerboard Size 48"" x 96"" Weight 112 lbs. Spec sheet: https://claridgeproducts.com/wp-content/uploads/2023/08/Series-8_Tech-Data.pdf. Image: https://claridgeproducts.com/wp-content/uploads/2022/05/Series-8-Hero-768x768.jpg.",,EA,USD,https://claridgeproducts.com/product/series-8/
Claridge,S84X10LCS,Markerboard,101116,"Series 8 (Claridge). Claridge whiteboard and tackboard with 5/16"" wide perimeter trim. Available in whiteboard, chalkboard porcelain, cork, fabrics, and tackboards. LCS Markerboard Size 48"" x 120"" Weight 140 lbs. Spec sheet: https://claridgeproducts.com/wp-content/uploads/2023/08/Series-8_Tech-Data.pdf. Image: https://claridgeproducts.com/wp-content/uploads/2022/05/Series-8-Hero-768x768.jpg.",,EA,USD,https://claridgeproducts.com/product/series-8/
Claridge,S84X12LCS,Markerboard,101116,"Series 8 (Claridge). Claridge whiteboard and tackboard with 5/16"" wide perimeter trim. Available in whiteboard, chalkboard porcelain, cork, fabrics, and tackboards. LCS Markerboard Size 48"" x 144"" Weight 168 lbs. Spec sheet: https://claridgeproducts.com/wp-content/uploads/2023/08/Series-8_Tech-Data.pdf. Image: https://claridgeproducts.com/wp-content/uploads/2022/05/Series-8-Hero-768x768.jpg.",,EA,USD,https://claridgeproducts.com/product/series-8/
Claridge,S84X16LCS,Markerboard,101116,"Series 8 (Claridge). Claridge whiteboard and tackboard with 5/16"" wide perimeter trim. Available in whiteboard, chalkboard porcelain, cork, fabrics, and tackboards. LCS Markerboard Size 48"" x 192"" Weight 224 lbs. Spec sheet: https://claridgeproducts.com/wp-content/uploads/2023/08/Series-8_Tech-Data.pdf. Image: https://claridgeproducts.com/wp-content/uploads/2022/05/Series-8-Hero-768x768.jpg.",,EA,USD,https://claridgeproducts.com/product/series-8/
Claridge,S85X6LCS,Markerboard,101116,"Series 8 (Claridge). Claridge whiteboard and tackboard with 5/16"" wide perimeter trim. Available in whiteboard, chalkboard porcelain, cork, fabrics, and tackboards. LCS Markerboard Size 60"" x 72"" Weight 105 lbs. Spec sheet: https://claridgeproducts.com/wp-content/uploads/2023/08/Series-8_Tech-Data.pdf. Image: https://claridgeproducts.com/wp-content/uploads/2022/05/Series-8-Hero-768x768.jpg.",,EA,USD,https://claridgeproducts.com/product/series-8/
Claridge,S85X8LCS,Markerboard,101116,"Series 8 (Claridge). Claridge whiteboard and tackboard with 5/16"" wide perimeter trim. Available in whiteboard, chalkboard porcelain, cork, fabrics, and tackboards. LCS Markerboard Size 60"" x 96"" Weight 140 lbs. Spec sheet: https://claridgeproducts.com/wp-content/uploads/2023/08/Series-8_Tech-Data.pdf. Image: https://claridgeproducts.com/wp-content/uploads/2022/05/Series-8-Hero-768x768.jpg.",,EA,USD,https://claridgeproducts.com/product/series-8/
Claridge,S85X10LCS,Markerboard,101116,"Series 8 (Claridge). Claridge whiteboard and tackboard with 5/16"" wide perimeter trim. Available in whiteboard, chalkboard porcelain, cork, fabrics, and tackboards. LCS Markerboard Size 60"" x 120"" Weight 200 lbs. Spec sheet: https://claridgeproducts.com/wp-content/uploads/2023/08/Series-8_Tech-Data.pdf. Image: https://claridgeproducts.com/wp-content/uploads/2022/05/Series-8-Hero-768x768.jpg.",,EA,USD,https://claridgeproducts.com/product/series-8/
Claridge,S85X12LCS,Markerboard,101116,"Series 8 (Claridge). Claridge whiteboard and tackboard with 5/16"" wide perimeter trim. Available in whiteboard, chalkboard porcelain, cork, fabrics, and tackboards. LCS Markerboard Size 60"" x 144"" Weight 240 lbs. Spec sheet: https://claridgeproducts.com/wp-content/uploads/2023/08/Series-8_Tech-Data.pdf. Image: https://claridgeproducts.com/wp-content/uploads/2022/05/Series-8-Hero-768x768.jpg.",,EA,USD,https://claridgeproducts.com/product/series-8/
Claridge,S82X3COR,Tackboard,101123,"Series 8 (Claridge). Claridge whiteboard and tackboard with 5/16"" wide perimeter trim. Available in whiteboard, chalkboard porcelain, cork, fabrics, and tackboards. Claridge Cork Tackboard Size 24"" x 36"" Weight 18 lbs. Spec sheet: https://claridgeproducts.com/wp-content/uploads/2023/08/Series-8_Tech-Data.pdf. Image: https://claridgeproducts.com/wp-content/uploads/2022/05/Series-8-Hero-768x768.jpg.",,EA,USD,https://claridgeproducts.com/product/series-8/
Claridge,S84X3COR,Tackboard,101123,"Series 8 (Claridge). Claridge whiteboard and tackboard with 5/16"" wide perimeter trim. Available in whiteboard, chalkboard porcelain, cork, fabrics, and tackboards. Claridge Cork Tackboard Size 48"" x 36"" Weight 36 lbs. Spec sheet: https://claridgeproducts.com/wp-content/uploads/2023/08/Series-8_Tech-Data.pdf. Image: https://claridgeproducts.com/wp-content/uploads/2022/05/Series-8-Hero-768x768.jpg.",,EA,USD,https://claridgeproducts.com/product/series-8/
Claridge,S84X4COR,Tackboard,101123,"Series 8 (Claridge). Claridge whiteboard and tackboard with 5/16"" wide perimeter trim. Available in whiteboard, chalkboard porcelain, cork, fabrics, and tackboards. Claridge Cork Tackboard Size 48"" x 48"" Weight 48 lbs. Spec sheet: https://claridgeproducts.com/wp-content/uploads/2023/08/Series-8_Tech-Data.pdf. Image: https://claridgeproducts.com/wp-content/uploads/2022/05/Series-8-Hero-768x768.jpg.",,EA,USD,https://claridgeproducts.com/product/series-8/
Claridge,S84X6COR,Tackboard,101123,"Series 8 (Claridge). Claridge whiteboard and tackboard with 5/16"" wide perimeter trim. Available in whiteboard, chalkboard porcelain, cork, fabrics, and tackboards. Claridge Cork Tackboard Size 48"" x 72"" Weight 72 lbs. Spec sheet: https://claridgeproducts.com/wp-content/uploads/2023/08/Series-8_Tech-Data.pdf. Image: https://claridgeproducts.com/wp-content/uploads/2022/05/Series-8-Hero-768x768.jpg.",,EA,USD,https://claridgeproducts.com/product/series-8/
Claridge,S84X8COR,Tackboard,101123,"Series 8 (Claridge). Claridge whiteboard and tackboard with 5/16"" wide perimeter trim. Available in whiteboard, chalkboard porcelain, cork, fabrics, and tackboards. Claridge Cork Tackboard Size 48"" x 96"" Weight 96 lbs. Spec sheet: https://claridgeproducts.com/wp-content/uploads/2023/08/Series-8_Tech-Data.pdf. Image: https://claridgeproducts.com/wp-content/uploads/2022/05/Series-8-Hero-768x768.jpg.",,EA,USD,https://claridgeproducts.com/product/series-8/
Claridge,S84X10COR,Tackboard,101123,"Series 8 (Claridge). Claridge whiteboard and tackboard with 5/16"" wide perimeter trim. Available in whiteboard, chalkboard porcelain, cork, fabrics, and tackboards. Claridge Cork Tackboard Size 48"" x 120"" Weight 120 lbs. Spec sheet: https://claridgeproducts.com/wp-content/uploads/2023/08/Series-8_Tech-Data.pdf. Image: https://claridgeproducts.com/wp-content/uploads/2022/05/Series-8-Hero-768x768.jpg.",,EA,USD,https://claridgeproducts.com/product/series-8/
Claridge,S84X12COR,Tackboard,101123,"Series 8 (Claridge). Claridge whiteboard and tackboard with 5/16"" wide perimeter trim. Available in whiteboard, chalkboard porcelain, cork, fabrics, and tackboards. Claridge Cork Tackboard Size 48"" x 144"" Weight 144 lbs. Spec sheet: https://claridgeproducts.com/wp-content/uploads/2023/08/Series-8_Tech-Data.pdf. Image: https://claridgeproducts.com/wp-content/uploads/2022/05/Series-8-Hero-768x768.jpg.",,EA,USD,https://claridgeproducts.com/product/series-8/
Claridge,S82X33103,Tackboard,101123,"Series 8 (Claridge). Claridge whiteboard and tackboard with 5/16"" wide perimeter trim. Available in whiteboard, chalkboard porcelain, cork, fabrics, and tackboards. Guilford Fabric Tackboards Size 24"" x 36"" Weight 12 lbs. Spec sheet: https://claridgeproducts.com/wp-content/uploads/2023/08/Series-8_Tech-Data.pdf. Image: https://claridgeproducts.com/wp-content/uploads/2022/05/Series-8-Hero-768x768.jpg.",,EA,USD,https://claridgeproducts.com/product/series-8/
Claridge,S84X33103,Tackboard,101123,"Series 8 (Claridge). Claridge whiteboard and tackboard with 5/16"" wide perimeter trim. Available in whiteboard, chalkboard porcelain, cork, fabrics, and tackboards. Guilford Fabric Tackboards Size 48"" x 36"" Weight 24 lbs. Spec sheet: https://claridgeproducts.com/wp-content/uploads/2023/08/Series-8_Tech-Data.pdf. Image: https://claridgeproducts.com/wp-content/uploads/2022/05/Series-8-Hero-768x768.jpg.",,EA,USD,https://claridgeproducts.com/product/series-8/
Claridge,S84X43103,Tackboard,101123,"Series 8 (Claridge). Claridge whiteboard and tackboard with 5/16"" wide perimeter trim. Available in whiteboard, chalkboard porcelain, cork, fabrics, and tackboards. Guilford Fabric Tackboards Size 48"" x 48"" Weight 32 lbs. Spec sheet: https://claridgeproducts.com/wp-content/uploads/2023/08/Series-8_Tech-Data.pdf. Image: https://claridgeproducts.com/wp-content/uploads/2022/05/Series-8-Hero-768x768.jpg.",,EA,USD,https://claridgeproducts.com/product/series-8/
Claridge,S84X63103,Tackboard,101123,"Series 8 (Claridge). Claridge whiteboard and tackboard with 5/16"" wide perimeter trim. Available in whiteboard, chalkboard porcelain, cork, fabrics, and tackboards. Guilford Fabric Tackboards Size 48"" x 72"" Weight 48 lbs. Spec sheet: https://claridgeproducts.com/wp-content/uploads/2023/08/Series-8_Tech-Data.pdf. Image: https://claridgeproducts.com/wp-content/uploads/2022/05/Series-8-Hero-768x768.jpg.",,EA,USD,https://claridgeproducts.com/product/series-8/
Claridge,S84X83103,Tackboard,101123,"Series 8 (Claridge). Claridge whiteboard and tackboard with 5/16"" wide perimeter trim. Available in whiteboard, chalkboard porcelain, cork, fabrics, and tackboards. Guilford Fabric Tackboards Size 48"" x 96"" Weight 64 lbs. Spec sheet: https://claridgeproducts.com/wp-content/uploads/2023/08/Series-8_Tech-Data.pdf. Image: https://claridgeproducts.com/wp-content/uploads/2022/05/Series-8-Hero-768x768.jpg.",,EA,USD,https://claridgeproducts.com/product/series-8/
Claridge,S84X103103,Tackboard,101123,"Series 8 (Claridge). Claridge whiteboard and tackboard with 5/16"" wide perimeter trim. Available in whiteboard, chalkboard porcelain, cork, fabrics, and tackboards. Guilford Fabric Tackboards Size 48"" x 120"" Weight 80 lbs. Spec sheet: https://claridgeproducts.com/wp-content/uploads/2023/08/Series-8_Tech-Data.pdf. Image: https://claridgeproducts.com/wp-content/uploads/2022/05/Series-8-Hero-768x768.jpg.",,EA,USD,https://claridgeproducts.com/product/series-8/
Claridge,S84X123103,Tackboard,101123,"Series 8 (Claridge). Claridge whiteboard and tackboard with 5/16"" wide perimeter trim. Available in whiteboard, chalkboard porcelain, cork, fabrics, and tackboards. Guilford Fabric Tackboards Size 48"" x 144"" Weight 96 lbs. Spec sheet: https://claridgeproducts.com/wp-content/uploads/2023/08/Series-8_Tech-Data.pdf. Image: https://claridgeproducts.com/wp-content/uploads/2022/05/Series-8-Hero-768x768.jpg.",,EA,USD,https://claridgeproducts.com/product/series-8/
Claridge,S82X31380,Tackboard,101123,"Series 8 (Claridge). Claridge whiteboard and tackboard with 5/16"" wide perimeter trim. Available in whiteboard, chalkboard porcelain, cork, fabrics, and tackboards. Fabricork Tackboards Size 24"" x 36"" Weight 12 lbs. Spec sheet: https://claridgeproducts.com/wp-content/uploads/2023/08/Series-8_Tech-Data.pdf. Image: https://claridgeproducts.com/wp-content/uploads/2022/05/Series-8-Hero-768x768.jpg.",,EA,USD,https://claridgeproducts.com/product/series-8/
Claridge,S84X31380,Tackboard,101123,"Series 8 (Claridge). Claridge whiteboard and tackboard with 5/16"" wide perimeter trim. Available in whiteboard, chalkboard porcelain, cork, fabrics, and tackboards. Fabricork Tackboards Size 48"" x 36"" Weight 24 lbs. Spec sheet: https://claridgeproducts.com/wp-content/uploads/2023/08/Series-8_Tech-Data.pdf. Image: https://claridgeproducts.com/wp-content/uploads/2022/05/Series-8-Hero-768x768.jpg.",,EA,USD,https://claridgeproducts.com/product/series-8/
Claridge,S84X41380,Tackboard,101123,"Series 8 (Claridge). Claridge whiteboard and tackboard with 5/16"" wide perimeter trim. Available in whiteboard, chalkboard porcelain, cork, fabrics, and tackboards. Fabricork Tackboards Size 48"" x 48"" Weight 32 lbs. Spec sheet: https://claridgeproducts.com/wp-content/uploads/2023/08/Series-8_Tech-Data.pdf. Image: https://claridgeproducts.com/wp-content/uploads/2022/05/Series-8-Hero-768x768.jpg.",,EA,USD,https://claridgeproducts.com/product/series-8/
Claridge,S84X61380,Tackboard,101123,"Series 8 (Claridge). Claridge whiteboard and tackboard with 5/16"" wide perimeter trim. Available in whiteboard, chalkboard porcelain, cork, fabrics, and tackboards. Fabricork Tackboards Size 48"" x 72"" Weight 48 lbs. Spec sheet: https://claridgeproducts.com/wp-content/uploads/2023/08/Series-8_Tech-Data.pdf. Image: https://claridgeproducts.com/wp-content/uploads/2022/05/Series-8-Hero-768x768.jpg.",,EA,USD,https://claridgeproducts.com/product/series-8/
Claridge,S84X81380,Tackboard,101123,"Series 8 (Claridge). Claridge whiteboard and tackboard with 5/16"" wide perimeter trim. Available in whiteboard, chalkboard porcelain, cork, fabrics, and tackboards. Fabricork Tackboards Size 48"" x 96"" Weight 64 lbs. Spec sheet: https://claridgeproducts.com/wp-content/uploads/2023/08/Series-8_Tech-Data.pdf. Image: https://claridgeproducts.com/wp-content/uploads/2022/05/Series-8-Hero-768x768.jpg.",,EA,USD,https://claridgeproducts.com/product/series-8/
Claridge,S84X101380,Tackboard,101123,"Series 8 (Claridge). Claridge whiteboard and tackboard with 5/16"" wide perimeter trim. Available in whiteboard, chalkboard porcelain, cork, fabrics, and tackboards. Fabricork Tackboards Size 48"" x 120"" Weight 80 lbs. Spec sheet: https://claridgeproducts.com/wp-content/uploads/2023/08/Series-8_Tech-Data.pdf. Image: https://claridgeproducts.com/wp-content/uploads/2022/05/Series-8-Hero-768x768.jpg.",,EA,USD,https://claridgeproducts.com/product/series-8/
Claridge,S84X121380,Tackboard,101123,"Series 8 (Claridge). Claridge whiteboard and tackboard with 5/16"" wide perimeter trim. Available in whiteboard, chalkboard porcelain, cork, fabrics, and tackboards. Fabricork Tackboards Size 48"" x 144"" Weight 96 lbs. Spec sheet: https://claridgeproducts.com/wp-content/uploads/2023/08/Series-8_Tech-Data.pdf. Image: https://claridgeproducts.com/wp-content/uploads/2022/05/Series-8-Hero-768x768.jpg.",,EA,USD,https://claridgeproducts.com/product/series-8/
Claridge,S82X3TAN,Tackboard,101123,"Series 8 (Claridge). Claridge whiteboard and tackboard with 5/16"" wide perimeter trim. Available in whiteboard, chalkboard porcelain, cork, fabrics, and tackboards. Tan Nucork Tackboards Size 24"" x 36"" Weight 12 lbs. Spec sheet: https://claridgeproducts.com/wp-content/uploads/2023/08/Series-8_Tech-Data.pdf. Image: https://claridgeproducts.com/wp-content/uploads/2022/05/Series-8-Hero-768x768.jpg.",,EA,USD,https://claridgeproducts.com/product/series-8/
Claridge,S84X3TAN,Tackboard,101123,"Series 8 (Claridge). Claridge whiteboard and tackboard with 5/16"" wide perimeter trim. Available in whiteboard, chalkboard porcelain, cork, fabrics, and tackboards. Tan Nucork Tackboards Size 48"" x 36"" Weight 24 lbs. Spec sheet: https://claridgeproducts.com/wp-content/uploads/2023/08/Series-8_Tech-Data.pdf. Image: https://claridgeproducts.com/wp-content/uploads/2022/05/Series-8-Hero-768x768.jpg.",,EA,USD,https://claridgeproducts.com/product/series-8/
Claridge,S84X4TAN,Tackboard,101123,"Series 8 (Claridge). Claridge whiteboard and tackboard with 5/16"" wide perimeter trim. Available in whiteboard, chalkboard porcelain, cork, fabrics, and tackboards. Tan Nucork Tackboards Size 48"" x 48"" Weight 32 lbs. Spec sheet: https://claridgeproducts.com/wp-content/uploads/2023/08/Series-8_Tech-Data.pdf. Image: https://claridgeproducts.com/wp-content/uploads/2022/05/Series-8-Hero-768x768.jpg.",,EA,USD,https://claridgeproducts.com/product/series-8/
Claridge,S84X6TAN,Tackboard,101123,"Series 8 (Claridge). Claridge whiteboard and tackboard with 5/16"" wide perimeter trim. Available in whiteboard, chalkboard porcelain, cork, fabrics, and tackboards. Tan Nucork Tackboards Size 48"" x 72"" Weight 48 lbs. Spec sheet: https://claridgeproducts.com/wp-content/uploads/2023/08/Series-8_Tech-Data.pdf. Image: https://claridgeproducts.com/wp-content/uploads/2022/05/Series-8-Hero-768x768.jpg.",,EA,USD,https://claridgeproducts.com/product/series-8/
Claridge,S84X8TAN,Tackboard,101123,"Series 8 (Claridge). Claridge whiteboard and tackboard with 5/16"" wide perimeter trim. Available in whiteboard, chalkboard porcelain, cork, fabrics, and tackboards. Tan Nucork Tackboards Size 48"" x 96"" Weight 64 lbs. Spec sheet: https://claridgeproducts.com/wp-content/uploads/2023/08/Series-8_Tech-Data.pdf. Image: https://claridgeproducts.com/wp-content/uploads/2022/05/Series-8-Hero-768x768.jpg.",,EA,USD,https://claridgeproducts.com/product/series-8/
Claridge,S84X10TAN,Tackboard,101123,"Series 8 (Claridge). Claridge whiteboard and tackboard with 5/16"" wide perimeter trim. Available in whiteboard, chalkboard porcelain, cork, fabrics, and tackboards. Tan Nucork Tackboards Size 48"" x 120"" Weight 80 lbs. Spec sheet: https://claridgeproducts.com/wp-content/uploads/2023/08/Series-8_Tech-Data.pdf. Image: https://claridgeproducts.com/wp-content/uploads/2022/05/Series-8-Hero-768x768.jpg.",,EA,USD,https://claridgeproducts.com/product/series-8/
Claridge,S84X12TAN,Tackboard,101123,"Series 8 (Claridge). Claridge whiteboard and tackboard with 5/16"" wide perimeter trim. Available in whiteboard, chalkboard porcelain, cork, fabrics, and tackboards. Tan Nucork Tackboards Size 48"" x 144"" Weight 96 lbs. Spec sheet: https://claridgeproducts.com/wp-content/uploads/2023/08/Series-8_Tech-Data.pdf. Image: https://claridgeproducts.com/wp-content/uploads/2022/05/Series-8-Hero-768x768.jpg.",,EA,USD,https://claridgeproducts.com/product/series-8/
Claridge,S84X16TAN,Tackboard,101123,"Series 8 (Claridge). Claridge whiteboard and tackboard with 5/16"" wide perimeter trim. Available in whiteboard, chalkboard porcelain, cork, fabrics, and tackboards. Tan Nucork Tackboards Size 48"" x 192"" Weight 128 lbs. Spec sheet: https://claridgeproducts.com/wp-content/uploads/2023/08/Series-8_Tech-Data.pdf. Image: https://claridgeproducts.com/wp-content/uploads/2022/05/Series-8-Hero-768x768.jpg.",,EA,USD,https://claridgeproducts.com/product/series-8/
Claridge,LCS Deluxe Porcelain Whiteboards,Markerboard,101116,"LCS Deluxe Porcelain Whiteboards (Claridge). Perfect for sharing big ideas, these popular whiteboards come in a range of XL sizes. Product family / series listing from Claridge All Products. Spec sheet: https://claridgeproducts.com/wp-content/uploads/2023/09/LCS-Deluxe-Tech-Data.pdf. Image: https://claridgeproducts.com/wp-content/uploads/2023/09/LCS_Deluxe-768x768.png.",,EA,USD,https://claridgeproducts.com/product/lcs-deluxe-porcelain-whiteboard-2/
Claridge,LCS2034R,Markerboard,101116,"LCS Deluxe Porcelain Whiteboards (Claridge). Perfect for sharing big ideas, these popular whiteboards come in a range of XL sizes. With Map Rail Size 36"" x 48"" Weight 42 lbs. Spec sheet: https://claridgeproducts.com/wp-content/uploads/2023/09/LCS-Deluxe-Tech-Data.pdf. Image: https://claridgeproducts.com/wp-content/uploads/2023/09/LCS_Deluxe-768x768.png.",,EA,USD,https://claridgeproducts.com/product/lcs-deluxe-porcelain-whiteboard-2/
Claridge,LCS2044R,Markerboard,101116,"LCS Deluxe Porcelain Whiteboards (Claridge). Perfect for sharing big ideas, these popular whiteboards come in a range of XL sizes. With Map Rail Size 48"" x 48"" Weight 56 lbs. Spec sheet: https://claridgeproducts.com/wp-content/uploads/2023/09/LCS-Deluxe-Tech-Data.pdf. Image: https://claridgeproducts.com/wp-content/uploads/2023/09/LCS_Deluxe-768x768.png.",,EA,USD,https://claridgeproducts.com/product/lcs-deluxe-porcelain-whiteboard-2/
Claridge,LCS2046R,Markerboard,101116,"LCS Deluxe Porcelain Whiteboards (Claridge). Perfect for sharing big ideas, these popular whiteboards come in a range of XL sizes. With Map Rail Size 48"" x 72"" Weight 84 lbs. Spec sheet: https://claridgeproducts.com/wp-content/uploads/2023/09/LCS-Deluxe-Tech-Data.pdf. Image: https://claridgeproducts.com/wp-content/uploads/2023/09/LCS_Deluxe-768x768.png.",,EA,USD,https://claridgeproducts.com/product/lcs-deluxe-porcelain-whiteboard-2/
Claridge,LCS2048R,Markerboard,101116,"LCS Deluxe Porcelain Whiteboards (Claridge). Perfect for sharing big ideas, these popular whiteboards come in a range of XL sizes. With Map Rail Size 48"" x 96"" Weight 112 lbs. Spec sheet: https://claridgeproducts.com/wp-content/uploads/2023/09/LCS-Deluxe-Tech-Data.pdf. Image: https://claridgeproducts.com/wp-content/uploads/2023/09/LCS_Deluxe-768x768.png.",,EA,USD,https://claridgeproducts.com/product/lcs-deluxe-porcelain-whiteboard-2/
Claridge,LCS2410R,Markerboard,101116,"LCS Deluxe Porcelain Whiteboards (Claridge). Perfect for sharing big ideas, these popular whiteboards come in a range of XL sizes. With Map Rail Size 48"" x 120"" Weight 140 lbs. Spec sheet: https://claridgeproducts.com/wp-content/uploads/2023/09/LCS-Deluxe-Tech-Data.pdf. Image: https://claridgeproducts.com/wp-content/uploads/2023/09/LCS_Deluxe-768x768.png.",,EA,USD,https://claridgeproducts.com/product/lcs-deluxe-porcelain-whiteboard-2/
Claridge,LCS2412R,Markerboard,101116,"LCS Deluxe Porcelain Whiteboards (Claridge). Perfect for sharing big ideas, these popular whiteboards come in a range of XL sizes. With Map Rail Size 48"" x 144"" Weight 168 lbs. Spec sheet: https://claridgeproducts.com/wp-content/uploads/2023/09/LCS-Deluxe-Tech-Data.pdf. Image: https://claridgeproducts.com/wp-content/uploads/2023/09/LCS_Deluxe-768x768.png.",,EA,USD,https://claridgeproducts.com/product/lcs-deluxe-porcelain-whiteboard-2/
Claridge,LCS2416R,Markerboard,101116,"LCS Deluxe Porcelain Whiteboards (Claridge). Perfect for sharing big ideas, these popular whiteboards come in a range of XL sizes. With Map Rail Size 48"" x 192"" Weight 224 lbs. Spec sheet: https://claridgeproducts.com/wp-content/uploads/2023/09/LCS-Deluxe-Tech-Data.pdf. Image: https://claridgeproducts.com/wp-content/uploads/2023/09/LCS_Deluxe-768x768.png.",,EA,USD,https://claridgeproducts.com/product/lcs-deluxe-porcelain-whiteboard-2/
Claridge,LCS2034,Markerboard,101116,"LCS Deluxe Porcelain Whiteboards (Claridge). Perfect for sharing big ideas, these popular whiteboards come in a range of XL sizes. No Map Rail Size 36"" x 48"" Weight 42 lbs. Spec sheet: https://claridgeproducts.com/wp-content/uploads/2023/09/LCS-Deluxe-Tech-Data.pdf. Image: https://claridgeproducts.com/wp-content/uploads/2023/09/LCS_Deluxe-768x768.png.",,EA,USD,https://claridgeproducts.com/product/lcs-deluxe-porcelain-whiteboard-2/
Claridge,LCS2044,Markerboard,101116,"LCS Deluxe Porcelain Whiteboards (Claridge). Perfect for sharing big ideas, these popular whiteboards come in a range of XL sizes. No Map Rail Size 48"" x 48"" Weight 56 lbs. Spec sheet: https://claridgeproducts.com/wp-content/uploads/2023/09/LCS-Deluxe-Tech-Data.pdf. Image: https://claridgeproducts.com/wp-content/uploads/2023/09/LCS_Deluxe-768x768.png.",,EA,USD,https://claridgeproducts.com/product/lcs-deluxe-porcelain-whiteboard-2/
Claridge,LCS2046,Markerboard,101116,"LCS Deluxe Porcelain Whiteboards (Claridge). Perfect for sharing big ideas, these popular whiteboards come in a range of XL sizes. No Map Rail Size 48"" x 72"" Weight 84 lbs. Spec sheet: https://claridgeproducts.com/wp-content/uploads/2023/09/LCS-Deluxe-Tech-Data.pdf. Image: https://claridgeproducts.com/wp-content/uploads/2023/09/LCS_Deluxe-768x768.png.",,EA,USD,https://claridgeproducts.com/product/lcs-deluxe-porcelain-whiteboard-2/
Claridge,LCS2048,Markerboard,101116,"LCS Deluxe Porcelain Whiteboards (Claridge). Perfect for sharing big ideas, these popular whiteboards come in a range of XL sizes. No Map Rail Size 48"" x 96"" Weight 112 lbs. Spec sheet: https://claridgeproducts.com/wp-content/uploads/2023/09/LCS-Deluxe-Tech-Data.pdf. Image: https://claridgeproducts.com/wp-content/uploads/2023/09/LCS_Deluxe-768x768.png.",,EA,USD,https://claridgeproducts.com/product/lcs-deluxe-porcelain-whiteboard-2/
Claridge,LCS2410,Markerboard,101116,"LCS Deluxe Porcelain Whiteboards (Claridge). Perfect for sharing big ideas, these popular whiteboards come in a range of XL sizes. No Map Rail Size 48"" x 120"" Weight 140 lbs. Spec sheet: https://claridgeproducts.com/wp-content/uploads/2023/09/LCS-Deluxe-Tech-Data.pdf. Image: https://claridgeproducts.com/wp-content/uploads/2023/09/LCS_Deluxe-768x768.png.",,EA,USD,https://claridgeproducts.com/product/lcs-deluxe-porcelain-whiteboard-2/
Claridge,LCS2412,Markerboard,101116,"LCS Deluxe Porcelain Whiteboards (Claridge). Perfect for sharing big ideas, these popular whiteboards come in a range of XL sizes. No Map Rail Size 48"" x 144"" Weight 168 lbs. Spec sheet: https://claridgeproducts.com/wp-content/uploads/2023/09/LCS-Deluxe-Tech-Data.pdf. Image: https://claridgeproducts.com/wp-content/uploads/2023/09/LCS_Deluxe-768x768.png.",,EA,USD,https://claridgeproducts.com/product/lcs-deluxe-porcelain-whiteboard-2/
Claridge,LCS2416,Markerboard,101116,"LCS Deluxe Porcelain Whiteboards (Claridge). Perfect for sharing big ideas, these popular whiteboards come in a range of XL sizes. No Map Rail Size 48"" x 192"" Weight 224 lbs. Spec sheet: https://claridgeproducts.com/wp-content/uploads/2023/09/LCS-Deluxe-Tech-Data.pdf. Image: https://claridgeproducts.com/wp-content/uploads/2023/09/LCS_Deluxe-768x768.png.",,EA,USD,https://claridgeproducts.com/product/lcs-deluxe-porcelain-whiteboard-2/
Claridge,Grain Whiteboard,Markerboard,101116,Grain Whiteboard (Claridge). Claridge marker board with white porcelain enamel steel writing surface & a natural finish oak frame. Product family / series listing from Claridge All Products. Spec sheet: https://claridgeproducts.com/wp-content/uploads/2023/09/Grain-Whiteboard_Tech-Data.pdf. Image: https://claridgeproducts.com/wp-content/uploads/2022/09/Grain-Hero-Web-768x768.png.,,EA,USD,https://claridgeproducts.com/product/grain-whiteboard/
Claridge,GR44-MB,Markerboard,101116,"Grain Whiteboard (Claridge). Claridge marker board with white porcelain enamel steel writing surface & a natural finish oak frame. Product Codes - Grain Whiteboard Size 48"" x 48"" Weight 56 lbs. Spec sheet: https://claridgeproducts.com/wp-content/uploads/2023/09/Grain-Whiteboard_Tech-Data.pdf. Image: https://claridgeproducts.com/wp-content/uploads/2022/09/Grain-Hero-Web-768x768.png.",,EA,USD,https://claridgeproducts.com/product/grain-whiteboard/
Claridge,GR46-MB,Markerboard,101116,"Grain Whiteboard (Claridge). Claridge marker board with white porcelain enamel steel writing surface & a natural finish oak frame. Product Codes - Grain Whiteboard Size 48"" x 72"" Weight 84 lbs. Spec sheet: https://claridgeproducts.com/wp-content/uploads/2023/09/Grain-Whiteboard_Tech-Data.pdf. Image: https://claridgeproducts.com/wp-content/uploads/2022/09/Grain-Hero-Web-768x768.png.",,EA,USD,https://claridgeproducts.com/product/grain-whiteboard/
Claridge,GR48-MB,Markerboard,101116,"Grain Whiteboard (Claridge). Claridge marker board with white porcelain enamel steel writing surface & a natural finish oak frame. Product Codes - Grain Whiteboard Size 48"" x 96"" Weight 112 lbs. Spec sheet: https://claridgeproducts.com/wp-content/uploads/2023/09/Grain-Whiteboard_Tech-Data.pdf. Image: https://claridgeproducts.com/wp-content/uploads/2022/09/Grain-Hero-Web-768x768.png.",,EA,USD,https://claridgeproducts.com/product/grain-whiteboard/
Claridge,GR410-MB,Markerboard,101116,"Grain Whiteboard (Claridge). Claridge marker board with white porcelain enamel steel writing surface & a natural finish oak frame. Product Codes - Grain Whiteboard Size 48"" x 410"" Weight 140 lbs. Spec sheet: https://claridgeproducts.com/wp-content/uploads/2023/09/Grain-Whiteboard_Tech-Data.pdf. Image: https://claridgeproducts.com/wp-content/uploads/2022/09/Grain-Hero-Web-768x768.png.",,EA,USD,https://claridgeproducts.com/product/grain-whiteboard/
Claridge,Custom Logo Print Glass Markerboard,Markerboard,101116,Custom Logo Print Glass Markerboard (Claridge). Create a custom printed glass board by uploading your own art or work with our designers to create your masterpiece. Product family / series listing from Claridge All Products. Spec sheet: https://claridgeproducts.com/wp-content/uploads/2023/09/Custom-Printed-Glass-Board_Tech_Data.pdf. Image: https://claridgeproducts.com/wp-content/uploads/2023/07/MicrosoftTeams-image-125-768x768.png. Claridge lists this as a configurable family. Exact finish/color/custom-size combinations are not published as individual SKUs on the product page.,,EA,USD,https://claridgeproducts.com/product/custom-logo-print-glass-markerboard/
Claridge,Custom Print Glass Markerboard,Markerboard,101116,Custom Print Glass Markerboard (Claridge). Create a custom printed glass board by uploading your own art or work with our designers to create your masterpiece. Product family / series listing from Claridge All Products. Spec sheet: https://claridgeproducts.com/wp-content/uploads/2023/09/Custom-Printed-Glass-Board_Tech_Data.pdf. Image: https://claridgeproducts.com/wp-content/uploads/2023/07/MicrosoftTeams-image-161-768x768.png. Claridge lists this as a configurable family. Exact finish/color/custom-size combinations are not published as individual SKUs on the product page.,,EA,USD,https://claridgeproducts.com/product/custom-print-whiteboards/
Claridge,Standard Graphic Boards,Markerboard,101116,Standard Graphic Boards (Claridge). Choose from a variety of graphics for your custom printed glassboard. Product family / series listing from Claridge All Products. Image: https://claridgeproducts.com/wp-content/uploads/2024/07/thumbnail_Glassboard-music-lines-768x768.png. Claridge lists this as a configurable family. Exact finish/color/custom-size combinations are not published as individual SKUs on the product page.,,EA,USD,https://claridgeproducts.com/product/standard-graphic-board/
Claridge,Envision Graphic Board,Markerboard,101116,Envision Graphic Board (Claridge). Custom designed to incorporate personalized graphics. Product family / series listing from Claridge All Products. Spec sheet: https://claridgeproducts.com/wp-content/uploads/2023/09/Envision-Graphic-Board-Tech-Data.pdf. Image: https://claridgeproducts.com/wp-content/uploads/2020/07/GlassHealthboard-EnvisionTrim-HERO-768x768.png.,,EA,USD,https://claridgeproducts.com/product/envision-graphic-board/
Claridge,EG1824M,Markerboard,101116,"Envision Graphic Board (Claridge). Custom designed to incorporate personalized graphics. Envision Graphic Board Size 18"" x 24"" Weight 6 lbs. Spec sheet: https://claridgeproducts.com/wp-content/uploads/2023/09/Envision-Graphic-Board-Tech-Data.pdf. Image: https://claridgeproducts.com/wp-content/uploads/2020/07/GlassHealthboard-EnvisionTrim-HERO-768x768.png.",,EA,USD,https://claridgeproducts.com/product/envision-graphic-board/
Claridge,EG2023M,Markerboard,101116,"Envision Graphic Board (Claridge). Custom designed to incorporate personalized graphics. Envision Graphic Board Size 24"" x 36"" Weight 12 lbs. Spec sheet: https://claridgeproducts.com/wp-content/uploads/2023/09/Envision-Graphic-Board-Tech-Data.pdf. Image: https://claridgeproducts.com/wp-content/uploads/2020/07/GlassHealthboard-EnvisionTrim-HERO-768x768.png.",,EA,USD,https://claridgeproducts.com/product/envision-graphic-board/
Claridge,EG2034M,Markerboard,101116,"Envision Graphic Board (Claridge). Custom designed to incorporate personalized graphics. Envision Graphic Board Size 36"" x 48"" Weight 24 lbs. Spec sheet: https://claridgeproducts.com/wp-content/uploads/2023/09/Envision-Graphic-Board-Tech-Data.pdf. Image: https://claridgeproducts.com/wp-content/uploads/2020/07/GlassHealthboard-EnvisionTrim-HERO-768x768.png.",,EA,USD,https://claridgeproducts.com/product/envision-graphic-board/
Claridge,EG2044M,Markerboard,101116,"Envision Graphic Board (Claridge). Custom designed to incorporate personalized graphics. Envision Graphic Board Size 48"" x 48"" Weight 32 lbs. Spec sheet: https://claridgeproducts.com/wp-content/uploads/2023/09/Envision-Graphic-Board-Tech-Data.pdf. Image: https://claridgeproducts.com/wp-content/uploads/2020/07/GlassHealthboard-EnvisionTrim-HERO-768x768.png.",,EA,USD,https://claridgeproducts.com/product/envision-graphic-board/
Claridge,EG2046M,Markerboard,101116,"Envision Graphic Board (Claridge). Custom designed to incorporate personalized graphics. Envision Graphic Board Size 48"" x 72"" Weight 48 lbs. Spec sheet: https://claridgeproducts.com/wp-content/uploads/2023/09/Envision-Graphic-Board-Tech-Data.pdf. Image: https://claridgeproducts.com/wp-content/uploads/2020/07/GlassHealthboard-EnvisionTrim-HERO-768x768.png.",,EA,USD,https://claridgeproducts.com/product/envision-graphic-board/
Claridge,EG2048M,Markerboard,101116,"Envision Graphic Board (Claridge). Custom designed to incorporate personalized graphics. Envision Graphic Board Size 48"" x 96"" Weight 64 lbs. Spec sheet: https://claridgeproducts.com/wp-content/uploads/2023/09/Envision-Graphic-Board-Tech-Data.pdf. Image: https://claridgeproducts.com/wp-content/uploads/2020/07/GlassHealthboard-EnvisionTrim-HERO-768x768.png.",,EA,USD,https://claridgeproducts.com/product/envision-graphic-board/
Claridge,XChange Graphic Board,Markerboard,101116,"XChange Graphic Board (Claridge). Interchangeable graphic insert that slides easily behind a clear, 1/4″ tempered glass writing surface. Product family / series listing from Claridge All Products. Spec sheet: https://claridgeproducts.com/wp-content/uploads/2023/09/XChange-Graphics-Board_Tech-Data.pdf. Image: https://claridgeproducts.com/wp-content/uploads/2020/05/Xchnage-Detail-1-768x768.png.",,EA,USD,https://claridgeproducts.com/product/xchange-graphic-board/
Claridge,XC1824B,Markerboard,101116,"XChange Graphic Board (Claridge). Interchangeable graphic insert that slides easily behind a clear, 1/4″ tempered glass writing surface. Black Powder Coat Frame Size 18″ x 24″ Weight 15 lbs. Spec sheet: https://claridgeproducts.com/wp-content/uploads/2023/09/XChange-Graphics-Board_Tech-Data.pdf. Image: https://claridgeproducts.com/wp-content/uploads/2020/05/Xchnage-Detail-1-768x768.png.",,EA,USD,https://claridgeproducts.com/product/xchange-graphic-board/
Claridge,XC2436B,Markerboard,101116,"XChange Graphic Board (Claridge). Interchangeable graphic insert that slides easily behind a clear, 1/4″ tempered glass writing surface. Black Powder Coat Frame Size 24″ x 36″ Weight 30 lbs. Spec sheet: https://claridgeproducts.com/wp-content/uploads/2023/09/XChange-Graphics-Board_Tech-Data.pdf. Image: https://claridgeproducts.com/wp-content/uploads/2020/05/Xchnage-Detail-1-768x768.png.",,EA,USD,https://claridgeproducts.com/product/xchange-graphic-board/
Claridge,XC3648B,Markerboard,101116,"XChange Graphic Board (Claridge). Interchangeable graphic insert that slides easily behind a clear, 1/4″ tempered glass writing surface. Black Powder Coat Frame Size 36″ x 48″ Weight 60 lbs. Spec sheet: https://claridgeproducts.com/wp-content/uploads/2023/09/XChange-Graphics-Board_Tech-Data.pdf. Image: https://claridgeproducts.com/wp-content/uploads/2020/05/Xchnage-Detail-1-768x768.png.",,EA,USD,https://claridgeproducts.com/product/xchange-graphic-board/
Claridge,XC1824W,Markerboard,101116,"XChange Graphic Board (Claridge). Interchangeable graphic insert that slides easily behind a clear, 1/4″ tempered glass writing surface. White Powder Coat Frame Size 18″ x 24″ Weight 15 lbs. Spec sheet: https://claridgeproducts.com/wp-content/uploads/2023/09/XChange-Graphics-Board_Tech-Data.pdf. Image: https://claridgeproducts.com/wp-content/uploads/2020/05/Xchnage-Detail-1-768x768.png.",,EA,USD,https://claridgeproducts.com/product/xchange-graphic-board/
Claridge,XC2436W,Markerboard,101116,"XChange Graphic Board (Claridge). Interchangeable graphic insert that slides easily behind a clear, 1/4″ tempered glass writing surface. White Powder Coat Frame Size 24″ x 36″ Weight 30 lbs. Spec sheet: https://claridgeproducts.com/wp-content/uploads/2023/09/XChange-Graphics-Board_Tech-Data.pdf. Image: https://claridgeproducts.com/wp-content/uploads/2020/05/Xchnage-Detail-1-768x768.png.",,EA,USD,https://claridgeproducts.com/product/xchange-graphic-board/
Claridge,XC3648W,Markerboard,101116,"XChange Graphic Board (Claridge). Interchangeable graphic insert that slides easily behind a clear, 1/4″ tempered glass writing surface. White Powder Coat Frame Size 36″ x 48″ Weight 36 lbs. Spec sheet: https://claridgeproducts.com/wp-content/uploads/2023/09/XChange-Graphics-Board_Tech-Data.pdf. Image: https://claridgeproducts.com/wp-content/uploads/2020/05/Xchnage-Detail-1-768x768.png.",,EA,USD,https://claridgeproducts.com/product/xchange-graphic-board/
Claridge,XCB1824,Markerboard,101116,"XChange Graphic Board (Claridge). Interchangeable graphic insert that slides easily behind a clear, 1/4″ tempered glass writing surface. Additional XChange Graphic Insert Size 18″ x 24″ Weight 1 lb. Spec sheet: https://claridgeproducts.com/wp-content/uploads/2023/09/XChange-Graphics-Board_Tech-Data.pdf. Image: https://claridgeproducts.com/wp-content/uploads/2020/05/Xchnage-Detail-1-768x768.png.",,EA,USD,https://claridgeproducts.com/product/xchange-graphic-board/
Claridge,XCB2436,Markerboard,101116,"XChange Graphic Board (Claridge). Interchangeable graphic insert that slides easily behind a clear, 1/4″ tempered glass writing surface. Additional XChange Graphic Insert Size 24″ x 36″ Weight 2 lb. Spec sheet: https://claridgeproducts.com/wp-content/uploads/2023/09/XChange-Graphics-Board_Tech-Data.pdf. Image: https://claridgeproducts.com/wp-content/uploads/2020/05/Xchnage-Detail-1-768x768.png.",,EA,USD,https://claridgeproducts.com/product/xchange-graphic-board/
Claridge,XCB3648,Markerboard,101116,"XChange Graphic Board (Claridge). Interchangeable graphic insert that slides easily behind a clear, 1/4″ tempered glass writing surface. Additional XChange Graphic Insert Size 36″ x 48″ Weight 4 lb. Spec sheet: https://claridgeproducts.com/wp-content/uploads/2023/09/XChange-Graphics-Board_Tech-Data.pdf. Image: https://claridgeproducts.com/wp-content/uploads/2020/05/Xchnage-Detail-1-768x768.png.",,EA,USD,https://claridgeproducts.com/product/xchange-graphic-board/
Claridge,Glass Marker Wall,Markerboard,101116,Glass Marker Wall (Claridge). Claridge Glass Marker Walls offer a room-size presentation surface designed for heavy use and multiple-format presentations. Product family / series listing from Claridge All Products. Spec sheet: https://claridgeproducts.com/wp-content/uploads/2023/09/Glass-Marker-Wall_Tech-Data.pdf. Image: https://claridgeproducts.com/wp-content/uploads/2022/05/Glasswalls-Hero-768x768.png.,,EA,USD,https://claridgeproducts.com/product/glass-marker-wall/
Claridge,GB6X4MGMW,Markerboard,101116,"Glass Marker Wall (Claridge). Claridge Glass Marker Walls offer a room-size presentation surface designed for heavy use and multiple-format presentations. Glass Marker Wall Product Codes Size 72"" x 48"" Weight 192 lbs. Spec sheet: https://claridgeproducts.com/wp-content/uploads/2023/09/Glass-Marker-Wall_Tech-Data.pdf. Image: https://claridgeproducts.com/wp-content/uploads/2022/05/Glasswalls-Hero-768x768.png.",,EA,USD,https://claridgeproducts.com/product/glass-marker-wall/
Claridge,GB8X4MGMW,Markerboard,101116,"Glass Marker Wall (Claridge). Claridge Glass Marker Walls offer a room-size presentation surface designed for heavy use and multiple-format presentations. Glass Marker Wall Product Codes Size 96"" x 48"" Weight 256 lbs. Spec sheet: https://claridgeproducts.com/wp-content/uploads/2023/09/Glass-Marker-Wall_Tech-Data.pdf. Image: https://claridgeproducts.com/wp-content/uploads/2022/05/Glasswalls-Hero-768x768.png.",,EA,USD,https://claridgeproducts.com/product/glass-marker-wall/
Claridge,GB10X4MGMW,Markerboard,101116,"Glass Marker Wall (Claridge). Claridge Glass Marker Walls offer a room-size presentation surface designed for heavy use and multiple-format presentations. Glass Marker Wall Product Codes Size 120"" x 48"" Weight 320 lbs. Spec sheet: https://claridgeproducts.com/wp-content/uploads/2023/09/Glass-Marker-Wall_Tech-Data.pdf. Image: https://claridgeproducts.com/wp-content/uploads/2022/05/Glasswalls-Hero-768x768.png.",,EA,USD,https://claridgeproducts.com/product/glass-marker-wall/
Claridge,Arise Marker Wall,Markerboard,101116,Arise Marker Wall (Claridge). Arise Marker Walls offer a room-size presentation surface designed for heavy use and multiple-format presentations. Product family / series listing from Claridge All Products. Spec sheet: https://claridgeproducts.com/wp-content/uploads/2023/09/Arise-Marker-Wall_Tech-Data.pdf. Image: https://claridgeproducts.com/wp-content/uploads/2022/06/Wall-Write-Hero1-2-768x768.png.,,EA,USD,https://claridgeproducts.com/product/arise-marker-wall/
Claridge,EMW-84,Markerboard,101116,"Arise Marker Wall (Claridge). Arise Marker Walls offer a room-size presentation surface designed for heavy use and multiple-format presentations. Product Codes - Arise Marker Wall Size 96"" x 48"" Weight 112 lbs. Spec sheet: https://claridgeproducts.com/wp-content/uploads/2023/09/Arise-Marker-Wall_Tech-Data.pdf. Image: https://claridgeproducts.com/wp-content/uploads/2022/06/Wall-Write-Hero1-2-768x768.png.",,EA,USD,https://claridgeproducts.com/product/arise-marker-wall/
Claridge,EMW-104,Markerboard,101116,"Arise Marker Wall (Claridge). Arise Marker Walls offer a room-size presentation surface designed for heavy use and multiple-format presentations. Product Codes - Arise Marker Wall Size 120"" x 48"" Weight 140 lbs. Spec sheet: https://claridgeproducts.com/wp-content/uploads/2023/09/Arise-Marker-Wall_Tech-Data.pdf. Image: https://claridgeproducts.com/wp-content/uploads/2022/06/Wall-Write-Hero1-2-768x768.png.",,EA,USD,https://claridgeproducts.com/product/arise-marker-wall/
Claridge,Wall-Write Wall,Markerboard,101116,Wall-Write Wall (Claridge). Claridge LCS Wall-Write marker walls offer a room-size presentation surface designed for heavy use and multiple-format presentations. Product family / series listing from Claridge All Products. Spec sheet: https://claridgeproducts.com/wp-content/uploads/2023/09/Wall-Write-Wall_Tech-Data.pdf. Image: https://claridgeproducts.com/wp-content/uploads/2023/07/Wallwrite-768x768.png.,,EA,USD,https://claridgeproducts.com/product/wall-write-walll/
Claridge,WW2,Markerboard,101116,"Wall-Write Wall (Claridge). Claridge LCS Wall-Write marker walls offer a room-size presentation surface designed for heavy use and multiple-format presentations. Wall-Write Product Codes Size LCS panels mounted on 7/16"" MDF with moisture barrier back and alum spline joints, 1-1/16"" face trim Weight Dependent on Panel Size. Spec sheet: https://claridgeproducts.com/wp-content/uploads/2023/09/Wall-Write-Wall_Tech-Data.pdf. Image: https://claridgeproducts.com/wp-content/uploads/2023/07/Wallwrite-768x768.png.",,EA,USD,https://claridgeproducts.com/product/wall-write-walll/
Claridge,WW3,Markerboard,101116,"Wall-Write Wall (Claridge). Claridge LCS Wall-Write marker walls offer a room-size presentation surface designed for heavy use and multiple-format presentations. Wall-Write Product Codes Size LCS panels mounted on 7/16"" MDF with moisture barrier back and alum spline joints, 3/4"" face trim Weight Dependent on Panel Size. Spec sheet: https://claridgeproducts.com/wp-content/uploads/2023/09/Wall-Write-Wall_Tech-Data.pdf. Image: https://claridgeproducts.com/wp-content/uploads/2023/07/Wallwrite-768x768.png.",,EA,USD,https://claridgeproducts.com/product/wall-write-walll/
Claridge,Tack Walls,Tackboard,101123,"Tack Walls (Claridge). Cover an entire wall or workspace, floor-to-ceiling, in heights up to 10′. Product family / series listing from Claridge All Products. Spec sheet: https://claridgeproducts.com/wp-content/uploads/2023/09/Tack-Wall_Tech-Data.pdf. Image: https://claridgeproducts.com/wp-content/uploads/2023/07/Tack-Wall-Hero-1x1-1-768x768.png.",,EA,USD,https://claridgeproducts.com/product/tack-walls-2/
Claridge,TW1F,Tackboard,101123,"Tack Walls (Claridge). Cover an entire wall or workspace, floor-to-ceiling, in heights up to 10′. Tack Wall Product Codes Size Edge-Wrapped Fabricork on duracore and 16A Adhesive Weight Dependent on Panel Size. Spec sheet: https://claridgeproducts.com/wp-content/uploads/2023/09/Tack-Wall_Tech-Data.pdf. Image: https://claridgeproducts.com/wp-content/uploads/2023/07/Tack-Wall-Hero-1x1-1-768x768.png.",,EA,USD,https://claridgeproducts.com/product/tack-walls-2/
Claridge,TW1D,Tackboard,101123,"Tack Walls (Claridge). Cover an entire wall or workspace, floor-to-ceiling, in heights up to 10′. Tack Wall Product Codes Size Edge-Wrapped Guilford Fabric on duracore and 16A Adhesive Weight Dependent on Panel Size. Spec sheet: https://claridgeproducts.com/wp-content/uploads/2023/09/Tack-Wall_Tech-Data.pdf. Image: https://claridgeproducts.com/wp-content/uploads/2023/07/Tack-Wall-Hero-1x1-1-768x768.png.",,EA,USD,https://claridgeproducts.com/product/tack-walls-2/
Claridge,TW2F,Tackboard,101123,"Tack Walls (Claridge). Cover an entire wall or workspace, floor-to-ceiling, in heights up to 10′. Tack Wall Product Codes Size Fabricork on duracore panel, 1016FC fabric covered trim, fabric covered H-Bar and 16A Adhesive Weight Dependent on Panel Size. Spec sheet: https://claridgeproducts.com/wp-content/uploads/2023/09/Tack-Wall_Tech-Data.pdf. Image: https://claridgeproducts.com/wp-content/uploads/2023/07/Tack-Wall-Hero-1x1-1-768x768.png.",,EA,USD,https://claridgeproducts.com/product/tack-walls-2/
Claridge,TW2C,Tackboard,101123,"Tack Walls (Claridge). Cover an entire wall or workspace, floor-to-ceiling, in heights up to 10′. Tack Wall Product Codes Size Claridge Cork on MDF, 1016 fabric covered trim, H-Bar and 16A Adhesive Weight Dependent on Panel Size. Spec sheet: https://claridgeproducts.com/wp-content/uploads/2023/09/Tack-Wall_Tech-Data.pdf. Image: https://claridgeproducts.com/wp-content/uploads/2023/07/Tack-Wall-Hero-1x1-1-768x768.png.",,EA,USD,https://claridgeproducts.com/product/tack-walls-2/
Claridge,TW2D,Tackboard,101123,"Tack Walls (Claridge). Cover an entire wall or workspace, floor-to-ceiling, in heights up to 10′. Tack Wall Product Codes Size Guilford of Maine FR701 fabric on duracore panel, 1016FC fabric covered trim, H-Bar and 16A Adhesive Weight Dependent on Panel Size. Spec sheet: https://claridgeproducts.com/wp-content/uploads/2023/09/Tack-Wall_Tech-Data.pdf. Image: https://claridgeproducts.com/wp-content/uploads/2023/07/Tack-Wall-Hero-1x1-1-768x768.png.",,EA,USD,https://claridgeproducts.com/product/tack-walls-2/
Claridge,Edge Wrapped Tackboard,Tackboard,101123,Edge Wrapped Tackboard (Claridge). Frameless fabric or fabricork edge wrapped tackboards with square or radius corners. Product family / series listing from Claridge All Products. Spec sheet: https://claridgeproducts.com/wp-content/uploads/2023/10/Edge-Wrapped-Tackboard-Tech-Data.pdf. Image: https://claridgeproducts.com/wp-content/uploads/2023/09/Edge-Wrapped-Hero-768x768.png.,Frameless,EA,USD,https://claridgeproducts.com/product/edge-wrapped-tackboard/
Claridge,EWT-2436-SQ,Tackboard,101123,Edge Wrapped Tackboard (Claridge). Frameless fabric or fabricork edge wrapped tackboards with square or radius corners. Tackboards w/ Square Corners Size 24″ x 36″ Weight 8 lbs. Spec sheet: https://claridgeproducts.com/wp-content/uploads/2023/10/Edge-Wrapped-Tackboard-Tech-Data.pdf. Image: https://claridgeproducts.com/wp-content/uploads/2023/09/Edge-Wrapped-Hero-768x768.png.,Frameless,EA,USD,https://claridgeproducts.com/product/edge-wrapped-tackboard/
Claridge,EWT-3648-SQ,Tackboard,101123,Edge Wrapped Tackboard (Claridge). Frameless fabric or fabricork edge wrapped tackboards with square or radius corners. Tackboards w/ Square Corners Size 36″ x 48″ Weight 15 lbs. Spec sheet: https://claridgeproducts.com/wp-content/uploads/2023/10/Edge-Wrapped-Tackboard-Tech-Data.pdf. Image: https://claridgeproducts.com/wp-content/uploads/2023/09/Edge-Wrapped-Hero-768x768.png.,Frameless,EA,USD,https://claridgeproducts.com/product/edge-wrapped-tackboard/
Claridge,EWT-4848-SQ,Tackboard,101123,Edge Wrapped Tackboard (Claridge). Frameless fabric or fabricork edge wrapped tackboards with square or radius corners. Tackboards w/ Square Corners Size 48″ x 48″ Weight 20 lbs. Spec sheet: https://claridgeproducts.com/wp-content/uploads/2023/10/Edge-Wrapped-Tackboard-Tech-Data.pdf. Image: https://claridgeproducts.com/wp-content/uploads/2023/09/Edge-Wrapped-Hero-768x768.png.,Frameless,EA,USD,https://claridgeproducts.com/product/edge-wrapped-tackboard/
Claridge,EWT-4872-SQ,Tackboard,101123,Edge Wrapped Tackboard (Claridge). Frameless fabric or fabricork edge wrapped tackboards with square or radius corners. Tackboards w/ Square Corners Size 48″ x 72″ Weight 30 lbs. Spec sheet: https://claridgeproducts.com/wp-content/uploads/2023/10/Edge-Wrapped-Tackboard-Tech-Data.pdf. Image: https://claridgeproducts.com/wp-content/uploads/2023/09/Edge-Wrapped-Hero-768x768.png.,Frameless,EA,USD,https://claridgeproducts.com/product/edge-wrapped-tackboard/
Claridge,EWT-4896-SQ,Tackboard,101123,Edge Wrapped Tackboard (Claridge). Frameless fabric or fabricork edge wrapped tackboards with square or radius corners. Tackboards w/ Square Corners Size 48″ x 96″ Weight 40 lbs. Spec sheet: https://claridgeproducts.com/wp-content/uploads/2023/10/Edge-Wrapped-Tackboard-Tech-Data.pdf. Image: https://claridgeproducts.com/wp-content/uploads/2023/09/Edge-Wrapped-Hero-768x768.png.,Frameless,EA,USD,https://claridgeproducts.com/product/edge-wrapped-tackboard/
Claridge,EWT-2436-RD,Tackboard,101123,Edge Wrapped Tackboard (Claridge). Frameless fabric or fabricork edge wrapped tackboards with square or radius corners. Tackboards w/ Radius Corners Size 24″ x 36″ Weight 8 lbs. Spec sheet: https://claridgeproducts.com/wp-content/uploads/2023/10/Edge-Wrapped-Tackboard-Tech-Data.pdf. Image: https://claridgeproducts.com/wp-content/uploads/2023/09/Edge-Wrapped-Hero-768x768.png.,Frameless,EA,USD,https://claridgeproducts.com/product/edge-wrapped-tackboard/
Claridge,EWT-3648-RD,Tackboard,101123,Edge Wrapped Tackboard (Claridge). Frameless fabric or fabricork edge wrapped tackboards with square or radius corners. Tackboards w/ Radius Corners Size 36″ x 48″ Weight 15 lbs. Spec sheet: https://claridgeproducts.com/wp-content/uploads/2023/10/Edge-Wrapped-Tackboard-Tech-Data.pdf. Image: https://claridgeproducts.com/wp-content/uploads/2023/09/Edge-Wrapped-Hero-768x768.png.,Frameless,EA,USD,https://claridgeproducts.com/product/edge-wrapped-tackboard/
Claridge,EWT-4848-RD,Tackboard,101123,Edge Wrapped Tackboard (Claridge). Frameless fabric or fabricork edge wrapped tackboards with square or radius corners. Tackboards w/ Radius Corners Size 48″ x 48″ Weight 20 lbs. Spec sheet: https://claridgeproducts.com/wp-content/uploads/2023/10/Edge-Wrapped-Tackboard-Tech-Data.pdf. Image: https://claridgeproducts.com/wp-content/uploads/2023/09/Edge-Wrapped-Hero-768x768.png.,Frameless,EA,USD,https://claridgeproducts.com/product/edge-wrapped-tackboard/
Claridge,EWT-4872-RD,Tackboard,101123,Edge Wrapped Tackboard (Claridge). Frameless fabric or fabricork edge wrapped tackboards with square or radius corners. Tackboards w/ Radius Corners Size 48″ x 72″ Weight 30 lbs. Spec sheet: https://claridgeproducts.com/wp-content/uploads/2023/10/Edge-Wrapped-Tackboard-Tech-Data.pdf. Image: https://claridgeproducts.com/wp-content/uploads/2023/09/Edge-Wrapped-Hero-768x768.png.,Frameless,EA,USD,https://claridgeproducts.com/product/edge-wrapped-tackboard/
Claridge,EWT-4896-RD,Tackboard,101123,Edge Wrapped Tackboard (Claridge). Frameless fabric or fabricork edge wrapped tackboards with square or radius corners. Tackboards w/ Radius Corners Size 48″ x 96″ Weight 40 lbs. Spec sheet: https://claridgeproducts.com/wp-content/uploads/2023/10/Edge-Wrapped-Tackboard-Tech-Data.pdf. Image: https://claridgeproducts.com/wp-content/uploads/2023/09/Edge-Wrapped-Hero-768x768.png.,Frameless,EA,USD,https://claridgeproducts.com/product/edge-wrapped-tackboard/
Claridge,Tableau,Visual Display Board,101100,"Tableau (Claridge). Delivers extremely clean, modern lines and fits within the design and functionality of any space. Product family / series listing from Claridge All Products. Spec sheet: https://claridgeproducts.com/wp-content/uploads/2023/09/Tableau_Tech-Data.pdf. Image: https://claridgeproducts.com/wp-content/uploads/2023/07/MicrosoftTeams-image-217-768x768.png.",,EA,USD,https://claridgeproducts.com/product/tableau/
Claridge,EXE2X3LCS,Markerboard,101116,"Tableau (Claridge). Delivers extremely clean, modern lines and fits within the design and functionality of any space. LCS Markerboard Size 24"" x 36"" Weight 24 lbs. Spec sheet: https://claridgeproducts.com/wp-content/uploads/2023/09/Tableau_Tech-Data.pdf. Image: https://claridgeproducts.com/wp-content/uploads/2023/07/MicrosoftTeams-image-217-768x768.png.",,EA,USD,https://claridgeproducts.com/product/tableau/
Claridge,EXE3X4LCS,Markerboard,101116,"Tableau (Claridge). Delivers extremely clean, modern lines and fits within the design and functionality of any space. LCS Markerboard Size 36"" x 48"" Weight 48 lbs. Spec sheet: https://claridgeproducts.com/wp-content/uploads/2023/09/Tableau_Tech-Data.pdf. Image: https://claridgeproducts.com/wp-content/uploads/2023/07/MicrosoftTeams-image-217-768x768.png.",,EA,USD,https://claridgeproducts.com/product/tableau/
Claridge,EXE4X4LCS,Markerboard,101116,"Tableau (Claridge). Delivers extremely clean, modern lines and fits within the design and functionality of any space. LCS Markerboard Size 48"" x 48"" Weight 64 lbs. Spec sheet: https://claridgeproducts.com/wp-content/uploads/2023/09/Tableau_Tech-Data.pdf. Image: https://claridgeproducts.com/wp-content/uploads/2023/07/MicrosoftTeams-image-217-768x768.png.",,EA,USD,https://claridgeproducts.com/product/tableau/
Claridge,EXE4X6LCS,Markerboard,101116,"Tableau (Claridge). Delivers extremely clean, modern lines and fits within the design and functionality of any space. LCS Markerboard Size 48"" x 72"" Weight 96 lbs. Spec sheet: https://claridgeproducts.com/wp-content/uploads/2023/09/Tableau_Tech-Data.pdf. Image: https://claridgeproducts.com/wp-content/uploads/2023/07/MicrosoftTeams-image-217-768x768.png.",,EA,USD,https://claridgeproducts.com/product/tableau/
Claridge,EXE4X8LCS,Markerboard,101116,"Tableau (Claridge). Delivers extremely clean, modern lines and fits within the design and functionality of any space. LCS Markerboard Size 48"" x 96"" Weight 128 lbs. Spec sheet: https://claridgeproducts.com/wp-content/uploads/2023/09/Tableau_Tech-Data.pdf. Image: https://claridgeproducts.com/wp-content/uploads/2023/07/MicrosoftTeams-image-217-768x768.png.",,EA,USD,https://claridgeproducts.com/product/tableau/
Claridge,EXE4X10LCS,Markerboard,101116,"Tableau (Claridge). Delivers extremely clean, modern lines and fits within the design and functionality of any space. LCS Markerboard Size 48"" x 120"" Weight 160 lbs. Spec sheet: https://claridgeproducts.com/wp-content/uploads/2023/09/Tableau_Tech-Data.pdf. Image: https://claridgeproducts.com/wp-content/uploads/2023/07/MicrosoftTeams-image-217-768x768.png.",,EA,USD,https://claridgeproducts.com/product/tableau/
Claridge,EXE2X3MG,Markerboard,101116,"Tableau (Claridge). Delivers extremely clean, modern lines and fits within the design and functionality of any space. Glass Markerboard Size 24"" x 36"" Weight 48 lbs. Spec sheet: https://claridgeproducts.com/wp-content/uploads/2023/09/Tableau_Tech-Data.pdf. Image: https://claridgeproducts.com/wp-content/uploads/2023/07/MicrosoftTeams-image-217-768x768.png.",,EA,USD,https://claridgeproducts.com/product/tableau/
Claridge,EXE3X4MG,Markerboard,101116,"Tableau (Claridge). Delivers extremely clean, modern lines and fits within the design and functionality of any space. Glass Markerboard Size 36"" x 48"" Weight 96 lbs. Spec sheet: https://claridgeproducts.com/wp-content/uploads/2023/09/Tableau_Tech-Data.pdf. Image: https://claridgeproducts.com/wp-content/uploads/2023/07/MicrosoftTeams-image-217-768x768.png.",,EA,USD,https://claridgeproducts.com/product/tableau/
Claridge,EXE4X4MG,Markerboard,101116,"Tableau (Claridge). Delivers extremely clean, modern lines and fits within the design and functionality of any space. Glass Markerboard Size 48"" x 48"" Weight 128 lbs. Spec sheet: https://claridgeproducts.com/wp-content/uploads/2023/09/Tableau_Tech-Data.pdf. Image: https://claridgeproducts.com/wp-content/uploads/2023/07/MicrosoftTeams-image-217-768x768.png.",,EA,USD,https://claridgeproducts.com/product/tableau/
Claridge,EXE4X6MG,Markerboard,101116,"Tableau (Claridge). Delivers extremely clean, modern lines and fits within the design and functionality of any space. Glass Markerboard Size 48"" x 72"" Weight 195 lbs. Spec sheet: https://claridgeproducts.com/wp-content/uploads/2023/09/Tableau_Tech-Data.pdf. Image: https://claridgeproducts.com/wp-content/uploads/2023/07/MicrosoftTeams-image-217-768x768.png.",,EA,USD,https://claridgeproducts.com/product/tableau/
Claridge,EXE4x8MG,Markerboard,101116,"Tableau (Claridge). Delivers extremely clean, modern lines and fits within the design and functionality of any space. Glass Markerboard Size 48"" x 96"" Weight 256 lbs. Spec sheet: https://claridgeproducts.com/wp-content/uploads/2023/09/Tableau_Tech-Data.pdf. Image: https://claridgeproducts.com/wp-content/uploads/2023/07/MicrosoftTeams-image-217-768x768.png.",,EA,USD,https://claridgeproducts.com/product/tableau/
Claridge,EXE2X3COR,Tackboard,101123,"Tableau (Claridge). Delivers extremely clean, modern lines and fits within the design and functionality of any space. Claridge Cork Tackboard Size 24"" x 36"" Weight 21 lbs. Spec sheet: https://claridgeproducts.com/wp-content/uploads/2023/09/Tableau_Tech-Data.pdf. Image: https://claridgeproducts.com/wp-content/uploads/2023/07/MicrosoftTeams-image-217-768x768.png.",,EA,USD,https://claridgeproducts.com/product/tableau/
Claridge,EXE3X4COR,Tackboard,101123,"Tableau (Claridge). Delivers extremely clean, modern lines and fits within the design and functionality of any space. Claridge Cork Tackboard Size 36"" x 48"" Weight 42 lbs. Spec sheet: https://claridgeproducts.com/wp-content/uploads/2023/09/Tableau_Tech-Data.pdf. Image: https://claridgeproducts.com/wp-content/uploads/2023/07/MicrosoftTeams-image-217-768x768.png.",,EA,USD,https://claridgeproducts.com/product/tableau/
Claridge,EXE4X4COR,Tackboard,101123,"Tableau (Claridge). Delivers extremely clean, modern lines and fits within the design and functionality of any space. Claridge Cork Tackboard Size 48"" x 48"" Weight 56 lbs. Spec sheet: https://claridgeproducts.com/wp-content/uploads/2023/09/Tableau_Tech-Data.pdf. Image: https://claridgeproducts.com/wp-content/uploads/2023/07/MicrosoftTeams-image-217-768x768.png.",,EA,USD,https://claridgeproducts.com/product/tableau/
Claridge,EXE4X6COR,Tackboard,101123,"Tableau (Claridge). Delivers extremely clean, modern lines and fits within the design and functionality of any space. Claridge Cork Tackboard Size 48"" x 72"" Weight 84 lbs. Spec sheet: https://claridgeproducts.com/wp-content/uploads/2023/09/Tableau_Tech-Data.pdf. Image: https://claridgeproducts.com/wp-content/uploads/2023/07/MicrosoftTeams-image-217-768x768.png.",,EA,USD,https://claridgeproducts.com/product/tableau/
Claridge,EXE4X8COR,Tackboard,101123,"Tableau (Claridge). Delivers extremely clean, modern lines and fits within the design and functionality of any space. Claridge Cork Tackboard Size 48"" x 96"" Weight 112 lbs. Spec sheet: https://claridgeproducts.com/wp-content/uploads/2023/09/Tableau_Tech-Data.pdf. Image: https://claridgeproducts.com/wp-content/uploads/2023/07/MicrosoftTeams-image-217-768x768.png.",,EA,USD,https://claridgeproducts.com/product/tableau/
Claridge,Grain Tackboard,Tackboard,101123,Grain Tackboard (Claridge). Add a subtle hint of warmth with a wood-framed tackboard. Product family / series listing from Claridge All Products. Spec sheet: https://claridgeproducts.com/wp-content/uploads/2023/09/Grain-Tackboard-Tech-Data.pdf. Image: https://claridgeproducts.com/wp-content/uploads/2020/05/Grain-Tackboard-Hero-Web-768x768.png.,,EA,USD,https://claridgeproducts.com/product/grain-tackboard/
Claridge,GR23-CC,Tackboard,101123,Grain Tackboard (Claridge). Add a subtle hint of warmth with a wood-framed tackboard. Claridge Cork Tackboards Size 24″ x 36″ Weight 18 lbs. Spec sheet: https://claridgeproducts.com/wp-content/uploads/2023/09/Grain-Tackboard-Tech-Data.pdf. Image: https://claridgeproducts.com/wp-content/uploads/2020/05/Grain-Tackboard-Hero-Web-768x768.png.,,EA,USD,https://claridgeproducts.com/product/grain-tackboard/
Claridge,GR34-CC,Tackboard,101123,Grain Tackboard (Claridge). Add a subtle hint of warmth with a wood-framed tackboard. Claridge Cork Tackboards Size 36″ x 48″ Weight 36 lbs. Spec sheet: https://claridgeproducts.com/wp-content/uploads/2023/09/Grain-Tackboard-Tech-Data.pdf. Image: https://claridgeproducts.com/wp-content/uploads/2020/05/Grain-Tackboard-Hero-Web-768x768.png.,,EA,USD,https://claridgeproducts.com/product/grain-tackboard/
Claridge,GR44-CC,Tackboard,101123,Grain Tackboard (Claridge). Add a subtle hint of warmth with a wood-framed tackboard. Claridge Cork Tackboards Size 48″ x 48″ Weight 48 lbs. Spec sheet: https://claridgeproducts.com/wp-content/uploads/2023/09/Grain-Tackboard-Tech-Data.pdf. Image: https://claridgeproducts.com/wp-content/uploads/2020/05/Grain-Tackboard-Hero-Web-768x768.png.,,EA,USD,https://claridgeproducts.com/product/grain-tackboard/
Claridge,GR46-CC,Tackboard,101123,Grain Tackboard (Claridge). Add a subtle hint of warmth with a wood-framed tackboard. Claridge Cork Tackboards Size 48″ x 72″ Weight 72 lbs. Spec sheet: https://claridgeproducts.com/wp-content/uploads/2023/09/Grain-Tackboard-Tech-Data.pdf. Image: https://claridgeproducts.com/wp-content/uploads/2020/05/Grain-Tackboard-Hero-Web-768x768.png.,,EA,USD,https://claridgeproducts.com/product/grain-tackboard/
Claridge,GR48-CC,Tackboard,101123,Grain Tackboard (Claridge). Add a subtle hint of warmth with a wood-framed tackboard. Claridge Cork Tackboards Size 48″ x 96″ Weight 96 lbs. Spec sheet: https://claridgeproducts.com/wp-content/uploads/2023/09/Grain-Tackboard-Tech-Data.pdf. Image: https://claridgeproducts.com/wp-content/uploads/2020/05/Grain-Tackboard-Hero-Web-768x768.png.,,EA,USD,https://claridgeproducts.com/product/grain-tackboard/
Claridge,GR23-FG,Tackboard,101123,Grain Tackboard (Claridge). Add a subtle hint of warmth with a wood-framed tackboard. Guilford Fabric Tackboards Size 24″ x 36″ Weight 12 lbs. Spec sheet: https://claridgeproducts.com/wp-content/uploads/2023/09/Grain-Tackboard-Tech-Data.pdf. Image: https://claridgeproducts.com/wp-content/uploads/2020/05/Grain-Tackboard-Hero-Web-768x768.png.,,EA,USD,https://claridgeproducts.com/product/grain-tackboard/
Claridge,GR34-FG,Tackboard,101123,Grain Tackboard (Claridge). Add a subtle hint of warmth with a wood-framed tackboard. Guilford Fabric Tackboards Size 36″ x 48″ Weight 24 lbs. Spec sheet: https://claridgeproducts.com/wp-content/uploads/2023/09/Grain-Tackboard-Tech-Data.pdf. Image: https://claridgeproducts.com/wp-content/uploads/2020/05/Grain-Tackboard-Hero-Web-768x768.png.,,EA,USD,https://claridgeproducts.com/product/grain-tackboard/
Claridge,GR44-FG,Tackboard,101123,Grain Tackboard (Claridge). Add a subtle hint of warmth with a wood-framed tackboard. Guilford Fabric Tackboards Size 48″ x 48″ Weight 32 lbs. Spec sheet: https://claridgeproducts.com/wp-content/uploads/2023/09/Grain-Tackboard-Tech-Data.pdf. Image: https://claridgeproducts.com/wp-content/uploads/2020/05/Grain-Tackboard-Hero-Web-768x768.png.,,EA,USD,https://claridgeproducts.com/product/grain-tackboard/
Claridge,GR46-FG,Tackboard,101123,Grain Tackboard (Claridge). Add a subtle hint of warmth with a wood-framed tackboard. Guilford Fabric Tackboards Size 48″ x 72″ Weight 48 lbs. Spec sheet: https://claridgeproducts.com/wp-content/uploads/2023/09/Grain-Tackboard-Tech-Data.pdf. Image: https://claridgeproducts.com/wp-content/uploads/2020/05/Grain-Tackboard-Hero-Web-768x768.png.,,EA,USD,https://claridgeproducts.com/product/grain-tackboard/
Claridge,GR48-FG,Tackboard,101123,Grain Tackboard (Claridge). Add a subtle hint of warmth with a wood-framed tackboard. Guilford Fabric Tackboards Size 48″ x 96″ Weight 64 lbs. Spec sheet: https://claridgeproducts.com/wp-content/uploads/2023/09/Grain-Tackboard-Tech-Data.pdf. Image: https://claridgeproducts.com/wp-content/uploads/2020/05/Grain-Tackboard-Hero-Web-768x768.png.,,EA,USD,https://claridgeproducts.com/product/grain-tackboard/
Claridge,GR23-FB,Tackboard,101123,Grain Tackboard (Claridge). Add a subtle hint of warmth with a wood-framed tackboard. Fabricork Tackboards Size 24″ x 36″ Weight 12 lbs. Spec sheet: https://claridgeproducts.com/wp-content/uploads/2023/09/Grain-Tackboard-Tech-Data.pdf. Image: https://claridgeproducts.com/wp-content/uploads/2020/05/Grain-Tackboard-Hero-Web-768x768.png.,,EA,USD,https://claridgeproducts.com/product/grain-tackboard/
Claridge,GR34-FB,Tackboard,101123,Grain Tackboard (Claridge). Add a subtle hint of warmth with a wood-framed tackboard. Fabricork Tackboards Size 36″ x 48″ Weight 24 lbs. Spec sheet: https://claridgeproducts.com/wp-content/uploads/2023/09/Grain-Tackboard-Tech-Data.pdf. Image: https://claridgeproducts.com/wp-content/uploads/2020/05/Grain-Tackboard-Hero-Web-768x768.png.,,EA,USD,https://claridgeproducts.com/product/grain-tackboard/
Claridge,GR44-FB,Tackboard,101123,Grain Tackboard (Claridge). Add a subtle hint of warmth with a wood-framed tackboard. Fabricork Tackboards Size 48″ x 48″ Weight 32 lbs. Spec sheet: https://claridgeproducts.com/wp-content/uploads/2023/09/Grain-Tackboard-Tech-Data.pdf. Image: https://claridgeproducts.com/wp-content/uploads/2020/05/Grain-Tackboard-Hero-Web-768x768.png.,,EA,USD,https://claridgeproducts.com/product/grain-tackboard/
Claridge,GR46-FB,Tackboard,101123,Grain Tackboard (Claridge). Add a subtle hint of warmth with a wood-framed tackboard. Fabricork Tackboards Size 48″ x 72″ Weight 48 lbs. Spec sheet: https://claridgeproducts.com/wp-content/uploads/2023/09/Grain-Tackboard-Tech-Data.pdf. Image: https://claridgeproducts.com/wp-content/uploads/2020/05/Grain-Tackboard-Hero-Web-768x768.png.,,EA,USD,https://claridgeproducts.com/product/grain-tackboard/
Claridge,GR48-FB,Tackboard,101123,Grain Tackboard (Claridge). Add a subtle hint of warmth with a wood-framed tackboard. Fabricork Tackboards Size 48″ x 96″ Weight 64 lbs. Spec sheet: https://claridgeproducts.com/wp-content/uploads/2023/09/Grain-Tackboard-Tech-Data.pdf. Image: https://claridgeproducts.com/wp-content/uploads/2020/05/Grain-Tackboard-Hero-Web-768x768.png.,,EA,USD,https://claridgeproducts.com/product/grain-tackboard/
Claridge,GR23-N,Tackboard,101123,Grain Tackboard (Claridge). Add a subtle hint of warmth with a wood-framed tackboard. Tan Nucork Tackboards Size 24″ x 36″ Weight 12 lbs. Spec sheet: https://claridgeproducts.com/wp-content/uploads/2023/09/Grain-Tackboard-Tech-Data.pdf. Image: https://claridgeproducts.com/wp-content/uploads/2020/05/Grain-Tackboard-Hero-Web-768x768.png.,,EA,USD,https://claridgeproducts.com/product/grain-tackboard/
Claridge,GR34-N,Tackboard,101123,Grain Tackboard (Claridge). Add a subtle hint of warmth with a wood-framed tackboard. Tan Nucork Tackboards Size 36″ x 48″ Weight 24 lbs. Spec sheet: https://claridgeproducts.com/wp-content/uploads/2023/09/Grain-Tackboard-Tech-Data.pdf. Image: https://claridgeproducts.com/wp-content/uploads/2020/05/Grain-Tackboard-Hero-Web-768x768.png.,,EA,USD,https://claridgeproducts.com/product/grain-tackboard/
Claridge,GR44-N,Tackboard,101123,Grain Tackboard (Claridge). Add a subtle hint of warmth with a wood-framed tackboard. Tan Nucork Tackboards Size 48″ x 48″ Weight 32 lbs. Spec sheet: https://claridgeproducts.com/wp-content/uploads/2023/09/Grain-Tackboard-Tech-Data.pdf. Image: https://claridgeproducts.com/wp-content/uploads/2020/05/Grain-Tackboard-Hero-Web-768x768.png.,,EA,USD,https://claridgeproducts.com/product/grain-tackboard/
Claridge,GR46-N,Tackboard,101123,Grain Tackboard (Claridge). Add a subtle hint of warmth with a wood-framed tackboard. Tan Nucork Tackboards Size 48″ x 72″ Weight 48 lbs. Spec sheet: https://claridgeproducts.com/wp-content/uploads/2023/09/Grain-Tackboard-Tech-Data.pdf. Image: https://claridgeproducts.com/wp-content/uploads/2020/05/Grain-Tackboard-Hero-Web-768x768.png.,,EA,USD,https://claridgeproducts.com/product/grain-tackboard/
Claridge,GR48-N,Tackboard,101123,Grain Tackboard (Claridge). Add a subtle hint of warmth with a wood-framed tackboard. Tan Nucork Tackboards Size 48″ x 96″ Weight 64 lbs. Spec sheet: https://claridgeproducts.com/wp-content/uploads/2023/09/Grain-Tackboard-Tech-Data.pdf. Image: https://claridgeproducts.com/wp-content/uploads/2020/05/Grain-Tackboard-Hero-Web-768x768.png.,,EA,USD,https://claridgeproducts.com/product/grain-tackboard/
Claridge,Glass Sliding Wall,Visual Display Board,101100,Glass Sliding Wall (Claridge). Claridge custom horizontal sliding walls are ideal for tight spaces where more writable wall space is needed. Product family / series listing from Claridge All Products. Spec sheet: https://claridgeproducts.com/wp-content/uploads/2023/10/Glass-Sliding-Wall_Tech-Data.pdf. Image: https://claridgeproducts.com/wp-content/uploads/2022/06/Glass-SlidingDoors-Hero-768x768.png. Claridge lists this as a configurable family. Exact finish/color/custom-size combinations are not published as individual SKUs on the product page.,Sliding,EA,USD,https://claridgeproducts.com/product/glass-sliding-wall/
Claridge,Porcelain Sliding Wall,Visual Display Board,101100,"Porcelain Sliding Wall (Claridge). Claridge custom horizontal sliding walls are ideal for classrooms, limited wall spaces and anywhere more writable wall space is needed. Product family / series listing from Claridge All Products. Spec sheet: https://claridgeproducts.com/wp-content/uploads/2023/10/Porcelain-Sliding-Wall_Tech-Data.pdf. Image: https://claridgeproducts.com/wp-content/uploads/2022/07/Sliding-Wall-Hero-768x768.png. Claridge lists this as a configurable family. Exact finish/color/custom-size combinations are not published as individual SKUs on the product page.",Sliding,EA,USD,https://claridgeproducts.com/product/porcelain-sliding-wall/
Claridge,Vertical Sliding System,Visual Display Board,101100,Vertical Sliding System (Claridge). Vertical Sliding Units offer ideal visual communication solutions where large visual display surfaces are required but space is limited. Product family / series listing from Claridge All Products. Spec sheet: https://claridgeproducts.com/wp-content/uploads/2023/09/Vertical-Sliding-System-Tech_Data.pdf. Image: https://claridgeproducts.com/wp-content/uploads/2022/05/Vertical-Sliding-System-Hero-768x768.png.,Sliding,EA,USD,https://claridgeproducts.com/product/vertical-sliding-system/
Claridge,410CS,Visual Display Board,101100,"Vertical Sliding System (Claridge). Vertical Sliding Units offer ideal visual communication solutions where large visual display surfaces are required but space is limited. Manually Operated Floor Mounted Size 120"" x 48"" Weight Dependent on Materials and Number of Panels. Spec sheet: https://claridgeproducts.com/wp-content/uploads/2023/09/Vertical-Sliding-System-Tech_Data.pdf. Image: https://claridgeproducts.com/wp-content/uploads/2022/05/Vertical-Sliding-System-Hero-768x768.png.",Sliding,EA,USD,https://claridgeproducts.com/product/vertical-sliding-system/
Claridge,510CS,Visual Display Board,101100,"Vertical Sliding System (Claridge). Vertical Sliding Units offer ideal visual communication solutions where large visual display surfaces are required but space is limited. Manually Operated Floor Mounted Size 120"" x 60"" Weight Dependent on Materials and Number of Panels. Spec sheet: https://claridgeproducts.com/wp-content/uploads/2023/09/Vertical-Sliding-System-Tech_Data.pdf. Image: https://claridgeproducts.com/wp-content/uploads/2022/05/Vertical-Sliding-System-Hero-768x768.png.",Sliding,EA,USD,https://claridgeproducts.com/product/vertical-sliding-system/
Claridge,610CS,Visual Display Board,101100,"Vertical Sliding System (Claridge). Vertical Sliding Units offer ideal visual communication solutions where large visual display surfaces are required but space is limited. Manually Operated Floor Mounted Size 120"" x 72"" Weight Dependent on Materials and Number of Panels. Spec sheet: https://claridgeproducts.com/wp-content/uploads/2023/09/Vertical-Sliding-System-Tech_Data.pdf. Image: https://claridgeproducts.com/wp-content/uploads/2022/05/Vertical-Sliding-System-Hero-768x768.png.",Sliding,EA,USD,https://claridgeproducts.com/product/vertical-sliding-system/
Claridge,810CS,Visual Display Board,101100,"Vertical Sliding System (Claridge). Vertical Sliding Units offer ideal visual communication solutions where large visual display surfaces are required but space is limited. Manually Operated Floor Mounted Size 120"" x 96"" Weight Dependent on Materials and Number of Panels. Spec sheet: https://claridgeproducts.com/wp-content/uploads/2023/09/Vertical-Sliding-System-Tech_Data.pdf. Image: https://claridgeproducts.com/wp-content/uploads/2022/05/Vertical-Sliding-System-Hero-768x768.png.",Sliding,EA,USD,https://claridgeproducts.com/product/vertical-sliding-system/
Claridge,1010CS,Visual Display Board,101100,"Vertical Sliding System (Claridge). Vertical Sliding Units offer ideal visual communication solutions where large visual display surfaces are required but space is limited. Manually Operated Floor Mounted Size 120"" x 120"" Weight Dependent on Materials and Number of Panels. Spec sheet: https://claridgeproducts.com/wp-content/uploads/2023/09/Vertical-Sliding-System-Tech_Data.pdf. Image: https://claridgeproducts.com/wp-content/uploads/2022/05/Vertical-Sliding-System-Hero-768x768.png.",Sliding,EA,USD,https://claridgeproducts.com/product/vertical-sliding-system/
Claridge,1210CS,Visual Display Board,101100,"Vertical Sliding System (Claridge). Vertical Sliding Units offer ideal visual communication solutions where large visual display surfaces are required but space is limited. Manually Operated Floor Mounted Size 120"" x 144"" Weight Dependent on Materials and Number of Panels. Spec sheet: https://claridgeproducts.com/wp-content/uploads/2023/09/Vertical-Sliding-System-Tech_Data.pdf. Image: https://claridgeproducts.com/wp-content/uploads/2022/05/Vertical-Sliding-System-Hero-768x768.png.",Sliding,EA,USD,https://claridgeproducts.com/product/vertical-sliding-system/
Claridge,1410CS,Visual Display Board,101100,"Vertical Sliding System (Claridge). Vertical Sliding Units offer ideal visual communication solutions where large visual display surfaces are required but space is limited. Manually Operated Floor Mounted Size 120"" x 168"" Weight Dependent on Materials and Number of Panels. Spec sheet: https://claridgeproducts.com/wp-content/uploads/2023/09/Vertical-Sliding-System-Tech_Data.pdf. Image: https://claridgeproducts.com/wp-content/uploads/2022/05/Vertical-Sliding-System-Hero-768x768.png.",Sliding,EA,USD,https://claridgeproducts.com/product/vertical-sliding-system/
Claridge,1610CS,Visual Display Board,101100,"Vertical Sliding System (Claridge). Vertical Sliding Units offer ideal visual communication solutions where large visual display surfaces are required but space is limited. Manually Operated Floor Mounted Size 120"" x 192"" Weight Dependent on Materials and Number of Panels. Spec sheet: https://claridgeproducts.com/wp-content/uploads/2023/09/Vertical-Sliding-System-Tech_Data.pdf. Image: https://claridgeproducts.com/wp-content/uploads/2022/05/Vertical-Sliding-System-Hero-768x768.png.",Sliding,EA,USD,https://claridgeproducts.com/product/vertical-sliding-system/
Claridge,410MO,Visual Display Board,101100,"Vertical Sliding System (Claridge). Vertical Sliding Units offer ideal visual communication solutions where large visual display surfaces are required but space is limited. Motor Operated Floor Mounted Size 120"" x 48"" Weight Dependent on Materials and Number of Panels. Spec sheet: https://claridgeproducts.com/wp-content/uploads/2023/09/Vertical-Sliding-System-Tech_Data.pdf. Image: https://claridgeproducts.com/wp-content/uploads/2022/05/Vertical-Sliding-System-Hero-768x768.png.",Sliding,EA,USD,https://claridgeproducts.com/product/vertical-sliding-system/
Claridge,510MO,Visual Display Board,101100,"Vertical Sliding System (Claridge). Vertical Sliding Units offer ideal visual communication solutions where large visual display surfaces are required but space is limited. Motor Operated Floor Mounted Size 120"" x 60"" Weight Dependent on Materials and Number of Panels. Spec sheet: https://claridgeproducts.com/wp-content/uploads/2023/09/Vertical-Sliding-System-Tech_Data.pdf. Image: https://claridgeproducts.com/wp-content/uploads/2022/05/Vertical-Sliding-System-Hero-768x768.png.",Sliding,EA,USD,https://claridgeproducts.com/product/vertical-sliding-system/
Claridge,610MO,Visual Display Board,101100,"Vertical Sliding System (Claridge). Vertical Sliding Units offer ideal visual communication solutions where large visual display surfaces are required but space is limited. Motor Operated Floor Mounted Size 120"" x 72"" Weight Dependent on Materials and Number of Panels. Spec sheet: https://claridgeproducts.com/wp-content/uploads/2023/09/Vertical-Sliding-System-Tech_Data.pdf. Image: https://claridgeproducts.com/wp-content/uploads/2022/05/Vertical-Sliding-System-Hero-768x768.png.",Sliding,EA,USD,https://claridgeproducts.com/product/vertical-sliding-system/
Claridge,810MO,Visual Display Board,101100,"Vertical Sliding System (Claridge). Vertical Sliding Units offer ideal visual communication solutions where large visual display surfaces are required but space is limited. Motor Operated Floor Mounted Size 120"" x 96"" Weight Dependent on Materials and Number of Panels. Spec sheet: https://claridgeproducts.com/wp-content/uploads/2023/09/Vertical-Sliding-System-Tech_Data.pdf. Image: https://claridgeproducts.com/wp-content/uploads/2022/05/Vertical-Sliding-System-Hero-768x768.png.",Sliding,EA,USD,https://claridgeproducts.com/product/vertical-sliding-system/
Claridge,1010MO,Visual Display Board,101100,"Vertical Sliding System (Claridge). Vertical Sliding Units offer ideal visual communication solutions where large visual display surfaces are required but space is limited. Motor Operated Floor Mounted Size 120"" x 120"" Weight Dependent on Materials and Number of Panels. Spec sheet: https://claridgeproducts.com/wp-content/uploads/2023/09/Vertical-Sliding-System-Tech_Data.pdf. Image: https://claridgeproducts.com/wp-content/uploads/2022/05/Vertical-Sliding-System-Hero-768x768.png.",Sliding,EA,USD,https://claridgeproducts.com/product/vertical-sliding-system/
Claridge,1210MO,Visual Display Board,101100,"Vertical Sliding System (Claridge). Vertical Sliding Units offer ideal visual communication solutions where large visual display surfaces are required but space is limited. Motor Operated Floor Mounted Size 120"" x 144"" Weight Dependent on Materials and Number of Panels. Spec sheet: https://claridgeproducts.com/wp-content/uploads/2023/09/Vertical-Sliding-System-Tech_Data.pdf. Image: https://claridgeproducts.com/wp-content/uploads/2022/05/Vertical-Sliding-System-Hero-768x768.png.",Sliding,EA,USD,https://claridgeproducts.com/product/vertical-sliding-system/
Claridge,1410MO,Visual Display Board,101100,"Vertical Sliding System (Claridge). Vertical Sliding Units offer ideal visual communication solutions where large visual display surfaces are required but space is limited. Motor Operated Floor Mounted Size 120"" x 168"" Weight Dependent on Materials and Number of Panels. Spec sheet: https://claridgeproducts.com/wp-content/uploads/2023/09/Vertical-Sliding-System-Tech_Data.pdf. Image: https://claridgeproducts.com/wp-content/uploads/2022/05/Vertical-Sliding-System-Hero-768x768.png.",Sliding,EA,USD,https://claridgeproducts.com/product/vertical-sliding-system/
Claridge,1610MO,Visual Display Board,101100,"Vertical Sliding System (Claridge). Vertical Sliding Units offer ideal visual communication solutions where large visual display surfaces are required but space is limited. Motor Operated Floor Mounted Size 120"" x 192"" Weight Dependent on Materials and Number of Panels. Spec sheet: https://claridgeproducts.com/wp-content/uploads/2023/09/Vertical-Sliding-System-Tech_Data.pdf. Image: https://claridgeproducts.com/wp-content/uploads/2022/05/Vertical-Sliding-System-Hero-768x768.png.",Sliding,EA,USD,https://claridgeproducts.com/product/vertical-sliding-system/
Claridge,48CSW,Visual Display Board,101100,"Vertical Sliding System (Claridge). Vertical Sliding Units offer ideal visual communication solutions where large visual display surfaces are required but space is limited. Wall Mounted Size 96"" x 48"" Weight Dependent on Materials and Number of Panels. Spec sheet: https://claridgeproducts.com/wp-content/uploads/2023/09/Vertical-Sliding-System-Tech_Data.pdf. Image: https://claridgeproducts.com/wp-content/uploads/2022/05/Vertical-Sliding-System-Hero-768x768.png.",Sliding,EA,USD,https://claridgeproducts.com/product/vertical-sliding-system/
Claridge,68CSW,Visual Display Board,101100,"Vertical Sliding System (Claridge). Vertical Sliding Units offer ideal visual communication solutions where large visual display surfaces are required but space is limited. Wall Mounted Size 96"" x 72"" Weight Dependent on Materials and Number of Panels. Spec sheet: https://claridgeproducts.com/wp-content/uploads/2023/09/Vertical-Sliding-System-Tech_Data.pdf. Image: https://claridgeproducts.com/wp-content/uploads/2022/05/Vertical-Sliding-System-Hero-768x768.png.",Sliding,EA,USD,https://claridgeproducts.com/product/vertical-sliding-system/
Claridge,88CSW,Visual Display Board,101100,"Vertical Sliding System (Claridge). Vertical Sliding Units offer ideal visual communication solutions where large visual display surfaces are required but space is limited. Wall Mounted Size 96"" x 96"" Weight Dependent on Materials and Number of Panels. Spec sheet: https://claridgeproducts.com/wp-content/uploads/2023/09/Vertical-Sliding-System-Tech_Data.pdf. Image: https://claridgeproducts.com/wp-content/uploads/2022/05/Vertical-Sliding-System-Hero-768x768.png.",Sliding,EA,USD,https://claridgeproducts.com/product/vertical-sliding-system/
Claridge,108CSW,Visual Display Board,101100,"Vertical Sliding System (Claridge). Vertical Sliding Units offer ideal visual communication solutions where large visual display surfaces are required but space is limited. Wall Mounted Size 96"" x 120"" Weight Dependent on Materials and Number of Panels. Spec sheet: https://claridgeproducts.com/wp-content/uploads/2023/09/Vertical-Sliding-System-Tech_Data.pdf. Image: https://claridgeproducts.com/wp-content/uploads/2022/05/Vertical-Sliding-System-Hero-768x768.png.",Sliding,EA,USD,https://claridgeproducts.com/product/vertical-sliding-system/
Claridge,128CSW,Visual Display Board,101100,"Vertical Sliding System (Claridge). Vertical Sliding Units offer ideal visual communication solutions where large visual display surfaces are required but space is limited. Wall Mounted Size 96"" x 144"" Weight Dependent on Materials and Number of Panels. Spec sheet: https://claridgeproducts.com/wp-content/uploads/2023/09/Vertical-Sliding-System-Tech_Data.pdf. Image: https://claridgeproducts.com/wp-content/uploads/2022/05/Vertical-Sliding-System-Hero-768x768.png.",Sliding,EA,USD,https://claridgeproducts.com/product/vertical-sliding-system/
Claridge,168CSW,Visual Display Board,101100,"Vertical Sliding System (Claridge). Vertical Sliding Units offer ideal visual communication solutions where large visual display surfaces are required but space is limited. Wall Mounted Size 96"" x 192"" Weight Dependent on Materials and Number of Panels. Spec sheet: https://claridgeproducts.com/wp-content/uploads/2023/09/Vertical-Sliding-System-Tech_Data.pdf. Image: https://claridgeproducts.com/wp-content/uploads/2022/05/Vertical-Sliding-System-Hero-768x768.png.",Sliding,EA,USD,https://claridgeproducts.com/product/vertical-sliding-system/
Claridge,Horizontal Sliding System,Visual Display Board,101100,"Horizontal Sliding System (Claridge). Horizontal Sliding Units are custom-built to meet your needs, providing optimum display surfaces within easy reach for teaching, conferences, and training. Product family / series listing from Claridge All Products. Spec sheet: https://claridgeproducts.com/wp-content/uploads/2023/09/Horizontal-Sliding-System-Tech-Data.pdf. Image: https://claridgeproducts.com/wp-content/uploads/2020/05/Horizontal-Sliding-System-HERO-768x763.webp.",Sliding,EA,USD,https://claridgeproducts.com/product/horizontal-sliding-system/
Claridge,HS46,Visual Display Board,101100,"Horizontal Sliding System (Claridge). Horizontal Sliding Units are custom-built to meet your needs, providing optimum display surfaces within easy reach for teaching, conferences, and training. Horizontal Sliding System Product Codes Size 48"" x 72"" Weight Dependent on Materials and Number of Panels and Tracks. Spec sheet: https://claridgeproducts.com/wp-content/uploads/2023/09/Horizontal-Sliding-System-Tech-Data.pdf. Image: https://claridgeproducts.com/wp-content/uploads/2020/05/Horizontal-Sliding-System-HERO-768x763.webp.",Sliding,EA,USD,https://claridgeproducts.com/product/horizontal-sliding-system/
Claridge,HS48,Visual Display Board,101100,"Horizontal Sliding System (Claridge). Horizontal Sliding Units are custom-built to meet your needs, providing optimum display surfaces within easy reach for teaching, conferences, and training. Horizontal Sliding System Product Codes Size 48"" x 96"" Weight Dependent on Materials and Number of Panels and Tracks. Spec sheet: https://claridgeproducts.com/wp-content/uploads/2023/09/Horizontal-Sliding-System-Tech-Data.pdf. Image: https://claridgeproducts.com/wp-content/uploads/2020/05/Horizontal-Sliding-System-HERO-768x763.webp.",Sliding,EA,USD,https://claridgeproducts.com/product/horizontal-sliding-system/
Claridge,HS410,Visual Display Board,101100,"Horizontal Sliding System (Claridge). Horizontal Sliding Units are custom-built to meet your needs, providing optimum display surfaces within easy reach for teaching, conferences, and training. Horizontal Sliding System Product Codes Size 48"" x 120"" Weight Dependent on Materials and Number of Panels and Tracks. Spec sheet: https://claridgeproducts.com/wp-content/uploads/2023/09/Horizontal-Sliding-System-Tech-Data.pdf. Image: https://claridgeproducts.com/wp-content/uploads/2020/05/Horizontal-Sliding-System-HERO-768x763.webp.",Sliding,EA,USD,https://claridgeproducts.com/product/horizontal-sliding-system/
Claridge,HS412,Visual Display Board,101100,"Horizontal Sliding System (Claridge). Horizontal Sliding Units are custom-built to meet your needs, providing optimum display surfaces within easy reach for teaching, conferences, and training. Horizontal Sliding System Product Codes Size 48"" x 144"" Weight Dependent on Materials and Number of Panels and Tracks. Spec sheet: https://claridgeproducts.com/wp-content/uploads/2023/09/Horizontal-Sliding-System-Tech-Data.pdf. Image: https://claridgeproducts.com/wp-content/uploads/2020/05/Horizontal-Sliding-System-HERO-768x763.webp.",Sliding,EA,USD,https://claridgeproducts.com/product/horizontal-sliding-system/
Claridge,HS414,Visual Display Board,101100,"Horizontal Sliding System (Claridge). Horizontal Sliding Units are custom-built to meet your needs, providing optimum display surfaces within easy reach for teaching, conferences, and training. Horizontal Sliding System Product Codes Size 48"" x 168"" Weight Dependent on Materials and Number of Panels and Tracks. Spec sheet: https://claridgeproducts.com/wp-content/uploads/2023/09/Horizontal-Sliding-System-Tech-Data.pdf. Image: https://claridgeproducts.com/wp-content/uploads/2020/05/Horizontal-Sliding-System-HERO-768x763.webp.",Sliding,EA,USD,https://claridgeproducts.com/product/horizontal-sliding-system/
Claridge,HS416,Visual Display Board,101100,"Horizontal Sliding System (Claridge). Horizontal Sliding Units are custom-built to meet your needs, providing optimum display surfaces within easy reach for teaching, conferences, and training. Horizontal Sliding System Product Codes Size 48"" x 192"" Weight Dependent on Materials and Number of Panels and Tracks. Spec sheet: https://claridgeproducts.com/wp-content/uploads/2023/09/Horizontal-Sliding-System-Tech-Data.pdf. Image: https://claridgeproducts.com/wp-content/uploads/2020/05/Horizontal-Sliding-System-HERO-768x763.webp.",Sliding,EA,USD,https://claridgeproducts.com/product/horizontal-sliding-system/
Claridge,HS420,Visual Display Board,101100,"Horizontal Sliding System (Claridge). Horizontal Sliding Units are custom-built to meet your needs, providing optimum display surfaces within easy reach for teaching, conferences, and training. Horizontal Sliding System Product Codes Size 48"" x 240"" Weight Dependent on Materials and Number of Panels and Tracks. Spec sheet: https://claridgeproducts.com/wp-content/uploads/2023/09/Horizontal-Sliding-System-Tech-Data.pdf. Image: https://claridgeproducts.com/wp-content/uploads/2020/05/Horizontal-Sliding-System-HERO-768x763.webp.",Sliding,EA,USD,https://claridgeproducts.com/product/horizontal-sliding-system/
Claridge,HS424,Visual Display Board,101100,"Horizontal Sliding System (Claridge). Horizontal Sliding Units are custom-built to meet your needs, providing optimum display surfaces within easy reach for teaching, conferences, and training. Horizontal Sliding System Product Codes Size 48"" x 288"" Weight Dependent on Materials and Number of Panels and Tracks. Spec sheet: https://claridgeproducts.com/wp-content/uploads/2023/09/Horizontal-Sliding-System-Tech-Data.pdf. Image: https://claridgeproducts.com/wp-content/uploads/2020/05/Horizontal-Sliding-System-HERO-768x763.webp.",Sliding,EA,USD,https://claridgeproducts.com/product/horizontal-sliding-system/
Claridge,Classic Bulletin Board Cabinet,Display Case,101200,Classic Bulletin Board Cabinet (Claridge). Radius edge cabinet is constructed of 1-1/2” x 3” hollow tube perimeter trim with clear anodized finish. Product family / series listing from Claridge All Products. Spec sheet: https://claridgeproducts.com/wp-content/uploads/2023/09/Classic-Bulletin-Board-Cabinet-Tech-Data.pdf. Image: https://claridgeproducts.com/wp-content/uploads/2020/05/Classic-Series-Hero-Web-768x768.png.,,EA,USD,https://claridgeproducts.com/product/classic-bulletin-board-cabinet/
Claridge,1023,Display Case,101200,"Classic Bulletin Board Cabinet (Claridge). Radius edge cabinet is constructed of 1-1/2” x 3” hollow tube perimeter trim with clear anodized finish. Product Codes - Classic Bulletin Board Cabinet Size 36"" x 48"" (2 Doors) Weight 86 lbs. Spec sheet: https://claridgeproducts.com/wp-content/uploads/2023/09/Classic-Bulletin-Board-Cabinet-Tech-Data.pdf. Image: https://claridgeproducts.com/wp-content/uploads/2020/05/Classic-Series-Hero-Web-768x768.png.",,EA,USD,https://claridgeproducts.com/product/classic-bulletin-board-cabinet/
Claridge,1024,Display Case,101200,"Classic Bulletin Board Cabinet (Claridge). Radius edge cabinet is constructed of 1-1/2” x 3” hollow tube perimeter trim with clear anodized finish. Product Codes - Classic Bulletin Board Cabinet Size 48"" x 48"" (2 Doors) Weight 116 lbs. Spec sheet: https://claridgeproducts.com/wp-content/uploads/2023/09/Classic-Bulletin-Board-Cabinet-Tech-Data.pdf. Image: https://claridgeproducts.com/wp-content/uploads/2020/05/Classic-Series-Hero-Web-768x768.png.",,EA,USD,https://claridgeproducts.com/product/classic-bulletin-board-cabinet/
Claridge,1025,Display Case,101200,"Classic Bulletin Board Cabinet (Claridge). Radius edge cabinet is constructed of 1-1/2” x 3” hollow tube perimeter trim with clear anodized finish. Product Codes - Classic Bulletin Board Cabinet Size 48"" x 60"" (2 Doors) Weight 148 lbs. Spec sheet: https://claridgeproducts.com/wp-content/uploads/2023/09/Classic-Bulletin-Board-Cabinet-Tech-Data.pdf. Image: https://claridgeproducts.com/wp-content/uploads/2020/05/Classic-Series-Hero-Web-768x768.png.",,EA,USD,https://claridgeproducts.com/product/classic-bulletin-board-cabinet/
Claridge,1026,Display Case,101200,"Classic Bulletin Board Cabinet (Claridge). Radius edge cabinet is constructed of 1-1/2” x 3” hollow tube perimeter trim with clear anodized finish. Product Codes - Classic Bulletin Board Cabinet Size 48"" x 72"" (2 Doors) Weight 178 lbs. Spec sheet: https://claridgeproducts.com/wp-content/uploads/2023/09/Classic-Bulletin-Board-Cabinet-Tech-Data.pdf. Image: https://claridgeproducts.com/wp-content/uploads/2020/05/Classic-Series-Hero-Web-768x768.png.",,EA,USD,https://claridgeproducts.com/product/classic-bulletin-board-cabinet/
Claridge,1028,Display Case,101200,"Classic Bulletin Board Cabinet (Claridge). Radius edge cabinet is constructed of 1-1/2” x 3” hollow tube perimeter trim with clear anodized finish. Product Codes - Classic Bulletin Board Cabinet Size 48"" x 96"" (4 Doors) Weight 232 lbs. Spec sheet: https://claridgeproducts.com/wp-content/uploads/2023/09/Classic-Bulletin-Board-Cabinet-Tech-Data.pdf. Image: https://claridgeproducts.com/wp-content/uploads/2020/05/Classic-Series-Hero-Web-768x768.png.",,EA,USD,https://claridgeproducts.com/product/classic-bulletin-board-cabinet/
Claridge,Contemporary Bulletin Board Cabinet,Display Case,101200,Contemporary Bulletin Board Cabinet (Claridge). The Contemporary Bulletin Board Cabinet features a sleek aluminum housing with a clear anodized finish and locking tempered glass doors for safety. Product family / series listing from Claridge All Products. Spec sheet: https://claridgeproducts.com/wp-content/uploads/2023/09/Contemporary-Bulletin-Board-Cabinets-Tech-Data.pdf. Image: https://claridgeproducts.com/wp-content/uploads/2020/05/Contemporary-Series-Hero-Web-768x768.png.,,EA,USD,https://claridgeproducts.com/product/contemporary-bulletin-board-cabinet/
Claridge,2035,Display Case,101200,Contemporary Bulletin Board Cabinet (Claridge). The Contemporary Bulletin Board Cabinet features a sleek aluminum housing with a clear anodized finish and locking tempered glass doors for safety. Hinged Door Size 36″ x 24″ (1 Door) Weight 42 lbs. Spec sheet: https://claridgeproducts.com/wp-content/uploads/2023/09/Contemporary-Bulletin-Board-Cabinets-Tech-Data.pdf. Image: https://claridgeproducts.com/wp-content/uploads/2020/05/Contemporary-Series-Hero-Web-768x768.png.,,EA,USD,https://claridgeproducts.com/product/contemporary-bulletin-board-cabinet/
Claridge,2036,Display Case,101200,"Contemporary Bulletin Board Cabinet (Claridge). The Contemporary Bulletin Board Cabinet features a sleek aluminum housing with a clear anodized finish and locking tempered glass doors for safety. Hinged Door Size 36″ x 30"" (1 Door) Weight 45 lbs. Spec sheet: https://claridgeproducts.com/wp-content/uploads/2023/09/Contemporary-Bulletin-Board-Cabinets-Tech-Data.pdf. Image: https://claridgeproducts.com/wp-content/uploads/2020/05/Contemporary-Series-Hero-Web-768x768.png.",,EA,USD,https://claridgeproducts.com/product/contemporary-bulletin-board-cabinet/
Claridge,2037,Display Case,101200,Contemporary Bulletin Board Cabinet (Claridge). The Contemporary Bulletin Board Cabinet features a sleek aluminum housing with a clear anodized finish and locking tempered glass doors for safety. Hinged Door Size 36″x 36″ (1 Door) Weight 54 lbs. Spec sheet: https://claridgeproducts.com/wp-content/uploads/2023/09/Contemporary-Bulletin-Board-Cabinets-Tech-Data.pdf. Image: https://claridgeproducts.com/wp-content/uploads/2020/05/Contemporary-Series-Hero-Web-768x768.png.,,EA,USD,https://claridgeproducts.com/product/contemporary-bulletin-board-cabinet/
Claridge,2038,Display Case,101200,"Contemporary Bulletin Board Cabinet (Claridge). The Contemporary Bulletin Board Cabinet features a sleek aluminum housing with a clear anodized finish and locking tempered glass doors for safety. Hinged Door Size 42″ x 30"" (1 Door) Weight 53 lbs. Spec sheet: https://claridgeproducts.com/wp-content/uploads/2023/09/Contemporary-Bulletin-Board-Cabinets-Tech-Data.pdf. Image: https://claridgeproducts.com/wp-content/uploads/2020/05/Contemporary-Series-Hero-Web-768x768.png.",,EA,USD,https://claridgeproducts.com/product/contemporary-bulletin-board-cabinet/
Claridge,2039,Display Case,101200,Contemporary Bulletin Board Cabinet (Claridge). The Contemporary Bulletin Board Cabinet features a sleek aluminum housing with a clear anodized finish and locking tempered glass doors for safety. Hinged Door Size 42″ x 36″ (1 Door) Weight 63 lbs. Spec sheet: https://claridgeproducts.com/wp-content/uploads/2023/09/Contemporary-Bulletin-Board-Cabinets-Tech-Data.pdf. Image: https://claridgeproducts.com/wp-content/uploads/2020/05/Contemporary-Series-Hero-Web-768x768.png.,,EA,USD,https://claridgeproducts.com/product/contemporary-bulletin-board-cabinet/
Claridge,2040,Display Case,101200,"Contemporary Bulletin Board Cabinet (Claridge). The Contemporary Bulletin Board Cabinet features a sleek aluminum housing with a clear anodized finish and locking tempered glass doors for safety. Hinged Door Size 48"" x 48"" (2 Doors) Weight 96 lbs. Spec sheet: https://claridgeproducts.com/wp-content/uploads/2023/09/Contemporary-Bulletin-Board-Cabinets-Tech-Data.pdf. Image: https://claridgeproducts.com/wp-content/uploads/2020/05/Contemporary-Series-Hero-Web-768x768.png.",,EA,USD,https://claridgeproducts.com/product/contemporary-bulletin-board-cabinet/
Claridge,2041,Display Case,101200,"Contemporary Bulletin Board Cabinet (Claridge). The Contemporary Bulletin Board Cabinet features a sleek aluminum housing with a clear anodized finish and locking tempered glass doors for safety. Hinged Door Size 36"" x 48"" (2 Doors) Weight 72 lbs. Spec sheet: https://claridgeproducts.com/wp-content/uploads/2023/09/Contemporary-Bulletin-Board-Cabinets-Tech-Data.pdf. Image: https://claridgeproducts.com/wp-content/uploads/2020/05/Contemporary-Series-Hero-Web-768x768.png.",,EA,USD,https://claridgeproducts.com/product/contemporary-bulletin-board-cabinet/
Claridge,2042,Display Case,101200,"Contemporary Bulletin Board Cabinet (Claridge). The Contemporary Bulletin Board Cabinet features a sleek aluminum housing with a clear anodized finish and locking tempered glass doors for safety. Hinged Door Size 42"" x 60"" (2 Doors) Weight 105 lbs. Spec sheet: https://claridgeproducts.com/wp-content/uploads/2023/09/Contemporary-Bulletin-Board-Cabinets-Tech-Data.pdf. Image: https://claridgeproducts.com/wp-content/uploads/2020/05/Contemporary-Series-Hero-Web-768x768.png.",,EA,USD,https://claridgeproducts.com/product/contemporary-bulletin-board-cabinet/
Claridge,2043,Display Case,101200,"Contemporary Bulletin Board Cabinet (Claridge). The Contemporary Bulletin Board Cabinet features a sleek aluminum housing with a clear anodized finish and locking tempered glass doors for safety. Hinged Door Size 48"" x 60"" (2 Doors) Weight 120 lbs. Spec sheet: https://claridgeproducts.com/wp-content/uploads/2023/09/Contemporary-Bulletin-Board-Cabinets-Tech-Data.pdf. Image: https://claridgeproducts.com/wp-content/uploads/2020/05/Contemporary-Series-Hero-Web-768x768.png.",,EA,USD,https://claridgeproducts.com/product/contemporary-bulletin-board-cabinet/
Claridge,2044,Display Case,101200,"Contemporary Bulletin Board Cabinet (Claridge). The Contemporary Bulletin Board Cabinet features a sleek aluminum housing with a clear anodized finish and locking tempered glass doors for safety. Hinged Door Size 48"" x 72"" (2 Doors) Weight 144 lbs. Spec sheet: https://claridgeproducts.com/wp-content/uploads/2023/09/Contemporary-Bulletin-Board-Cabinets-Tech-Data.pdf. Image: https://claridgeproducts.com/wp-content/uploads/2020/05/Contemporary-Series-Hero-Web-768x768.png.",,EA,USD,https://claridgeproducts.com/product/contemporary-bulletin-board-cabinet/
Claridge,2046,Display Case,101200,Contemporary Bulletin Board Cabinet (Claridge). The Contemporary Bulletin Board Cabinet features a sleek aluminum housing with a clear anodized finish and locking tempered glass doors for safety. Hinged Door Size 48″ x 96″ (4 Doors) Weight 256 lbs. Spec sheet: https://claridgeproducts.com/wp-content/uploads/2023/09/Contemporary-Bulletin-Board-Cabinets-Tech-Data.pdf. Image: https://claridgeproducts.com/wp-content/uploads/2020/05/Contemporary-Series-Hero-Web-768x768.png.,,EA,USD,https://claridgeproducts.com/product/contemporary-bulletin-board-cabinet/
Claridge,2035S,Display Case,101200,Contemporary Bulletin Board Cabinet (Claridge). The Contemporary Bulletin Board Cabinet features a sleek aluminum housing with a clear anodized finish and locking tempered glass doors for safety. Sliding Door Size 36″ x 24″ (1 Door) Weight 42 lbs. Spec sheet: https://claridgeproducts.com/wp-content/uploads/2023/09/Contemporary-Bulletin-Board-Cabinets-Tech-Data.pdf. Image: https://claridgeproducts.com/wp-content/uploads/2020/05/Contemporary-Series-Hero-Web-768x768.png.,,EA,USD,https://claridgeproducts.com/product/contemporary-bulletin-board-cabinet/
Claridge,2036S,Display Case,101200,"Contemporary Bulletin Board Cabinet (Claridge). The Contemporary Bulletin Board Cabinet features a sleek aluminum housing with a clear anodized finish and locking tempered glass doors for safety. Sliding Door Size 36″ x 30"" (1 Door) Weight 45 lbs. Spec sheet: https://claridgeproducts.com/wp-content/uploads/2023/09/Contemporary-Bulletin-Board-Cabinets-Tech-Data.pdf. Image: https://claridgeproducts.com/wp-content/uploads/2020/05/Contemporary-Series-Hero-Web-768x768.png.",,EA,USD,https://claridgeproducts.com/product/contemporary-bulletin-board-cabinet/
Claridge,2037S,Display Case,101200,Contemporary Bulletin Board Cabinet (Claridge). The Contemporary Bulletin Board Cabinet features a sleek aluminum housing with a clear anodized finish and locking tempered glass doors for safety. Sliding Door Size 36″x 36″ (1 Door) Weight 54 lbs. Spec sheet: https://claridgeproducts.com/wp-content/uploads/2023/09/Contemporary-Bulletin-Board-Cabinets-Tech-Data.pdf. Image: https://claridgeproducts.com/wp-content/uploads/2020/05/Contemporary-Series-Hero-Web-768x768.png.,,EA,USD,https://claridgeproducts.com/product/contemporary-bulletin-board-cabinet/
Claridge,2038S,Display Case,101200,"Contemporary Bulletin Board Cabinet (Claridge). The Contemporary Bulletin Board Cabinet features a sleek aluminum housing with a clear anodized finish and locking tempered glass doors for safety. Sliding Door Size 42″ x 30"" (1 Door) Weight 53 lbs. Spec sheet: https://claridgeproducts.com/wp-content/uploads/2023/09/Contemporary-Bulletin-Board-Cabinets-Tech-Data.pdf. Image: https://claridgeproducts.com/wp-content/uploads/2020/05/Contemporary-Series-Hero-Web-768x768.png.",,EA,USD,https://claridgeproducts.com/product/contemporary-bulletin-board-cabinet/
Claridge,2039S,Display Case,101200,Contemporary Bulletin Board Cabinet (Claridge). The Contemporary Bulletin Board Cabinet features a sleek aluminum housing with a clear anodized finish and locking tempered glass doors for safety. Sliding Door Size 42″ x 36″ (1 Door) Weight 63 lbs. Spec sheet: https://claridgeproducts.com/wp-content/uploads/2023/09/Contemporary-Bulletin-Board-Cabinets-Tech-Data.pdf. Image: https://claridgeproducts.com/wp-content/uploads/2020/05/Contemporary-Series-Hero-Web-768x768.png.,,EA,USD,https://claridgeproducts.com/product/contemporary-bulletin-board-cabinet/
Claridge,2040S,Display Case,101200,"Contemporary Bulletin Board Cabinet (Claridge). The Contemporary Bulletin Board Cabinet features a sleek aluminum housing with a clear anodized finish and locking tempered glass doors for safety. Sliding Door Size 48"" x 48"" (2 Doors) Weight 96 lbs. Spec sheet: https://claridgeproducts.com/wp-content/uploads/2023/09/Contemporary-Bulletin-Board-Cabinets-Tech-Data.pdf. Image: https://claridgeproducts.com/wp-content/uploads/2020/05/Contemporary-Series-Hero-Web-768x768.png.",,EA,USD,https://claridgeproducts.com/product/contemporary-bulletin-board-cabinet/
Claridge,2041S,Display Case,101200,"Contemporary Bulletin Board Cabinet (Claridge). The Contemporary Bulletin Board Cabinet features a sleek aluminum housing with a clear anodized finish and locking tempered glass doors for safety. Sliding Door Size 36"" x 48"" (2 Doors) Weight 72 lbs. Spec sheet: https://claridgeproducts.com/wp-content/uploads/2023/09/Contemporary-Bulletin-Board-Cabinets-Tech-Data.pdf. Image: https://claridgeproducts.com/wp-content/uploads/2020/05/Contemporary-Series-Hero-Web-768x768.png.",,EA,USD,https://claridgeproducts.com/product/contemporary-bulletin-board-cabinet/
Claridge,2042S,Display Case,101200,"Contemporary Bulletin Board Cabinet (Claridge). The Contemporary Bulletin Board Cabinet features a sleek aluminum housing with a clear anodized finish and locking tempered glass doors for safety. Sliding Door Size 42"" x 60"" (2 Doors) Weight 105 lbs. Spec sheet: https://claridgeproducts.com/wp-content/uploads/2023/09/Contemporary-Bulletin-Board-Cabinets-Tech-Data.pdf. Image: https://claridgeproducts.com/wp-content/uploads/2020/05/Contemporary-Series-Hero-Web-768x768.png.",,EA,USD,https://claridgeproducts.com/product/contemporary-bulletin-board-cabinet/
Claridge,2043S,Display Case,101200,"Contemporary Bulletin Board Cabinet (Claridge). The Contemporary Bulletin Board Cabinet features a sleek aluminum housing with a clear anodized finish and locking tempered glass doors for safety. Sliding Door Size 48"" x 60"" (2 Doors) Weight 120 lbs. Spec sheet: https://claridgeproducts.com/wp-content/uploads/2023/09/Contemporary-Bulletin-Board-Cabinets-Tech-Data.pdf. Image: https://claridgeproducts.com/wp-content/uploads/2020/05/Contemporary-Series-Hero-Web-768x768.png.",,EA,USD,https://claridgeproducts.com/product/contemporary-bulletin-board-cabinet/
Claridge,2044S,Display Case,101200,"Contemporary Bulletin Board Cabinet (Claridge). The Contemporary Bulletin Board Cabinet features a sleek aluminum housing with a clear anodized finish and locking tempered glass doors for safety. Sliding Door Size 48"" x 72"" (2 Doors) Weight 144 lbs. Spec sheet: https://claridgeproducts.com/wp-content/uploads/2023/09/Contemporary-Bulletin-Board-Cabinets-Tech-Data.pdf. Image: https://claridgeproducts.com/wp-content/uploads/2020/05/Contemporary-Series-Hero-Web-768x768.png.",,EA,USD,https://claridgeproducts.com/product/contemporary-bulletin-board-cabinet/
Claridge,2046S,Display Case,101200,Contemporary Bulletin Board Cabinet (Claridge). The Contemporary Bulletin Board Cabinet features a sleek aluminum housing with a clear anodized finish and locking tempered glass doors for safety. Sliding Door Size 48″ x 96″ (4 Doors) Weight 256 lbs. Spec sheet: https://claridgeproducts.com/wp-content/uploads/2023/09/Contemporary-Bulletin-Board-Cabinets-Tech-Data.pdf. Image: https://claridgeproducts.com/wp-content/uploads/2020/05/Contemporary-Series-Hero-Web-768x768.png.,,EA,USD,https://claridgeproducts.com/product/contemporary-bulletin-board-cabinet/
Claridge,3035H,Display Case,101200,Contemporary Bulletin Board Cabinet (Claridge). The Contemporary Bulletin Board Cabinet features a sleek aluminum housing with a clear anodized finish and locking tempered glass doors for safety. Hinged Door w/ Header Size 36″ x 24″ (1 Door) Weight 42 lbs. Spec sheet: https://claridgeproducts.com/wp-content/uploads/2023/09/Contemporary-Bulletin-Board-Cabinets-Tech-Data.pdf. Image: https://claridgeproducts.com/wp-content/uploads/2020/05/Contemporary-Series-Hero-Web-768x768.png.,,EA,USD,https://claridgeproducts.com/product/contemporary-bulletin-board-cabinet/
Claridge,3036H,Display Case,101200,"Contemporary Bulletin Board Cabinet (Claridge). The Contemporary Bulletin Board Cabinet features a sleek aluminum housing with a clear anodized finish and locking tempered glass doors for safety. Hinged Door w/ Header Size 36″ x 30"" (1 Door) Weight 45 lbs. Spec sheet: https://claridgeproducts.com/wp-content/uploads/2023/09/Contemporary-Bulletin-Board-Cabinets-Tech-Data.pdf. Image: https://claridgeproducts.com/wp-content/uploads/2020/05/Contemporary-Series-Hero-Web-768x768.png.",,EA,USD,https://claridgeproducts.com/product/contemporary-bulletin-board-cabinet/
Claridge,3037H,Display Case,101200,Contemporary Bulletin Board Cabinet (Claridge). The Contemporary Bulletin Board Cabinet features a sleek aluminum housing with a clear anodized finish and locking tempered glass doors for safety. Hinged Door w/ Header Size 36″x 36″ (1 Door) Weight 54 lbs. Spec sheet: https://claridgeproducts.com/wp-content/uploads/2023/09/Contemporary-Bulletin-Board-Cabinets-Tech-Data.pdf. Image: https://claridgeproducts.com/wp-content/uploads/2020/05/Contemporary-Series-Hero-Web-768x768.png.,,EA,USD,https://claridgeproducts.com/product/contemporary-bulletin-board-cabinet/
Claridge,3038H,Display Case,101200,"Contemporary Bulletin Board Cabinet (Claridge). The Contemporary Bulletin Board Cabinet features a sleek aluminum housing with a clear anodized finish and locking tempered glass doors for safety. Hinged Door w/ Header Size 42″ x 30"" (1 Door) Weight 53 lbs. Spec sheet: https://claridgeproducts.com/wp-content/uploads/2023/09/Contemporary-Bulletin-Board-Cabinets-Tech-Data.pdf. Image: https://claridgeproducts.com/wp-content/uploads/2020/05/Contemporary-Series-Hero-Web-768x768.png.",,EA,USD,https://claridgeproducts.com/product/contemporary-bulletin-board-cabinet/
Claridge,3039H,Display Case,101200,Contemporary Bulletin Board Cabinet (Claridge). The Contemporary Bulletin Board Cabinet features a sleek aluminum housing with a clear anodized finish and locking tempered glass doors for safety. Hinged Door w/ Header Size 42″ x 36″ (1 Door) Weight 63 lbs. Spec sheet: https://claridgeproducts.com/wp-content/uploads/2023/09/Contemporary-Bulletin-Board-Cabinets-Tech-Data.pdf. Image: https://claridgeproducts.com/wp-content/uploads/2020/05/Contemporary-Series-Hero-Web-768x768.png.,,EA,USD,https://claridgeproducts.com/product/contemporary-bulletin-board-cabinet/
Claridge,3040H,Display Case,101200,"Contemporary Bulletin Board Cabinet (Claridge). The Contemporary Bulletin Board Cabinet features a sleek aluminum housing with a clear anodized finish and locking tempered glass doors for safety. Hinged Door w/ Header Size 48"" x 48"" (2 Doors) Weight 96 lbs. Spec sheet: https://claridgeproducts.com/wp-content/uploads/2023/09/Contemporary-Bulletin-Board-Cabinets-Tech-Data.pdf. Image: https://claridgeproducts.com/wp-content/uploads/2020/05/Contemporary-Series-Hero-Web-768x768.png.",,EA,USD,https://claridgeproducts.com/product/contemporary-bulletin-board-cabinet/
Claridge,3041H,Display Case,101200,"Contemporary Bulletin Board Cabinet (Claridge). The Contemporary Bulletin Board Cabinet features a sleek aluminum housing with a clear anodized finish and locking tempered glass doors for safety. Hinged Door w/ Header Size 36"" x 48"" (2 Doors) Weight 72 lbs. Spec sheet: https://claridgeproducts.com/wp-content/uploads/2023/09/Contemporary-Bulletin-Board-Cabinets-Tech-Data.pdf. Image: https://claridgeproducts.com/wp-content/uploads/2020/05/Contemporary-Series-Hero-Web-768x768.png.",,EA,USD,https://claridgeproducts.com/product/contemporary-bulletin-board-cabinet/
Claridge,3042H,Display Case,101200,"Contemporary Bulletin Board Cabinet (Claridge). The Contemporary Bulletin Board Cabinet features a sleek aluminum housing with a clear anodized finish and locking tempered glass doors for safety. Hinged Door w/ Header Size 42"" x 60"" (2 Doors) Weight 105 lbs. Spec sheet: https://claridgeproducts.com/wp-content/uploads/2023/09/Contemporary-Bulletin-Board-Cabinets-Tech-Data.pdf. Image: https://claridgeproducts.com/wp-content/uploads/2020/05/Contemporary-Series-Hero-Web-768x768.png.",,EA,USD,https://claridgeproducts.com/product/contemporary-bulletin-board-cabinet/
Claridge,3043H,Display Case,101200,"Contemporary Bulletin Board Cabinet (Claridge). The Contemporary Bulletin Board Cabinet features a sleek aluminum housing with a clear anodized finish and locking tempered glass doors for safety. Hinged Door w/ Header Size 48"" x 60"" (2 Doors) Weight 120 lbs. Spec sheet: https://claridgeproducts.com/wp-content/uploads/2023/09/Contemporary-Bulletin-Board-Cabinets-Tech-Data.pdf. Image: https://claridgeproducts.com/wp-content/uploads/2020/05/Contemporary-Series-Hero-Web-768x768.png.",,EA,USD,https://claridgeproducts.com/product/contemporary-bulletin-board-cabinet/
Claridge,3044H,Display Case,101200,"Contemporary Bulletin Board Cabinet (Claridge). The Contemporary Bulletin Board Cabinet features a sleek aluminum housing with a clear anodized finish and locking tempered glass doors for safety. Hinged Door w/ Header Size 48"" x 72"" (2 Doors) Weight 144 lbs. Spec sheet: https://claridgeproducts.com/wp-content/uploads/2023/09/Contemporary-Bulletin-Board-Cabinets-Tech-Data.pdf. Image: https://claridgeproducts.com/wp-content/uploads/2020/05/Contemporary-Series-Hero-Web-768x768.png.",,EA,USD,https://claridgeproducts.com/product/contemporary-bulletin-board-cabinet/
Claridge,3046H,Display Case,101200,Contemporary Bulletin Board Cabinet (Claridge). The Contemporary Bulletin Board Cabinet features a sleek aluminum housing with a clear anodized finish and locking tempered glass doors for safety. Hinged Door w/ Header Size 48″ x 96″ (4 Doors) Weight 256 lbs. Spec sheet: https://claridgeproducts.com/wp-content/uploads/2023/09/Contemporary-Bulletin-Board-Cabinets-Tech-Data.pdf. Image: https://claridgeproducts.com/wp-content/uploads/2020/05/Contemporary-Series-Hero-Web-768x768.png.,,EA,USD,https://claridgeproducts.com/product/contemporary-bulletin-board-cabinet/
Claridge,3035S,Display Case,101200,Contemporary Bulletin Board Cabinet (Claridge). The Contemporary Bulletin Board Cabinet features a sleek aluminum housing with a clear anodized finish and locking tempered glass doors for safety. Sliding Door w/ Header Size 36″ x 24″ (1 Door) Weight 42 lbs. Spec sheet: https://claridgeproducts.com/wp-content/uploads/2023/09/Contemporary-Bulletin-Board-Cabinets-Tech-Data.pdf. Image: https://claridgeproducts.com/wp-content/uploads/2020/05/Contemporary-Series-Hero-Web-768x768.png.,,EA,USD,https://claridgeproducts.com/product/contemporary-bulletin-board-cabinet/
Claridge,3036S,Display Case,101200,"Contemporary Bulletin Board Cabinet (Claridge). The Contemporary Bulletin Board Cabinet features a sleek aluminum housing with a clear anodized finish and locking tempered glass doors for safety. Sliding Door w/ Header Size 36″ x 30"" (1 Door) Weight 45 lbs. Spec sheet: https://claridgeproducts.com/wp-content/uploads/2023/09/Contemporary-Bulletin-Board-Cabinets-Tech-Data.pdf. Image: https://claridgeproducts.com/wp-content/uploads/2020/05/Contemporary-Series-Hero-Web-768x768.png.",,EA,USD,https://claridgeproducts.com/product/contemporary-bulletin-board-cabinet/
Claridge,3037S,Display Case,101200,Contemporary Bulletin Board Cabinet (Claridge). The Contemporary Bulletin Board Cabinet features a sleek aluminum housing with a clear anodized finish and locking tempered glass doors for safety. Sliding Door w/ Header Size 36″x 36″ (1 Door) Weight 54 lbs. Spec sheet: https://claridgeproducts.com/wp-content/uploads/2023/09/Contemporary-Bulletin-Board-Cabinets-Tech-Data.pdf. Image: https://claridgeproducts.com/wp-content/uploads/2020/05/Contemporary-Series-Hero-Web-768x768.png.,,EA,USD,https://claridgeproducts.com/product/contemporary-bulletin-board-cabinet/
Claridge,3038S,Display Case,101200,"Contemporary Bulletin Board Cabinet (Claridge). The Contemporary Bulletin Board Cabinet features a sleek aluminum housing with a clear anodized finish and locking tempered glass doors for safety. Sliding Door w/ Header Size 42″ x 30"" (1 Door) Weight 53 lbs. Spec sheet: https://claridgeproducts.com/wp-content/uploads/2023/09/Contemporary-Bulletin-Board-Cabinets-Tech-Data.pdf. Image: https://claridgeproducts.com/wp-content/uploads/2020/05/Contemporary-Series-Hero-Web-768x768.png.",,EA,USD,https://claridgeproducts.com/product/contemporary-bulletin-board-cabinet/
Claridge,3039S,Display Case,101200,Contemporary Bulletin Board Cabinet (Claridge). The Contemporary Bulletin Board Cabinet features a sleek aluminum housing with a clear anodized finish and locking tempered glass doors for safety. Sliding Door w/ Header Size 42″ x 36″ (1 Door) Weight 63 lbs. Spec sheet: https://claridgeproducts.com/wp-content/uploads/2023/09/Contemporary-Bulletin-Board-Cabinets-Tech-Data.pdf. Image: https://claridgeproducts.com/wp-content/uploads/2020/05/Contemporary-Series-Hero-Web-768x768.png.,,EA,USD,https://claridgeproducts.com/product/contemporary-bulletin-board-cabinet/
Claridge,3040S,Display Case,101200,"Contemporary Bulletin Board Cabinet (Claridge). The Contemporary Bulletin Board Cabinet features a sleek aluminum housing with a clear anodized finish and locking tempered glass doors for safety. Sliding Door w/ Header Size 48"" x 48"" (2 Doors) Weight 96 lbs. Spec sheet: https://claridgeproducts.com/wp-content/uploads/2023/09/Contemporary-Bulletin-Board-Cabinets-Tech-Data.pdf. Image: https://claridgeproducts.com/wp-content/uploads/2020/05/Contemporary-Series-Hero-Web-768x768.png.",,EA,USD,https://claridgeproducts.com/product/contemporary-bulletin-board-cabinet/
Claridge,3041S,Display Case,101200,"Contemporary Bulletin Board Cabinet (Claridge). The Contemporary Bulletin Board Cabinet features a sleek aluminum housing with a clear anodized finish and locking tempered glass doors for safety. Sliding Door w/ Header Size 36"" x 48"" (2 Doors) Weight 72 lbs. Spec sheet: https://claridgeproducts.com/wp-content/uploads/2023/09/Contemporary-Bulletin-Board-Cabinets-Tech-Data.pdf. Image: https://claridgeproducts.com/wp-content/uploads/2020/05/Contemporary-Series-Hero-Web-768x768.png.",,EA,USD,https://claridgeproducts.com/product/contemporary-bulletin-board-cabinet/
Claridge,3042S,Display Case,101200,"Contemporary Bulletin Board Cabinet (Claridge). The Contemporary Bulletin Board Cabinet features a sleek aluminum housing with a clear anodized finish and locking tempered glass doors for safety. Sliding Door w/ Header Size 42"" x 60"" (2 Doors) Weight 105 lbs. Spec sheet: https://claridgeproducts.com/wp-content/uploads/2023/09/Contemporary-Bulletin-Board-Cabinets-Tech-Data.pdf. Image: https://claridgeproducts.com/wp-content/uploads/2020/05/Contemporary-Series-Hero-Web-768x768.png.",,EA,USD,https://claridgeproducts.com/product/contemporary-bulletin-board-cabinet/
Claridge,3043S,Display Case,101200,"Contemporary Bulletin Board Cabinet (Claridge). The Contemporary Bulletin Board Cabinet features a sleek aluminum housing with a clear anodized finish and locking tempered glass doors for safety. Sliding Door w/ Header Size 48"" x 60"" (2 Doors) Weight 120 lbs. Spec sheet: https://claridgeproducts.com/wp-content/uploads/2023/09/Contemporary-Bulletin-Board-Cabinets-Tech-Data.pdf. Image: https://claridgeproducts.com/wp-content/uploads/2020/05/Contemporary-Series-Hero-Web-768x768.png.",,EA,USD,https://claridgeproducts.com/product/contemporary-bulletin-board-cabinet/
Claridge,3044S,Display Case,101200,"Contemporary Bulletin Board Cabinet (Claridge). The Contemporary Bulletin Board Cabinet features a sleek aluminum housing with a clear anodized finish and locking tempered glass doors for safety. Sliding Door w/ Header Size 48"" x 72"" (2 Doors) Weight 144 lbs. Spec sheet: https://claridgeproducts.com/wp-content/uploads/2023/09/Contemporary-Bulletin-Board-Cabinets-Tech-Data.pdf. Image: https://claridgeproducts.com/wp-content/uploads/2020/05/Contemporary-Series-Hero-Web-768x768.png.",,EA,USD,https://claridgeproducts.com/product/contemporary-bulletin-board-cabinet/
Claridge,3046S,Display Case,101200,Contemporary Bulletin Board Cabinet (Claridge). The Contemporary Bulletin Board Cabinet features a sleek aluminum housing with a clear anodized finish and locking tempered glass doors for safety. Sliding Door w/ Header Size 48″ x 96″ (4 Doors) Weight 256 lbs. Spec sheet: https://claridgeproducts.com/wp-content/uploads/2023/09/Contemporary-Bulletin-Board-Cabinets-Tech-Data.pdf. Image: https://claridgeproducts.com/wp-content/uploads/2020/05/Contemporary-Series-Hero-Web-768x768.png.,,EA,USD,https://claridgeproducts.com/product/contemporary-bulletin-board-cabinet/
Claridge,2153-3,Display Case,101200,"Contemporary Bulletin Board Cabinet (Claridge). The Contemporary Bulletin Board Cabinet features a sleek aluminum housing with a clear anodized finish and locking tempered glass doors for safety. Large Cabinet w/ 3"" Housing Size 60"" x 36"" (1 Door) Weight 180 lbs. Spec sheet: https://claridgeproducts.com/wp-content/uploads/2023/09/Contemporary-Bulletin-Board-Cabinets-Tech-Data.pdf. Image: https://claridgeproducts.com/wp-content/uploads/2020/05/Contemporary-Series-Hero-Web-768x768.png.",,EA,USD,https://claridgeproducts.com/product/contemporary-bulletin-board-cabinet/
Claridge,2156-3,Display Case,101200,"Contemporary Bulletin Board Cabinet (Claridge). The Contemporary Bulletin Board Cabinet features a sleek aluminum housing with a clear anodized finish and locking tempered glass doors for safety. Large Cabinet w/ 3"" Housing Size 60"" x 72"" (2 Pairs of Doors) Weight 300 lbs. Spec sheet: https://claridgeproducts.com/wp-content/uploads/2023/09/Contemporary-Bulletin-Board-Cabinets-Tech-Data.pdf. Image: https://claridgeproducts.com/wp-content/uploads/2020/05/Contemporary-Series-Hero-Web-768x768.png.",,EA,USD,https://claridgeproducts.com/product/contemporary-bulletin-board-cabinet/
Claridge,2164-3,Display Case,101200,"Contemporary Bulletin Board Cabinet (Claridge). The Contemporary Bulletin Board Cabinet features a sleek aluminum housing with a clear anodized finish and locking tempered glass doors for safety. Large Cabinet w/ 3"" Housing Size 72"" x 48"" (1 Door) Weight 250 lbs. Spec sheet: https://claridgeproducts.com/wp-content/uploads/2023/09/Contemporary-Bulletin-Board-Cabinets-Tech-Data.pdf. Image: https://claridgeproducts.com/wp-content/uploads/2020/05/Contemporary-Series-Hero-Web-768x768.png.",,EA,USD,https://claridgeproducts.com/product/contemporary-bulletin-board-cabinet/
Claridge,2168-3,Display Case,101200,"Contemporary Bulletin Board Cabinet (Claridge). The Contemporary Bulletin Board Cabinet features a sleek aluminum housing with a clear anodized finish and locking tempered glass doors for safety. Large Cabinet w/ 3"" Housing Size 72"" x 96"" (2 Pairs of Doors) Weight 500 lbs. Spec sheet: https://claridgeproducts.com/wp-content/uploads/2023/09/Contemporary-Bulletin-Board-Cabinets-Tech-Data.pdf. Image: https://claridgeproducts.com/wp-content/uploads/2020/05/Contemporary-Series-Hero-Web-768x768.png.",,EA,USD,https://claridgeproducts.com/product/contemporary-bulletin-board-cabinet/
Claridge,2153-4,Display Case,101200,"Contemporary Bulletin Board Cabinet (Claridge). The Contemporary Bulletin Board Cabinet features a sleek aluminum housing with a clear anodized finish and locking tempered glass doors for safety. Large Cabinet w/ 4"" Housing Size 60"" x 36"" (1 Door) Weight 180 lbs. Spec sheet: https://claridgeproducts.com/wp-content/uploads/2023/09/Contemporary-Bulletin-Board-Cabinets-Tech-Data.pdf. Image: https://claridgeproducts.com/wp-content/uploads/2020/05/Contemporary-Series-Hero-Web-768x768.png.",,EA,USD,https://claridgeproducts.com/product/contemporary-bulletin-board-cabinet/
Claridge,2156-4,Display Case,101200,"Contemporary Bulletin Board Cabinet (Claridge). The Contemporary Bulletin Board Cabinet features a sleek aluminum housing with a clear anodized finish and locking tempered glass doors for safety. Large Cabinet w/ 4"" Housing Size 60"" x 72"" (2 Pairs of Doors) Weight 300 lbs. Spec sheet: https://claridgeproducts.com/wp-content/uploads/2023/09/Contemporary-Bulletin-Board-Cabinets-Tech-Data.pdf. Image: https://claridgeproducts.com/wp-content/uploads/2020/05/Contemporary-Series-Hero-Web-768x768.png.",,EA,USD,https://claridgeproducts.com/product/contemporary-bulletin-board-cabinet/
Claridge,2164-4,Display Case,101200,"Contemporary Bulletin Board Cabinet (Claridge). The Contemporary Bulletin Board Cabinet features a sleek aluminum housing with a clear anodized finish and locking tempered glass doors for safety. Large Cabinet w/ 4"" Housing Size 72"" x 48"" (1 Door) Weight 250 lbs. Spec sheet: https://claridgeproducts.com/wp-content/uploads/2023/09/Contemporary-Bulletin-Board-Cabinets-Tech-Data.pdf. Image: https://claridgeproducts.com/wp-content/uploads/2020/05/Contemporary-Series-Hero-Web-768x768.png.",,EA,USD,https://claridgeproducts.com/product/contemporary-bulletin-board-cabinet/
Claridge,2168-4,Display Case,101200,"Contemporary Bulletin Board Cabinet (Claridge). The Contemporary Bulletin Board Cabinet features a sleek aluminum housing with a clear anodized finish and locking tempered glass doors for safety. Large Cabinet w/ 4"" Housing Size 72"" x 96"" (2 Pairs of Doors) Weight 500 lbs. Spec sheet: https://claridgeproducts.com/wp-content/uploads/2023/09/Contemporary-Bulletin-Board-Cabinets-Tech-Data.pdf. Image: https://claridgeproducts.com/wp-content/uploads/2020/05/Contemporary-Series-Hero-Web-768x768.png.",,EA,USD,https://claridgeproducts.com/product/contemporary-bulletin-board-cabinet/
Claridge,310 Series Bulletin Board Cabinet,Display Case,101200,310 Series Bulletin Board Cabinet (Claridge). Wood framed bulletin board cabinet with sliding glass doors. Product family / series listing from Claridge All Products. Spec sheet: https://claridgeproducts.com/wp-content/uploads/2023/09/310-Series-Bulletin-Board-Cabinet-Tech_Data.pdf. Image: https://claridgeproducts.com/wp-content/uploads/2020/07/310-Series-Hero-Web-768x768.png.,Sliding,EA,USD,https://claridgeproducts.com/product/310-series-bulletin-board-cabinet/
Claridge,310,Display Case,101200,"310 Series Bulletin Board Cabinet (Claridge). Wood framed bulletin board cabinet with sliding glass doors. 310 Series BB Cabinet Size 36"" x 48"" (2 Doors) Weight 82 lbs. Spec sheet: https://claridgeproducts.com/wp-content/uploads/2023/09/310-Series-Bulletin-Board-Cabinet-Tech_Data.pdf. Image: https://claridgeproducts.com/wp-content/uploads/2020/07/310-Series-Hero-Web-768x768.png.",Sliding,EA,USD,https://claridgeproducts.com/product/310-series-bulletin-board-cabinet/
Claridge,310A,Display Case,101200,"310 Series Bulletin Board Cabinet (Claridge). Wood framed bulletin board cabinet with sliding glass doors. 310 Series BB Cabinet Size 36"" x 60"" (2 Doors) Weight 102 lbs. Spec sheet: https://claridgeproducts.com/wp-content/uploads/2023/09/310-Series-Bulletin-Board-Cabinet-Tech_Data.pdf. Image: https://claridgeproducts.com/wp-content/uploads/2020/07/310-Series-Hero-Web-768x768.png.",Sliding,EA,USD,https://claridgeproducts.com/product/310-series-bulletin-board-cabinet/
Claridge,310B,Display Case,101200,"310 Series Bulletin Board Cabinet (Claridge). Wood framed bulletin board cabinet with sliding glass doors. 310 Series BB Cabinet Size 36"" x 72"" (2 Doors) Weight 122 lbs. Spec sheet: https://claridgeproducts.com/wp-content/uploads/2023/09/310-Series-Bulletin-Board-Cabinet-Tech_Data.pdf. Image: https://claridgeproducts.com/wp-content/uploads/2020/07/310-Series-Hero-Web-768x768.png.",Sliding,EA,USD,https://claridgeproducts.com/product/310-series-bulletin-board-cabinet/
Claridge,310C,Display Case,101200,"310 Series Bulletin Board Cabinet (Claridge). Wood framed bulletin board cabinet with sliding glass doors. 310 Series BB Cabinet Size 48"" x 60"" (2 Doors) Weight 134 lbs. Spec sheet: https://claridgeproducts.com/wp-content/uploads/2023/09/310-Series-Bulletin-Board-Cabinet-Tech_Data.pdf. Image: https://claridgeproducts.com/wp-content/uploads/2020/07/310-Series-Hero-Web-768x768.png.",Sliding,EA,USD,https://claridgeproducts.com/product/310-series-bulletin-board-cabinet/
Claridge,310D,Display Case,101200,"310 Series Bulletin Board Cabinet (Claridge). Wood framed bulletin board cabinet with sliding glass doors. 310 Series BB Cabinet Size 48"" x 72"" (2 Doors) Weight 162 lbs. Spec sheet: https://claridgeproducts.com/wp-content/uploads/2023/09/310-Series-Bulletin-Board-Cabinet-Tech_Data.pdf. Image: https://claridgeproducts.com/wp-content/uploads/2020/07/310-Series-Hero-Web-768x768.png.",Sliding,EA,USD,https://claridgeproducts.com/product/310-series-bulletin-board-cabinet/
Claridge,Imperial Bulletin Board Cabinet,Display Case,101200,"Imperial Bulletin Board Cabinet (Claridge). Bulletin Board Cabinet with two sliding 3/16” tempered glass doors, finger pulls, and flat key tumbler lock. Product family / series listing from Claridge All Products. Spec sheet: https://claridgeproducts.com/wp-content/uploads/2023/09/Imperial-Bulletin-Board-Cabinet-Tech-Data.pdf. Image: https://claridgeproducts.com/wp-content/uploads/2020/07/Imperieal-Series-Hero-Web-768x768.png.",Sliding,EA,USD,https://claridgeproducts.com/product/imperial-bulletin-board-cabinet/
Claridge,294,Display Case,101200,"Imperial Bulletin Board Cabinet (Claridge). Bulletin Board Cabinet with two sliding 3/16” tempered glass doors, finger pulls, and flat key tumbler lock. Product Codes - Imperial Bulletin Board Cabinet Size 36"" x 48"" Weight 80 lbs. Spec sheet: https://claridgeproducts.com/wp-content/uploads/2023/09/Imperial-Bulletin-Board-Cabinet-Tech-Data.pdf. Image: https://claridgeproducts.com/wp-content/uploads/2020/07/Imperieal-Series-Hero-Web-768x768.png.",Sliding,EA,USD,https://claridgeproducts.com/product/imperial-bulletin-board-cabinet/
Claridge,295,Display Case,101200,"Imperial Bulletin Board Cabinet (Claridge). Bulletin Board Cabinet with two sliding 3/16” tempered glass doors, finger pulls, and flat key tumbler lock. Product Codes - Imperial Bulletin Board Cabinet Size 36″ x 60″ Weight 100 lbs. Spec sheet: https://claridgeproducts.com/wp-content/uploads/2023/09/Imperial-Bulletin-Board-Cabinet-Tech-Data.pdf. Image: https://claridgeproducts.com/wp-content/uploads/2020/07/Imperieal-Series-Hero-Web-768x768.png.",Sliding,EA,USD,https://claridgeproducts.com/product/imperial-bulletin-board-cabinet/
Claridge,296,Display Case,101200,"Imperial Bulletin Board Cabinet (Claridge). Bulletin Board Cabinet with two sliding 3/16” tempered glass doors, finger pulls, and flat key tumbler lock. Product Codes - Imperial Bulletin Board Cabinet Size 36"" x 72"" Weight 120 lbs. Spec sheet: https://claridgeproducts.com/wp-content/uploads/2023/09/Imperial-Bulletin-Board-Cabinet-Tech-Data.pdf. Image: https://claridgeproducts.com/wp-content/uploads/2020/07/Imperieal-Series-Hero-Web-768x768.png.",Sliding,EA,USD,https://claridgeproducts.com/product/imperial-bulletin-board-cabinet/
Claridge,297,Display Case,101200,"Imperial Bulletin Board Cabinet (Claridge). Bulletin Board Cabinet with two sliding 3/16” tempered glass doors, finger pulls, and flat key tumbler lock. Product Codes - Imperial Bulletin Board Cabinet Size 48″ x 60″ Weight 135 lbs. Spec sheet: https://claridgeproducts.com/wp-content/uploads/2023/09/Imperial-Bulletin-Board-Cabinet-Tech-Data.pdf. Image: https://claridgeproducts.com/wp-content/uploads/2020/07/Imperieal-Series-Hero-Web-768x768.png.",Sliding,EA,USD,https://claridgeproducts.com/product/imperial-bulletin-board-cabinet/
Claridge,298,Display Case,101200,"Imperial Bulletin Board Cabinet (Claridge). Bulletin Board Cabinet with two sliding 3/16” tempered glass doors, finger pulls, and flat key tumbler lock. Product Codes - Imperial Bulletin Board Cabinet Size 48"" x 72"" Weight 160 lbs. Spec sheet: https://claridgeproducts.com/wp-content/uploads/2023/09/Imperial-Bulletin-Board-Cabinet-Tech-Data.pdf. Image: https://claridgeproducts.com/wp-content/uploads/2020/07/Imperieal-Series-Hero-Web-768x768.png.",Sliding,EA,USD,https://claridgeproducts.com/product/imperial-bulletin-board-cabinet/
Claridge,Revere Bulletin Board Cabinet,Display Case,101200,"Revere Bulletin Board Cabinet (Claridge). Bulletin Board Cabinet with 1""x3"" hollow tube perimeter and locking hinged doors. Product family / series listing from Claridge All Products. Spec sheet: https://claridgeproducts.com/wp-content/uploads/2023/09/Revere-Bulletin-Board-Cabinet_Tech-Data.pdf. Image: https://claridgeproducts.com/wp-content/uploads/2020/05/Revere-Hero-Web-768x768.png.",,EA,USD,https://claridgeproducts.com/product/revere-bulletin-board/
Claridge,3820BCC,Tackboard,101123,"Revere Bulletin Board Cabinet (Claridge). Bulletin Board Cabinet with 1""x3"" hollow tube perimeter and locking hinged doors. Claridge Cork Back Panel Size 36"" x 36"" (1 Door) Weight 50 lbs. Spec sheet: https://claridgeproducts.com/wp-content/uploads/2023/09/Revere-Bulletin-Board-Cabinet_Tech-Data.pdf. Image: https://claridgeproducts.com/wp-content/uploads/2020/05/Revere-Hero-Web-768x768.png.",,EA,USD,https://claridgeproducts.com/product/revere-bulletin-board/
Claridge,3920BCC,Tackboard,101123,"Revere Bulletin Board Cabinet (Claridge). Bulletin Board Cabinet with 1""x3"" hollow tube perimeter and locking hinged doors. Claridge Cork Back Panel Size 42"" x 36"" (1 Door) Weight 58 lbs. Spec sheet: https://claridgeproducts.com/wp-content/uploads/2023/09/Revere-Bulletin-Board-Cabinet_Tech-Data.pdf. Image: https://claridgeproducts.com/wp-content/uploads/2020/05/Revere-Hero-Web-768x768.png.",,EA,USD,https://claridgeproducts.com/product/revere-bulletin-board/
Claridge,4120BCC,Tackboard,101123,"Revere Bulletin Board Cabinet (Claridge). Bulletin Board Cabinet with 1""x3"" hollow tube perimeter and locking hinged doors. Claridge Cork Back Panel Size 36"" x 48"" (2 Doors) Weight 66 lbs. Spec sheet: https://claridgeproducts.com/wp-content/uploads/2023/09/Revere-Bulletin-Board-Cabinet_Tech-Data.pdf. Image: https://claridgeproducts.com/wp-content/uploads/2020/05/Revere-Hero-Web-768x768.png.",,EA,USD,https://claridgeproducts.com/product/revere-bulletin-board/
Claridge,4020BCC,Tackboard,101123,"Revere Bulletin Board Cabinet (Claridge). Bulletin Board Cabinet with 1""x3"" hollow tube perimeter and locking hinged doors. Claridge Cork Back Panel Size 48"" x 48"" (2 Doors) Weight 88 lbs. Spec sheet: https://claridgeproducts.com/wp-content/uploads/2023/09/Revere-Bulletin-Board-Cabinet_Tech-Data.pdf. Image: https://claridgeproducts.com/wp-content/uploads/2020/05/Revere-Hero-Web-768x768.png.",,EA,USD,https://claridgeproducts.com/product/revere-bulletin-board/
Claridge,4220BCC,Tackboard,101123,"Revere Bulletin Board Cabinet (Claridge). Bulletin Board Cabinet with 1""x3"" hollow tube perimeter and locking hinged doors. Claridge Cork Back Panel Size 42"" x 60"" (2 Doors) Weight 96 lbs. Spec sheet: https://claridgeproducts.com/wp-content/uploads/2023/09/Revere-Bulletin-Board-Cabinet_Tech-Data.pdf. Image: https://claridgeproducts.com/wp-content/uploads/2020/05/Revere-Hero-Web-768x768.png.",,EA,USD,https://claridgeproducts.com/product/revere-bulletin-board/
Claridge,4420BCC,Tackboard,101123,"Revere Bulletin Board Cabinet (Claridge). Bulletin Board Cabinet with 1""x3"" hollow tube perimeter and locking hinged doors. Claridge Cork Back Panel Size 48"" x 72"" (2 Doors) Weight 144 lbs,. Spec sheet: https://claridgeproducts.com/wp-content/uploads/2023/09/Revere-Bulletin-Board-Cabinet_Tech-Data.pdf. Image: https://claridgeproducts.com/wp-content/uploads/2020/05/Revere-Hero-Web-768x768.png.",,EA,USD,https://claridgeproducts.com/product/revere-bulletin-board/
Claridge,3820BN,Tackboard,101123,"Revere Bulletin Board Cabinet (Claridge). Bulletin Board Cabinet with 1""x3"" hollow tube perimeter and locking hinged doors. Tan Nucork Back Panel Size 36"" x 36"" (1 Door) Weight 50 lbs. Spec sheet: https://claridgeproducts.com/wp-content/uploads/2023/09/Revere-Bulletin-Board-Cabinet_Tech-Data.pdf. Image: https://claridgeproducts.com/wp-content/uploads/2020/05/Revere-Hero-Web-768x768.png.",,EA,USD,https://claridgeproducts.com/product/revere-bulletin-board/
Claridge,3920BN,Tackboard,101123,"Revere Bulletin Board Cabinet (Claridge). Bulletin Board Cabinet with 1""x3"" hollow tube perimeter and locking hinged doors. Tan Nucork Back Panel Size 42"" x 36"" (1 Door) Weight 58 lbs. Spec sheet: https://claridgeproducts.com/wp-content/uploads/2023/09/Revere-Bulletin-Board-Cabinet_Tech-Data.pdf. Image: https://claridgeproducts.com/wp-content/uploads/2020/05/Revere-Hero-Web-768x768.png.",,EA,USD,https://claridgeproducts.com/product/revere-bulletin-board/
Claridge,4120BN,Tackboard,101123,"Revere Bulletin Board Cabinet (Claridge). Bulletin Board Cabinet with 1""x3"" hollow tube perimeter and locking hinged doors. Tan Nucork Back Panel Size 36"" x 48"" (2 Doors) Weight 66 lbs. Spec sheet: https://claridgeproducts.com/wp-content/uploads/2023/09/Revere-Bulletin-Board-Cabinet_Tech-Data.pdf. Image: https://claridgeproducts.com/wp-content/uploads/2020/05/Revere-Hero-Web-768x768.png.",,EA,USD,https://claridgeproducts.com/product/revere-bulletin-board/
Claridge,4020BN,Tackboard,101123,"Revere Bulletin Board Cabinet (Claridge). Bulletin Board Cabinet with 1""x3"" hollow tube perimeter and locking hinged doors. Tan Nucork Back Panel Size 48"" x 48"" (2 Doors) Weight 88 lbs. Spec sheet: https://claridgeproducts.com/wp-content/uploads/2023/09/Revere-Bulletin-Board-Cabinet_Tech-Data.pdf. Image: https://claridgeproducts.com/wp-content/uploads/2020/05/Revere-Hero-Web-768x768.png.",,EA,USD,https://claridgeproducts.com/product/revere-bulletin-board/
Claridge,4220BN,Tackboard,101123,"Revere Bulletin Board Cabinet (Claridge). Bulletin Board Cabinet with 1""x3"" hollow tube perimeter and locking hinged doors. Tan Nucork Back Panel Size 42"" x 60"" (2 Doors) Weight 96 lbs. Spec sheet: https://claridgeproducts.com/wp-content/uploads/2023/09/Revere-Bulletin-Board-Cabinet_Tech-Data.pdf. Image: https://claridgeproducts.com/wp-content/uploads/2020/05/Revere-Hero-Web-768x768.png.",,EA,USD,https://claridgeproducts.com/product/revere-bulletin-board/
Claridge,4420BN,Tackboard,101123,"Revere Bulletin Board Cabinet (Claridge). Bulletin Board Cabinet with 1""x3"" hollow tube perimeter and locking hinged doors. Tan Nucork Back Panel Size 48"" x 72"" (2 Doors) Weight 144 lbs,. Spec sheet: https://claridgeproducts.com/wp-content/uploads/2023/09/Revere-Bulletin-Board-Cabinet_Tech-Data.pdf. Image: https://claridgeproducts.com/wp-content/uploads/2020/05/Revere-Hero-Web-768x768.png.",,EA,USD,https://claridgeproducts.com/product/revere-bulletin-board/
Claridge,Premiere Wall Mounted Display Case,Display Case,101200,Premiere Wall Mounted Display Case (Claridge). Wall mounted display case with tempered glass sliding doors. Product family / series listing from Claridge All Products. Spec sheet: https://claridgeproducts.com/wp-content/uploads/2023/09/Premiere-Wall-Mounted-Display-Case-Tech-Data.pdf. Image: https://claridgeproducts.com/wp-content/uploads/2020/05/Premier-Hero-Web-2-768x768.png.,Wall-mounted / Sliding,EA,USD,https://claridgeproducts.com/product/premiere-wall-mounted-display-case/
Claridge,479,Display Case,101200,"Premiere Wall Mounted Display Case (Claridge). Wall mounted display case with tempered glass sliding doors. Product Codes - Premiere Wall Mounted Display Case Size 48"" x 36"" (1 Pair of Doors) Weight 216 lbs. Spec sheet: https://claridgeproducts.com/wp-content/uploads/2023/09/Premiere-Wall-Mounted-Display-Case-Tech-Data.pdf. Image: https://claridgeproducts.com/wp-content/uploads/2020/05/Premier-Hero-Web-2-768x768.png.",Wall-mounted / Sliding,EA,USD,https://claridgeproducts.com/product/premiere-wall-mounted-display-case/
Claridge,481,Display Case,101200,"Premiere Wall Mounted Display Case (Claridge). Wall mounted display case with tempered glass sliding doors. Product Codes - Premiere Wall Mounted Display Case Size 48"" x 48"" (1 Pair of Doors) Weight 288 lbs. Spec sheet: https://claridgeproducts.com/wp-content/uploads/2023/09/Premiere-Wall-Mounted-Display-Case-Tech-Data.pdf. Image: https://claridgeproducts.com/wp-content/uploads/2020/05/Premier-Hero-Web-2-768x768.png.",Wall-mounted / Sliding,EA,USD,https://claridgeproducts.com/product/premiere-wall-mounted-display-case/
Claridge,482,Display Case,101200,"Premiere Wall Mounted Display Case (Claridge). Wall mounted display case with tempered glass sliding doors. Product Codes - Premiere Wall Mounted Display Case Size 48"" x 60"" (1 Pair of Doors) Weight 360 lbs. Spec sheet: https://claridgeproducts.com/wp-content/uploads/2023/09/Premiere-Wall-Mounted-Display-Case-Tech-Data.pdf. Image: https://claridgeproducts.com/wp-content/uploads/2020/05/Premier-Hero-Web-2-768x768.png.",Wall-mounted / Sliding,EA,USD,https://claridgeproducts.com/product/premiere-wall-mounted-display-case/
Claridge,483,Display Case,101200,Premiere Wall Mounted Display Case (Claridge). Wall mounted display case with tempered glass sliding doors. Product Codes - Premiere Wall Mounted Display Case Size 48” x 72” (1 Pair of Doors) Weight 432 lbs. Spec sheet: https://claridgeproducts.com/wp-content/uploads/2023/09/Premiere-Wall-Mounted-Display-Case-Tech-Data.pdf. Image: https://claridgeproducts.com/wp-content/uploads/2020/05/Premier-Hero-Web-2-768x768.png.,Wall-mounted / Sliding,EA,USD,https://claridgeproducts.com/product/premiere-wall-mounted-display-case/
Claridge,484,Display Case,101200,Premiere Wall Mounted Display Case (Claridge). Wall mounted display case with tempered glass sliding doors. Product Codes - Premiere Wall Mounted Display Case Size 48” x 96” (2 Pairs of Doors) Weight 640 lbs. Spec sheet: https://claridgeproducts.com/wp-content/uploads/2023/09/Premiere-Wall-Mounted-Display-Case-Tech-Data.pdf. Image: https://claridgeproducts.com/wp-content/uploads/2020/05/Premier-Hero-Web-2-768x768.png.,Wall-mounted / Sliding,EA,USD,https://claridgeproducts.com/product/premiere-wall-mounted-display-case/
Claridge,485,Display Case,101200,"Premiere Wall Mounted Display Case (Claridge). Wall mounted display case with tempered glass sliding doors. Product Codes - Premiere Wall Mounted Display Case Size 48"" x 120"" (2 Pairs of Doors) Weight 800 lbs. Spec sheet: https://claridgeproducts.com/wp-content/uploads/2023/09/Premiere-Wall-Mounted-Display-Case-Tech-Data.pdf. Image: https://claridgeproducts.com/wp-content/uploads/2020/05/Premier-Hero-Web-2-768x768.png.",Wall-mounted / Sliding,EA,USD,https://claridgeproducts.com/product/premiere-wall-mounted-display-case/
Claridge,486,Display Case,101200,"Premiere Wall Mounted Display Case (Claridge). Wall mounted display case with tempered glass sliding doors. Product Codes - Premiere Wall Mounted Display Case Size 48"" x 144"" (3 Pairs of Doors) Weight 960 lbs. Spec sheet: https://claridgeproducts.com/wp-content/uploads/2023/09/Premiere-Wall-Mounted-Display-Case-Tech-Data.pdf. Image: https://claridgeproducts.com/wp-content/uploads/2020/05/Premier-Hero-Web-2-768x768.png.",Wall-mounted / Sliding,EA,USD,https://claridgeproducts.com/product/premiere-wall-mounted-display-case/
Claridge,488,Display Case,101200,"Premiere Wall Mounted Display Case (Claridge). Wall mounted display case with tempered glass sliding doors. Product Codes - Premiere Wall Mounted Display Case Size 48"" x 192"" (3 Pairs of Doors) Weight 1280 lbs. Spec sheet: https://claridgeproducts.com/wp-content/uploads/2023/09/Premiere-Wall-Mounted-Display-Case-Tech-Data.pdf. Image: https://claridgeproducts.com/wp-content/uploads/2020/05/Premier-Hero-Web-2-768x768.png.",Wall-mounted / Sliding,EA,USD,https://claridgeproducts.com/product/premiere-wall-mounted-display-case/
Claridge,Premiere Freestanding Display Case,Display Case,101200,Premiere Freestanding Display Case (Claridge). Freestanding display case with or without laminate base. Product family / series listing from Claridge All Products. Spec sheet: https://claridgeproducts.com/wp-content/uploads/2023/09/Premiere-Freestanding-Display-Case-Tech-Data.pdf. Image: https://claridgeproducts.com/wp-content/uploads/2020/05/Premier-Free-Hero-Web-768x768.png.,Freestanding,EA,USD,https://claridgeproducts.com/product/premiere-freestanding-display-case/
Claridge,456,Display Case,101200,"Premiere Freestanding Display Case (Claridge). Freestanding display case with or without laminate base. Aluminum Legs Size 66"" x 48"" (1 Pair of Doors) Weight 320 lbs. Spec sheet: https://claridgeproducts.com/wp-content/uploads/2023/09/Premiere-Freestanding-Display-Case-Tech-Data.pdf. Image: https://claridgeproducts.com/wp-content/uploads/2020/05/Premier-Free-Hero-Web-768x768.png.",Freestanding,EA,USD,https://claridgeproducts.com/product/premiere-freestanding-display-case/
Claridge,457,Display Case,101200,"Premiere Freestanding Display Case (Claridge). Freestanding display case with or without laminate base. Aluminum Legs Size 66"" x 60"" (1 Pair of Doors) Weight 400 lbs. Spec sheet: https://claridgeproducts.com/wp-content/uploads/2023/09/Premiere-Freestanding-Display-Case-Tech-Data.pdf. Image: https://claridgeproducts.com/wp-content/uploads/2020/05/Premier-Free-Hero-Web-768x768.png.",Freestanding,EA,USD,https://claridgeproducts.com/product/premiere-freestanding-display-case/
Claridge,458,Display Case,101200,"Premiere Freestanding Display Case (Claridge). Freestanding display case with or without laminate base. Aluminum Legs Size 66"" x 72"" (1 Pair of Doors) Weight 480 lbs. Spec sheet: https://claridgeproducts.com/wp-content/uploads/2023/09/Premiere-Freestanding-Display-Case-Tech-Data.pdf. Image: https://claridgeproducts.com/wp-content/uploads/2020/05/Premier-Free-Hero-Web-768x768.png.",Freestanding,EA,USD,https://claridgeproducts.com/product/premiere-freestanding-display-case/
Claridge,463,Display Case,101200,"Premiere Freestanding Display Case (Claridge). Freestanding display case with or without laminate base. Aluminum Legs Size 66"" x 96"" (2 Pairs of Doors) Weight 640 lbs. Spec sheet: https://claridgeproducts.com/wp-content/uploads/2023/09/Premiere-Freestanding-Display-Case-Tech-Data.pdf. Image: https://claridgeproducts.com/wp-content/uploads/2020/05/Premier-Free-Hero-Web-768x768.png.",Freestanding,EA,USD,https://claridgeproducts.com/product/premiere-freestanding-display-case/
Claridge,465,Display Case,101200,"Premiere Freestanding Display Case (Claridge). Freestanding display case with or without laminate base. Aluminum Legs Size 66"" x 120"" (2 Pairs of Doors) Weight 800 lbs. Spec sheet: https://claridgeproducts.com/wp-content/uploads/2023/09/Premiere-Freestanding-Display-Case-Tech-Data.pdf. Image: https://claridgeproducts.com/wp-content/uploads/2020/05/Premier-Free-Hero-Web-768x768.png.",Freestanding,EA,USD,https://claridgeproducts.com/product/premiere-freestanding-display-case/
Claridge,467,Display Case,101200,"Premiere Freestanding Display Case (Claridge). Freestanding display case with or without laminate base. Aluminum Legs Size 66"" x 144"" (3 Pairs of Doors) Weight 960 lbs. Spec sheet: https://claridgeproducts.com/wp-content/uploads/2023/09/Premiere-Freestanding-Display-Case-Tech-Data.pdf. Image: https://claridgeproducts.com/wp-content/uploads/2020/05/Premier-Free-Hero-Web-768x768.png.",Freestanding,EA,USD,https://claridgeproducts.com/product/premiere-freestanding-display-case/
Claridge,469,Display Case,101200,"Premiere Freestanding Display Case (Claridge). Freestanding display case with or without laminate base. Aluminum Legs Size 66"" x 192"" (3 Pairs of Doors) Weight 1280 lbs. Spec sheet: https://claridgeproducts.com/wp-content/uploads/2023/09/Premiere-Freestanding-Display-Case-Tech-Data.pdf. Image: https://claridgeproducts.com/wp-content/uploads/2020/05/Premier-Free-Hero-Web-768x768.png.",Freestanding,EA,USD,https://claridgeproducts.com/product/premiere-freestanding-display-case/
Claridge,470,Display Case,101200,"Premiere Freestanding Display Case (Claridge). Freestanding display case with or without laminate base. Wood Base Size 66"" x 48"" (1 Pair of Doors) Weight 320 lbs. Spec sheet: https://claridgeproducts.com/wp-content/uploads/2023/09/Premiere-Freestanding-Display-Case-Tech-Data.pdf. Image: https://claridgeproducts.com/wp-content/uploads/2020/05/Premier-Free-Hero-Web-768x768.png.",Freestanding,EA,USD,https://claridgeproducts.com/product/premiere-freestanding-display-case/
Claridge,471,Display Case,101200,"Premiere Freestanding Display Case (Claridge). Freestanding display case with or without laminate base. Wood Base Size 66"" x 60"" (1 Pair of Doors) Weight 400 lbs. Spec sheet: https://claridgeproducts.com/wp-content/uploads/2023/09/Premiere-Freestanding-Display-Case-Tech-Data.pdf. Image: https://claridgeproducts.com/wp-content/uploads/2020/05/Premier-Free-Hero-Web-768x768.png.",Freestanding,EA,USD,https://claridgeproducts.com/product/premiere-freestanding-display-case/
Claridge,472,Display Case,101200,"Premiere Freestanding Display Case (Claridge). Freestanding display case with or without laminate base. Wood Base Size 66"" x 72"" (1 Pair of Doors) Weight 480 lbs. Spec sheet: https://claridgeproducts.com/wp-content/uploads/2023/09/Premiere-Freestanding-Display-Case-Tech-Data.pdf. Image: https://claridgeproducts.com/wp-content/uploads/2020/05/Premier-Free-Hero-Web-768x768.png.",Freestanding,EA,USD,https://claridgeproducts.com/product/premiere-freestanding-display-case/
Claridge,474,Display Case,101200,"Premiere Freestanding Display Case (Claridge). Freestanding display case with or without laminate base. Wood Base Size 66"" x 96"" (2 Pairs of Doors) Weight 640 lbs. Spec sheet: https://claridgeproducts.com/wp-content/uploads/2023/09/Premiere-Freestanding-Display-Case-Tech-Data.pdf. Image: https://claridgeproducts.com/wp-content/uploads/2020/05/Premier-Free-Hero-Web-768x768.png.",Freestanding,EA,USD,https://claridgeproducts.com/product/premiere-freestanding-display-case/
Claridge,475,Display Case,101200,"Premiere Freestanding Display Case (Claridge). Freestanding display case with or without laminate base. Wood Base Size 66"" x 120"" (2 Pairs of Doors) Weight 800 lbs. Spec sheet: https://claridgeproducts.com/wp-content/uploads/2023/09/Premiere-Freestanding-Display-Case-Tech-Data.pdf. Image: https://claridgeproducts.com/wp-content/uploads/2020/05/Premier-Free-Hero-Web-768x768.png.",Freestanding,EA,USD,https://claridgeproducts.com/product/premiere-freestanding-display-case/
Claridge,476,Display Case,101200,"Premiere Freestanding Display Case (Claridge). Freestanding display case with or without laminate base. Wood Base Size 66"" x 144"" (3 Pairs of Doors) Weight 960 lbs. Spec sheet: https://claridgeproducts.com/wp-content/uploads/2023/09/Premiere-Freestanding-Display-Case-Tech-Data.pdf. Image: https://claridgeproducts.com/wp-content/uploads/2020/05/Premier-Free-Hero-Web-768x768.png.",Freestanding,EA,USD,https://claridgeproducts.com/product/premiere-freestanding-display-case/
Claridge,478,Display Case,101200,"Premiere Freestanding Display Case (Claridge). Freestanding display case with or without laminate base. Wood Base Size 66"" x 192"" (3 Pairs of Doors) Weight 1280 lbs. Spec sheet: https://claridgeproducts.com/wp-content/uploads/2023/09/Premiere-Freestanding-Display-Case-Tech-Data.pdf. Image: https://claridgeproducts.com/wp-content/uploads/2020/05/Premier-Free-Hero-Web-768x768.png.",Freestanding,EA,USD,https://claridgeproducts.com/product/premiere-freestanding-display-case/
Claridge,370 Series Recessed Display Case,Display Case,101200,"370 Series Recessed Display Case (Claridge). Recessed display case with clear anodized aluminum fronts, tackable back panels, sliding and locking glass doors, and three glass shelves. Product family / series listing from Claridge All Products. Spec sheet: https://claridgeproducts.com/wp-content/uploads/2023/10/370-Series-Recessed-Display-Case_Tech-Data.pdf. Image: https://claridgeproducts.com/wp-content/uploads/2022/01/370-Series-Hero-Web-768x768.png.",Recessed / Sliding,EA,USD,https://claridgeproducts.com/product/370-series-recessed-display-case/
Claridge,372,Display Case,101200,"370 Series Recessed Display Case (Claridge). Recessed display case with clear anodized aluminum fronts, tackable back panels, sliding and locking glass doors, and three glass shelves. Case Size 48"" x 48"" (1 Pair of Doors) Weight 135 lbs. Spec sheet: https://claridgeproducts.com/wp-content/uploads/2023/10/370-Series-Recessed-Display-Case_Tech-Data.pdf. Image: https://claridgeproducts.com/wp-content/uploads/2022/01/370-Series-Hero-Web-768x768.png.",Recessed / Sliding,EA,USD,https://claridgeproducts.com/product/370-series-recessed-display-case/
Claridge,373,Display Case,101200,"370 Series Recessed Display Case (Claridge). Recessed display case with clear anodized aluminum fronts, tackable back panels, sliding and locking glass doors, and three glass shelves. Case Size 48"" x 72"" (1 Pair of Doors) Weight 204 lbs. Spec sheet: https://claridgeproducts.com/wp-content/uploads/2023/10/370-Series-Recessed-Display-Case_Tech-Data.pdf. Image: https://claridgeproducts.com/wp-content/uploads/2022/01/370-Series-Hero-Web-768x768.png.",Recessed / Sliding,EA,USD,https://claridgeproducts.com/product/370-series-recessed-display-case/
Claridge,374,Display Case,101200,"370 Series Recessed Display Case (Claridge). Recessed display case with clear anodized aluminum fronts, tackable back panels, sliding and locking glass doors, and three glass shelves. Case Size 48"" x 96"" (2 Pairs of Doors) Weight 272 lbs. Spec sheet: https://claridgeproducts.com/wp-content/uploads/2023/10/370-Series-Recessed-Display-Case_Tech-Data.pdf. Image: https://claridgeproducts.com/wp-content/uploads/2022/01/370-Series-Hero-Web-768x768.png.",Recessed / Sliding,EA,USD,https://claridgeproducts.com/product/370-series-recessed-display-case/
Claridge,375,Display Case,101200,"370 Series Recessed Display Case (Claridge). Recessed display case with clear anodized aluminum fronts, tackable back panels, sliding and locking glass doors, and three glass shelves. Case Size 48"" x 120"" (2 Pairs of Doors) Weight 340 lbs. Spec sheet: https://claridgeproducts.com/wp-content/uploads/2023/10/370-Series-Recessed-Display-Case_Tech-Data.pdf. Image: https://claridgeproducts.com/wp-content/uploads/2022/01/370-Series-Hero-Web-768x768.png.",Recessed / Sliding,EA,USD,https://claridgeproducts.com/product/370-series-recessed-display-case/
Claridge,376,Display Case,101200,"370 Series Recessed Display Case (Claridge). Recessed display case with clear anodized aluminum fronts, tackable back panels, sliding and locking glass doors, and three glass shelves. Case Size 48"" x 144"" (3 Pairs of Doors) Weight 408 lbs. Spec sheet: https://claridgeproducts.com/wp-content/uploads/2023/10/370-Series-Recessed-Display-Case_Tech-Data.pdf. Image: https://claridgeproducts.com/wp-content/uploads/2022/01/370-Series-Hero-Web-768x768.png.",Recessed / Sliding,EA,USD,https://claridgeproducts.com/product/370-series-recessed-display-case/
Claridge,378,Display Case,101200,"370 Series Recessed Display Case (Claridge). Recessed display case with clear anodized aluminum fronts, tackable back panels, sliding and locking glass doors, and three glass shelves. Case Size 48"" x 192"" (3 Pairs of Doors) Weight 544 lbs. Spec sheet: https://claridgeproducts.com/wp-content/uploads/2023/10/370-Series-Recessed-Display-Case_Tech-Data.pdf. Image: https://claridgeproducts.com/wp-content/uploads/2022/01/370-Series-Hero-Web-768x768.png.",Recessed / Sliding,EA,USD,https://claridgeproducts.com/product/370-series-recessed-display-case/
Claridge,372WB,Display Case,101200,"370 Series Recessed Display Case (Claridge). Recessed display case with clear anodized aluminum fronts, tackable back panels, sliding and locking glass doors, and three glass shelves. Optional Wooden Box Size For Use With 48"" x 48"" Case Weight 80 lbs. Spec sheet: https://claridgeproducts.com/wp-content/uploads/2023/10/370-Series-Recessed-Display-Case_Tech-Data.pdf. Image: https://claridgeproducts.com/wp-content/uploads/2022/01/370-Series-Hero-Web-768x768.png.",Recessed / Sliding,EA,USD,https://claridgeproducts.com/product/370-series-recessed-display-case/
Claridge,373WB,Display Case,101200,"370 Series Recessed Display Case (Claridge). Recessed display case with clear anodized aluminum fronts, tackable back panels, sliding and locking glass doors, and three glass shelves. Optional Wooden Box Size For Use With 48"" x 72"" Case Weight 120 lbs. Spec sheet: https://claridgeproducts.com/wp-content/uploads/2023/10/370-Series-Recessed-Display-Case_Tech-Data.pdf. Image: https://claridgeproducts.com/wp-content/uploads/2022/01/370-Series-Hero-Web-768x768.png.",Recessed / Sliding,EA,USD,https://claridgeproducts.com/product/370-series-recessed-display-case/
Claridge,374WB,Display Case,101200,"370 Series Recessed Display Case (Claridge). Recessed display case with clear anodized aluminum fronts, tackable back panels, sliding and locking glass doors, and three glass shelves. Optional Wooden Box Size For Use With 48"" x 96"" Case Weight 160 lbs. Spec sheet: https://claridgeproducts.com/wp-content/uploads/2023/10/370-Series-Recessed-Display-Case_Tech-Data.pdf. Image: https://claridgeproducts.com/wp-content/uploads/2022/01/370-Series-Hero-Web-768x768.png.",Recessed / Sliding,EA,USD,https://claridgeproducts.com/product/370-series-recessed-display-case/
Claridge,375WB,Display Case,101200,"370 Series Recessed Display Case (Claridge). Recessed display case with clear anodized aluminum fronts, tackable back panels, sliding and locking glass doors, and three glass shelves. Optional Wooden Box Size For Use With 48"" x 120"" Case Weight 200 lbs. Spec sheet: https://claridgeproducts.com/wp-content/uploads/2023/10/370-Series-Recessed-Display-Case_Tech-Data.pdf. Image: https://claridgeproducts.com/wp-content/uploads/2022/01/370-Series-Hero-Web-768x768.png.",Recessed / Sliding,EA,USD,https://claridgeproducts.com/product/370-series-recessed-display-case/
Claridge,378WB,Display Case,101200,"370 Series Recessed Display Case (Claridge). Recessed display case with clear anodized aluminum fronts, tackable back panels, sliding and locking glass doors, and three glass shelves. Optional Wooden Box Size For Use With 48"" x 192"" Case Weight 320 lbs. Spec sheet: https://claridgeproducts.com/wp-content/uploads/2023/10/370-Series-Recessed-Display-Case_Tech-Data.pdf. Image: https://claridgeproducts.com/wp-content/uploads/2022/01/370-Series-Hero-Web-768x768.png.",Recessed / Sliding,EA,USD,https://claridgeproducts.com/product/370-series-recessed-display-case/
Claridge,390 Series Recessed Display Case,Display Case,101200,"390 Series Recessed Display Case (Claridge). Claridge Recessed Display case with super-heavy clear anodized aluminum frame, 4"" face, mitered corners, tackable back panels, 1/4"" sliding & locking glass doors, and three (3) glass shelves. Product family / series listing from Claridge All Products. Spec sheet: https://claridgeproducts.com/wp-content/uploads/2023/09/390-Series-Recessed-Display-Case_Tech-Data.pdf. Image: https://claridgeproducts.com/wp-content/uploads/2023/09/390-Series-Hero-Web-768x768.png.",Recessed / Sliding,EA,USD,https://claridgeproducts.com/product/390-series-recessed-display-case/
Claridge,394,Display Case,101200,"390 Series Recessed Display Case (Claridge). Claridge Recessed Display case with super-heavy clear anodized aluminum frame, 4"" face, mitered corners, tackable back panels, 1/4"" sliding & locking glass doors, and three (3) glass shelves. Case Size 72"" x 72"" (2 Doors) Weight 360 lbs. Spec sheet: https://claridgeproducts.com/wp-content/uploads/2023/09/390-Series-Recessed-Display-Case_Tech-Data.pdf. Image: https://claridgeproducts.com/wp-content/uploads/2023/09/390-Series-Hero-Web-768x768.png.",Recessed / Sliding,EA,USD,https://claridgeproducts.com/product/390-series-recessed-display-case/
Claridge,395,Display Case,101200,"390 Series Recessed Display Case (Claridge). Claridge Recessed Display case with super-heavy clear anodized aluminum frame, 4"" face, mitered corners, tackable back panels, 1/4"" sliding & locking glass doors, and three (3) glass shelves. Case Size 72"" x 96"" (2 Doors) Weight 480 lbs. Spec sheet: https://claridgeproducts.com/wp-content/uploads/2023/09/390-Series-Recessed-Display-Case_Tech-Data.pdf. Image: https://claridgeproducts.com/wp-content/uploads/2023/09/390-Series-Hero-Web-768x768.png.",Recessed / Sliding,EA,USD,https://claridgeproducts.com/product/390-series-recessed-display-case/
Claridge,396,Display Case,101200,"390 Series Recessed Display Case (Claridge). Claridge Recessed Display case with super-heavy clear anodized aluminum frame, 4"" face, mitered corners, tackable back panels, 1/4"" sliding & locking glass doors, and three (3) glass shelves. Case Size 72"" x 120"" (3 Doors) Weight 600 lbs. Spec sheet: https://claridgeproducts.com/wp-content/uploads/2023/09/390-Series-Recessed-Display-Case_Tech-Data.pdf. Image: https://claridgeproducts.com/wp-content/uploads/2023/09/390-Series-Hero-Web-768x768.png.",Recessed / Sliding,EA,USD,https://claridgeproducts.com/product/390-series-recessed-display-case/
Claridge,397,Display Case,101200,"390 Series Recessed Display Case (Claridge). Claridge Recessed Display case with super-heavy clear anodized aluminum frame, 4"" face, mitered corners, tackable back panels, 1/4"" sliding & locking glass doors, and three (3) glass shelves. Case Size 72"" x 144"" (4 Doors) Weight 720 lbs. Spec sheet: https://claridgeproducts.com/wp-content/uploads/2023/09/390-Series-Recessed-Display-Case_Tech-Data.pdf. Image: https://claridgeproducts.com/wp-content/uploads/2023/09/390-Series-Hero-Web-768x768.png.",Recessed / Sliding,EA,USD,https://claridgeproducts.com/product/390-series-recessed-display-case/
Claridge,398,Display Case,101200,"390 Series Recessed Display Case (Claridge). Claridge Recessed Display case with super-heavy clear anodized aluminum frame, 4"" face, mitered corners, tackable back panels, 1/4"" sliding & locking glass doors, and three (3) glass shelves. Case Size 72"" x 168"" (4 Doors) Weight 840 lbs. Spec sheet: https://claridgeproducts.com/wp-content/uploads/2023/09/390-Series-Recessed-Display-Case_Tech-Data.pdf. Image: https://claridgeproducts.com/wp-content/uploads/2023/09/390-Series-Hero-Web-768x768.png.",Recessed / Sliding,EA,USD,https://claridgeproducts.com/product/390-series-recessed-display-case/
Claridge,399,Display Case,101200,"390 Series Recessed Display Case (Claridge). Claridge Recessed Display case with super-heavy clear anodized aluminum frame, 4"" face, mitered corners, tackable back panels, 1/4"" sliding & locking glass doors, and three (3) glass shelves. Case Size 72"" x 192"" (4 Doors) Weight 960 lbs. Spec sheet: https://claridgeproducts.com/wp-content/uploads/2023/09/390-Series-Recessed-Display-Case_Tech-Data.pdf. Image: https://claridgeproducts.com/wp-content/uploads/2023/09/390-Series-Hero-Web-768x768.png.",Recessed / Sliding,EA,USD,https://claridgeproducts.com/product/390-series-recessed-display-case/
Claridge,394WB,Display Case,101200,"390 Series Recessed Display Case (Claridge). Claridge Recessed Display case with super-heavy clear anodized aluminum frame, 4"" face, mitered corners, tackable back panels, 1/4"" sliding & locking glass doors, and three (3) glass shelves. Optional Wooden Box Size For Use With 72"" x 72"" Case Weight 180 lbs. Spec sheet: https://claridgeproducts.com/wp-content/uploads/2023/09/390-Series-Recessed-Display-Case_Tech-Data.pdf. Image: https://claridgeproducts.com/wp-content/uploads/2023/09/390-Series-Hero-Web-768x768.png.",Recessed / Sliding,EA,USD,https://claridgeproducts.com/product/390-series-recessed-display-case/
Claridge,395WB,Display Case,101200,"390 Series Recessed Display Case (Claridge). Claridge Recessed Display case with super-heavy clear anodized aluminum frame, 4"" face, mitered corners, tackable back panels, 1/4"" sliding & locking glass doors, and three (3) glass shelves. Optional Wooden Box Size For Use With 72"" x 96"" Case Weight 240 lbs. Spec sheet: https://claridgeproducts.com/wp-content/uploads/2023/09/390-Series-Recessed-Display-Case_Tech-Data.pdf. Image: https://claridgeproducts.com/wp-content/uploads/2023/09/390-Series-Hero-Web-768x768.png.",Recessed / Sliding,EA,USD,https://claridgeproducts.com/product/390-series-recessed-display-case/
Claridge,396WB,Display Case,101200,"390 Series Recessed Display Case (Claridge). Claridge Recessed Display case with super-heavy clear anodized aluminum frame, 4"" face, mitered corners, tackable back panels, 1/4"" sliding & locking glass doors, and three (3) glass shelves. Optional Wooden Box Size For Use With 72"" x 120"" Case Weight 300 lbs. Spec sheet: https://claridgeproducts.com/wp-content/uploads/2023/09/390-Series-Recessed-Display-Case_Tech-Data.pdf. Image: https://claridgeproducts.com/wp-content/uploads/2023/09/390-Series-Hero-Web-768x768.png.",Recessed / Sliding,EA,USD,https://claridgeproducts.com/product/390-series-recessed-display-case/
Claridge,397WB,Display Case,101200,"390 Series Recessed Display Case (Claridge). Claridge Recessed Display case with super-heavy clear anodized aluminum frame, 4"" face, mitered corners, tackable back panels, 1/4"" sliding & locking glass doors, and three (3) glass shelves. Optional Wooden Box Size For Use With 72"" x 144"" Case Weight 360 lbs. Spec sheet: https://claridgeproducts.com/wp-content/uploads/2023/09/390-Series-Recessed-Display-Case_Tech-Data.pdf. Image: https://claridgeproducts.com/wp-content/uploads/2023/09/390-Series-Hero-Web-768x768.png.",Recessed / Sliding,EA,USD,https://claridgeproducts.com/product/390-series-recessed-display-case/
Claridge,398WB,Display Case,101200,"390 Series Recessed Display Case (Claridge). Claridge Recessed Display case with super-heavy clear anodized aluminum frame, 4"" face, mitered corners, tackable back panels, 1/4"" sliding & locking glass doors, and three (3) glass shelves. Optional Wooden Box Size For Use With 72"" x 168"" Case Weight 420 lbs. Spec sheet: https://claridgeproducts.com/wp-content/uploads/2023/09/390-Series-Recessed-Display-Case_Tech-Data.pdf. Image: https://claridgeproducts.com/wp-content/uploads/2023/09/390-Series-Hero-Web-768x768.png.",Recessed / Sliding,EA,USD,https://claridgeproducts.com/product/390-series-recessed-display-case/
Claridge,399WB,Display Case,101200,"390 Series Recessed Display Case (Claridge). Claridge Recessed Display case with super-heavy clear anodized aluminum frame, 4"" face, mitered corners, tackable back panels, 1/4"" sliding & locking glass doors, and three (3) glass shelves. Optional Wooden Box Size For Use With 72"" x 192"" Case Weight 480 lbs. Spec sheet: https://claridgeproducts.com/wp-content/uploads/2023/09/390-Series-Recessed-Display-Case_Tech-Data.pdf. Image: https://claridgeproducts.com/wp-content/uploads/2023/09/390-Series-Hero-Web-768x768.png.",Recessed / Sliding,EA,USD,https://claridgeproducts.com/product/390-series-recessed-display-case/
Claridge,394FL,Display Case,101200,"390 Series Recessed Display Case (Claridge). Claridge Recessed Display case with super-heavy clear anodized aluminum frame, 4"" face, mitered corners, tackable back panels, 1/4"" sliding & locking glass doors, and three (3) glass shelves. Optional Light Size For Use With 72"" x 72"" Case Weight . Spec sheet: https://claridgeproducts.com/wp-content/uploads/2023/09/390-Series-Recessed-Display-Case_Tech-Data.pdf. Image: https://claridgeproducts.com/wp-content/uploads/2023/09/390-Series-Hero-Web-768x768.png.",Recessed / Sliding,EA,USD,https://claridgeproducts.com/product/390-series-recessed-display-case/
Claridge,395FL,Display Case,101200,"390 Series Recessed Display Case (Claridge). Claridge Recessed Display case with super-heavy clear anodized aluminum frame, 4"" face, mitered corners, tackable back panels, 1/4"" sliding & locking glass doors, and three (3) glass shelves. Optional Light Size For Use With 72"" x 96"" Case Weight . Spec sheet: https://claridgeproducts.com/wp-content/uploads/2023/09/390-Series-Recessed-Display-Case_Tech-Data.pdf. Image: https://claridgeproducts.com/wp-content/uploads/2023/09/390-Series-Hero-Web-768x768.png.",Recessed / Sliding,EA,USD,https://claridgeproducts.com/product/390-series-recessed-display-case/
Claridge,396FL,Display Case,101200,"390 Series Recessed Display Case (Claridge). Claridge Recessed Display case with super-heavy clear anodized aluminum frame, 4"" face, mitered corners, tackable back panels, 1/4"" sliding & locking glass doors, and three (3) glass shelves. Optional Light Size For Use With 72"" x 120"" Case Weight . Spec sheet: https://claridgeproducts.com/wp-content/uploads/2023/09/390-Series-Recessed-Display-Case_Tech-Data.pdf. Image: https://claridgeproducts.com/wp-content/uploads/2023/09/390-Series-Hero-Web-768x768.png.",Recessed / Sliding,EA,USD,https://claridgeproducts.com/product/390-series-recessed-display-case/
Claridge,397FL,Display Case,101200,"390 Series Recessed Display Case (Claridge). Claridge Recessed Display case with super-heavy clear anodized aluminum frame, 4"" face, mitered corners, tackable back panels, 1/4"" sliding & locking glass doors, and three (3) glass shelves. Optional Light Size For Use With 72"" x 144"" Case Weight . Spec sheet: https://claridgeproducts.com/wp-content/uploads/2023/09/390-Series-Recessed-Display-Case_Tech-Data.pdf. Image: https://claridgeproducts.com/wp-content/uploads/2023/09/390-Series-Hero-Web-768x768.png.",Recessed / Sliding,EA,USD,https://claridgeproducts.com/product/390-series-recessed-display-case/
Claridge,398FL,Display Case,101200,"390 Series Recessed Display Case (Claridge). Claridge Recessed Display case with super-heavy clear anodized aluminum frame, 4"" face, mitered corners, tackable back panels, 1/4"" sliding & locking glass doors, and three (3) glass shelves. Optional Light Size For Use With 72"" x 168"" Case Weight . Spec sheet: https://claridgeproducts.com/wp-content/uploads/2023/09/390-Series-Recessed-Display-Case_Tech-Data.pdf. Image: https://claridgeproducts.com/wp-content/uploads/2023/09/390-Series-Hero-Web-768x768.png.",Recessed / Sliding,EA,USD,https://claridgeproducts.com/product/390-series-recessed-display-case/
Claridge,399FL,Display Case,101200,"390 Series Recessed Display Case (Claridge). Claridge Recessed Display case with super-heavy clear anodized aluminum frame, 4"" face, mitered corners, tackable back panels, 1/4"" sliding & locking glass doors, and three (3) glass shelves. Optional Light Size For Use With 72"" x 192"" Case Weight . Spec sheet: https://claridgeproducts.com/wp-content/uploads/2023/09/390-Series-Recessed-Display-Case_Tech-Data.pdf. Image: https://claridgeproducts.com/wp-content/uploads/2023/09/390-Series-Hero-Web-768x768.png.",Recessed / Sliding,EA,USD,https://claridgeproducts.com/product/390-series-recessed-display-case/
Claridge,Economy and Deluxe Map & Display Rail,Visual Display Board,101100,Economy and Deluxe Map & Display Rail (Claridge). 51EZ aluminum rail is 1” wide with a 5/8” tan cork insert (unless otherwise specified); 74EZ rail is 2” wide with a 1-5/8” tan cork insert. Product family / series listing from Claridge All Products. Image: https://claridgeproducts.com/wp-content/uploads/2023/07/MapandDisplayRail-768x768.png.,Map-rail,EA,USD,https://claridgeproducts.com/product/economy-deluxe-map-display-rail/
Claridge,51EZ,Visual Display Board,101100,"Economy and Deluxe Map & Display Rail (Claridge). 51EZ aluminum rail is 1” wide with a 5/8” tan cork insert (unless otherwise specified); 74EZ rail is 2” wide with a 1-5/8” tan cork insert. Economy Product Codes (1"" Rail) Size Less than 100 lin. ft. Weight 0.25 lbs. per lin. ft. Image: https://claridgeproducts.com/wp-content/uploads/2023/07/MapandDisplayRail-768x768.png.",Map-rail,EA,USD,https://claridgeproducts.com/product/economy-deluxe-map-display-rail/
Claridge,51EZA,Visual Display Board,101100,"Economy and Deluxe Map & Display Rail (Claridge). 51EZ aluminum rail is 1” wide with a 5/8” tan cork insert (unless otherwise specified); 74EZ rail is 2” wide with a 1-5/8” tan cork insert. Economy Product Codes (1"" Rail) Size 100 to 200 lin. ft. Weight 0.25 lbs. per lin. ft. Image: https://claridgeproducts.com/wp-content/uploads/2023/07/MapandDisplayRail-768x768.png.",Map-rail,EA,USD,https://claridgeproducts.com/product/economy-deluxe-map-display-rail/
Claridge,51EZB,Visual Display Board,101100,"Economy and Deluxe Map & Display Rail (Claridge). 51EZ aluminum rail is 1” wide with a 5/8” tan cork insert (unless otherwise specified); 74EZ rail is 2” wide with a 1-5/8” tan cork insert. Economy Product Codes (1"" Rail) Size 200 lin. ft. and over Weight 0.25 lbs. per lin. ft. Image: https://claridgeproducts.com/wp-content/uploads/2023/07/MapandDisplayRail-768x768.png.",Map-rail,EA,USD,https://claridgeproducts.com/product/economy-deluxe-map-display-rail/
Claridge,51D,Visual Display Board,101100,"Economy and Deluxe Map & Display Rail (Claridge). 51EZ aluminum rail is 1” wide with a 5/8” tan cork insert (unless otherwise specified); 74EZ rail is 2” wide with a 1-5/8” tan cork insert. Economy Product Codes (1"" Rail) Size Display Rail No Insert Weight 0.25 lbs. per lin. ft. Image: https://claridgeproducts.com/wp-content/uploads/2023/07/MapandDisplayRail-768x768.png.",Map-rail,EA,USD,https://claridgeproducts.com/product/economy-deluxe-map-display-rail/
Claridge,51C,Visual Display Board,101100,"Economy and Deluxe Map & Display Rail (Claridge). 51EZ aluminum rail is 1” wide with a 5/8” tan cork insert (unless otherwise specified); 74EZ rail is 2” wide with a 1-5/8” tan cork insert. Economy Product Codes (1"" Rail) Size Plastic Map Hook Weight 0.01 lbs. Image: https://claridgeproducts.com/wp-content/uploads/2023/07/MapandDisplayRail-768x768.png.",Map-rail,EA,USD,https://claridgeproducts.com/product/economy-deluxe-map-display-rail/
Claridge,51M,Visual Display Board,101100,"Economy and Deluxe Map & Display Rail (Claridge). 51EZ aluminum rail is 1” wide with a 5/8” tan cork insert (unless otherwise specified); 74EZ rail is 2” wide with a 1-5/8” tan cork insert. Economy Product Codes (1"" Rail) Size Metal Map Hook Weight 0.01 lbs. Image: https://claridgeproducts.com/wp-content/uploads/2023/07/MapandDisplayRail-768x768.png.",Map-rail,EA,USD,https://claridgeproducts.com/product/economy-deluxe-map-display-rail/
Claridge,FH1,Visual Display Board,101100,"Economy and Deluxe Map & Display Rail (Claridge). 51EZ aluminum rail is 1” wide with a 5/8” tan cork insert (unless otherwise specified); 74EZ rail is 2” wide with a 1-5/8” tan cork insert. Economy Product Codes (1"" Rail) Size Flag Holders Weight 0.12 lbs. Image: https://claridgeproducts.com/wp-content/uploads/2023/07/MapandDisplayRail-768x768.png.",Map-rail,EA,USD,https://claridgeproducts.com/product/economy-deluxe-map-display-rail/
Claridge,51EZPES,Visual Display Board,101100,"Economy and Deluxe Map & Display Rail (Claridge). 51EZ aluminum rail is 1” wide with a 5/8” tan cork insert (unless otherwise specified); 74EZ rail is 2” wide with a 1-5/8” tan cork insert. Economy Product Codes (1"" Rail) Size End Stops Weight 0.01 lbs. Image: https://claridgeproducts.com/wp-content/uploads/2023/07/MapandDisplayRail-768x768.png.",Map-rail,EA,USD,https://claridgeproducts.com/product/economy-deluxe-map-display-rail/
Claridge,52ES,Visual Display Board,101100,"Economy and Deluxe Map & Display Rail (Claridge). 51EZ aluminum rail is 1” wide with a 5/8” tan cork insert (unless otherwise specified); 74EZ rail is 2” wide with a 1-5/8” tan cork insert. Economy Product Codes (1"" Rail) Size Flat End Stops Weight 0.01 lbs. Image: https://claridgeproducts.com/wp-content/uploads/2023/07/MapandDisplayRail-768x768.png.",Map-rail,EA,USD,https://claridgeproducts.com/product/economy-deluxe-map-display-rail/
Claridge,74EZ,Visual Display Board,101100,"Economy and Deluxe Map & Display Rail (Claridge). 51EZ aluminum rail is 1” wide with a 5/8” tan cork insert (unless otherwise specified); 74EZ rail is 2” wide with a 1-5/8” tan cork insert. Deluxe Product Codes (2"" Rail) Size Less than 100 lin. ft. Weight 0.5 lbs. per lin. ft. Image: https://claridgeproducts.com/wp-content/uploads/2023/07/MapandDisplayRail-768x768.png.",Map-rail,EA,USD,https://claridgeproducts.com/product/economy-deluxe-map-display-rail/
Claridge,74EZA,Visual Display Board,101100,"Economy and Deluxe Map & Display Rail (Claridge). 51EZ aluminum rail is 1” wide with a 5/8” tan cork insert (unless otherwise specified); 74EZ rail is 2” wide with a 1-5/8” tan cork insert. Deluxe Product Codes (2"" Rail) Size 100 to 200 lin. ft. Weight 0.5 lbs. per lin. ft. Image: https://claridgeproducts.com/wp-content/uploads/2023/07/MapandDisplayRail-768x768.png.",Map-rail,EA,USD,https://claridgeproducts.com/product/economy-deluxe-map-display-rail/
Claridge,74EZB,Visual Display Board,101100,"Economy and Deluxe Map & Display Rail (Claridge). 51EZ aluminum rail is 1” wide with a 5/8” tan cork insert (unless otherwise specified); 74EZ rail is 2” wide with a 1-5/8” tan cork insert. Deluxe Product Codes (2"" Rail) Size 200 lin. ft. and over Weight 0.5 lbs. per lin. ft. Image: https://claridgeproducts.com/wp-content/uploads/2023/07/MapandDisplayRail-768x768.png.",Map-rail,EA,USD,https://claridgeproducts.com/product/economy-deluxe-map-display-rail/
Claridge,74D,Visual Display Board,101100,"Economy and Deluxe Map & Display Rail (Claridge). 51EZ aluminum rail is 1” wide with a 5/8” tan cork insert (unless otherwise specified); 74EZ rail is 2” wide with a 1-5/8” tan cork insert. Deluxe Product Codes (2"" Rail) Size Display Rail No Insert Weight 0.5 lbs. per lin. ft. Image: https://claridgeproducts.com/wp-content/uploads/2023/07/MapandDisplayRail-768x768.png.",Map-rail,EA,USD,https://claridgeproducts.com/product/economy-deluxe-map-display-rail/
Claridge,76,Visual Display Board,101100,"Economy and Deluxe Map & Display Rail (Claridge). 51EZ aluminum rail is 1” wide with a 5/8” tan cork insert (unless otherwise specified); 74EZ rail is 2” wide with a 1-5/8” tan cork insert. Deluxe Product Codes (2"" Rail) Size Plastic Map Hook Weight 0.01 lbs. Image: https://claridgeproducts.com/wp-content/uploads/2023/07/MapandDisplayRail-768x768.png.",Map-rail,EA,USD,https://claridgeproducts.com/product/economy-deluxe-map-display-rail/
Claridge,76M,Visual Display Board,101100,"Economy and Deluxe Map & Display Rail (Claridge). 51EZ aluminum rail is 1” wide with a 5/8” tan cork insert (unless otherwise specified); 74EZ rail is 2” wide with a 1-5/8” tan cork insert. Deluxe Product Codes (2"" Rail) Size Metal Map Hook Weight 0.01 lbs. Image: https://claridgeproducts.com/wp-content/uploads/2023/07/MapandDisplayRail-768x768.png.",Map-rail,EA,USD,https://claridgeproducts.com/product/economy-deluxe-map-display-rail/
Claridge,FH2,Visual Display Board,101100,"Economy and Deluxe Map & Display Rail (Claridge). 51EZ aluminum rail is 1” wide with a 5/8” tan cork insert (unless otherwise specified); 74EZ rail is 2” wide with a 1-5/8” tan cork insert. Deluxe Product Codes (2"" Rail) Size Flag Holders Weight 0.16 lbs. Image: https://claridgeproducts.com/wp-content/uploads/2023/07/MapandDisplayRail-768x768.png.",Map-rail,EA,USD,https://claridgeproducts.com/product/economy-deluxe-map-display-rail/
Claridge,74EZES,Visual Display Board,101100,"Economy and Deluxe Map & Display Rail (Claridge). 51EZ aluminum rail is 1” wide with a 5/8” tan cork insert (unless otherwise specified); 74EZ rail is 2” wide with a 1-5/8” tan cork insert. Deluxe Product Codes (2"" Rail) Size End Stops Weight 0.01 lbs. Image: https://claridgeproducts.com/wp-content/uploads/2023/07/MapandDisplayRail-768x768.png.",Map-rail,EA,USD,https://claridgeproducts.com/product/economy-deluxe-map-display-rail/
Claridge,75ES,Visual Display Board,101100,"Economy and Deluxe Map & Display Rail (Claridge). 51EZ aluminum rail is 1” wide with a 5/8” tan cork insert (unless otherwise specified); 74EZ rail is 2” wide with a 1-5/8” tan cork insert. Deluxe Product Codes (2"" Rail) Size Flat End Stops Weight 0.01 lbs. Image: https://claridgeproducts.com/wp-content/uploads/2023/07/MapandDisplayRail-768x768.png.",Map-rail,EA,USD,https://claridgeproducts.com/product/economy-deluxe-map-display-rail/
Claridge,Hang-Tight Rail System,Visual Display Board,101100,"Hang-Tight Rail System (Claridge). Combines standard aluminum map and display rail with a specially designed extrusion that holds posters, pamphlets, blueprints, etc., securely in place without tacking. Product family / series listing from Claridge All Products. Image: https://claridgeproducts.com/wp-content/uploads/2023/07/Hang_Tight-768x768.png.",Map-rail,EA,USD,https://claridgeproducts.com/product/hang-tight-rail-system/
Claridge,HT79-2,Visual Display Board,101100,"Hang-Tight Rail System (Claridge). Combines standard aluminum map and display rail with a specially designed extrusion that holds posters, pamphlets, blueprints, etc., securely in place without tacking. Hang-Tight Rail System Size 24"" Weight 2 lbs. Image: https://claridgeproducts.com/wp-content/uploads/2023/07/Hang_Tight-768x768.png.",Map-rail,EA,USD,https://claridgeproducts.com/product/hang-tight-rail-system/
Claridge,HT79-4,Visual Display Board,101100,"Hang-Tight Rail System (Claridge). Combines standard aluminum map and display rail with a specially designed extrusion that holds posters, pamphlets, blueprints, etc., securely in place without tacking. Hang-Tight Rail System Size 48"" Weight 4 lbs. Image: https://claridgeproducts.com/wp-content/uploads/2023/07/Hang_Tight-768x768.png.",Map-rail,EA,USD,https://claridgeproducts.com/product/hang-tight-rail-system/
Claridge,HT79-6,Visual Display Board,101100,"Hang-Tight Rail System (Claridge). Combines standard aluminum map and display rail with a specially designed extrusion that holds posters, pamphlets, blueprints, etc., securely in place without tacking. Hang-Tight Rail System Size 72"" Weight 6 lbs. Image: https://claridgeproducts.com/wp-content/uploads/2023/07/Hang_Tight-768x768.png.",Map-rail,EA,USD,https://claridgeproducts.com/product/hang-tight-rail-system/
Claridge,HT79-8,Visual Display Board,101100,"Hang-Tight Rail System (Claridge). Combines standard aluminum map and display rail with a specially designed extrusion that holds posters, pamphlets, blueprints, etc., securely in place without tacking. Hang-Tight Rail System Size 96"" Weight 8 lbs. Image: https://claridgeproducts.com/wp-content/uploads/2023/07/Hang_Tight-768x768.png.",Map-rail,EA,USD,https://claridgeproducts.com/product/hang-tight-rail-system/
Claridge,EDR Exhibit Rail,Visual Display Accessory,101100,"EDR Exhibit Rail (Claridge). 3"" wide exhibit rail with Claridge Fabricork tackable insert. Product family / series listing from Claridge All Products. Image: https://claridgeproducts.com/wp-content/uploads/2023/07/EDR-Exhibit-Rail-768x768.png.",Map-rail,EA,USD,https://claridgeproducts.com/product/edr-exhibit-rail/
Claridge,EDR3,Visual Display Accessory,101100,"EDR Exhibit Rail (Claridge). 3"" wide exhibit rail with Claridge Fabricork tackable insert. EDR Exhibit Rail Size 36"" Weight 1.5 lbs. Image: https://claridgeproducts.com/wp-content/uploads/2023/07/EDR-Exhibit-Rail-768x768.png.",Map-rail,EA,USD,https://claridgeproducts.com/product/edr-exhibit-rail/
Claridge,EDR4,Visual Display Accessory,101100,"EDR Exhibit Rail (Claridge). 3"" wide exhibit rail with Claridge Fabricork tackable insert. EDR Exhibit Rail Size 48"" Weight 2 lbs. Image: https://claridgeproducts.com/wp-content/uploads/2023/07/EDR-Exhibit-Rail-768x768.png.",Map-rail,EA,USD,https://claridgeproducts.com/product/edr-exhibit-rail/
Claridge,EDR6,Visual Display Accessory,101100,"EDR Exhibit Rail (Claridge). 3"" wide exhibit rail with Claridge Fabricork tackable insert. EDR Exhibit Rail Size 72"" Weight 3 lbs. Image: https://claridgeproducts.com/wp-content/uploads/2023/07/EDR-Exhibit-Rail-768x768.png.",Map-rail,EA,USD,https://claridgeproducts.com/product/edr-exhibit-rail/
Claridge,EDR8,Visual Display Accessory,101100,"EDR Exhibit Rail (Claridge). 3"" wide exhibit rail with Claridge Fabricork tackable insert. EDR Exhibit Rail Size 96"" Weight 4 lbs. Image: https://claridgeproducts.com/wp-content/uploads/2023/07/EDR-Exhibit-Rail-768x768.png.",Map-rail,EA,USD,https://claridgeproducts.com/product/edr-exhibit-rail/
Claridge,EDR12,Visual Display Accessory,101100,"EDR Exhibit Rail (Claridge). 3"" wide exhibit rail with Claridge Fabricork tackable insert. EDR Exhibit Rail Size 144"" Weight 6 lbs. Image: https://claridgeproducts.com/wp-content/uploads/2023/07/EDR-Exhibit-Rail-768x768.png.",Map-rail,EA,USD,https://claridgeproducts.com/product/edr-exhibit-rail/
Claridge,EZ Fit Panels,Markerboard,101116,EZ Fit Panels (Claridge). EZ Fit Panels are designed to install over existing boards – no need to remove old boards. Product family / series listing from Claridge All Products. Spec sheet: https://claridgeproducts.com/wp-content/uploads/2023/11/EZ-Fit-Panels-Tech_Data.pdf. Image: https://claridgeproducts.com/wp-content/uploads/2023/10/EZ-Fit-Panels-768x765.png.,,EA,USD,https://claridgeproducts.com/product/ez-fit-panels/
Claridge,EZL244,Markerboard,101116,"EZ Fit Panels (Claridge). EZ Fit Panels are designed to install over existing boards – no need to remove old boards. Product Codes - EZ Fit Panels Size 48"" x 48"" Weight 44 lbs. Spec sheet: https://claridgeproducts.com/wp-content/uploads/2023/11/EZ-Fit-Panels-Tech_Data.pdf. Image: https://claridgeproducts.com/wp-content/uploads/2023/10/EZ-Fit-Panels-768x765.png.",,EA,USD,https://claridgeproducts.com/product/ez-fit-panels/
Claridge,EZL246,Markerboard,101116,"EZ Fit Panels (Claridge). EZ Fit Panels are designed to install over existing boards – no need to remove old boards. Product Codes - EZ Fit Panels Size 48"" x 72"" Weight 66 lbs. Spec sheet: https://claridgeproducts.com/wp-content/uploads/2023/11/EZ-Fit-Panels-Tech_Data.pdf. Image: https://claridgeproducts.com/wp-content/uploads/2023/10/EZ-Fit-Panels-768x765.png.",,EA,USD,https://claridgeproducts.com/product/ez-fit-panels/
Claridge,EZL248,Markerboard,101116,"EZ Fit Panels (Claridge). EZ Fit Panels are designed to install over existing boards – no need to remove old boards. Product Codes - EZ Fit Panels Size 48"" x 96"" Weight 88 lbs. Spec sheet: https://claridgeproducts.com/wp-content/uploads/2023/11/EZ-Fit-Panels-Tech_Data.pdf. Image: https://claridgeproducts.com/wp-content/uploads/2023/10/EZ-Fit-Panels-768x765.png.",,EA,USD,https://claridgeproducts.com/product/ez-fit-panels/
Claridge,EZL2410,Markerboard,101116,"EZ Fit Panels (Claridge). EZ Fit Panels are designed to install over existing boards – no need to remove old boards. Product Codes - EZ Fit Panels Size 48"" x 410"" Weight 110 lbs. Spec sheet: https://claridgeproducts.com/wp-content/uploads/2023/11/EZ-Fit-Panels-Tech_Data.pdf. Image: https://claridgeproducts.com/wp-content/uploads/2023/10/EZ-Fit-Panels-768x765.png.",,EA,USD,https://claridgeproducts.com/product/ez-fit-panels/
Claridge,EZL2412,Markerboard,101116,"EZ Fit Panels (Claridge). EZ Fit Panels are designed to install over existing boards – no need to remove old boards. Product Codes - EZ Fit Panels Size 48"" x 144"" Weight 132 lbs. Spec sheet: https://claridgeproducts.com/wp-content/uploads/2023/11/EZ-Fit-Panels-Tech_Data.pdf. Image: https://claridgeproducts.com/wp-content/uploads/2023/10/EZ-Fit-Panels-768x765.png.",,EA,USD,https://claridgeproducts.com/product/ez-fit-panels/
Claridge,EZL2416,Markerboard,101116,"EZ Fit Panels (Claridge). EZ Fit Panels are designed to install over existing boards – no need to remove old boards. Product Codes - EZ Fit Panels Size 48"" x 192"" Weight 176 lbs. Spec sheet: https://claridgeproducts.com/wp-content/uploads/2023/11/EZ-Fit-Panels-Tech_Data.pdf. Image: https://claridgeproducts.com/wp-content/uploads/2023/10/EZ-Fit-Panels-768x765.png.",,EA,USD,https://claridgeproducts.com/product/ez-fit-panels/
Claridge,Rare Earth Magnets,Markerboard Accessory,101116,Rare Earth Magnets (Claridge). Small but powerful magnets keep your ideas in place on glass or on porcelain surfaces. Product family / series listing from Claridge All Products. Image: https://claridgeproducts.com/wp-content/uploads/2020/09/Rare-Earth-Magnets-768x768.png. Claridge lists this as a configurable family. Exact finish/color/custom-size combinations are not published as individual SKUs on the product page.,,EA,USD,https://claridgeproducts.com/product/rare-earth-magnets/
Claridge,Rare Earth Magnetic Marker Tray,Markerboard Accessory,101116,Rare Earth Magnetic Marker Tray (Claridge). Keep markers where you need them with a magnetic tray for glass surfaces. Product family / series listing from Claridge All Products. Image: https://claridgeproducts.com/wp-content/uploads/2020/09/Magnetic-Marker-Tray-768x768.png.,,EA,USD,https://claridgeproducts.com/product/magnetic-marker-tray/
Claridge,MGM-T1,Markerboard Accessory,101116,"Rare Earth Magnetic Marker Tray (Claridge). Keep markers where you need them with a magnetic tray for glass surfaces. Magnetic Marker Tray Size 1 11/2""h, 12""w, 3""d Weight 1 lbs. Image: https://claridgeproducts.com/wp-content/uploads/2020/09/Magnetic-Marker-Tray-768x768.png.",,EA,USD,https://claridgeproducts.com/product/magnetic-marker-tray/
Claridge,Magnetic Aluminum Tray,Markerboard Accessory,101116,"Magnetic Aluminum Tray (Claridge). A magnetic tray for use on all porcelain, chalkboards and other steel surfaces. Product family / series listing from Claridge All Products. Image: https://claridgeproducts.com/wp-content/uploads/2020/09/Magnetic-Aluminum-Tray-768x768.png.",,EA,USD,https://claridgeproducts.com/product/magnetic-aluminum-tray/
Claridge,264M1,Markerboard Accessory,101116,"Magnetic Aluminum Tray (Claridge). A magnetic tray for use on all porcelain, chalkboards and other steel surfaces. Magnetic Aluminum Trays Size 2 7/16""w, 12""w, 2 1/2""d Weight 1 lbs. Image: https://claridgeproducts.com/wp-content/uploads/2020/09/Magnetic-Aluminum-Tray-768x768.png.",,EA,USD,https://claridgeproducts.com/product/magnetic-aluminum-tray/
Claridge,Slim Magnetic Marker Tray,Markerboard Accessory,101116,Slim Magnetic Marker Tray (Claridge). Keep markers handy and readily available with this sleek magnetic tray. Product family / series listing from Claridge All Products. Image: https://claridgeproducts.com/wp-content/uploads/2022/09/Slim-Magnetic-Marker-Tray_a-768x768.png.,,EA,USD,https://claridgeproducts.com/product/slim-magnetic-marker-tray/
Claridge,267M1,Markerboard Accessory,101116,"Slim Magnetic Marker Tray (Claridge). Keep markers handy and readily available with this sleek magnetic tray. Slim Magnetic Marker Tray Size 1 1/2""h, 12""w, 2 1/2""d Weight 1 lbs. Image: https://claridgeproducts.com/wp-content/uploads/2022/09/Slim-Magnetic-Marker-Tray_a-768x768.png.",,EA,USD,https://claridgeproducts.com/product/slim-magnetic-marker-tray/
Claridge,267MG1,Markerboard Accessory,101116,"Slim Magnetic Marker Tray (Claridge). Keep markers handy and readily available with this sleek magnetic tray. Slim Magnetic Marker Tray Size 1 1/2""h, 12""w, 2 1/2""d Weight 1 lbs. Image: https://claridgeproducts.com/wp-content/uploads/2022/09/Slim-Magnetic-Marker-Tray_a-768x768.png.",,EA,USD,https://claridgeproducts.com/product/slim-magnetic-marker-tray/
Claridge,267MG1-P,Markerboard Accessory,101116,"Slim Magnetic Marker Tray (Claridge). Keep markers handy and readily available with this sleek magnetic tray. Slim Magnetic Marker Tray Size 1 1/2""h, 12""w, 2 1/2""d Weight 1 lbs. Image: https://claridgeproducts.com/wp-content/uploads/2022/09/Slim-Magnetic-Marker-Tray_a-768x768.png.",,EA,USD,https://claridgeproducts.com/product/slim-magnetic-marker-tray/
Claridge,Magnetic Aluminum Accessory Tray,Markerboard Accessory,101116,Magnetic Aluminum Accessory Tray (Claridge). Perfect for porcleain this sleek tray includes two extra strong magnets to keep it all in place. Product family / series listing from Claridge All Products. Image: https://claridgeproducts.com/wp-content/uploads/2020/09/Magnetic-Aluminum-Accessory-Tray-768x768.png.,,EA,USD,https://claridgeproducts.com/product/magnetic-aluminum-accessory-tray/
Claridge,AT-12-ALUM,Markerboard Accessory,101116,"Magnetic Aluminum Accessory Tray (Claridge). Perfect for porcleain this sleek tray includes two extra strong magnets to keep it all in place. Magnetic Aluminum Accessory Tray Size 12""w Weight 1 lbs. Image: https://claridgeproducts.com/wp-content/uploads/2020/09/Magnetic-Aluminum-Accessory-Tray-768x768.png.",,EA,USD,https://claridgeproducts.com/product/magnetic-aluminum-accessory-tray/
Claridge,AT-12-ALUM-PC,Markerboard Accessory,101116,"Magnetic Aluminum Accessory Tray (Claridge). Perfect for porcleain this sleek tray includes two extra strong magnets to keep it all in place. Magnetic Aluminum Accessory Tray Size 12""w Weight 1 lbs. Image: https://claridgeproducts.com/wp-content/uploads/2020/09/Magnetic-Aluminum-Accessory-Tray-768x768.png.",,EA,USD,https://claridgeproducts.com/product/magnetic-aluminum-accessory-tray/
Claridge,Magnetic Wood Accessory Tray,Markerboard Accessory,101116,Magnetic Wood Accessory Tray (Claridge). Classic wood accessory tray includes 2 strong magnets for use on LCS Porcelain only. Product family / series listing from Claridge All Products. Image: https://claridgeproducts.com/wp-content/uploads/2020/09/Magnetic-Wood-Accessory-Tray-768x768.png.,,EA,USD,https://claridgeproducts.com/product/magnetic-wood-accessory-tray/
Claridge,AT-12-WOOD,Markerboard Accessory,101116,"Magnetic Wood Accessory Tray (Claridge). Classic wood accessory tray includes 2 strong magnets for use on LCS Porcelain only. Magnetic Wood Accessory Tray Size 12""w Weight 1 lbs. Image: https://claridgeproducts.com/wp-content/uploads/2020/09/Magnetic-Wood-Accessory-Tray-768x768.png.",,EA,USD,https://claridgeproducts.com/product/magnetic-wood-accessory-tray/
Claridge,Adhesive Backed Marker Tray,Markerboard Accessory,101116,Adhesive Backed Marker Tray (Claridge). Stick it and forget it. Adhesive backing keeps everything on hand in one permanent spot. Product family / series listing from Claridge All Products. Image: https://claridgeproducts.com/wp-content/uploads/2020/09/Magnetic-Aluminum-Tray-768x768.png.,,EA,USD,https://claridgeproducts.com/product/adhesive-backed-marker-tray/
Claridge,GM-Tray-1,Markerboard Accessory,101116,"Adhesive Backed Marker Tray (Claridge). Stick it and forget it. Adhesive backing keeps everything on hand in one permanent spot. Adhesive Backed Marker Tray Size 2 7/16""h, 12""w, 2 11/16""d Weight 1 lbs. Image: https://claridgeproducts.com/wp-content/uploads/2020/09/Magnetic-Aluminum-Tray-768x768.png.",,EA,USD,https://claridgeproducts.com/product/adhesive-backed-marker-tray/
Claridge,Stadium Marker Caddy,Markerboard Accessory,101116,Stadium Marker Caddy (Claridge). The Stadium Marker Caddy comes in 3 different options holding all of your accessories. Product family / series listing from Claridge All Products. Image: https://claridgeproducts.com/wp-content/uploads/2020/09/Stadium-Marker-Caddy-768x768.png.,,EA,USD,https://claridgeproducts.com/product/stadium-marker-caddy/
Claridge,MGM-MC1-S,Markerboard Accessory,101116,"Stadium Marker Caddy (Claridge). The Stadium Marker Caddy comes in 3 different options holding all of your accessories. Stadium Marker Caddy Size 3 1/2""h, 3 1/8""w, 1 3/4""d Weight 0.5 lbs. Image: https://claridgeproducts.com/wp-content/uploads/2020/09/Stadium-Marker-Caddy-768x768.png.",,EA,USD,https://claridgeproducts.com/product/stadium-marker-caddy/
Claridge,MGM-MC1-M,Markerboard Accessory,101116,"Stadium Marker Caddy (Claridge). The Stadium Marker Caddy comes in 3 different options holding all of your accessories. Stadium Marker Caddy Size 4""h, 4 1/2""w, 2 1/5""d Weight 0.5 lbs. Image: https://claridgeproducts.com/wp-content/uploads/2020/09/Stadium-Marker-Caddy-768x768.png.",,EA,USD,https://claridgeproducts.com/product/stadium-marker-caddy/
Claridge,MGM-MC1-L,Markerboard Accessory,101116,"Stadium Marker Caddy (Claridge). The Stadium Marker Caddy comes in 3 different options holding all of your accessories. Stadium Marker Caddy Size 4""h, 8 1/2""w, 2 2/5""d Weight 0.5 lbs. Image: https://claridgeproducts.com/wp-content/uploads/2020/09/Stadium-Marker-Caddy-768x768.png.",,EA,USD,https://claridgeproducts.com/product/stadium-marker-caddy/
Claridge,Slim Marker Caddy,Markerboard Accessory,101116,Slim Marker Caddy (Claridge). Four markers line up perfectly in a neat row in this stylish slim caddy. Product family / series listing from Claridge All Products. Image: https://claridgeproducts.com/wp-content/uploads/2020/09/Slim-Marker-Caddy-768x768.png.,,EA,USD,https://claridgeproducts.com/product/slim-marker-caddy/
Claridge,M-MC2,Markerboard Accessory,101116,"Slim Marker Caddy (Claridge). Four markers line up perfectly in a neat row in this stylish slim caddy. Slim Marker Caddy Size 1 3/8""h, 9""w, 1 3/8""d Weight 0.5 lbs. Image: https://claridgeproducts.com/wp-content/uploads/2020/09/Slim-Marker-Caddy-768x768.png.",,EA,USD,https://claridgeproducts.com/product/slim-marker-caddy/
Claridge,Dry-Erase Markers,Markerboard Accessory,101116,Dry-Erase Markers (Claridge). LCS dry- erase markers are available in 1 dozen lots of each color and as assorted dozens; 4-packs (broad top) available assorted. Product family / series listing from Claridge All Products. Image: https://claridgeproducts.com/wp-content/uploads/2020/09/Dry-Erase-Markers-768x768.png.,,EA,USD,https://claridgeproducts.com/product/dry-erase-markers/
Claridge,LCS669,Markerboard Accessory,101116,Dry-Erase Markers (Claridge). LCS dry- erase markers are available in 1 dozen lots of each color and as assorted dozens; 4-packs (broad top) available assorted. Dry-Erase Markers Size Red Weight 1 lbs. Image: https://claridgeproducts.com/wp-content/uploads/2020/09/Dry-Erase-Markers-768x768.png.,,EA,USD,https://claridgeproducts.com/product/dry-erase-markers/
Claridge,LCS670,Markerboard Accessory,101116,Dry-Erase Markers (Claridge). LCS dry- erase markers are available in 1 dozen lots of each color and as assorted dozens; 4-packs (broad top) available assorted. Dry-Erase Markers Size Blue Weight 1 lbs. Image: https://claridgeproducts.com/wp-content/uploads/2020/09/Dry-Erase-Markers-768x768.png.,,EA,USD,https://claridgeproducts.com/product/dry-erase-markers/
Claridge,LCS671,Markerboard Accessory,101116,Dry-Erase Markers (Claridge). LCS dry- erase markers are available in 1 dozen lots of each color and as assorted dozens; 4-packs (broad top) available assorted. Dry-Erase Markers Size Black Weight 1 lbs. Image: https://claridgeproducts.com/wp-content/uploads/2020/09/Dry-Erase-Markers-768x768.png.,,EA,USD,https://claridgeproducts.com/product/dry-erase-markers/
Claridge,LCS672,Markerboard Accessory,101116,Dry-Erase Markers (Claridge). LCS dry- erase markers are available in 1 dozen lots of each color and as assorted dozens; 4-packs (broad top) available assorted. Dry-Erase Markers Size Green Weight 1 lbs. Image: https://claridgeproducts.com/wp-content/uploads/2020/09/Dry-Erase-Markers-768x768.png.,,EA,USD,https://claridgeproducts.com/product/dry-erase-markers/
Claridge,LCS673,Markerboard Accessory,101116,Dry-Erase Markers (Claridge). LCS dry- erase markers are available in 1 dozen lots of each color and as assorted dozens; 4-packs (broad top) available assorted. Dry-Erase Markers Size Assorted Weight 1 lbs. Image: https://claridgeproducts.com/wp-content/uploads/2020/09/Dry-Erase-Markers-768x768.png.,,EA,USD,https://claridgeproducts.com/product/dry-erase-markers/
Claridge,LCS769,Markerboard Accessory,101116,Dry-Erase Markers (Claridge). LCS dry- erase markers are available in 1 dozen lots of each color and as assorted dozens; 4-packs (broad top) available assorted. Dry-Erase Markers Size Fine Line – Red Weight 1 lbs. Image: https://claridgeproducts.com/wp-content/uploads/2020/09/Dry-Erase-Markers-768x768.png.,,EA,USD,https://claridgeproducts.com/product/dry-erase-markers/
Claridge,LCS770,Markerboard Accessory,101116,Dry-Erase Markers (Claridge). LCS dry- erase markers are available in 1 dozen lots of each color and as assorted dozens; 4-packs (broad top) available assorted. Dry-Erase Markers Size Fine Line – Blue Weight 1 lbs. Image: https://claridgeproducts.com/wp-content/uploads/2020/09/Dry-Erase-Markers-768x768.png.,,EA,USD,https://claridgeproducts.com/product/dry-erase-markers/
Claridge,LCS771,Markerboard Accessory,101116,Dry-Erase Markers (Claridge). LCS dry- erase markers are available in 1 dozen lots of each color and as assorted dozens; 4-packs (broad top) available assorted. Dry-Erase Markers Size Fine Line – Black Weight 1 lbs. Image: https://claridgeproducts.com/wp-content/uploads/2020/09/Dry-Erase-Markers-768x768.png.,,EA,USD,https://claridgeproducts.com/product/dry-erase-markers/
Claridge,LCS773,Markerboard Accessory,101116,Dry-Erase Markers (Claridge). LCS dry- erase markers are available in 1 dozen lots of each color and as assorted dozens; 4-packs (broad top) available assorted. Dry-Erase Markers Size Fine Line – Assorted Weight 1 lbs. Image: https://claridgeproducts.com/wp-content/uploads/2020/09/Dry-Erase-Markers-768x768.png.,,EA,USD,https://claridgeproducts.com/product/dry-erase-markers/
Claridge,LCS673-4,Markerboard Accessory,101116,Dry-Erase Markers (Claridge). LCS dry- erase markers are available in 1 dozen lots of each color and as assorted dozens; 4-packs (broad top) available assorted. Dry-Erase Markers Size 4-Pack – Assorted Weight 0.5 lbs. Image: https://claridgeproducts.com/wp-content/uploads/2020/09/Dry-Erase-Markers-768x768.png.,,EA,USD,https://claridgeproducts.com/product/dry-erase-markers/
Claridge,Magnetic Eraser,Markerboard Accessory,101116,Magnetic Eraser (Claridge). Black felt eraser with strong rare earth magnets. Ready when you need it. Product family / series listing from Claridge All Products. Image: https://claridgeproducts.com/wp-content/uploads/2020/09/Magnetic-Eraser-768x768.png.,,EA,USD,https://claridgeproducts.com/product/magnetic-eraser/
Claridge,MGM-ME1,Markerboard Accessory,101116,"Magnetic Eraser (Claridge). Black felt eraser with strong rare earth magnets. Ready when you need it. Magnetic Eraser Size 2 1/8""h, 4 1/2""w, 7/8""d Weight 0.5 lbs. Image: https://claridgeproducts.com/wp-content/uploads/2020/09/Magnetic-Eraser-768x768.png.",,EA,USD,https://claridgeproducts.com/product/magnetic-eraser/
Claridge,Dry-Erase Cloth,Markerboard Accessory,101116,Dry-Erase Cloth (Claridge). Claridge eraser cloths are designed to reduce marker residue build-up. Furnished with small magnet for easy hanging on board surface. Product family / series listing from Claridge All Products. Image: https://claridgeproducts.com/wp-content/uploads/2020/09/Dry-Erase-Cloth-768x768.png.,,EA,USD,https://claridgeproducts.com/product/dry-erase-cloth/
Claridge,ECM227E,Markerboard Accessory,101116,Dry-Erase Cloth (Claridge). Claridge eraser cloths are designed to reduce marker residue build-up. Furnished with small magnet for easy hanging on board surface. Dry-Erase Cloth Size Each Weight 0.01 lbs. Image: https://claridgeproducts.com/wp-content/uploads/2020/09/Dry-Erase-Cloth-768x768.png.,,EA,USD,https://claridgeproducts.com/product/dry-erase-cloth/
Claridge,ECM227D,Markerboard Accessory,101116,Dry-Erase Cloth (Claridge). Claridge eraser cloths are designed to reduce marker residue build-up. Furnished with small magnet for easy hanging on board surface. Dry-Erase Cloth Size Dozen Weight 0.12 lbs. Image: https://claridgeproducts.com/wp-content/uploads/2020/09/Dry-Erase-Cloth-768x768.png.,,EA,USD,https://claridgeproducts.com/product/dry-erase-cloth/
Claridge,ECM227G,Markerboard Accessory,101116,Dry-Erase Cloth (Claridge). Claridge eraser cloths are designed to reduce marker residue build-up. Furnished with small magnet for easy hanging on board surface. Dry-Erase Cloth Size Gross Weight 17 lbs. Image: https://claridgeproducts.com/wp-content/uploads/2020/09/Dry-Erase-Cloth-768x768.png.,,EA,USD,https://claridgeproducts.com/product/dry-erase-cloth/
Claridge,Markerboard Cleaner,Markerboard,101116,Markerboard Cleaner (Claridge). Make a clean sweep and restore the look of your whiteboards with one cleaner. Product family / series listing from Claridge All Products. Image: https://claridgeproducts.com/wp-content/uploads/2020/09/Whiteboard-Cleaner-768x768.png.,,EA,USD,https://claridgeproducts.com/product/markerboard-cleaner/
Claridge,LCS683,Markerboard,101116,Markerboard Cleaner (Claridge). Make a clean sweep and restore the look of your whiteboards with one cleaner. Markerboard Cleaner Size 8 oz. Weight 1 lbs. Image: https://claridgeproducts.com/wp-content/uploads/2020/09/Whiteboard-Cleaner-768x768.png.,,EA,USD,https://claridgeproducts.com/product/markerboard-cleaner/
Claridge,Partition Panel Clip,Markerboard Accessory,101116,Partition Panel Clip (Claridge). Spring steel clips to fit over the top of thick partitions. Product family / series listing from Claridge All Products. Image: https://claridgeproducts.com/wp-content/uploads/2023/07/Partition-Clip-768x768.png.,,EA,USD,https://claridgeproducts.com/product/partition-panel-clip/
Claridge,80,Markerboard Accessory,101116,"Partition Panel Clip (Claridge). Spring steel clips to fit over the top of thick partitions. Partition Panel Clips Size 2"" Weight 0.5 lbs. Image: https://claridgeproducts.com/wp-content/uploads/2023/07/Partition-Clip-768x768.png.",,EA,USD,https://claridgeproducts.com/product/partition-panel-clip/
Claridge,80-3,Markerboard Accessory,101116,"Partition Panel Clip (Claridge). Spring steel clips to fit over the top of thick partitions. Partition Panel Clips Size 3"" Weight 0.5 lbs. Image: https://claridgeproducts.com/wp-content/uploads/2023/07/Partition-Clip-768x768.png.",,EA,USD,https://claridgeproducts.com/product/partition-panel-clip/
