manufacturer,item,category,csi_spec_section,description,width,depth,height,mounting_type,cost,labor_per,currency,unit_of_measure
Columbia,COLUMBIA-1TIER-PHEN-12x12x36,Locker,10 51 00,"Columbia 1-tier locker, solid phenolic. 12""W x 12""D x 36""H",12,12,36,Floor,,,USD,EA
Columbia,COLUMBIA-1TIER-PHEN-12x12x48,Locker,10 51 00,"Columbia 1-tier locker, solid phenolic. 12""W x 12""D x 48""H",12,12,48,Floor,,,USD,EA
Columbia,COLUMBIA-1TIER-PHEN-12x12x60,Locker,10 51 00,"Columbia 1-tier locker, solid phenolic. 12""W x 12""D x 60""H",12,12,60,Floor,,,USD,EA
Columbia,COLUMBIA-1TIER-PHEN-12x12x72,Locker,10 51 00,"Columbia 1-tier locker, solid phenolic. 12""W x 12""D x 72""H",12,12,72,Floor,,,USD,EA
Columbia,COLUMBIA-1TIER-PHEN-12x15x36,Locker,10 51 00,"Columbia 1-tier locker, solid phenolic. 12""W x 15""D x 36""H",12,15,36,Floor,,,USD,EA
Columbia,COLUMBIA-1TIER-PHEN-12x15x48,Locker,10 51 00,"Columbia 1-tier locker, solid phenolic. 12""W x 15""D x 48""H",12,15,48,Floor,,,USD,EA
Columbia,COLUMBIA-1TIER-PHEN-12x15x60,Locker,10 51 00,"Columbia 1-tier locker, solid phenolic. 12""W x 15""D x 60""H",12,15,60,Floor,,,USD,EA
Columbia,COLUMBIA-1TIER-PHEN-12x15x72,Locker,10 51 00,"Columbia 1-tier locker, solid phenolic. 12""W x 15""D x 72""H",12,15,72,Floor,,,USD,EA
Columbia,COLUMBIA-1TIER-PHEN-12x18x36,Locker,10 51 00,"Columbia 1-tier locker, solid phenolic. 12""W x 18""D x 36""H",12,18,36,Floor,,,USD,EA
Columbia,COLUMBIA-1TIER-PHEN-12x18x48,Locker,10 51 00,"Columbia 1-tier locker, solid phenolic. 12""W x 18""D x 48""H",12,18,48,Floor,,,USD,EA
Columbia,COLUMBIA-1TIER-PHEN-12x18x60,Locker,10 51 00,"Columbia 1-tier locker, solid phenolic. 12""W x 18""D x 60""H",12,18,60,Floor,,,USD,EA
Columbia,COLUMBIA-1TIER-PHEN-12x18x72,Locker,10 51 00,"Columbia 1-tier locker, solid phenolic. 12""W x 18""D x 72""H",12,18,72,Floor,,,USD,EA
Columbia,COLUMBIA-1TIER-PHEN-15x12x36,Locker,10 51 00,"Columbia 1-tier locker, solid phenolic. 15""W x 12""D x 36""H",15,12,36,Floor,,,USD,EA
Columbia,COLUMBIA-1TIER-PHEN-15x12x48,Locker,10 51 00,"Columbia 1-tier locker, solid phenolic. 15""W x 12""D x 48""H",15,12,48,Floor,,,USD,EA
Columbia,COLUMBIA-1TIER-PHEN-15x12x60,Locker,10 51 00,"Columbia 1-tier locker, solid phenolic. 15""W x 12""D x 60""H",15,12,60,Floor,,,USD,EA
Columbia,COLUMBIA-1TIER-PHEN-15x12x72,Locker,10 51 00,"Columbia 1-tier locker, solid phenolic. 15""W x 12""D x 72""H",15,12,72,Floor,,,USD,EA
Columbia,COLUMBIA-1TIER-PHEN-15x15x36,Locker,10 51 00,"Columbia 1-tier locker, solid phenolic. 15""W x 15""D x 36""H",15,15,36,Floor,,,USD,EA
Columbia,COLUMBIA-1TIER-PHEN-15x15x48,Locker,10 51 00,"Columbia 1-tier locker, solid phenolic. 15""W x 15""D x 48""H",15,15,48,Floor,,,USD,EA
Columbia,COLUMBIA-1TIER-PHEN-15x15x60,Locker,10 51 00,"Columbia 1-tier locker, solid phenolic. 15""W x 15""D x 60""H",15,15,60,Floor,,,USD,EA
Columbia,COLUMBIA-1TIER-PHEN-15x15x72,Locker,10 51 00,"Columbia 1-tier locker, solid phenolic. 15""W x 15""D x 72""H",15,15,72,Floor,,,USD,EA
Columbia,COLUMBIA-1TIER-PHEN-15x18x36,Locker,10 51 00,"Columbia 1-tier locker, solid phenolic. 15""W x 18""D x 36""H",15,18,36,Floor,,,USD,EA
Columbia,COLUMBIA-1TIER-PHEN-15x18x48,Locker,10 51 00,"Columbia 1-tier locker, solid phenolic. 15""W x 18""D x 48""H",15,18,48,Floor,,,USD,EA
Columbia,COLUMBIA-1TIER-PHEN-15x18x60,Locker,10 51 00,"Columbia 1-tier locker, solid phenolic. 15""W x 18""D x 60""H",15,18,60,Floor,,,USD,EA
Columbia,COLUMBIA-1TIER-PHEN-15x18x72,Locker,10 51 00,"Columbia 1-tier locker, solid phenolic. 15""W x 18""D x 72""H",15,18,72,Floor,,,USD,EA
Columbia,COLUMBIA-1TIER-PHEN-18x12x36,Locker,10 51 00,"Columbia 1-tier locker, solid phenolic. 18""W x 12""D x 36""H",18,12,36,Floor,,,USD,EA
Columbia,COLUMBIA-1TIER-PHEN-18x12x48,Locker,10 51 00,"Columbia 1-tier locker, solid phenolic. 18""W x 12""D x 48""H",18,12,48,Floor,,,USD,EA
Columbia,COLUMBIA-1TIER-PHEN-18x12x60,Locker,10 51 00,"Columbia 1-tier locker, solid phenolic. 18""W x 12""D x 60""H",18,12,60,Floor,,,USD,EA
Columbia,COLUMBIA-1TIER-PHEN-18x12x72,Locker,10 51 00,"Columbia 1-tier locker, solid phenolic. 18""W x 12""D x 72""H",18,12,72,Floor,,,USD,EA
Columbia,COLUMBIA-1TIER-PHEN-18x15x36,Locker,10 51 00,"Columbia 1-tier locker, solid phenolic. 18""W x 15""D x 36""H",18,15,36,Floor,,,USD,EA
Columbia,COLUMBIA-1TIER-PHEN-18x15x48,Locker,10 51 00,"Columbia 1-tier locker, solid phenolic. 18""W x 15""D x 48""H",18,15,48,Floor,,,USD,EA
Columbia,COLUMBIA-1TIER-PHEN-18x15x60,Locker,10 51 00,"Columbia 1-tier locker, solid phenolic. 18""W x 15""D x 60""H",18,15,60,Floor,,,USD,EA
Columbia,COLUMBIA-1TIER-PHEN-18x15x72,Locker,10 51 00,"Columbia 1-tier locker, solid phenolic. 18""W x 15""D x 72""H",18,15,72,Floor,,,USD,EA
Columbia,COLUMBIA-1TIER-PHEN-18x18x36,Locker,10 51 00,"Columbia 1-tier locker, solid phenolic. 18""W x 18""D x 36""H",18,18,36,Floor,,,USD,EA
Columbia,COLUMBIA-1TIER-PHEN-18x18x48,Locker,10 51 00,"Columbia 1-tier locker, solid phenolic. 18""W x 18""D x 48""H",18,18,48,Floor,,,USD,EA
Columbia,COLUMBIA-1TIER-PHEN-18x18x60,Locker,10 51 00,"Columbia 1-tier locker, solid phenolic. 18""W x 18""D x 60""H",18,18,60,Floor,,,USD,EA
Columbia,COLUMBIA-1TIER-PHEN-18x18x72,Locker,10 51 00,"Columbia 1-tier locker, solid phenolic. 18""W x 18""D x 72""H",18,18,72,Floor,,,USD,EA
Columbia,COLUMBIA-1TIER-PHEN-9x12x36,Locker,10 51 00,"Columbia 1-tier locker, solid phenolic. 9""W x 12""D x 36""H",9,12,36,Floor,,,USD,EA
Columbia,COLUMBIA-1TIER-PHEN-9x12x48,Locker,10 51 00,"Columbia 1-tier locker, solid phenolic. 9""W x 12""D x 48""H",9,12,48,Floor,,,USD,EA
Columbia,COLUMBIA-1TIER-PHEN-9x12x60,Locker,10 51 00,"Columbia 1-tier locker, solid phenolic. 9""W x 12""D x 60""H",9,12,60,Floor,,,USD,EA
Columbia,COLUMBIA-1TIER-PHEN-9x12x72,Locker,10 51 00,"Columbia 1-tier locker, solid phenolic. 9""W x 12""D x 72""H",9,12,72,Floor,,,USD,EA
Columbia,COLUMBIA-1TIER-PHEN-9x15x36,Locker,10 51 00,"Columbia 1-tier locker, solid phenolic. 9""W x 15""D x 36""H",9,15,36,Floor,,,USD,EA
Columbia,COLUMBIA-1TIER-PHEN-9x15x48,Locker,10 51 00,"Columbia 1-tier locker, solid phenolic. 9""W x 15""D x 48""H",9,15,48,Floor,,,USD,EA
Columbia,COLUMBIA-1TIER-PHEN-9x15x60,Locker,10 51 00,"Columbia 1-tier locker, solid phenolic. 9""W x 15""D x 60""H",9,15,60,Floor,,,USD,EA
Columbia,COLUMBIA-1TIER-PHEN-9x15x72,Locker,10 51 00,"Columbia 1-tier locker, solid phenolic. 9""W x 15""D x 72""H",9,15,72,Floor,,,USD,EA
Columbia,COLUMBIA-1TIER-PHEN-9x18x36,Locker,10 51 00,"Columbia 1-tier locker, solid phenolic. 9""W x 18""D x 36""H",9,18,36,Floor,,,USD,EA
Columbia,COLUMBIA-1TIER-PHEN-9x18x48,Locker,10 51 00,"Columbia 1-tier locker, solid phenolic. 9""W x 18""D x 48""H",9,18,48,Floor,,,USD,EA
Columbia,COLUMBIA-1TIER-PHEN-9x18x60,Locker,10 51 00,"Columbia 1-tier locker, solid phenolic. 9""W x 18""D x 60""H",9,18,60,Floor,,,USD,EA
Columbia,COLUMBIA-1TIER-PHEN-9x18x72,Locker,10 51 00,"Columbia 1-tier locker, solid phenolic. 9""W x 18""D x 72""H",9,18,72,Floor,,,USD,EA
Columbia,COLUMBIA-1TIER-POLY-12x12x36,Locker,10 51 00,"Columbia 1-tier locker, PolyLife HDPE. 12""W x 12""D x 36""H",12,12,36,Floor,,,USD,EA
Columbia,COLUMBIA-1TIER-POLY-12x12x48,Locker,10 51 00,"Columbia 1-tier locker, PolyLife HDPE. 12""W x 12""D x 48""H",12,12,48,Floor,,,USD,EA
Columbia,COLUMBIA-1TIER-POLY-12x12x60,Locker,10 51 00,"Columbia 1-tier locker, PolyLife HDPE. 12""W x 12""D x 60""H",12,12,60,Floor,,,USD,EA
Columbia,COLUMBIA-1TIER-POLY-12x12x72,Locker,10 51 00,"Columbia 1-tier locker, PolyLife HDPE. 12""W x 12""D x 72""H",12,12,72,Floor,,,USD,EA
Columbia,COLUMBIA-1TIER-POLY-12x15x36,Locker,10 51 00,"Columbia 1-tier locker, PolyLife HDPE. 12""W x 15""D x 36""H",12,15,36,Floor,,,USD,EA
Columbia,COLUMBIA-1TIER-POLY-12x15x48,Locker,10 51 00,"Columbia 1-tier locker, PolyLife HDPE. 12""W x 15""D x 48""H",12,15,48,Floor,,,USD,EA
Columbia,COLUMBIA-1TIER-POLY-12x15x60,Locker,10 51 00,"Columbia 1-tier locker, PolyLife HDPE. 12""W x 15""D x 60""H",12,15,60,Floor,,,USD,EA
Columbia,COLUMBIA-1TIER-POLY-12x15x72,Locker,10 51 00,"Columbia 1-tier locker, PolyLife HDPE. 12""W x 15""D x 72""H",12,15,72,Floor,,,USD,EA
Columbia,COLUMBIA-1TIER-POLY-12x18x36,Locker,10 51 00,"Columbia 1-tier locker, PolyLife HDPE. 12""W x 18""D x 36""H",12,18,36,Floor,,,USD,EA
Columbia,COLUMBIA-1TIER-POLY-12x18x48,Locker,10 51 00,"Columbia 1-tier locker, PolyLife HDPE. 12""W x 18""D x 48""H",12,18,48,Floor,,,USD,EA
Columbia,COLUMBIA-1TIER-POLY-12x18x60,Locker,10 51 00,"Columbia 1-tier locker, PolyLife HDPE. 12""W x 18""D x 60""H",12,18,60,Floor,,,USD,EA
Columbia,COLUMBIA-1TIER-POLY-12x18x72,Locker,10 51 00,"Columbia 1-tier locker, PolyLife HDPE. 12""W x 18""D x 72""H",12,18,72,Floor,,,USD,EA
Columbia,COLUMBIA-1TIER-POLY-15x12x36,Locker,10 51 00,"Columbia 1-tier locker, PolyLife HDPE. 15""W x 12""D x 36""H",15,12,36,Floor,,,USD,EA
Columbia,COLUMBIA-1TIER-POLY-15x12x48,Locker,10 51 00,"Columbia 1-tier locker, PolyLife HDPE. 15""W x 12""D x 48""H",15,12,48,Floor,,,USD,EA
Columbia,COLUMBIA-1TIER-POLY-15x12x60,Locker,10 51 00,"Columbia 1-tier locker, PolyLife HDPE. 15""W x 12""D x 60""H",15,12,60,Floor,,,USD,EA
Columbia,COLUMBIA-1TIER-POLY-15x12x72,Locker,10 51 00,"Columbia 1-tier locker, PolyLife HDPE. 15""W x 12""D x 72""H",15,12,72,Floor,,,USD,EA
Columbia,COLUMBIA-1TIER-POLY-15x15x36,Locker,10 51 00,"Columbia 1-tier locker, PolyLife HDPE. 15""W x 15""D x 36""H",15,15,36,Floor,,,USD,EA
Columbia,COLUMBIA-1TIER-POLY-15x15x48,Locker,10 51 00,"Columbia 1-tier locker, PolyLife HDPE. 15""W x 15""D x 48""H",15,15,48,Floor,,,USD,EA
Columbia,COLUMBIA-1TIER-POLY-15x15x60,Locker,10 51 00,"Columbia 1-tier locker, PolyLife HDPE. 15""W x 15""D x 60""H",15,15,60,Floor,,,USD,EA
Columbia,COLUMBIA-1TIER-POLY-15x15x72,Locker,10 51 00,"Columbia 1-tier locker, PolyLife HDPE. 15""W x 15""D x 72""H",15,15,72,Floor,,,USD,EA
Columbia,COLUMBIA-1TIER-POLY-15x18x36,Locker,10 51 00,"Columbia 1-tier locker, PolyLife HDPE. 15""W x 18""D x 36""H",15,18,36,Floor,,,USD,EA
Columbia,COLUMBIA-1TIER-POLY-15x18x48,Locker,10 51 00,"Columbia 1-tier locker, PolyLife HDPE. 15""W x 18""D x 48""H",15,18,48,Floor,,,USD,EA
Columbia,COLUMBIA-1TIER-POLY-15x18x60,Locker,10 51 00,"Columbia 1-tier locker, PolyLife HDPE. 15""W x 18""D x 60""H",15,18,60,Floor,,,USD,EA
Columbia,COLUMBIA-1TIER-POLY-15x18x72,Locker,10 51 00,"Columbia 1-tier locker, PolyLife HDPE. 15""W x 18""D x 72""H",15,18,72,Floor,,,USD,EA
Columbia,COLUMBIA-1TIER-POLY-18x12x36,Locker,10 51 00,"Columbia 1-tier locker, PolyLife HDPE. 18""W x 12""D x 36""H",18,12,36,Floor,,,USD,EA
Columbia,COLUMBIA-1TIER-POLY-18x12x48,Locker,10 51 00,"Columbia 1-tier locker, PolyLife HDPE. 18""W x 12""D x 48""H",18,12,48,Floor,,,USD,EA
Columbia,COLUMBIA-1TIER-POLY-18x12x60,Locker,10 51 00,"Columbia 1-tier locker, PolyLife HDPE. 18""W x 12""D x 60""H",18,12,60,Floor,,,USD,EA
Columbia,COLUMBIA-1TIER-POLY-18x12x72,Locker,10 51 00,"Columbia 1-tier locker, PolyLife HDPE. 18""W x 12""D x 72""H",18,12,72,Floor,,,USD,EA
Columbia,COLUMBIA-1TIER-POLY-18x15x36,Locker,10 51 00,"Columbia 1-tier locker, PolyLife HDPE. 18""W x 15""D x 36""H",18,15,36,Floor,,,USD,EA
Columbia,COLUMBIA-1TIER-POLY-18x15x48,Locker,10 51 00,"Columbia 1-tier locker, PolyLife HDPE. 18""W x 15""D x 48""H",18,15,48,Floor,,,USD,EA
Columbia,COLUMBIA-1TIER-POLY-18x15x60,Locker,10 51 00,"Columbia 1-tier locker, PolyLife HDPE. 18""W x 15""D x 60""H",18,15,60,Floor,,,USD,EA
Columbia,COLUMBIA-1TIER-POLY-18x15x72,Locker,10 51 00,"Columbia 1-tier locker, PolyLife HDPE. 18""W x 15""D x 72""H",18,15,72,Floor,,,USD,EA
Columbia,COLUMBIA-1TIER-POLY-18x18x36,Locker,10 51 00,"Columbia 1-tier locker, PolyLife HDPE. 18""W x 18""D x 36""H",18,18,36,Floor,,,USD,EA
Columbia,COLUMBIA-1TIER-POLY-18x18x48,Locker,10 51 00,"Columbia 1-tier locker, PolyLife HDPE. 18""W x 18""D x 48""H",18,18,48,Floor,,,USD,EA
Columbia,COLUMBIA-1TIER-POLY-18x18x60,Locker,10 51 00,"Columbia 1-tier locker, PolyLife HDPE. 18""W x 18""D x 60""H",18,18,60,Floor,,,USD,EA
Columbia,COLUMBIA-1TIER-POLY-18x18x72,Locker,10 51 00,"Columbia 1-tier locker, PolyLife HDPE. 18""W x 18""D x 72""H",18,18,72,Floor,,,USD,EA
Columbia,COLUMBIA-1TIER-POLY-9x12x36,Locker,10 51 00,"Columbia 1-tier locker, PolyLife HDPE. 9""W x 12""D x 36""H",9,12,36,Floor,,,USD,EA
Columbia,COLUMBIA-1TIER-POLY-9x12x48,Locker,10 51 00,"Columbia 1-tier locker, PolyLife HDPE. 9""W x 12""D x 48""H",9,12,48,Floor,,,USD,EA
Columbia,COLUMBIA-1TIER-POLY-9x12x60,Locker,10 51 00,"Columbia 1-tier locker, PolyLife HDPE. 9""W x 12""D x 60""H",9,12,60,Floor,,,USD,EA
Columbia,COLUMBIA-1TIER-POLY-9x12x72,Locker,10 51 00,"Columbia 1-tier locker, PolyLife HDPE. 9""W x 12""D x 72""H",9,12,72,Floor,,,USD,EA
Columbia,COLUMBIA-1TIER-POLY-9x15x36,Locker,10 51 00,"Columbia 1-tier locker, PolyLife HDPE. 9""W x 15""D x 36""H",9,15,36,Floor,,,USD,EA
Columbia,COLUMBIA-1TIER-POLY-9x15x48,Locker,10 51 00,"Columbia 1-tier locker, PolyLife HDPE. 9""W x 15""D x 48""H",9,15,48,Floor,,,USD,EA
Columbia,COLUMBIA-1TIER-POLY-9x15x60,Locker,10 51 00,"Columbia 1-tier locker, PolyLife HDPE. 9""W x 15""D x 60""H",9,15,60,Floor,,,USD,EA
Columbia,COLUMBIA-1TIER-POLY-9x15x72,Locker,10 51 00,"Columbia 1-tier locker, PolyLife HDPE. 9""W x 15""D x 72""H",9,15,72,Floor,,,USD,EA
Columbia,COLUMBIA-1TIER-POLY-9x18x36,Locker,10 51 00,"Columbia 1-tier locker, PolyLife HDPE. 9""W x 18""D x 36""H",9,18,36,Floor,,,USD,EA
Columbia,COLUMBIA-1TIER-POLY-9x18x48,Locker,10 51 00,"Columbia 1-tier locker, PolyLife HDPE. 9""W x 18""D x 48""H",9,18,48,Floor,,,USD,EA
Columbia,COLUMBIA-1TIER-POLY-9x18x60,Locker,10 51 00,"Columbia 1-tier locker, PolyLife HDPE. 9""W x 18""D x 60""H",9,18,60,Floor,,,USD,EA
Columbia,COLUMBIA-1TIER-POLY-9x18x72,Locker,10 51 00,"Columbia 1-tier locker, PolyLife HDPE. 9""W x 18""D x 72""H",9,18,72,Floor,,,USD,EA
Columbia,COLUMBIA-1TIER-TERRA-12x12x36,Locker,10 51 00,"Columbia 1-tier locker, Terra Core color-through phenolic. 12""W x 12""D x 36""H",12,12,36,Floor,,,USD,EA
Columbia,COLUMBIA-1TIER-TERRA-12x12x48,Locker,10 51 00,"Columbia 1-tier locker, Terra Core color-through phenolic. 12""W x 12""D x 48""H",12,12,48,Floor,,,USD,EA
Columbia,COLUMBIA-1TIER-TERRA-12x12x60,Locker,10 51 00,"Columbia 1-tier locker, Terra Core color-through phenolic. 12""W x 12""D x 60""H",12,12,60,Floor,,,USD,EA
Columbia,COLUMBIA-1TIER-TERRA-12x12x72,Locker,10 51 00,"Columbia 1-tier locker, Terra Core color-through phenolic. 12""W x 12""D x 72""H",12,12,72,Floor,,,USD,EA
Columbia,COLUMBIA-1TIER-TERRA-12x15x36,Locker,10 51 00,"Columbia 1-tier locker, Terra Core color-through phenolic. 12""W x 15""D x 36""H",12,15,36,Floor,,,USD,EA
Columbia,COLUMBIA-1TIER-TERRA-12x15x48,Locker,10 51 00,"Columbia 1-tier locker, Terra Core color-through phenolic. 12""W x 15""D x 48""H",12,15,48,Floor,,,USD,EA
Columbia,COLUMBIA-1TIER-TERRA-12x15x60,Locker,10 51 00,"Columbia 1-tier locker, Terra Core color-through phenolic. 12""W x 15""D x 60""H",12,15,60,Floor,,,USD,EA
Columbia,COLUMBIA-1TIER-TERRA-12x15x72,Locker,10 51 00,"Columbia 1-tier locker, Terra Core color-through phenolic. 12""W x 15""D x 72""H",12,15,72,Floor,,,USD,EA
Columbia,COLUMBIA-1TIER-TERRA-12x18x36,Locker,10 51 00,"Columbia 1-tier locker, Terra Core color-through phenolic. 12""W x 18""D x 36""H",12,18,36,Floor,,,USD,EA
Columbia,COLUMBIA-1TIER-TERRA-12x18x48,Locker,10 51 00,"Columbia 1-tier locker, Terra Core color-through phenolic. 12""W x 18""D x 48""H",12,18,48,Floor,,,USD,EA
Columbia,COLUMBIA-1TIER-TERRA-12x18x60,Locker,10 51 00,"Columbia 1-tier locker, Terra Core color-through phenolic. 12""W x 18""D x 60""H",12,18,60,Floor,,,USD,EA
Columbia,COLUMBIA-1TIER-TERRA-12x18x72,Locker,10 51 00,"Columbia 1-tier locker, Terra Core color-through phenolic. 12""W x 18""D x 72""H",12,18,72,Floor,,,USD,EA
Columbia,COLUMBIA-1TIER-TERRA-15x12x36,Locker,10 51 00,"Columbia 1-tier locker, Terra Core color-through phenolic. 15""W x 12""D x 36""H",15,12,36,Floor,,,USD,EA
Columbia,COLUMBIA-1TIER-TERRA-15x12x48,Locker,10 51 00,"Columbia 1-tier locker, Terra Core color-through phenolic. 15""W x 12""D x 48""H",15,12,48,Floor,,,USD,EA
Columbia,COLUMBIA-1TIER-TERRA-15x12x60,Locker,10 51 00,"Columbia 1-tier locker, Terra Core color-through phenolic. 15""W x 12""D x 60""H",15,12,60,Floor,,,USD,EA
Columbia,COLUMBIA-1TIER-TERRA-15x12x72,Locker,10 51 00,"Columbia 1-tier locker, Terra Core color-through phenolic. 15""W x 12""D x 72""H",15,12,72,Floor,,,USD,EA
Columbia,COLUMBIA-1TIER-TERRA-15x15x36,Locker,10 51 00,"Columbia 1-tier locker, Terra Core color-through phenolic. 15""W x 15""D x 36""H",15,15,36,Floor,,,USD,EA
Columbia,COLUMBIA-1TIER-TERRA-15x15x48,Locker,10 51 00,"Columbia 1-tier locker, Terra Core color-through phenolic. 15""W x 15""D x 48""H",15,15,48,Floor,,,USD,EA
Columbia,COLUMBIA-1TIER-TERRA-15x15x60,Locker,10 51 00,"Columbia 1-tier locker, Terra Core color-through phenolic. 15""W x 15""D x 60""H",15,15,60,Floor,,,USD,EA
Columbia,COLUMBIA-1TIER-TERRA-15x15x72,Locker,10 51 00,"Columbia 1-tier locker, Terra Core color-through phenolic. 15""W x 15""D x 72""H",15,15,72,Floor,,,USD,EA
Columbia,COLUMBIA-1TIER-TERRA-15x18x36,Locker,10 51 00,"Columbia 1-tier locker, Terra Core color-through phenolic. 15""W x 18""D x 36""H",15,18,36,Floor,,,USD,EA
Columbia,COLUMBIA-1TIER-TERRA-15x18x48,Locker,10 51 00,"Columbia 1-tier locker, Terra Core color-through phenolic. 15""W x 18""D x 48""H",15,18,48,Floor,,,USD,EA
Columbia,COLUMBIA-1TIER-TERRA-15x18x60,Locker,10 51 00,"Columbia 1-tier locker, Terra Core color-through phenolic. 15""W x 18""D x 60""H",15,18,60,Floor,,,USD,EA
Columbia,COLUMBIA-1TIER-TERRA-15x18x72,Locker,10 51 00,"Columbia 1-tier locker, Terra Core color-through phenolic. 15""W x 18""D x 72""H",15,18,72,Floor,,,USD,EA
Columbia,COLUMBIA-1TIER-TERRA-18x12x36,Locker,10 51 00,"Columbia 1-tier locker, Terra Core color-through phenolic. 18""W x 12""D x 36""H",18,12,36,Floor,,,USD,EA
Columbia,COLUMBIA-1TIER-TERRA-18x12x48,Locker,10 51 00,"Columbia 1-tier locker, Terra Core color-through phenolic. 18""W x 12""D x 48""H",18,12,48,Floor,,,USD,EA
Columbia,COLUMBIA-1TIER-TERRA-18x12x60,Locker,10 51 00,"Columbia 1-tier locker, Terra Core color-through phenolic. 18""W x 12""D x 60""H",18,12,60,Floor,,,USD,EA
Columbia,COLUMBIA-1TIER-TERRA-18x12x72,Locker,10 51 00,"Columbia 1-tier locker, Terra Core color-through phenolic. 18""W x 12""D x 72""H",18,12,72,Floor,,,USD,EA
Columbia,COLUMBIA-1TIER-TERRA-18x15x36,Locker,10 51 00,"Columbia 1-tier locker, Terra Core color-through phenolic. 18""W x 15""D x 36""H",18,15,36,Floor,,,USD,EA
Columbia,COLUMBIA-1TIER-TERRA-18x15x48,Locker,10 51 00,"Columbia 1-tier locker, Terra Core color-through phenolic. 18""W x 15""D x 48""H",18,15,48,Floor,,,USD,EA
Columbia,COLUMBIA-1TIER-TERRA-18x15x60,Locker,10 51 00,"Columbia 1-tier locker, Terra Core color-through phenolic. 18""W x 15""D x 60""H",18,15,60,Floor,,,USD,EA
Columbia,COLUMBIA-1TIER-TERRA-18x15x72,Locker,10 51 00,"Columbia 1-tier locker, Terra Core color-through phenolic. 18""W x 15""D x 72""H",18,15,72,Floor,,,USD,EA
Columbia,COLUMBIA-1TIER-TERRA-18x18x36,Locker,10 51 00,"Columbia 1-tier locker, Terra Core color-through phenolic. 18""W x 18""D x 36""H",18,18,36,Floor,,,USD,EA
Columbia,COLUMBIA-1TIER-TERRA-18x18x48,Locker,10 51 00,"Columbia 1-tier locker, Terra Core color-through phenolic. 18""W x 18""D x 48""H",18,18,48,Floor,,,USD,EA
Columbia,COLUMBIA-1TIER-TERRA-18x18x60,Locker,10 51 00,"Columbia 1-tier locker, Terra Core color-through phenolic. 18""W x 18""D x 60""H",18,18,60,Floor,,,USD,EA
Columbia,COLUMBIA-1TIER-TERRA-18x18x72,Locker,10 51 00,"Columbia 1-tier locker, Terra Core color-through phenolic. 18""W x 18""D x 72""H",18,18,72,Floor,,,USD,EA
Columbia,COLUMBIA-1TIER-TERRA-9x12x36,Locker,10 51 00,"Columbia 1-tier locker, Terra Core color-through phenolic. 9""W x 12""D x 36""H",9,12,36,Floor,,,USD,EA
Columbia,COLUMBIA-1TIER-TERRA-9x12x48,Locker,10 51 00,"Columbia 1-tier locker, Terra Core color-through phenolic. 9""W x 12""D x 48""H",9,12,48,Floor,,,USD,EA
Columbia,COLUMBIA-1TIER-TERRA-9x12x60,Locker,10 51 00,"Columbia 1-tier locker, Terra Core color-through phenolic. 9""W x 12""D x 60""H",9,12,60,Floor,,,USD,EA
Columbia,COLUMBIA-1TIER-TERRA-9x12x72,Locker,10 51 00,"Columbia 1-tier locker, Terra Core color-through phenolic. 9""W x 12""D x 72""H",9,12,72,Floor,,,USD,EA
Columbia,COLUMBIA-1TIER-TERRA-9x15x36,Locker,10 51 00,"Columbia 1-tier locker, Terra Core color-through phenolic. 9""W x 15""D x 36""H",9,15,36,Floor,,,USD,EA
Columbia,COLUMBIA-1TIER-TERRA-9x15x48,Locker,10 51 00,"Columbia 1-tier locker, Terra Core color-through phenolic. 9""W x 15""D x 48""H",9,15,48,Floor,,,USD,EA
Columbia,COLUMBIA-1TIER-TERRA-9x15x60,Locker,10 51 00,"Columbia 1-tier locker, Terra Core color-through phenolic. 9""W x 15""D x 60""H",9,15,60,Floor,,,USD,EA
Columbia,COLUMBIA-1TIER-TERRA-9x15x72,Locker,10 51 00,"Columbia 1-tier locker, Terra Core color-through phenolic. 9""W x 15""D x 72""H",9,15,72,Floor,,,USD,EA
Columbia,COLUMBIA-1TIER-TERRA-9x18x36,Locker,10 51 00,"Columbia 1-tier locker, Terra Core color-through phenolic. 9""W x 18""D x 36""H",9,18,36,Floor,,,USD,EA
Columbia,COLUMBIA-1TIER-TERRA-9x18x48,Locker,10 51 00,"Columbia 1-tier locker, Terra Core color-through phenolic. 9""W x 18""D x 48""H",9,18,48,Floor,,,USD,EA
Columbia,COLUMBIA-1TIER-TERRA-9x18x60,Locker,10 51 00,"Columbia 1-tier locker, Terra Core color-through phenolic. 9""W x 18""D x 60""H",9,18,60,Floor,,,USD,EA
Columbia,COLUMBIA-1TIER-TERRA-9x18x72,Locker,10 51 00,"Columbia 1-tier locker, Terra Core color-through phenolic. 9""W x 18""D x 72""H",9,18,72,Floor,,,USD,EA
Columbia,COLUMBIA-2TIER-PHEN-12x12x36,Locker,10 51 00,"Columbia 2-tier locker, solid phenolic. 12""W x 12""D x 36""H",12,12,36,Floor,,,USD,EA
Columbia,COLUMBIA-2TIER-PHEN-12x12x48,Locker,10 51 00,"Columbia 2-tier locker, solid phenolic. 12""W x 12""D x 48""H",12,12,48,Floor,,,USD,EA
Columbia,COLUMBIA-2TIER-PHEN-12x12x60,Locker,10 51 00,"Columbia 2-tier locker, solid phenolic. 12""W x 12""D x 60""H",12,12,60,Floor,,,USD,EA
Columbia,COLUMBIA-2TIER-PHEN-12x12x72,Locker,10 51 00,"Columbia 2-tier locker, solid phenolic. 12""W x 12""D x 72""H",12,12,72,Floor,,,USD,EA
Columbia,COLUMBIA-2TIER-PHEN-12x15x36,Locker,10 51 00,"Columbia 2-tier locker, solid phenolic. 12""W x 15""D x 36""H",12,15,36,Floor,,,USD,EA
Columbia,COLUMBIA-2TIER-PHEN-12x15x48,Locker,10 51 00,"Columbia 2-tier locker, solid phenolic. 12""W x 15""D x 48""H",12,15,48,Floor,,,USD,EA
Columbia,COLUMBIA-2TIER-PHEN-12x15x60,Locker,10 51 00,"Columbia 2-tier locker, solid phenolic. 12""W x 15""D x 60""H",12,15,60,Floor,,,USD,EA
Columbia,COLUMBIA-2TIER-PHEN-12x15x72,Locker,10 51 00,"Columbia 2-tier locker, solid phenolic. 12""W x 15""D x 72""H",12,15,72,Floor,,,USD,EA
Columbia,COLUMBIA-2TIER-PHEN-12x18x36,Locker,10 51 00,"Columbia 2-tier locker, solid phenolic. 12""W x 18""D x 36""H",12,18,36,Floor,,,USD,EA
Columbia,COLUMBIA-2TIER-PHEN-12x18x48,Locker,10 51 00,"Columbia 2-tier locker, solid phenolic. 12""W x 18""D x 48""H",12,18,48,Floor,,,USD,EA
Columbia,COLUMBIA-2TIER-PHEN-12x18x60,Locker,10 51 00,"Columbia 2-tier locker, solid phenolic. 12""W x 18""D x 60""H",12,18,60,Floor,,,USD,EA
Columbia,COLUMBIA-2TIER-PHEN-12x18x72,Locker,10 51 00,"Columbia 2-tier locker, solid phenolic. 12""W x 18""D x 72""H",12,18,72,Floor,,,USD,EA
Columbia,COLUMBIA-2TIER-PHEN-15x12x36,Locker,10 51 00,"Columbia 2-tier locker, solid phenolic. 15""W x 12""D x 36""H",15,12,36,Floor,,,USD,EA
Columbia,COLUMBIA-2TIER-PHEN-15x12x48,Locker,10 51 00,"Columbia 2-tier locker, solid phenolic. 15""W x 12""D x 48""H",15,12,48,Floor,,,USD,EA
Columbia,COLUMBIA-2TIER-PHEN-15x12x60,Locker,10 51 00,"Columbia 2-tier locker, solid phenolic. 15""W x 12""D x 60""H",15,12,60,Floor,,,USD,EA
Columbia,COLUMBIA-2TIER-PHEN-15x12x72,Locker,10 51 00,"Columbia 2-tier locker, solid phenolic. 15""W x 12""D x 72""H",15,12,72,Floor,,,USD,EA
Columbia,COLUMBIA-2TIER-PHEN-15x15x36,Locker,10 51 00,"Columbia 2-tier locker, solid phenolic. 15""W x 15""D x 36""H",15,15,36,Floor,,,USD,EA
Columbia,COLUMBIA-2TIER-PHEN-15x15x48,Locker,10 51 00,"Columbia 2-tier locker, solid phenolic. 15""W x 15""D x 48""H",15,15,48,Floor,,,USD,EA
Columbia,COLUMBIA-2TIER-PHEN-15x15x60,Locker,10 51 00,"Columbia 2-tier locker, solid phenolic. 15""W x 15""D x 60""H",15,15,60,Floor,,,USD,EA
Columbia,COLUMBIA-2TIER-PHEN-15x15x72,Locker,10 51 00,"Columbia 2-tier locker, solid phenolic. 15""W x 15""D x 72""H",15,15,72,Floor,,,USD,EA
Columbia,COLUMBIA-2TIER-PHEN-15x18x36,Locker,10 51 00,"Columbia 2-tier locker, solid phenolic. 15""W x 18""D x 36""H",15,18,36,Floor,,,USD,EA
Columbia,COLUMBIA-2TIER-PHEN-15x18x48,Locker,10 51 00,"Columbia 2-tier locker, solid phenolic. 15""W x 18""D x 48""H",15,18,48,Floor,,,USD,EA
Columbia,COLUMBIA-2TIER-PHEN-15x18x60,Locker,10 51 00,"Columbia 2-tier locker, solid phenolic. 15""W x 18""D x 60""H",15,18,60,Floor,,,USD,EA
Columbia,COLUMBIA-2TIER-PHEN-15x18x72,Locker,10 51 00,"Columbia 2-tier locker, solid phenolic. 15""W x 18""D x 72""H",15,18,72,Floor,,,USD,EA
Columbia,COLUMBIA-2TIER-PHEN-18x12x36,Locker,10 51 00,"Columbia 2-tier locker, solid phenolic. 18""W x 12""D x 36""H",18,12,36,Floor,,,USD,EA
Columbia,COLUMBIA-2TIER-PHEN-18x12x48,Locker,10 51 00,"Columbia 2-tier locker, solid phenolic. 18""W x 12""D x 48""H",18,12,48,Floor,,,USD,EA
Columbia,COLUMBIA-2TIER-PHEN-18x12x60,Locker,10 51 00,"Columbia 2-tier locker, solid phenolic. 18""W x 12""D x 60""H",18,12,60,Floor,,,USD,EA
Columbia,COLUMBIA-2TIER-PHEN-18x12x72,Locker,10 51 00,"Columbia 2-tier locker, solid phenolic. 18""W x 12""D x 72""H",18,12,72,Floor,,,USD,EA
Columbia,COLUMBIA-2TIER-PHEN-18x15x36,Locker,10 51 00,"Columbia 2-tier locker, solid phenolic. 18""W x 15""D x 36""H",18,15,36,Floor,,,USD,EA
Columbia,COLUMBIA-2TIER-PHEN-18x15x48,Locker,10 51 00,"Columbia 2-tier locker, solid phenolic. 18""W x 15""D x 48""H",18,15,48,Floor,,,USD,EA
Columbia,COLUMBIA-2TIER-PHEN-18x15x60,Locker,10 51 00,"Columbia 2-tier locker, solid phenolic. 18""W x 15""D x 60""H",18,15,60,Floor,,,USD,EA
Columbia,COLUMBIA-2TIER-PHEN-18x15x72,Locker,10 51 00,"Columbia 2-tier locker, solid phenolic. 18""W x 15""D x 72""H",18,15,72,Floor,,,USD,EA
Columbia,COLUMBIA-2TIER-PHEN-18x18x36,Locker,10 51 00,"Columbia 2-tier locker, solid phenolic. 18""W x 18""D x 36""H",18,18,36,Floor,,,USD,EA
Columbia,COLUMBIA-2TIER-PHEN-18x18x48,Locker,10 51 00,"Columbia 2-tier locker, solid phenolic. 18""W x 18""D x 48""H",18,18,48,Floor,,,USD,EA
Columbia,COLUMBIA-2TIER-PHEN-18x18x60,Locker,10 51 00,"Columbia 2-tier locker, solid phenolic. 18""W x 18""D x 60""H",18,18,60,Floor,,,USD,EA
Columbia,COLUMBIA-2TIER-PHEN-18x18x72,Locker,10 51 00,"Columbia 2-tier locker, solid phenolic. 18""W x 18""D x 72""H",18,18,72,Floor,,,USD,EA
Columbia,COLUMBIA-2TIER-PHEN-9x12x36,Locker,10 51 00,"Columbia 2-tier locker, solid phenolic. 9""W x 12""D x 36""H",9,12,36,Floor,,,USD,EA
Columbia,COLUMBIA-2TIER-PHEN-9x12x48,Locker,10 51 00,"Columbia 2-tier locker, solid phenolic. 9""W x 12""D x 48""H",9,12,48,Floor,,,USD,EA
Columbia,COLUMBIA-2TIER-PHEN-9x12x60,Locker,10 51 00,"Columbia 2-tier locker, solid phenolic. 9""W x 12""D x 60""H",9,12,60,Floor,,,USD,EA
Columbia,COLUMBIA-2TIER-PHEN-9x12x72,Locker,10 51 00,"Columbia 2-tier locker, solid phenolic. 9""W x 12""D x 72""H",9,12,72,Floor,,,USD,EA
Columbia,COLUMBIA-2TIER-PHEN-9x15x36,Locker,10 51 00,"Columbia 2-tier locker, solid phenolic. 9""W x 15""D x 36""H",9,15,36,Floor,,,USD,EA
Columbia,COLUMBIA-2TIER-PHEN-9x15x48,Locker,10 51 00,"Columbia 2-tier locker, solid phenolic. 9""W x 15""D x 48""H",9,15,48,Floor,,,USD,EA
Columbia,COLUMBIA-2TIER-PHEN-9x15x60,Locker,10 51 00,"Columbia 2-tier locker, solid phenolic. 9""W x 15""D x 60""H",9,15,60,Floor,,,USD,EA
Columbia,COLUMBIA-2TIER-PHEN-9x15x72,Locker,10 51 00,"Columbia 2-tier locker, solid phenolic. 9""W x 15""D x 72""H",9,15,72,Floor,,,USD,EA
Columbia,COLUMBIA-2TIER-PHEN-9x18x36,Locker,10 51 00,"Columbia 2-tier locker, solid phenolic. 9""W x 18""D x 36""H",9,18,36,Floor,,,USD,EA
Columbia,COLUMBIA-2TIER-PHEN-9x18x48,Locker,10 51 00,"Columbia 2-tier locker, solid phenolic. 9""W x 18""D x 48""H",9,18,48,Floor,,,USD,EA
Columbia,COLUMBIA-2TIER-PHEN-9x18x60,Locker,10 51 00,"Columbia 2-tier locker, solid phenolic. 9""W x 18""D x 60""H",9,18,60,Floor,,,USD,EA
Columbia,COLUMBIA-2TIER-PHEN-9x18x72,Locker,10 51 00,"Columbia 2-tier locker, solid phenolic. 9""W x 18""D x 72""H",9,18,72,Floor,,,USD,EA
Columbia,COLUMBIA-2TIER-POLY-12x12x36,Locker,10 51 00,"Columbia 2-tier locker, PolyLife HDPE. 12""W x 12""D x 36""H",12,12,36,Floor,,,USD,EA
Columbia,COLUMBIA-2TIER-POLY-12x12x48,Locker,10 51 00,"Columbia 2-tier locker, PolyLife HDPE. 12""W x 12""D x 48""H",12,12,48,Floor,,,USD,EA
Columbia,COLUMBIA-2TIER-POLY-12x12x60,Locker,10 51 00,"Columbia 2-tier locker, PolyLife HDPE. 12""W x 12""D x 60""H",12,12,60,Floor,,,USD,EA
Columbia,COLUMBIA-2TIER-POLY-12x12x72,Locker,10 51 00,"Columbia 2-tier locker, PolyLife HDPE. 12""W x 12""D x 72""H",12,12,72,Floor,,,USD,EA
Columbia,COLUMBIA-2TIER-POLY-12x15x36,Locker,10 51 00,"Columbia 2-tier locker, PolyLife HDPE. 12""W x 15""D x 36""H",12,15,36,Floor,,,USD,EA
Columbia,COLUMBIA-2TIER-POLY-12x15x48,Locker,10 51 00,"Columbia 2-tier locker, PolyLife HDPE. 12""W x 15""D x 48""H",12,15,48,Floor,,,USD,EA
Columbia,COLUMBIA-2TIER-POLY-12x15x60,Locker,10 51 00,"Columbia 2-tier locker, PolyLife HDPE. 12""W x 15""D x 60""H",12,15,60,Floor,,,USD,EA
Columbia,COLUMBIA-2TIER-POLY-12x15x72,Locker,10 51 00,"Columbia 2-tier locker, PolyLife HDPE. 12""W x 15""D x 72""H",12,15,72,Floor,,,USD,EA
Columbia,COLUMBIA-2TIER-POLY-12x18x36,Locker,10 51 00,"Columbia 2-tier locker, PolyLife HDPE. 12""W x 18""D x 36""H",12,18,36,Floor,,,USD,EA
Columbia,COLUMBIA-2TIER-POLY-12x18x48,Locker,10 51 00,"Columbia 2-tier locker, PolyLife HDPE. 12""W x 18""D x 48""H",12,18,48,Floor,,,USD,EA
Columbia,COLUMBIA-2TIER-POLY-12x18x60,Locker,10 51 00,"Columbia 2-tier locker, PolyLife HDPE. 12""W x 18""D x 60""H",12,18,60,Floor,,,USD,EA
Columbia,COLUMBIA-2TIER-POLY-12x18x72,Locker,10 51 00,"Columbia 2-tier locker, PolyLife HDPE. 12""W x 18""D x 72""H",12,18,72,Floor,,,USD,EA
Columbia,COLUMBIA-2TIER-POLY-15x12x36,Locker,10 51 00,"Columbia 2-tier locker, PolyLife HDPE. 15""W x 12""D x 36""H",15,12,36,Floor,,,USD,EA
Columbia,COLUMBIA-2TIER-POLY-15x12x48,Locker,10 51 00,"Columbia 2-tier locker, PolyLife HDPE. 15""W x 12""D x 48""H",15,12,48,Floor,,,USD,EA
Columbia,COLUMBIA-2TIER-POLY-15x12x60,Locker,10 51 00,"Columbia 2-tier locker, PolyLife HDPE. 15""W x 12""D x 60""H",15,12,60,Floor,,,USD,EA
Columbia,COLUMBIA-2TIER-POLY-15x12x72,Locker,10 51 00,"Columbia 2-tier locker, PolyLife HDPE. 15""W x 12""D x 72""H",15,12,72,Floor,,,USD,EA
Columbia,COLUMBIA-2TIER-POLY-15x15x36,Locker,10 51 00,"Columbia 2-tier locker, PolyLife HDPE. 15""W x 15""D x 36""H",15,15,36,Floor,,,USD,EA
Columbia,COLUMBIA-2TIER-POLY-15x15x48,Locker,10 51 00,"Columbia 2-tier locker, PolyLife HDPE. 15""W x 15""D x 48""H",15,15,48,Floor,,,USD,EA
Columbia,COLUMBIA-2TIER-POLY-15x15x60,Locker,10 51 00,"Columbia 2-tier locker, PolyLife HDPE. 15""W x 15""D x 60""H",15,15,60,Floor,,,USD,EA
Columbia,COLUMBIA-2TIER-POLY-15x15x72,Locker,10 51 00,"Columbia 2-tier locker, PolyLife HDPE. 15""W x 15""D x 72""H",15,15,72,Floor,,,USD,EA
Columbia,COLUMBIA-2TIER-POLY-15x18x36,Locker,10 51 00,"Columbia 2-tier locker, PolyLife HDPE. 15""W x 18""D x 36""H",15,18,36,Floor,,,USD,EA
Columbia,COLUMBIA-2TIER-POLY-15x18x48,Locker,10 51 00,"Columbia 2-tier locker, PolyLife HDPE. 15""W x 18""D x 48""H",15,18,48,Floor,,,USD,EA
Columbia,COLUMBIA-2TIER-POLY-15x18x60,Locker,10 51 00,"Columbia 2-tier locker, PolyLife HDPE. 15""W x 18""D x 60""H",15,18,60,Floor,,,USD,EA
Columbia,COLUMBIA-2TIER-POLY-15x18x72,Locker,10 51 00,"Columbia 2-tier locker, PolyLife HDPE. 15""W x 18""D x 72""H",15,18,72,Floor,,,USD,EA
Columbia,COLUMBIA-2TIER-POLY-18x12x36,Locker,10 51 00,"Columbia 2-tier locker, PolyLife HDPE. 18""W x 12""D x 36""H",18,12,36,Floor,,,USD,EA
Columbia,COLUMBIA-2TIER-POLY-18x12x48,Locker,10 51 00,"Columbia 2-tier locker, PolyLife HDPE. 18""W x 12""D x 48""H",18,12,48,Floor,,,USD,EA
Columbia,COLUMBIA-2TIER-POLY-18x12x60,Locker,10 51 00,"Columbia 2-tier locker, PolyLife HDPE. 18""W x 12""D x 60""H",18,12,60,Floor,,,USD,EA
Columbia,COLUMBIA-2TIER-POLY-18x12x72,Locker,10 51 00,"Columbia 2-tier locker, PolyLife HDPE. 18""W x 12""D x 72""H",18,12,72,Floor,,,USD,EA
Columbia,COLUMBIA-2TIER-POLY-18x15x36,Locker,10 51 00,"Columbia 2-tier locker, PolyLife HDPE. 18""W x 15""D x 36""H",18,15,36,Floor,,,USD,EA
Columbia,COLUMBIA-2TIER-POLY-18x15x48,Locker,10 51 00,"Columbia 2-tier locker, PolyLife HDPE. 18""W x 15""D x 48""H",18,15,48,Floor,,,USD,EA
Columbia,COLUMBIA-2TIER-POLY-18x15x60,Locker,10 51 00,"Columbia 2-tier locker, PolyLife HDPE. 18""W x 15""D x 60""H",18,15,60,Floor,,,USD,EA
Columbia,COLUMBIA-2TIER-POLY-18x15x72,Locker,10 51 00,"Columbia 2-tier locker, PolyLife HDPE. 18""W x 15""D x 72""H",18,15,72,Floor,,,USD,EA
Columbia,COLUMBIA-2TIER-POLY-18x18x36,Locker,10 51 00,"Columbia 2-tier locker, PolyLife HDPE. 18""W x 18""D x 36""H",18,18,36,Floor,,,USD,EA
Columbia,COLUMBIA-2TIER-POLY-18x18x48,Locker,10 51 00,"Columbia 2-tier locker, PolyLife HDPE. 18""W x 18""D x 48""H",18,18,48,Floor,,,USD,EA
Columbia,COLUMBIA-2TIER-POLY-18x18x60,Locker,10 51 00,"Columbia 2-tier locker, PolyLife HDPE. 18""W x 18""D x 60""H",18,18,60,Floor,,,USD,EA
Columbia,COLUMBIA-2TIER-POLY-18x18x72,Locker,10 51 00,"Columbia 2-tier locker, PolyLife HDPE. 18""W x 18""D x 72""H",18,18,72,Floor,,,USD,EA
Columbia,COLUMBIA-2TIER-POLY-9x12x36,Locker,10 51 00,"Columbia 2-tier locker, PolyLife HDPE. 9""W x 12""D x 36""H",9,12,36,Floor,,,USD,EA
Columbia,COLUMBIA-2TIER-POLY-9x12x48,Locker,10 51 00,"Columbia 2-tier locker, PolyLife HDPE. 9""W x 12""D x 48""H",9,12,48,Floor,,,USD,EA
Columbia,COLUMBIA-2TIER-POLY-9x12x60,Locker,10 51 00,"Columbia 2-tier locker, PolyLife HDPE. 9""W x 12""D x 60""H",9,12,60,Floor,,,USD,EA
Columbia,COLUMBIA-2TIER-POLY-9x12x72,Locker,10 51 00,"Columbia 2-tier locker, PolyLife HDPE. 9""W x 12""D x 72""H",9,12,72,Floor,,,USD,EA
Columbia,COLUMBIA-2TIER-POLY-9x15x36,Locker,10 51 00,"Columbia 2-tier locker, PolyLife HDPE. 9""W x 15""D x 36""H",9,15,36,Floor,,,USD,EA
Columbia,COLUMBIA-2TIER-POLY-9x15x48,Locker,10 51 00,"Columbia 2-tier locker, PolyLife HDPE. 9""W x 15""D x 48""H",9,15,48,Floor,,,USD,EA
Columbia,COLUMBIA-2TIER-POLY-9x15x60,Locker,10 51 00,"Columbia 2-tier locker, PolyLife HDPE. 9""W x 15""D x 60""H",9,15,60,Floor,,,USD,EA
Columbia,COLUMBIA-2TIER-POLY-9x15x72,Locker,10 51 00,"Columbia 2-tier locker, PolyLife HDPE. 9""W x 15""D x 72""H",9,15,72,Floor,,,USD,EA
Columbia,COLUMBIA-2TIER-POLY-9x18x36,Locker,10 51 00,"Columbia 2-tier locker, PolyLife HDPE. 9""W x 18""D x 36""H",9,18,36,Floor,,,USD,EA
Columbia,COLUMBIA-2TIER-POLY-9x18x48,Locker,10 51 00,"Columbia 2-tier locker, PolyLife HDPE. 9""W x 18""D x 48""H",9,18,48,Floor,,,USD,EA
Columbia,COLUMBIA-2TIER-POLY-9x18x60,Locker,10 51 00,"Columbia 2-tier locker, PolyLife HDPE. 9""W x 18""D x 60""H",9,18,60,Floor,,,USD,EA
Columbia,COLUMBIA-2TIER-POLY-9x18x72,Locker,10 51 00,"Columbia 2-tier locker, PolyLife HDPE. 9""W x 18""D x 72""H",9,18,72,Floor,,,USD,EA
Columbia,COLUMBIA-2TIER-TERRA-12x12x36,Locker,10 51 00,"Columbia 2-tier locker, Terra Core color-through phenolic. 12""W x 12""D x 36""H",12,12,36,Floor,,,USD,EA
Columbia,COLUMBIA-2TIER-TERRA-12x12x48,Locker,10 51 00,"Columbia 2-tier locker, Terra Core color-through phenolic. 12""W x 12""D x 48""H",12,12,48,Floor,,,USD,EA
Columbia,COLUMBIA-2TIER-TERRA-12x12x60,Locker,10 51 00,"Columbia 2-tier locker, Terra Core color-through phenolic. 12""W x 12""D x 60""H",12,12,60,Floor,,,USD,EA
Columbia,COLUMBIA-2TIER-TERRA-12x12x72,Locker,10 51 00,"Columbia 2-tier locker, Terra Core color-through phenolic. 12""W x 12""D x 72""H",12,12,72,Floor,,,USD,EA
Columbia,COLUMBIA-2TIER-TERRA-12x15x36,Locker,10 51 00,"Columbia 2-tier locker, Terra Core color-through phenolic. 12""W x 15""D x 36""H",12,15,36,Floor,,,USD,EA
Columbia,COLUMBIA-2TIER-TERRA-12x15x48,Locker,10 51 00,"Columbia 2-tier locker, Terra Core color-through phenolic. 12""W x 15""D x 48""H",12,15,48,Floor,,,USD,EA
Columbia,COLUMBIA-2TIER-TERRA-12x15x60,Locker,10 51 00,"Columbia 2-tier locker, Terra Core color-through phenolic. 12""W x 15""D x 60""H",12,15,60,Floor,,,USD,EA
Columbia,COLUMBIA-2TIER-TERRA-12x15x72,Locker,10 51 00,"Columbia 2-tier locker, Terra Core color-through phenolic. 12""W x 15""D x 72""H",12,15,72,Floor,,,USD,EA
Columbia,COLUMBIA-2TIER-TERRA-12x18x36,Locker,10 51 00,"Columbia 2-tier locker, Terra Core color-through phenolic. 12""W x 18""D x 36""H",12,18,36,Floor,,,USD,EA
Columbia,COLUMBIA-2TIER-TERRA-12x18x48,Locker,10 51 00,"Columbia 2-tier locker, Terra Core color-through phenolic. 12""W x 18""D x 48""H",12,18,48,Floor,,,USD,EA
Columbia,COLUMBIA-2TIER-TERRA-12x18x60,Locker,10 51 00,"Columbia 2-tier locker, Terra Core color-through phenolic. 12""W x 18""D x 60""H",12,18,60,Floor,,,USD,EA
Columbia,COLUMBIA-2TIER-TERRA-12x18x72,Locker,10 51 00,"Columbia 2-tier locker, Terra Core color-through phenolic. 12""W x 18""D x 72""H",12,18,72,Floor,,,USD,EA
Columbia,COLUMBIA-2TIER-TERRA-15x12x36,Locker,10 51 00,"Columbia 2-tier locker, Terra Core color-through phenolic. 15""W x 12""D x 36""H",15,12,36,Floor,,,USD,EA
Columbia,COLUMBIA-2TIER-TERRA-15x12x48,Locker,10 51 00,"Columbia 2-tier locker, Terra Core color-through phenolic. 15""W x 12""D x 48""H",15,12,48,Floor,,,USD,EA
Columbia,COLUMBIA-2TIER-TERRA-15x12x60,Locker,10 51 00,"Columbia 2-tier locker, Terra Core color-through phenolic. 15""W x 12""D x 60""H",15,12,60,Floor,,,USD,EA
Columbia,COLUMBIA-2TIER-TERRA-15x12x72,Locker,10 51 00,"Columbia 2-tier locker, Terra Core color-through phenolic. 15""W x 12""D x 72""H",15,12,72,Floor,,,USD,EA
Columbia,COLUMBIA-2TIER-TERRA-15x15x36,Locker,10 51 00,"Columbia 2-tier locker, Terra Core color-through phenolic. 15""W x 15""D x 36""H",15,15,36,Floor,,,USD,EA
Columbia,COLUMBIA-2TIER-TERRA-15x15x48,Locker,10 51 00,"Columbia 2-tier locker, Terra Core color-through phenolic. 15""W x 15""D x 48""H",15,15,48,Floor,,,USD,EA
Columbia,COLUMBIA-2TIER-TERRA-15x15x60,Locker,10 51 00,"Columbia 2-tier locker, Terra Core color-through phenolic. 15""W x 15""D x 60""H",15,15,60,Floor,,,USD,EA
Columbia,COLUMBIA-2TIER-TERRA-15x15x72,Locker,10 51 00,"Columbia 2-tier locker, Terra Core color-through phenolic. 15""W x 15""D x 72""H",15,15,72,Floor,,,USD,EA
Columbia,COLUMBIA-2TIER-TERRA-15x18x36,Locker,10 51 00,"Columbia 2-tier locker, Terra Core color-through phenolic. 15""W x 18""D x 36""H",15,18,36,Floor,,,USD,EA
Columbia,COLUMBIA-2TIER-TERRA-15x18x48,Locker,10 51 00,"Columbia 2-tier locker, Terra Core color-through phenolic. 15""W x 18""D x 48""H",15,18,48,Floor,,,USD,EA
Columbia,COLUMBIA-2TIER-TERRA-15x18x60,Locker,10 51 00,"Columbia 2-tier locker, Terra Core color-through phenolic. 15""W x 18""D x 60""H",15,18,60,Floor,,,USD,EA
Columbia,COLUMBIA-2TIER-TERRA-15x18x72,Locker,10 51 00,"Columbia 2-tier locker, Terra Core color-through phenolic. 15""W x 18""D x 72""H",15,18,72,Floor,,,USD,EA
Columbia,COLUMBIA-2TIER-TERRA-18x12x36,Locker,10 51 00,"Columbia 2-tier locker, Terra Core color-through phenolic. 18""W x 12""D x 36""H",18,12,36,Floor,,,USD,EA
Columbia,COLUMBIA-2TIER-TERRA-18x12x48,Locker,10 51 00,"Columbia 2-tier locker, Terra Core color-through phenolic. 18""W x 12""D x 48""H",18,12,48,Floor,,,USD,EA
Columbia,COLUMBIA-2TIER-TERRA-18x12x60,Locker,10 51 00,"Columbia 2-tier locker, Terra Core color-through phenolic. 18""W x 12""D x 60""H",18,12,60,Floor,,,USD,EA
Columbia,COLUMBIA-2TIER-TERRA-18x12x72,Locker,10 51 00,"Columbia 2-tier locker, Terra Core color-through phenolic. 18""W x 12""D x 72""H",18,12,72,Floor,,,USD,EA
Columbia,COLUMBIA-2TIER-TERRA-18x15x36,Locker,10 51 00,"Columbia 2-tier locker, Terra Core color-through phenolic. 18""W x 15""D x 36""H",18,15,36,Floor,,,USD,EA
Columbia,COLUMBIA-2TIER-TERRA-18x15x48,Locker,10 51 00,"Columbia 2-tier locker, Terra Core color-through phenolic. 18""W x 15""D x 48""H",18,15,48,Floor,,,USD,EA
Columbia,COLUMBIA-2TIER-TERRA-18x15x60,Locker,10 51 00,"Columbia 2-tier locker, Terra Core color-through phenolic. 18""W x 15""D x 60""H",18,15,60,Floor,,,USD,EA
Columbia,COLUMBIA-2TIER-TERRA-18x15x72,Locker,10 51 00,"Columbia 2-tier locker, Terra Core color-through phenolic. 18""W x 15""D x 72""H",18,15,72,Floor,,,USD,EA
Columbia,COLUMBIA-2TIER-TERRA-18x18x36,Locker,10 51 00,"Columbia 2-tier locker, Terra Core color-through phenolic. 18""W x 18""D x 36""H",18,18,36,Floor,,,USD,EA
Columbia,COLUMBIA-2TIER-TERRA-18x18x48,Locker,10 51 00,"Columbia 2-tier locker, Terra Core color-through phenolic. 18""W x 18""D x 48""H",18,18,48,Floor,,,USD,EA
Columbia,COLUMBIA-2TIER-TERRA-18x18x60,Locker,10 51 00,"Columbia 2-tier locker, Terra Core color-through phenolic. 18""W x 18""D x 60""H",18,18,60,Floor,,,USD,EA
Columbia,COLUMBIA-2TIER-TERRA-18x18x72,Locker,10 51 00,"Columbia 2-tier locker, Terra Core color-through phenolic. 18""W x 18""D x 72""H",18,18,72,Floor,,,USD,EA
Columbia,COLUMBIA-2TIER-TERRA-9x12x36,Locker,10 51 00,"Columbia 2-tier locker, Terra Core color-through phenolic. 9""W x 12""D x 36""H",9,12,36,Floor,,,USD,EA
Columbia,COLUMBIA-2TIER-TERRA-9x12x48,Locker,10 51 00,"Columbia 2-tier locker, Terra Core color-through phenolic. 9""W x 12""D x 48""H",9,12,48,Floor,,,USD,EA
Columbia,COLUMBIA-2TIER-TERRA-9x12x60,Locker,10 51 00,"Columbia 2-tier locker, Terra Core color-through phenolic. 9""W x 12""D x 60""H",9,12,60,Floor,,,USD,EA
Columbia,COLUMBIA-2TIER-TERRA-9x12x72,Locker,10 51 00,"Columbia 2-tier locker, Terra Core color-through phenolic. 9""W x 12""D x 72""H",9,12,72,Floor,,,USD,EA
Columbia,COLUMBIA-2TIER-TERRA-9x15x36,Locker,10 51 00,"Columbia 2-tier locker, Terra Core color-through phenolic. 9""W x 15""D x 36""H",9,15,36,Floor,,,USD,EA
Columbia,COLUMBIA-2TIER-TERRA-9x15x48,Locker,10 51 00,"Columbia 2-tier locker, Terra Core color-through phenolic. 9""W x 15""D x 48""H",9,15,48,Floor,,,USD,EA
Columbia,COLUMBIA-2TIER-TERRA-9x15x60,Locker,10 51 00,"Columbia 2-tier locker, Terra Core color-through phenolic. 9""W x 15""D x 60""H",9,15,60,Floor,,,USD,EA
Columbia,COLUMBIA-2TIER-TERRA-9x15x72,Locker,10 51 00,"Columbia 2-tier locker, Terra Core color-through phenolic. 9""W x 15""D x 72""H",9,15,72,Floor,,,USD,EA
Columbia,COLUMBIA-2TIER-TERRA-9x18x36,Locker,10 51 00,"Columbia 2-tier locker, Terra Core color-through phenolic. 9""W x 18""D x 36""H",9,18,36,Floor,,,USD,EA
Columbia,COLUMBIA-2TIER-TERRA-9x18x48,Locker,10 51 00,"Columbia 2-tier locker, Terra Core color-through phenolic. 9""W x 18""D x 48""H",9,18,48,Floor,,,USD,EA
Columbia,COLUMBIA-2TIER-TERRA-9x18x60,Locker,10 51 00,"Columbia 2-tier locker, Terra Core color-through phenolic. 9""W x 18""D x 60""H",9,18,60,Floor,,,USD,EA
Columbia,COLUMBIA-2TIER-TERRA-9x18x72,Locker,10 51 00,"Columbia 2-tier locker, Terra Core color-through phenolic. 9""W x 18""D x 72""H",9,18,72,Floor,,,USD,EA
Columbia,COLUMBIA-3TIER-PHEN-12x12x36,Locker,10 51 00,"Columbia 3-tier locker, solid phenolic. 12""W x 12""D x 36""H",12,12,36,Floor,,,USD,EA
Columbia,COLUMBIA-3TIER-PHEN-12x12x48,Locker,10 51 00,"Columbia 3-tier locker, solid phenolic. 12""W x 12""D x 48""H",12,12,48,Floor,,,USD,EA
Columbia,COLUMBIA-3TIER-PHEN-12x12x60,Locker,10 51 00,"Columbia 3-tier locker, solid phenolic. 12""W x 12""D x 60""H",12,12,60,Floor,,,USD,EA
Columbia,COLUMBIA-3TIER-PHEN-12x12x72,Locker,10 51 00,"Columbia 3-tier locker, solid phenolic. 12""W x 12""D x 72""H",12,12,72,Floor,,,USD,EA
Columbia,COLUMBIA-3TIER-PHEN-12x15x36,Locker,10 51 00,"Columbia 3-tier locker, solid phenolic. 12""W x 15""D x 36""H",12,15,36,Floor,,,USD,EA
Columbia,COLUMBIA-3TIER-PHEN-12x15x48,Locker,10 51 00,"Columbia 3-tier locker, solid phenolic. 12""W x 15""D x 48""H",12,15,48,Floor,,,USD,EA
Columbia,COLUMBIA-3TIER-PHEN-12x15x60,Locker,10 51 00,"Columbia 3-tier locker, solid phenolic. 12""W x 15""D x 60""H",12,15,60,Floor,,,USD,EA
Columbia,COLUMBIA-3TIER-PHEN-12x15x72,Locker,10 51 00,"Columbia 3-tier locker, solid phenolic. 12""W x 15""D x 72""H",12,15,72,Floor,,,USD,EA
Columbia,COLUMBIA-3TIER-PHEN-12x18x36,Locker,10 51 00,"Columbia 3-tier locker, solid phenolic. 12""W x 18""D x 36""H",12,18,36,Floor,,,USD,EA
Columbia,COLUMBIA-3TIER-PHEN-12x18x48,Locker,10 51 00,"Columbia 3-tier locker, solid phenolic. 12""W x 18""D x 48""H",12,18,48,Floor,,,USD,EA
Columbia,COLUMBIA-3TIER-PHEN-12x18x60,Locker,10 51 00,"Columbia 3-tier locker, solid phenolic. 12""W x 18""D x 60""H",12,18,60,Floor,,,USD,EA
Columbia,COLUMBIA-3TIER-PHEN-12x18x72,Locker,10 51 00,"Columbia 3-tier locker, solid phenolic. 12""W x 18""D x 72""H",12,18,72,Floor,,,USD,EA
Columbia,COLUMBIA-3TIER-PHEN-15x12x36,Locker,10 51 00,"Columbia 3-tier locker, solid phenolic. 15""W x 12""D x 36""H",15,12,36,Floor,,,USD,EA
Columbia,COLUMBIA-3TIER-PHEN-15x12x48,Locker,10 51 00,"Columbia 3-tier locker, solid phenolic. 15""W x 12""D x 48""H",15,12,48,Floor,,,USD,EA
Columbia,COLUMBIA-3TIER-PHEN-15x12x60,Locker,10 51 00,"Columbia 3-tier locker, solid phenolic. 15""W x 12""D x 60""H",15,12,60,Floor,,,USD,EA
Columbia,COLUMBIA-3TIER-PHEN-15x12x72,Locker,10 51 00,"Columbia 3-tier locker, solid phenolic. 15""W x 12""D x 72""H",15,12,72,Floor,,,USD,EA
Columbia,COLUMBIA-3TIER-PHEN-15x15x36,Locker,10 51 00,"Columbia 3-tier locker, solid phenolic. 15""W x 15""D x 36""H",15,15,36,Floor,,,USD,EA
Columbia,COLUMBIA-3TIER-PHEN-15x15x48,Locker,10 51 00,"Columbia 3-tier locker, solid phenolic. 15""W x 15""D x 48""H",15,15,48,Floor,,,USD,EA
Columbia,COLUMBIA-3TIER-PHEN-15x15x60,Locker,10 51 00,"Columbia 3-tier locker, solid phenolic. 15""W x 15""D x 60""H",15,15,60,Floor,,,USD,EA
Columbia,COLUMBIA-3TIER-PHEN-15x15x72,Locker,10 51 00,"Columbia 3-tier locker, solid phenolic. 15""W x 15""D x 72""H",15,15,72,Floor,,,USD,EA
Columbia,COLUMBIA-3TIER-PHEN-15x18x36,Locker,10 51 00,"Columbia 3-tier locker, solid phenolic. 15""W x 18""D x 36""H",15,18,36,Floor,,,USD,EA
Columbia,COLUMBIA-3TIER-PHEN-15x18x48,Locker,10 51 00,"Columbia 3-tier locker, solid phenolic. 15""W x 18""D x 48""H",15,18,48,Floor,,,USD,EA
Columbia,COLUMBIA-3TIER-PHEN-15x18x60,Locker,10 51 00,"Columbia 3-tier locker, solid phenolic. 15""W x 18""D x 60""H",15,18,60,Floor,,,USD,EA
Columbia,COLUMBIA-3TIER-PHEN-15x18x72,Locker,10 51 00,"Columbia 3-tier locker, solid phenolic. 15""W x 18""D x 72""H",15,18,72,Floor,,,USD,EA
Columbia,COLUMBIA-3TIER-PHEN-18x12x36,Locker,10 51 00,"Columbia 3-tier locker, solid phenolic. 18""W x 12""D x 36""H",18,12,36,Floor,,,USD,EA
Columbia,COLUMBIA-3TIER-PHEN-18x12x48,Locker,10 51 00,"Columbia 3-tier locker, solid phenolic. 18""W x 12""D x 48""H",18,12,48,Floor,,,USD,EA
Columbia,COLUMBIA-3TIER-PHEN-18x12x60,Locker,10 51 00,"Columbia 3-tier locker, solid phenolic. 18""W x 12""D x 60""H",18,12,60,Floor,,,USD,EA
Columbia,COLUMBIA-3TIER-PHEN-18x12x72,Locker,10 51 00,"Columbia 3-tier locker, solid phenolic. 18""W x 12""D x 72""H",18,12,72,Floor,,,USD,EA
Columbia,COLUMBIA-3TIER-PHEN-18x15x36,Locker,10 51 00,"Columbia 3-tier locker, solid phenolic. 18""W x 15""D x 36""H",18,15,36,Floor,,,USD,EA
Columbia,COLUMBIA-3TIER-PHEN-18x15x48,Locker,10 51 00,"Columbia 3-tier locker, solid phenolic. 18""W x 15""D x 48""H",18,15,48,Floor,,,USD,EA
Columbia,COLUMBIA-3TIER-PHEN-18x15x60,Locker,10 51 00,"Columbia 3-tier locker, solid phenolic. 18""W x 15""D x 60""H",18,15,60,Floor,,,USD,EA
Columbia,COLUMBIA-3TIER-PHEN-18x15x72,Locker,10 51 00,"Columbia 3-tier locker, solid phenolic. 18""W x 15""D x 72""H",18,15,72,Floor,,,USD,EA
Columbia,COLUMBIA-3TIER-PHEN-18x18x36,Locker,10 51 00,"Columbia 3-tier locker, solid phenolic. 18""W x 18""D x 36""H",18,18,36,Floor,,,USD,EA
Columbia,COLUMBIA-3TIER-PHEN-18x18x48,Locker,10 51 00,"Columbia 3-tier locker, solid phenolic. 18""W x 18""D x 48""H",18,18,48,Floor,,,USD,EA
Columbia,COLUMBIA-3TIER-PHEN-18x18x60,Locker,10 51 00,"Columbia 3-tier locker, solid phenolic. 18""W x 18""D x 60""H",18,18,60,Floor,,,USD,EA
Columbia,COLUMBIA-3TIER-PHEN-18x18x72,Locker,10 51 00,"Columbia 3-tier locker, solid phenolic. 18""W x 18""D x 72""H",18,18,72,Floor,,,USD,EA
Columbia,COLUMBIA-3TIER-PHEN-9x12x36,Locker,10 51 00,"Columbia 3-tier locker, solid phenolic. 9""W x 12""D x 36""H",9,12,36,Floor,,,USD,EA
Columbia,COLUMBIA-3TIER-PHEN-9x12x48,Locker,10 51 00,"Columbia 3-tier locker, solid phenolic. 9""W x 12""D x 48""H",9,12,48,Floor,,,USD,EA
Columbia,COLUMBIA-3TIER-PHEN-9x12x60,Locker,10 51 00,"Columbia 3-tier locker, solid phenolic. 9""W x 12""D x 60""H",9,12,60,Floor,,,USD,EA
Columbia,COLUMBIA-3TIER-PHEN-9x12x72,Locker,10 51 00,"Columbia 3-tier locker, solid phenolic. 9""W x 12""D x 72""H",9,12,72,Floor,,,USD,EA
Columbia,COLUMBIA-3TIER-PHEN-9x15x36,Locker,10 51 00,"Columbia 3-tier locker, solid phenolic. 9""W x 15""D x 36""H",9,15,36,Floor,,,USD,EA
Columbia,COLUMBIA-3TIER-PHEN-9x15x48,Locker,10 51 00,"Columbia 3-tier locker, solid phenolic. 9""W x 15""D x 48""H",9,15,48,Floor,,,USD,EA
Columbia,COLUMBIA-3TIER-PHEN-9x15x60,Locker,10 51 00,"Columbia 3-tier locker, solid phenolic. 9""W x 15""D x 60""H",9,15,60,Floor,,,USD,EA
Columbia,COLUMBIA-3TIER-PHEN-9x15x72,Locker,10 51 00,"Columbia 3-tier locker, solid phenolic. 9""W x 15""D x 72""H",9,15,72,Floor,,,USD,EA
Columbia,COLUMBIA-3TIER-PHEN-9x18x36,Locker,10 51 00,"Columbia 3-tier locker, solid phenolic. 9""W x 18""D x 36""H",9,18,36,Floor,,,USD,EA
Columbia,COLUMBIA-3TIER-PHEN-9x18x48,Locker,10 51 00,"Columbia 3-tier locker, solid phenolic. 9""W x 18""D x 48""H",9,18,48,Floor,,,USD,EA
Columbia,COLUMBIA-3TIER-PHEN-9x18x60,Locker,10 51 00,"Columbia 3-tier locker, solid phenolic. 9""W x 18""D x 60""H",9,18,60,Floor,,,USD,EA
Columbia,COLUMBIA-3TIER-PHEN-9x18x72,Locker,10 51 00,"Columbia 3-tier locker, solid phenolic. 9""W x 18""D x 72""H",9,18,72,Floor,,,USD,EA
Columbia,COLUMBIA-3TIER-POLY-12x12x36,Locker,10 51 00,"Columbia 3-tier locker, PolyLife HDPE. 12""W x 12""D x 36""H",12,12,36,Floor,,,USD,EA
Columbia,COLUMBIA-3TIER-POLY-12x12x48,Locker,10 51 00,"Columbia 3-tier locker, PolyLife HDPE. 12""W x 12""D x 48""H",12,12,48,Floor,,,USD,EA
Columbia,COLUMBIA-3TIER-POLY-12x12x60,Locker,10 51 00,"Columbia 3-tier locker, PolyLife HDPE. 12""W x 12""D x 60""H",12,12,60,Floor,,,USD,EA
Columbia,COLUMBIA-3TIER-POLY-12x12x72,Locker,10 51 00,"Columbia 3-tier locker, PolyLife HDPE. 12""W x 12""D x 72""H",12,12,72,Floor,,,USD,EA
Columbia,COLUMBIA-3TIER-POLY-12x15x36,Locker,10 51 00,"Columbia 3-tier locker, PolyLife HDPE. 12""W x 15""D x 36""H",12,15,36,Floor,,,USD,EA
Columbia,COLUMBIA-3TIER-POLY-12x15x48,Locker,10 51 00,"Columbia 3-tier locker, PolyLife HDPE. 12""W x 15""D x 48""H",12,15,48,Floor,,,USD,EA
Columbia,COLUMBIA-3TIER-POLY-12x15x60,Locker,10 51 00,"Columbia 3-tier locker, PolyLife HDPE. 12""W x 15""D x 60""H",12,15,60,Floor,,,USD,EA
Columbia,COLUMBIA-3TIER-POLY-12x15x72,Locker,10 51 00,"Columbia 3-tier locker, PolyLife HDPE. 12""W x 15""D x 72""H",12,15,72,Floor,,,USD,EA
Columbia,COLUMBIA-3TIER-POLY-12x18x36,Locker,10 51 00,"Columbia 3-tier locker, PolyLife HDPE. 12""W x 18""D x 36""H",12,18,36,Floor,,,USD,EA
Columbia,COLUMBIA-3TIER-POLY-12x18x48,Locker,10 51 00,"Columbia 3-tier locker, PolyLife HDPE. 12""W x 18""D x 48""H",12,18,48,Floor,,,USD,EA
Columbia,COLUMBIA-3TIER-POLY-12x18x60,Locker,10 51 00,"Columbia 3-tier locker, PolyLife HDPE. 12""W x 18""D x 60""H",12,18,60,Floor,,,USD,EA
Columbia,COLUMBIA-3TIER-POLY-12x18x72,Locker,10 51 00,"Columbia 3-tier locker, PolyLife HDPE. 12""W x 18""D x 72""H",12,18,72,Floor,,,USD,EA
Columbia,COLUMBIA-3TIER-POLY-15x12x36,Locker,10 51 00,"Columbia 3-tier locker, PolyLife HDPE. 15""W x 12""D x 36""H",15,12,36,Floor,,,USD,EA
Columbia,COLUMBIA-3TIER-POLY-15x12x48,Locker,10 51 00,"Columbia 3-tier locker, PolyLife HDPE. 15""W x 12""D x 48""H",15,12,48,Floor,,,USD,EA
Columbia,COLUMBIA-3TIER-POLY-15x12x60,Locker,10 51 00,"Columbia 3-tier locker, PolyLife HDPE. 15""W x 12""D x 60""H",15,12,60,Floor,,,USD,EA
Columbia,COLUMBIA-3TIER-POLY-15x12x72,Locker,10 51 00,"Columbia 3-tier locker, PolyLife HDPE. 15""W x 12""D x 72""H",15,12,72,Floor,,,USD,EA
Columbia,COLUMBIA-3TIER-POLY-15x15x36,Locker,10 51 00,"Columbia 3-tier locker, PolyLife HDPE. 15""W x 15""D x 36""H",15,15,36,Floor,,,USD,EA
Columbia,COLUMBIA-3TIER-POLY-15x15x48,Locker,10 51 00,"Columbia 3-tier locker, PolyLife HDPE. 15""W x 15""D x 48""H",15,15,48,Floor,,,USD,EA
Columbia,COLUMBIA-3TIER-POLY-15x15x60,Locker,10 51 00,"Columbia 3-tier locker, PolyLife HDPE. 15""W x 15""D x 60""H",15,15,60,Floor,,,USD,EA
Columbia,COLUMBIA-3TIER-POLY-15x15x72,Locker,10 51 00,"Columbia 3-tier locker, PolyLife HDPE. 15""W x 15""D x 72""H",15,15,72,Floor,,,USD,EA
Columbia,COLUMBIA-3TIER-POLY-15x18x36,Locker,10 51 00,"Columbia 3-tier locker, PolyLife HDPE. 15""W x 18""D x 36""H",15,18,36,Floor,,,USD,EA
Columbia,COLUMBIA-3TIER-POLY-15x18x48,Locker,10 51 00,"Columbia 3-tier locker, PolyLife HDPE. 15""W x 18""D x 48""H",15,18,48,Floor,,,USD,EA
Columbia,COLUMBIA-3TIER-POLY-15x18x60,Locker,10 51 00,"Columbia 3-tier locker, PolyLife HDPE. 15""W x 18""D x 60""H",15,18,60,Floor,,,USD,EA
Columbia,COLUMBIA-3TIER-POLY-15x18x72,Locker,10 51 00,"Columbia 3-tier locker, PolyLife HDPE. 15""W x 18""D x 72""H",15,18,72,Floor,,,USD,EA
Columbia,COLUMBIA-3TIER-POLY-18x12x36,Locker,10 51 00,"Columbia 3-tier locker, PolyLife HDPE. 18""W x 12""D x 36""H",18,12,36,Floor,,,USD,EA
Columbia,COLUMBIA-3TIER-POLY-18x12x48,Locker,10 51 00,"Columbia 3-tier locker, PolyLife HDPE. 18""W x 12""D x 48""H",18,12,48,Floor,,,USD,EA
Columbia,COLUMBIA-3TIER-POLY-18x12x60,Locker,10 51 00,"Columbia 3-tier locker, PolyLife HDPE. 18""W x 12""D x 60""H",18,12,60,Floor,,,USD,EA
Columbia,COLUMBIA-3TIER-POLY-18x12x72,Locker,10 51 00,"Columbia 3-tier locker, PolyLife HDPE. 18""W x 12""D x 72""H",18,12,72,Floor,,,USD,EA
Columbia,COLUMBIA-3TIER-POLY-18x15x36,Locker,10 51 00,"Columbia 3-tier locker, PolyLife HDPE. 18""W x 15""D x 36""H",18,15,36,Floor,,,USD,EA
Columbia,COLUMBIA-3TIER-POLY-18x15x48,Locker,10 51 00,"Columbia 3-tier locker, PolyLife HDPE. 18""W x 15""D x 48""H",18,15,48,Floor,,,USD,EA
Columbia,COLUMBIA-3TIER-POLY-18x15x60,Locker,10 51 00,"Columbia 3-tier locker, PolyLife HDPE. 18""W x 15""D x 60""H",18,15,60,Floor,,,USD,EA
Columbia,COLUMBIA-3TIER-POLY-18x15x72,Locker,10 51 00,"Columbia 3-tier locker, PolyLife HDPE. 18""W x 15""D x 72""H",18,15,72,Floor,,,USD,EA
Columbia,COLUMBIA-3TIER-POLY-18x18x36,Locker,10 51 00,"Columbia 3-tier locker, PolyLife HDPE. 18""W x 18""D x 36""H",18,18,36,Floor,,,USD,EA
Columbia,COLUMBIA-3TIER-POLY-18x18x48,Locker,10 51 00,"Columbia 3-tier locker, PolyLife HDPE. 18""W x 18""D x 48""H",18,18,48,Floor,,,USD,EA
Columbia,COLUMBIA-3TIER-POLY-18x18x60,Locker,10 51 00,"Columbia 3-tier locker, PolyLife HDPE. 18""W x 18""D x 60""H",18,18,60,Floor,,,USD,EA
Columbia,COLUMBIA-3TIER-POLY-18x18x72,Locker,10 51 00,"Columbia 3-tier locker, PolyLife HDPE. 18""W x 18""D x 72""H",18,18,72,Floor,,,USD,EA
Columbia,COLUMBIA-3TIER-POLY-9x12x36,Locker,10 51 00,"Columbia 3-tier locker, PolyLife HDPE. 9""W x 12""D x 36""H",9,12,36,Floor,,,USD,EA
Columbia,COLUMBIA-3TIER-POLY-9x12x48,Locker,10 51 00,"Columbia 3-tier locker, PolyLife HDPE. 9""W x 12""D x 48""H",9,12,48,Floor,,,USD,EA
Columbia,COLUMBIA-3TIER-POLY-9x12x60,Locker,10 51 00,"Columbia 3-tier locker, PolyLife HDPE. 9""W x 12""D x 60""H",9,12,60,Floor,,,USD,EA
Columbia,COLUMBIA-3TIER-POLY-9x12x72,Locker,10 51 00,"Columbia 3-tier locker, PolyLife HDPE. 9""W x 12""D x 72""H",9,12,72,Floor,,,USD,EA
Columbia,COLUMBIA-3TIER-POLY-9x15x36,Locker,10 51 00,"Columbia 3-tier locker, PolyLife HDPE. 9""W x 15""D x 36""H",9,15,36,Floor,,,USD,EA
Columbia,COLUMBIA-3TIER-POLY-9x15x48,Locker,10 51 00,"Columbia 3-tier locker, PolyLife HDPE. 9""W x 15""D x 48""H",9,15,48,Floor,,,USD,EA
Columbia,COLUMBIA-3TIER-POLY-9x15x60,Locker,10 51 00,"Columbia 3-tier locker, PolyLife HDPE. 9""W x 15""D x 60""H",9,15,60,Floor,,,USD,EA
Columbia,COLUMBIA-3TIER-POLY-9x15x72,Locker,10 51 00,"Columbia 3-tier locker, PolyLife HDPE. 9""W x 15""D x 72""H",9,15,72,Floor,,,USD,EA
Columbia,COLUMBIA-3TIER-POLY-9x18x36,Locker,10 51 00,"Columbia 3-tier locker, PolyLife HDPE. 9""W x 18""D x 36""H",9,18,36,Floor,,,USD,EA
Columbia,COLUMBIA-3TIER-POLY-9x18x48,Locker,10 51 00,"Columbia 3-tier locker, PolyLife HDPE. 9""W x 18""D x 48""H",9,18,48,Floor,,,USD,EA
Columbia,COLUMBIA-3TIER-POLY-9x18x60,Locker,10 51 00,"Columbia 3-tier locker, PolyLife HDPE. 9""W x 18""D x 60""H",9,18,60,Floor,,,USD,EA
Columbia,COLUMBIA-3TIER-POLY-9x18x72,Locker,10 51 00,"Columbia 3-tier locker, PolyLife HDPE. 9""W x 18""D x 72""H",9,18,72,Floor,,,USD,EA
Columbia,COLUMBIA-3TIER-TERRA-12x12x36,Locker,10 51 00,"Columbia 3-tier locker, Terra Core color-through phenolic. 12""W x 12""D x 36""H",12,12,36,Floor,,,USD,EA
Columbia,COLUMBIA-3TIER-TERRA-12x12x48,Locker,10 51 00,"Columbia 3-tier locker, Terra Core color-through phenolic. 12""W x 12""D x 48""H",12,12,48,Floor,,,USD,EA
Columbia,COLUMBIA-3TIER-TERRA-12x12x60,Locker,10 51 00,"Columbia 3-tier locker, Terra Core color-through phenolic. 12""W x 12""D x 60""H",12,12,60,Floor,,,USD,EA
Columbia,COLUMBIA-3TIER-TERRA-12x12x72,Locker,10 51 00,"Columbia 3-tier locker, Terra Core color-through phenolic. 12""W x 12""D x 72""H",12,12,72,Floor,,,USD,EA
Columbia,COLUMBIA-3TIER-TERRA-12x15x36,Locker,10 51 00,"Columbia 3-tier locker, Terra Core color-through phenolic. 12""W x 15""D x 36""H",12,15,36,Floor,,,USD,EA
Columbia,COLUMBIA-3TIER-TERRA-12x15x48,Locker,10 51 00,"Columbia 3-tier locker, Terra Core color-through phenolic. 12""W x 15""D x 48""H",12,15,48,Floor,,,USD,EA
Columbia,COLUMBIA-3TIER-TERRA-12x15x60,Locker,10 51 00,"Columbia 3-tier locker, Terra Core color-through phenolic. 12""W x 15""D x 60""H",12,15,60,Floor,,,USD,EA
Columbia,COLUMBIA-3TIER-TERRA-12x15x72,Locker,10 51 00,"Columbia 3-tier locker, Terra Core color-through phenolic. 12""W x 15""D x 72""H",12,15,72,Floor,,,USD,EA
Columbia,COLUMBIA-3TIER-TERRA-12x18x36,Locker,10 51 00,"Columbia 3-tier locker, Terra Core color-through phenolic. 12""W x 18""D x 36""H",12,18,36,Floor,,,USD,EA
Columbia,COLUMBIA-3TIER-TERRA-12x18x48,Locker,10 51 00,"Columbia 3-tier locker, Terra Core color-through phenolic. 12""W x 18""D x 48""H",12,18,48,Floor,,,USD,EA
Columbia,COLUMBIA-3TIER-TERRA-12x18x60,Locker,10 51 00,"Columbia 3-tier locker, Terra Core color-through phenolic. 12""W x 18""D x 60""H",12,18,60,Floor,,,USD,EA
Columbia,COLUMBIA-3TIER-TERRA-12x18x72,Locker,10 51 00,"Columbia 3-tier locker, Terra Core color-through phenolic. 12""W x 18""D x 72""H",12,18,72,Floor,,,USD,EA
Columbia,COLUMBIA-3TIER-TERRA-15x12x36,Locker,10 51 00,"Columbia 3-tier locker, Terra Core color-through phenolic. 15""W x 12""D x 36""H",15,12,36,Floor,,,USD,EA
Columbia,COLUMBIA-3TIER-TERRA-15x12x48,Locker,10 51 00,"Columbia 3-tier locker, Terra Core color-through phenolic. 15""W x 12""D x 48""H",15,12,48,Floor,,,USD,EA
Columbia,COLUMBIA-3TIER-TERRA-15x12x60,Locker,10 51 00,"Columbia 3-tier locker, Terra Core color-through phenolic. 15""W x 12""D x 60""H",15,12,60,Floor,,,USD,EA
Columbia,COLUMBIA-3TIER-TERRA-15x12x72,Locker,10 51 00,"Columbia 3-tier locker, Terra Core color-through phenolic. 15""W x 12""D x 72""H",15,12,72,Floor,,,USD,EA
Columbia,COLUMBIA-3TIER-TERRA-15x15x36,Locker,10 51 00,"Columbia 3-tier locker, Terra Core color-through phenolic. 15""W x 15""D x 36""H",15,15,36,Floor,,,USD,EA
Columbia,COLUMBIA-3TIER-TERRA-15x15x48,Locker,10 51 00,"Columbia 3-tier locker, Terra Core color-through phenolic. 15""W x 15""D x 48""H",15,15,48,Floor,,,USD,EA
Columbia,COLUMBIA-3TIER-TERRA-15x15x60,Locker,10 51 00,"Columbia 3-tier locker, Terra Core color-through phenolic. 15""W x 15""D x 60""H",15,15,60,Floor,,,USD,EA
Columbia,COLUMBIA-3TIER-TERRA-15x15x72,Locker,10 51 00,"Columbia 3-tier locker, Terra Core color-through phenolic. 15""W x 15""D x 72""H",15,15,72,Floor,,,USD,EA
Columbia,COLUMBIA-3TIER-TERRA-15x18x36,Locker,10 51 00,"Columbia 3-tier locker, Terra Core color-through phenolic. 15""W x 18""D x 36""H",15,18,36,Floor,,,USD,EA
Columbia,COLUMBIA-3TIER-TERRA-15x18x48,Locker,10 51 00,"Columbia 3-tier locker, Terra Core color-through phenolic. 15""W x 18""D x 48""H",15,18,48,Floor,,,USD,EA
Columbia,COLUMBIA-3TIER-TERRA-15x18x60,Locker,10 51 00,"Columbia 3-tier locker, Terra Core color-through phenolic. 15""W x 18""D x 60""H",15,18,60,Floor,,,USD,EA
Columbia,COLUMBIA-3TIER-TERRA-15x18x72,Locker,10 51 00,"Columbia 3-tier locker, Terra Core color-through phenolic. 15""W x 18""D x 72""H",15,18,72,Floor,,,USD,EA
Columbia,COLUMBIA-3TIER-TERRA-18x12x36,Locker,10 51 00,"Columbia 3-tier locker, Terra Core color-through phenolic. 18""W x 12""D x 36""H",18,12,36,Floor,,,USD,EA
Columbia,COLUMBIA-3TIER-TERRA-18x12x48,Locker,10 51 00,"Columbia 3-tier locker, Terra Core color-through phenolic. 18""W x 12""D x 48""H",18,12,48,Floor,,,USD,EA
Columbia,COLUMBIA-3TIER-TERRA-18x12x60,Locker,10 51 00,"Columbia 3-tier locker, Terra Core color-through phenolic. 18""W x 12""D x 60""H",18,12,60,Floor,,,USD,EA
Columbia,COLUMBIA-3TIER-TERRA-18x12x72,Locker,10 51 00,"Columbia 3-tier locker, Terra Core color-through phenolic. 18""W x 12""D x 72""H",18,12,72,Floor,,,USD,EA
Columbia,COLUMBIA-3TIER-TERRA-18x15x36,Locker,10 51 00,"Columbia 3-tier locker, Terra Core color-through phenolic. 18""W x 15""D x 36""H",18,15,36,Floor,,,USD,EA
Columbia,COLUMBIA-3TIER-TERRA-18x15x48,Locker,10 51 00,"Columbia 3-tier locker, Terra Core color-through phenolic. 18""W x 15""D x 48""H",18,15,48,Floor,,,USD,EA
Columbia,COLUMBIA-3TIER-TERRA-18x15x60,Locker,10 51 00,"Columbia 3-tier locker, Terra Core color-through phenolic. 18""W x 15""D x 60""H",18,15,60,Floor,,,USD,EA
Columbia,COLUMBIA-3TIER-TERRA-18x15x72,Locker,10 51 00,"Columbia 3-tier locker, Terra Core color-through phenolic. 18""W x 15""D x 72""H",18,15,72,Floor,,,USD,EA
Columbia,COLUMBIA-3TIER-TERRA-18x18x36,Locker,10 51 00,"Columbia 3-tier locker, Terra Core color-through phenolic. 18""W x 18""D x 36""H",18,18,36,Floor,,,USD,EA
Columbia,COLUMBIA-3TIER-TERRA-18x18x48,Locker,10 51 00,"Columbia 3-tier locker, Terra Core color-through phenolic. 18""W x 18""D x 48""H",18,18,48,Floor,,,USD,EA
Columbia,COLUMBIA-3TIER-TERRA-18x18x60,Locker,10 51 00,"Columbia 3-tier locker, Terra Core color-through phenolic. 18""W x 18""D x 60""H",18,18,60,Floor,,,USD,EA
Columbia,COLUMBIA-3TIER-TERRA-18x18x72,Locker,10 51 00,"Columbia 3-tier locker, Terra Core color-through phenolic. 18""W x 18""D x 72""H",18,18,72,Floor,,,USD,EA
Columbia,COLUMBIA-3TIER-TERRA-9x12x36,Locker,10 51 00,"Columbia 3-tier locker, Terra Core color-through phenolic. 9""W x 12""D x 36""H",9,12,36,Floor,,,USD,EA
Columbia,COLUMBIA-3TIER-TERRA-9x12x48,Locker,10 51 00,"Columbia 3-tier locker, Terra Core color-through phenolic. 9""W x 12""D x 48""H",9,12,48,Floor,,,USD,EA
Columbia,COLUMBIA-3TIER-TERRA-9x12x60,Locker,10 51 00,"Columbia 3-tier locker, Terra Core color-through phenolic. 9""W x 12""D x 60""H",9,12,60,Floor,,,USD,EA
Columbia,COLUMBIA-3TIER-TERRA-9x12x72,Locker,10 51 00,"Columbia 3-tier locker, Terra Core color-through phenolic. 9""W x 12""D x 72""H",9,12,72,Floor,,,USD,EA
Columbia,COLUMBIA-3TIER-TERRA-9x15x36,Locker,10 51 00,"Columbia 3-tier locker, Terra Core color-through phenolic. 9""W x 15""D x 36""H",9,15,36,Floor,,,USD,EA
Columbia,COLUMBIA-3TIER-TERRA-9x15x48,Locker,10 51 00,"Columbia 3-tier locker, Terra Core color-through phenolic. 9""W x 15""D x 48""H",9,15,48,Floor,,,USD,EA
Columbia,COLUMBIA-3TIER-TERRA-9x15x60,Locker,10 51 00,"Columbia 3-tier locker, Terra Core color-through phenolic. 9""W x 15""D x 60""H",9,15,60,Floor,,,USD,EA
Columbia,COLUMBIA-3TIER-TERRA-9x15x72,Locker,10 51 00,"Columbia 3-tier locker, Terra Core color-through phenolic. 9""W x 15""D x 72""H",9,15,72,Floor,,,USD,EA
Columbia,COLUMBIA-3TIER-TERRA-9x18x36,Locker,10 51 00,"Columbia 3-tier locker, Terra Core color-through phenolic. 9""W x 18""D x 36""H",9,18,36,Floor,,,USD,EA
Columbia,COLUMBIA-3TIER-TERRA-9x18x48,Locker,10 51 00,"Columbia 3-tier locker, Terra Core color-through phenolic. 9""W x 18""D x 48""H",9,18,48,Floor,,,USD,EA
Columbia,COLUMBIA-3TIER-TERRA-9x18x60,Locker,10 51 00,"Columbia 3-tier locker, Terra Core color-through phenolic. 9""W x 18""D x 60""H",9,18,60,Floor,,,USD,EA
Columbia,COLUMBIA-3TIER-TERRA-9x18x72,Locker,10 51 00,"Columbia 3-tier locker, Terra Core color-through phenolic. 9""W x 18""D x 72""H",9,18,72,Floor,,,USD,EA
Columbia,COLUMBIA-4TIER-PHEN-12x12x36,Locker,10 51 00,"Columbia 4-tier locker, solid phenolic. 12""W x 12""D x 36""H",12,12,36,Floor,,,USD,EA
Columbia,COLUMBIA-4TIER-PHEN-12x12x48,Locker,10 51 00,"Columbia 4-tier locker, solid phenolic. 12""W x 12""D x 48""H",12,12,48,Floor,,,USD,EA
Columbia,COLUMBIA-4TIER-PHEN-12x12x60,Locker,10 51 00,"Columbia 4-tier locker, solid phenolic. 12""W x 12""D x 60""H",12,12,60,Floor,,,USD,EA
Columbia,COLUMBIA-4TIER-PHEN-12x12x72,Locker,10 51 00,"Columbia 4-tier locker, solid phenolic. 12""W x 12""D x 72""H",12,12,72,Floor,,,USD,EA
Columbia,COLUMBIA-4TIER-PHEN-12x15x36,Locker,10 51 00,"Columbia 4-tier locker, solid phenolic. 12""W x 15""D x 36""H",12,15,36,Floor,,,USD,EA
Columbia,COLUMBIA-4TIER-PHEN-12x15x48,Locker,10 51 00,"Columbia 4-tier locker, solid phenolic. 12""W x 15""D x 48""H",12,15,48,Floor,,,USD,EA
Columbia,COLUMBIA-4TIER-PHEN-12x15x60,Locker,10 51 00,"Columbia 4-tier locker, solid phenolic. 12""W x 15""D x 60""H",12,15,60,Floor,,,USD,EA
Columbia,COLUMBIA-4TIER-PHEN-12x15x72,Locker,10 51 00,"Columbia 4-tier locker, solid phenolic. 12""W x 15""D x 72""H",12,15,72,Floor,,,USD,EA
Columbia,COLUMBIA-4TIER-PHEN-12x18x36,Locker,10 51 00,"Columbia 4-tier locker, solid phenolic. 12""W x 18""D x 36""H",12,18,36,Floor,,,USD,EA
Columbia,COLUMBIA-4TIER-PHEN-12x18x48,Locker,10 51 00,"Columbia 4-tier locker, solid phenolic. 12""W x 18""D x 48""H",12,18,48,Floor,,,USD,EA
Columbia,COLUMBIA-4TIER-PHEN-12x18x60,Locker,10 51 00,"Columbia 4-tier locker, solid phenolic. 12""W x 18""D x 60""H",12,18,60,Floor,,,USD,EA
Columbia,COLUMBIA-4TIER-PHEN-12x18x72,Locker,10 51 00,"Columbia 4-tier locker, solid phenolic. 12""W x 18""D x 72""H",12,18,72,Floor,,,USD,EA
Columbia,COLUMBIA-4TIER-PHEN-15x12x36,Locker,10 51 00,"Columbia 4-tier locker, solid phenolic. 15""W x 12""D x 36""H",15,12,36,Floor,,,USD,EA
Columbia,COLUMBIA-4TIER-PHEN-15x12x48,Locker,10 51 00,"Columbia 4-tier locker, solid phenolic. 15""W x 12""D x 48""H",15,12,48,Floor,,,USD,EA
Columbia,COLUMBIA-4TIER-PHEN-15x12x60,Locker,10 51 00,"Columbia 4-tier locker, solid phenolic. 15""W x 12""D x 60""H",15,12,60,Floor,,,USD,EA
Columbia,COLUMBIA-4TIER-PHEN-15x12x72,Locker,10 51 00,"Columbia 4-tier locker, solid phenolic. 15""W x 12""D x 72""H",15,12,72,Floor,,,USD,EA
Columbia,COLUMBIA-4TIER-PHEN-15x15x36,Locker,10 51 00,"Columbia 4-tier locker, solid phenolic. 15""W x 15""D x 36""H",15,15,36,Floor,,,USD,EA
Columbia,COLUMBIA-4TIER-PHEN-15x15x48,Locker,10 51 00,"Columbia 4-tier locker, solid phenolic. 15""W x 15""D x 48""H",15,15,48,Floor,,,USD,EA
Columbia,COLUMBIA-4TIER-PHEN-15x15x60,Locker,10 51 00,"Columbia 4-tier locker, solid phenolic. 15""W x 15""D x 60""H",15,15,60,Floor,,,USD,EA
Columbia,COLUMBIA-4TIER-PHEN-15x15x72,Locker,10 51 00,"Columbia 4-tier locker, solid phenolic. 15""W x 15""D x 72""H",15,15,72,Floor,,,USD,EA
Columbia,COLUMBIA-4TIER-PHEN-15x18x36,Locker,10 51 00,"Columbia 4-tier locker, solid phenolic. 15""W x 18""D x 36""H",15,18,36,Floor,,,USD,EA
Columbia,COLUMBIA-4TIER-PHEN-15x18x48,Locker,10 51 00,"Columbia 4-tier locker, solid phenolic. 15""W x 18""D x 48""H",15,18,48,Floor,,,USD,EA
Columbia,COLUMBIA-4TIER-PHEN-15x18x60,Locker,10 51 00,"Columbia 4-tier locker, solid phenolic. 15""W x 18""D x 60""H",15,18,60,Floor,,,USD,EA
Columbia,COLUMBIA-4TIER-PHEN-15x18x72,Locker,10 51 00,"Columbia 4-tier locker, solid phenolic. 15""W x 18""D x 72""H",15,18,72,Floor,,,USD,EA
Columbia,COLUMBIA-4TIER-PHEN-18x12x36,Locker,10 51 00,"Columbia 4-tier locker, solid phenolic. 18""W x 12""D x 36""H",18,12,36,Floor,,,USD,EA
Columbia,COLUMBIA-4TIER-PHEN-18x12x48,Locker,10 51 00,"Columbia 4-tier locker, solid phenolic. 18""W x 12""D x 48""H",18,12,48,Floor,,,USD,EA
Columbia,COLUMBIA-4TIER-PHEN-18x12x60,Locker,10 51 00,"Columbia 4-tier locker, solid phenolic. 18""W x 12""D x 60""H",18,12,60,Floor,,,USD,EA
Columbia,COLUMBIA-4TIER-PHEN-18x12x72,Locker,10 51 00,"Columbia 4-tier locker, solid phenolic. 18""W x 12""D x 72""H",18,12,72,Floor,,,USD,EA
Columbia,COLUMBIA-4TIER-PHEN-18x15x36,Locker,10 51 00,"Columbia 4-tier locker, solid phenolic. 18""W x 15""D x 36""H",18,15,36,Floor,,,USD,EA
Columbia,COLUMBIA-4TIER-PHEN-18x15x48,Locker,10 51 00,"Columbia 4-tier locker, solid phenolic. 18""W x 15""D x 48""H",18,15,48,Floor,,,USD,EA
Columbia,COLUMBIA-4TIER-PHEN-18x15x60,Locker,10 51 00,"Columbia 4-tier locker, solid phenolic. 18""W x 15""D x 60""H",18,15,60,Floor,,,USD,EA
Columbia,COLUMBIA-4TIER-PHEN-18x15x72,Locker,10 51 00,"Columbia 4-tier locker, solid phenolic. 18""W x 15""D x 72""H",18,15,72,Floor,,,USD,EA
Columbia,COLUMBIA-4TIER-PHEN-18x18x36,Locker,10 51 00,"Columbia 4-tier locker, solid phenolic. 18""W x 18""D x 36""H",18,18,36,Floor,,,USD,EA
Columbia,COLUMBIA-4TIER-PHEN-18x18x48,Locker,10 51 00,"Columbia 4-tier locker, solid phenolic. 18""W x 18""D x 48""H",18,18,48,Floor,,,USD,EA
Columbia,COLUMBIA-4TIER-PHEN-18x18x60,Locker,10 51 00,"Columbia 4-tier locker, solid phenolic. 18""W x 18""D x 60""H",18,18,60,Floor,,,USD,EA
Columbia,COLUMBIA-4TIER-PHEN-18x18x72,Locker,10 51 00,"Columbia 4-tier locker, solid phenolic. 18""W x 18""D x 72""H",18,18,72,Floor,,,USD,EA
Columbia,COLUMBIA-4TIER-PHEN-9x12x36,Locker,10 51 00,"Columbia 4-tier locker, solid phenolic. 9""W x 12""D x 36""H",9,12,36,Floor,,,USD,EA
Columbia,COLUMBIA-4TIER-PHEN-9x12x48,Locker,10 51 00,"Columbia 4-tier locker, solid phenolic. 9""W x 12""D x 48""H",9,12,48,Floor,,,USD,EA
Columbia,COLUMBIA-4TIER-PHEN-9x12x60,Locker,10 51 00,"Columbia 4-tier locker, solid phenolic. 9""W x 12""D x 60""H",9,12,60,Floor,,,USD,EA
Columbia,COLUMBIA-4TIER-PHEN-9x12x72,Locker,10 51 00,"Columbia 4-tier locker, solid phenolic. 9""W x 12""D x 72""H",9,12,72,Floor,,,USD,EA
Columbia,COLUMBIA-4TIER-PHEN-9x15x36,Locker,10 51 00,"Columbia 4-tier locker, solid phenolic. 9""W x 15""D x 36""H",9,15,36,Floor,,,USD,EA
Columbia,COLUMBIA-4TIER-PHEN-9x15x48,Locker,10 51 00,"Columbia 4-tier locker, solid phenolic. 9""W x 15""D x 48""H",9,15,48,Floor,,,USD,EA
Columbia,COLUMBIA-4TIER-PHEN-9x15x60,Locker,10 51 00,"Columbia 4-tier locker, solid phenolic. 9""W x 15""D x 60""H",9,15,60,Floor,,,USD,EA
Columbia,COLUMBIA-4TIER-PHEN-9x15x72,Locker,10 51 00,"Columbia 4-tier locker, solid phenolic. 9""W x 15""D x 72""H",9,15,72,Floor,,,USD,EA
Columbia,COLUMBIA-4TIER-PHEN-9x18x36,Locker,10 51 00,"Columbia 4-tier locker, solid phenolic. 9""W x 18""D x 36""H",9,18,36,Floor,,,USD,EA
Columbia,COLUMBIA-4TIER-PHEN-9x18x48,Locker,10 51 00,"Columbia 4-tier locker, solid phenolic. 9""W x 18""D x 48""H",9,18,48,Floor,,,USD,EA
Columbia,COLUMBIA-4TIER-PHEN-9x18x60,Locker,10 51 00,"Columbia 4-tier locker, solid phenolic. 9""W x 18""D x 60""H",9,18,60,Floor,,,USD,EA
Columbia,COLUMBIA-4TIER-PHEN-9x18x72,Locker,10 51 00,"Columbia 4-tier locker, solid phenolic. 9""W x 18""D x 72""H",9,18,72,Floor,,,USD,EA
Columbia,COLUMBIA-4TIER-POLY-12x12x36,Locker,10 51 00,"Columbia 4-tier locker, PolyLife HDPE. 12""W x 12""D x 36""H",12,12,36,Floor,,,USD,EA
Columbia,COLUMBIA-4TIER-POLY-12x12x48,Locker,10 51 00,"Columbia 4-tier locker, PolyLife HDPE. 12""W x 12""D x 48""H",12,12,48,Floor,,,USD,EA
Columbia,COLUMBIA-4TIER-POLY-12x12x60,Locker,10 51 00,"Columbia 4-tier locker, PolyLife HDPE. 12""W x 12""D x 60""H",12,12,60,Floor,,,USD,EA
Columbia,COLUMBIA-4TIER-POLY-12x12x72,Locker,10 51 00,"Columbia 4-tier locker, PolyLife HDPE. 12""W x 12""D x 72""H",12,12,72,Floor,,,USD,EA
Columbia,COLUMBIA-4TIER-POLY-12x15x36,Locker,10 51 00,"Columbia 4-tier locker, PolyLife HDPE. 12""W x 15""D x 36""H",12,15,36,Floor,,,USD,EA
Columbia,COLUMBIA-4TIER-POLY-12x15x48,Locker,10 51 00,"Columbia 4-tier locker, PolyLife HDPE. 12""W x 15""D x 48""H",12,15,48,Floor,,,USD,EA
Columbia,COLUMBIA-4TIER-POLY-12x15x60,Locker,10 51 00,"Columbia 4-tier locker, PolyLife HDPE. 12""W x 15""D x 60""H",12,15,60,Floor,,,USD,EA
Columbia,COLUMBIA-4TIER-POLY-12x15x72,Locker,10 51 00,"Columbia 4-tier locker, PolyLife HDPE. 12""W x 15""D x 72""H",12,15,72,Floor,,,USD,EA
Columbia,COLUMBIA-4TIER-POLY-12x18x36,Locker,10 51 00,"Columbia 4-tier locker, PolyLife HDPE. 12""W x 18""D x 36""H",12,18,36,Floor,,,USD,EA
Columbia,COLUMBIA-4TIER-POLY-12x18x48,Locker,10 51 00,"Columbia 4-tier locker, PolyLife HDPE. 12""W x 18""D x 48""H",12,18,48,Floor,,,USD,EA
Columbia,COLUMBIA-4TIER-POLY-12x18x60,Locker,10 51 00,"Columbia 4-tier locker, PolyLife HDPE. 12""W x 18""D x 60""H",12,18,60,Floor,,,USD,EA
Columbia,COLUMBIA-4TIER-POLY-12x18x72,Locker,10 51 00,"Columbia 4-tier locker, PolyLife HDPE. 12""W x 18""D x 72""H",12,18,72,Floor,,,USD,EA
Columbia,COLUMBIA-4TIER-POLY-15x12x36,Locker,10 51 00,"Columbia 4-tier locker, PolyLife HDPE. 15""W x 12""D x 36""H",15,12,36,Floor,,,USD,EA
Columbia,COLUMBIA-4TIER-POLY-15x12x48,Locker,10 51 00,"Columbia 4-tier locker, PolyLife HDPE. 15""W x 12""D x 48""H",15,12,48,Floor,,,USD,EA
Columbia,COLUMBIA-4TIER-POLY-15x12x60,Locker,10 51 00,"Columbia 4-tier locker, PolyLife HDPE. 15""W x 12""D x 60""H",15,12,60,Floor,,,USD,EA
Columbia,COLUMBIA-4TIER-POLY-15x12x72,Locker,10 51 00,"Columbia 4-tier locker, PolyLife HDPE. 15""W x 12""D x 72""H",15,12,72,Floor,,,USD,EA
Columbia,COLUMBIA-4TIER-POLY-15x15x36,Locker,10 51 00,"Columbia 4-tier locker, PolyLife HDPE. 15""W x 15""D x 36""H",15,15,36,Floor,,,USD,EA
Columbia,COLUMBIA-4TIER-POLY-15x15x48,Locker,10 51 00,"Columbia 4-tier locker, PolyLife HDPE. 15""W x 15""D x 48""H",15,15,48,Floor,,,USD,EA
Columbia,COLUMBIA-4TIER-POLY-15x15x60,Locker,10 51 00,"Columbia 4-tier locker, PolyLife HDPE. 15""W x 15""D x 60""H",15,15,60,Floor,,,USD,EA
Columbia,COLUMBIA-4TIER-POLY-15x15x72,Locker,10 51 00,"Columbia 4-tier locker, PolyLife HDPE. 15""W x 15""D x 72""H",15,15,72,Floor,,,USD,EA
Columbia,COLUMBIA-4TIER-POLY-15x18x36,Locker,10 51 00,"Columbia 4-tier locker, PolyLife HDPE. 15""W x 18""D x 36""H",15,18,36,Floor,,,USD,EA
Columbia,COLUMBIA-4TIER-POLY-15x18x48,Locker,10 51 00,"Columbia 4-tier locker, PolyLife HDPE. 15""W x 18""D x 48""H",15,18,48,Floor,,,USD,EA
Columbia,COLUMBIA-4TIER-POLY-15x18x60,Locker,10 51 00,"Columbia 4-tier locker, PolyLife HDPE. 15""W x 18""D x 60""H",15,18,60,Floor,,,USD,EA
Columbia,COLUMBIA-4TIER-POLY-15x18x72,Locker,10 51 00,"Columbia 4-tier locker, PolyLife HDPE. 15""W x 18""D x 72""H",15,18,72,Floor,,,USD,EA
Columbia,COLUMBIA-4TIER-POLY-18x12x36,Locker,10 51 00,"Columbia 4-tier locker, PolyLife HDPE. 18""W x 12""D x 36""H",18,12,36,Floor,,,USD,EA
Columbia,COLUMBIA-4TIER-POLY-18x12x48,Locker,10 51 00,"Columbia 4-tier locker, PolyLife HDPE. 18""W x 12""D x 48""H",18,12,48,Floor,,,USD,EA
Columbia,COLUMBIA-4TIER-POLY-18x12x60,Locker,10 51 00,"Columbia 4-tier locker, PolyLife HDPE. 18""W x 12""D x 60""H",18,12,60,Floor,,,USD,EA
Columbia,COLUMBIA-4TIER-POLY-18x12x72,Locker,10 51 00,"Columbia 4-tier locker, PolyLife HDPE. 18""W x 12""D x 72""H",18,12,72,Floor,,,USD,EA
Columbia,COLUMBIA-4TIER-POLY-18x15x36,Locker,10 51 00,"Columbia 4-tier locker, PolyLife HDPE. 18""W x 15""D x 36""H",18,15,36,Floor,,,USD,EA
Columbia,COLUMBIA-4TIER-POLY-18x15x48,Locker,10 51 00,"Columbia 4-tier locker, PolyLife HDPE. 18""W x 15""D x 48""H",18,15,48,Floor,,,USD,EA
Columbia,COLUMBIA-4TIER-POLY-18x15x60,Locker,10 51 00,"Columbia 4-tier locker, PolyLife HDPE. 18""W x 15""D x 60""H",18,15,60,Floor,,,USD,EA
Columbia,COLUMBIA-4TIER-POLY-18x15x72,Locker,10 51 00,"Columbia 4-tier locker, PolyLife HDPE. 18""W x 15""D x 72""H",18,15,72,Floor,,,USD,EA
Columbia,COLUMBIA-4TIER-POLY-18x18x36,Locker,10 51 00,"Columbia 4-tier locker, PolyLife HDPE. 18""W x 18""D x 36""H",18,18,36,Floor,,,USD,EA
Columbia,COLUMBIA-4TIER-POLY-18x18x48,Locker,10 51 00,"Columbia 4-tier locker, PolyLife HDPE. 18""W x 18""D x 48""H",18,18,48,Floor,,,USD,EA
Columbia,COLUMBIA-4TIER-POLY-18x18x60,Locker,10 51 00,"Columbia 4-tier locker, PolyLife HDPE. 18""W x 18""D x 60""H",18,18,60,Floor,,,USD,EA
Columbia,COLUMBIA-4TIER-POLY-18x18x72,Locker,10 51 00,"Columbia 4-tier locker, PolyLife HDPE. 18""W x 18""D x 72""H",18,18,72,Floor,,,USD,EA
Columbia,COLUMBIA-4TIER-POLY-9x12x36,Locker,10 51 00,"Columbia 4-tier locker, PolyLife HDPE. 9""W x 12""D x 36""H",9,12,36,Floor,,,USD,EA
Columbia,COLUMBIA-4TIER-POLY-9x12x48,Locker,10 51 00,"Columbia 4-tier locker, PolyLife HDPE. 9""W x 12""D x 48""H",9,12,48,Floor,,,USD,EA
Columbia,COLUMBIA-4TIER-POLY-9x12x60,Locker,10 51 00,"Columbia 4-tier locker, PolyLife HDPE. 9""W x 12""D x 60""H",9,12,60,Floor,,,USD,EA
Columbia,COLUMBIA-4TIER-POLY-9x12x72,Locker,10 51 00,"Columbia 4-tier locker, PolyLife HDPE. 9""W x 12""D x 72""H",9,12,72,Floor,,,USD,EA
Columbia,COLUMBIA-4TIER-POLY-9x15x36,Locker,10 51 00,"Columbia 4-tier locker, PolyLife HDPE. 9""W x 15""D x 36""H",9,15,36,Floor,,,USD,EA
Columbia,COLUMBIA-4TIER-POLY-9x15x48,Locker,10 51 00,"Columbia 4-tier locker, PolyLife HDPE. 9""W x 15""D x 48""H",9,15,48,Floor,,,USD,EA
Columbia,COLUMBIA-4TIER-POLY-9x15x60,Locker,10 51 00,"Columbia 4-tier locker, PolyLife HDPE. 9""W x 15""D x 60""H",9,15,60,Floor,,,USD,EA
Columbia,COLUMBIA-4TIER-POLY-9x15x72,Locker,10 51 00,"Columbia 4-tier locker, PolyLife HDPE. 9""W x 15""D x 72""H",9,15,72,Floor,,,USD,EA
Columbia,COLUMBIA-4TIER-POLY-9x18x36,Locker,10 51 00,"Columbia 4-tier locker, PolyLife HDPE. 9""W x 18""D x 36""H",9,18,36,Floor,,,USD,EA
Columbia,COLUMBIA-4TIER-POLY-9x18x48,Locker,10 51 00,"Columbia 4-tier locker, PolyLife HDPE. 9""W x 18""D x 48""H",9,18,48,Floor,,,USD,EA
Columbia,COLUMBIA-4TIER-POLY-9x18x60,Locker,10 51 00,"Columbia 4-tier locker, PolyLife HDPE. 9""W x 18""D x 60""H",9,18,60,Floor,,,USD,EA
Columbia,COLUMBIA-4TIER-POLY-9x18x72,Locker,10 51 00,"Columbia 4-tier locker, PolyLife HDPE. 9""W x 18""D x 72""H",9,18,72,Floor,,,USD,EA
Columbia,COLUMBIA-4TIER-TERRA-12x12x36,Locker,10 51 00,"Columbia 4-tier locker, Terra Core color-through phenolic. 12""W x 12""D x 36""H",12,12,36,Floor,,,USD,EA
Columbia,COLUMBIA-4TIER-TERRA-12x12x48,Locker,10 51 00,"Columbia 4-tier locker, Terra Core color-through phenolic. 12""W x 12""D x 48""H",12,12,48,Floor,,,USD,EA
Columbia,COLUMBIA-4TIER-TERRA-12x12x60,Locker,10 51 00,"Columbia 4-tier locker, Terra Core color-through phenolic. 12""W x 12""D x 60""H",12,12,60,Floor,,,USD,EA
Columbia,COLUMBIA-4TIER-TERRA-12x12x72,Locker,10 51 00,"Columbia 4-tier locker, Terra Core color-through phenolic. 12""W x 12""D x 72""H",12,12,72,Floor,,,USD,EA
Columbia,COLUMBIA-4TIER-TERRA-12x15x36,Locker,10 51 00,"Columbia 4-tier locker, Terra Core color-through phenolic. 12""W x 15""D x 36""H",12,15,36,Floor,,,USD,EA
Columbia,COLUMBIA-4TIER-TERRA-12x15x48,Locker,10 51 00,"Columbia 4-tier locker, Terra Core color-through phenolic. 12""W x 15""D x 48""H",12,15,48,Floor,,,USD,EA
Columbia,COLUMBIA-4TIER-TERRA-12x15x60,Locker,10 51 00,"Columbia 4-tier locker, Terra Core color-through phenolic. 12""W x 15""D x 60""H",12,15,60,Floor,,,USD,EA
Columbia,COLUMBIA-4TIER-TERRA-12x15x72,Locker,10 51 00,"Columbia 4-tier locker, Terra Core color-through phenolic. 12""W x 15""D x 72""H",12,15,72,Floor,,,USD,EA
Columbia,COLUMBIA-4TIER-TERRA-12x18x36,Locker,10 51 00,"Columbia 4-tier locker, Terra Core color-through phenolic. 12""W x 18""D x 36""H",12,18,36,Floor,,,USD,EA
Columbia,COLUMBIA-4TIER-TERRA-12x18x48,Locker,10 51 00,"Columbia 4-tier locker, Terra Core color-through phenolic. 12""W x 18""D x 48""H",12,18,48,Floor,,,USD,EA
Columbia,COLUMBIA-4TIER-TERRA-12x18x60,Locker,10 51 00,"Columbia 4-tier locker, Terra Core color-through phenolic. 12""W x 18""D x 60""H",12,18,60,Floor,,,USD,EA
Columbia,COLUMBIA-4TIER-TERRA-12x18x72,Locker,10 51 00,"Columbia 4-tier locker, Terra Core color-through phenolic. 12""W x 18""D x 72""H",12,18,72,Floor,,,USD,EA
Columbia,COLUMBIA-4TIER-TERRA-15x12x36,Locker,10 51 00,"Columbia 4-tier locker, Terra Core color-through phenolic. 15""W x 12""D x 36""H",15,12,36,Floor,,,USD,EA
Columbia,COLUMBIA-4TIER-TERRA-15x12x48,Locker,10 51 00,"Columbia 4-tier locker, Terra Core color-through phenolic. 15""W x 12""D x 48""H",15,12,48,Floor,,,USD,EA
Columbia,COLUMBIA-4TIER-TERRA-15x12x60,Locker,10 51 00,"Columbia 4-tier locker, Terra Core color-through phenolic. 15""W x 12""D x 60""H",15,12,60,Floor,,,USD,EA
Columbia,COLUMBIA-4TIER-TERRA-15x12x72,Locker,10 51 00,"Columbia 4-tier locker, Terra Core color-through phenolic. 15""W x 12""D x 72""H",15,12,72,Floor,,,USD,EA
Columbia,COLUMBIA-4TIER-TERRA-15x15x36,Locker,10 51 00,"Columbia 4-tier locker, Terra Core color-through phenolic. 15""W x 15""D x 36""H",15,15,36,Floor,,,USD,EA
Columbia,COLUMBIA-4TIER-TERRA-15x15x48,Locker,10 51 00,"Columbia 4-tier locker, Terra Core color-through phenolic. 15""W x 15""D x 48""H",15,15,48,Floor,,,USD,EA
Columbia,COLUMBIA-4TIER-TERRA-15x15x60,Locker,10 51 00,"Columbia 4-tier locker, Terra Core color-through phenolic. 15""W x 15""D x 60""H",15,15,60,Floor,,,USD,EA
Columbia,COLUMBIA-4TIER-TERRA-15x15x72,Locker,10 51 00,"Columbia 4-tier locker, Terra Core color-through phenolic. 15""W x 15""D x 72""H",15,15,72,Floor,,,USD,EA
Columbia,COLUMBIA-4TIER-TERRA-15x18x36,Locker,10 51 00,"Columbia 4-tier locker, Terra Core color-through phenolic. 15""W x 18""D x 36""H",15,18,36,Floor,,,USD,EA
Columbia,COLUMBIA-4TIER-TERRA-15x18x48,Locker,10 51 00,"Columbia 4-tier locker, Terra Core color-through phenolic. 15""W x 18""D x 48""H",15,18,48,Floor,,,USD,EA
Columbia,COLUMBIA-4TIER-TERRA-15x18x60,Locker,10 51 00,"Columbia 4-tier locker, Terra Core color-through phenolic. 15""W x 18""D x 60""H",15,18,60,Floor,,,USD,EA
Columbia,COLUMBIA-4TIER-TERRA-15x18x72,Locker,10 51 00,"Columbia 4-tier locker, Terra Core color-through phenolic. 15""W x 18""D x 72""H",15,18,72,Floor,,,USD,EA
Columbia,COLUMBIA-4TIER-TERRA-18x12x36,Locker,10 51 00,"Columbia 4-tier locker, Terra Core color-through phenolic. 18""W x 12""D x 36""H",18,12,36,Floor,,,USD,EA
Columbia,COLUMBIA-4TIER-TERRA-18x12x48,Locker,10 51 00,"Columbia 4-tier locker, Terra Core color-through phenolic. 18""W x 12""D x 48""H",18,12,48,Floor,,,USD,EA
Columbia,COLUMBIA-4TIER-TERRA-18x12x60,Locker,10 51 00,"Columbia 4-tier locker, Terra Core color-through phenolic. 18""W x 12""D x 60""H",18,12,60,Floor,,,USD,EA
Columbia,COLUMBIA-4TIER-TERRA-18x12x72,Locker,10 51 00,"Columbia 4-tier locker, Terra Core color-through phenolic. 18""W x 12""D x 72""H",18,12,72,Floor,,,USD,EA
Columbia,COLUMBIA-4TIER-TERRA-18x15x36,Locker,10 51 00,"Columbia 4-tier locker, Terra Core color-through phenolic. 18""W x 15""D x 36""H",18,15,36,Floor,,,USD,EA
Columbia,COLUMBIA-4TIER-TERRA-18x15x48,Locker,10 51 00,"Columbia 4-tier locker, Terra Core color-through phenolic. 18""W x 15""D x 48""H",18,15,48,Floor,,,USD,EA
Columbia,COLUMBIA-4TIER-TERRA-18x15x60,Locker,10 51 00,"Columbia 4-tier locker, Terra Core color-through phenolic. 18""W x 15""D x 60""H",18,15,60,Floor,,,USD,EA
Columbia,COLUMBIA-4TIER-TERRA-18x15x72,Locker,10 51 00,"Columbia 4-tier locker, Terra Core color-through phenolic. 18""W x 15""D x 72""H",18,15,72,Floor,,,USD,EA
Columbia,COLUMBIA-4TIER-TERRA-18x18x36,Locker,10 51 00,"Columbia 4-tier locker, Terra Core color-through phenolic. 18""W x 18""D x 36""H",18,18,36,Floor,,,USD,EA
Columbia,COLUMBIA-4TIER-TERRA-18x18x48,Locker,10 51 00,"Columbia 4-tier locker, Terra Core color-through phenolic. 18""W x 18""D x 48""H",18,18,48,Floor,,,USD,EA
Columbia,COLUMBIA-4TIER-TERRA-18x18x60,Locker,10 51 00,"Columbia 4-tier locker, Terra Core color-through phenolic. 18""W x 18""D x 60""H",18,18,60,Floor,,,USD,EA
Columbia,COLUMBIA-4TIER-TERRA-18x18x72,Locker,10 51 00,"Columbia 4-tier locker, Terra Core color-through phenolic. 18""W x 18""D x 72""H",18,18,72,Floor,,,USD,EA
Columbia,COLUMBIA-4TIER-TERRA-9x12x36,Locker,10 51 00,"Columbia 4-tier locker, Terra Core color-through phenolic. 9""W x 12""D x 36""H",9,12,36,Floor,,,USD,EA
Columbia,COLUMBIA-4TIER-TERRA-9x12x48,Locker,10 51 00,"Columbia 4-tier locker, Terra Core color-through phenolic. 9""W x 12""D x 48""H",9,12,48,Floor,,,USD,EA
Columbia,COLUMBIA-4TIER-TERRA-9x12x60,Locker,10 51 00,"Columbia 4-tier locker, Terra Core color-through phenolic. 9""W x 12""D x 60""H",9,12,60,Floor,,,USD,EA
Columbia,COLUMBIA-4TIER-TERRA-9x12x72,Locker,10 51 00,"Columbia 4-tier locker, Terra Core color-through phenolic. 9""W x 12""D x 72""H",9,12,72,Floor,,,USD,EA
Columbia,COLUMBIA-4TIER-TERRA-9x15x36,Locker,10 51 00,"Columbia 4-tier locker, Terra Core color-through phenolic. 9""W x 15""D x 36""H",9,15,36,Floor,,,USD,EA
Columbia,COLUMBIA-4TIER-TERRA-9x15x48,Locker,10 51 00,"Columbia 4-tier locker, Terra Core color-through phenolic. 9""W x 15""D x 48""H",9,15,48,Floor,,,USD,EA
Columbia,COLUMBIA-4TIER-TERRA-9x15x60,Locker,10 51 00,"Columbia 4-tier locker, Terra Core color-through phenolic. 9""W x 15""D x 60""H",9,15,60,Floor,,,USD,EA
Columbia,COLUMBIA-4TIER-TERRA-9x15x72,Locker,10 51 00,"Columbia 4-tier locker, Terra Core color-through phenolic. 9""W x 15""D x 72""H",9,15,72,Floor,,,USD,EA
Columbia,COLUMBIA-4TIER-TERRA-9x18x36,Locker,10 51 00,"Columbia 4-tier locker, Terra Core color-through phenolic. 9""W x 18""D x 36""H",9,18,36,Floor,,,USD,EA
Columbia,COLUMBIA-4TIER-TERRA-9x18x48,Locker,10 51 00,"Columbia 4-tier locker, Terra Core color-through phenolic. 9""W x 18""D x 48""H",9,18,48,Floor,,,USD,EA
Columbia,COLUMBIA-4TIER-TERRA-9x18x60,Locker,10 51 00,"Columbia 4-tier locker, Terra Core color-through phenolic. 9""W x 18""D x 60""H",9,18,60,Floor,,,USD,EA
Columbia,COLUMBIA-4TIER-TERRA-9x18x72,Locker,10 51 00,"Columbia 4-tier locker, Terra Core color-through phenolic. 9""W x 18""D x 72""H",9,18,72,Floor,,,USD,EA
Columbia,COLUMBIA-5TIER-PHEN-12x12x36,Locker,10 51 00,"Columbia 5-tier locker, solid phenolic. 12""W x 12""D x 36""H",12,12,36,Floor,,,USD,EA
Columbia,COLUMBIA-5TIER-PHEN-12x12x48,Locker,10 51 00,"Columbia 5-tier locker, solid phenolic. 12""W x 12""D x 48""H",12,12,48,Floor,,,USD,EA
Columbia,COLUMBIA-5TIER-PHEN-12x12x60,Locker,10 51 00,"Columbia 5-tier locker, solid phenolic. 12""W x 12""D x 60""H",12,12,60,Floor,,,USD,EA
Columbia,COLUMBIA-5TIER-PHEN-12x12x72,Locker,10 51 00,"Columbia 5-tier locker, solid phenolic. 12""W x 12""D x 72""H",12,12,72,Floor,,,USD,EA
Columbia,COLUMBIA-5TIER-PHEN-12x15x36,Locker,10 51 00,"Columbia 5-tier locker, solid phenolic. 12""W x 15""D x 36""H",12,15,36,Floor,,,USD,EA
Columbia,COLUMBIA-5TIER-PHEN-12x15x48,Locker,10 51 00,"Columbia 5-tier locker, solid phenolic. 12""W x 15""D x 48""H",12,15,48,Floor,,,USD,EA
Columbia,COLUMBIA-5TIER-PHEN-12x15x60,Locker,10 51 00,"Columbia 5-tier locker, solid phenolic. 12""W x 15""D x 60""H",12,15,60,Floor,,,USD,EA
Columbia,COLUMBIA-5TIER-PHEN-12x15x72,Locker,10 51 00,"Columbia 5-tier locker, solid phenolic. 12""W x 15""D x 72""H",12,15,72,Floor,,,USD,EA
Columbia,COLUMBIA-5TIER-PHEN-12x18x36,Locker,10 51 00,"Columbia 5-tier locker, solid phenolic. 12""W x 18""D x 36""H",12,18,36,Floor,,,USD,EA
Columbia,COLUMBIA-5TIER-PHEN-12x18x48,Locker,10 51 00,"Columbia 5-tier locker, solid phenolic. 12""W x 18""D x 48""H",12,18,48,Floor,,,USD,EA
Columbia,COLUMBIA-5TIER-PHEN-12x18x60,Locker,10 51 00,"Columbia 5-tier locker, solid phenolic. 12""W x 18""D x 60""H",12,18,60,Floor,,,USD,EA
Columbia,COLUMBIA-5TIER-PHEN-12x18x72,Locker,10 51 00,"Columbia 5-tier locker, solid phenolic. 12""W x 18""D x 72""H",12,18,72,Floor,,,USD,EA
Columbia,COLUMBIA-5TIER-PHEN-15x12x36,Locker,10 51 00,"Columbia 5-tier locker, solid phenolic. 15""W x 12""D x 36""H",15,12,36,Floor,,,USD,EA
Columbia,COLUMBIA-5TIER-PHEN-15x12x48,Locker,10 51 00,"Columbia 5-tier locker, solid phenolic. 15""W x 12""D x 48""H",15,12,48,Floor,,,USD,EA
Columbia,COLUMBIA-5TIER-PHEN-15x12x60,Locker,10 51 00,"Columbia 5-tier locker, solid phenolic. 15""W x 12""D x 60""H",15,12,60,Floor,,,USD,EA
Columbia,COLUMBIA-5TIER-PHEN-15x12x72,Locker,10 51 00,"Columbia 5-tier locker, solid phenolic. 15""W x 12""D x 72""H",15,12,72,Floor,,,USD,EA
Columbia,COLUMBIA-5TIER-PHEN-15x15x36,Locker,10 51 00,"Columbia 5-tier locker, solid phenolic. 15""W x 15""D x 36""H",15,15,36,Floor,,,USD,EA
Columbia,COLUMBIA-5TIER-PHEN-15x15x48,Locker,10 51 00,"Columbia 5-tier locker, solid phenolic. 15""W x 15""D x 48""H",15,15,48,Floor,,,USD,EA
Columbia,COLUMBIA-5TIER-PHEN-15x15x60,Locker,10 51 00,"Columbia 5-tier locker, solid phenolic. 15""W x 15""D x 60""H",15,15,60,Floor,,,USD,EA
Columbia,COLUMBIA-5TIER-PHEN-15x15x72,Locker,10 51 00,"Columbia 5-tier locker, solid phenolic. 15""W x 15""D x 72""H",15,15,72,Floor,,,USD,EA
Columbia,COLUMBIA-5TIER-PHEN-15x18x36,Locker,10 51 00,"Columbia 5-tier locker, solid phenolic. 15""W x 18""D x 36""H",15,18,36,Floor,,,USD,EA
Columbia,COLUMBIA-5TIER-PHEN-15x18x48,Locker,10 51 00,"Columbia 5-tier locker, solid phenolic. 15""W x 18""D x 48""H",15,18,48,Floor,,,USD,EA
Columbia,COLUMBIA-5TIER-PHEN-15x18x60,Locker,10 51 00,"Columbia 5-tier locker, solid phenolic. 15""W x 18""D x 60""H",15,18,60,Floor,,,USD,EA
Columbia,COLUMBIA-5TIER-PHEN-15x18x72,Locker,10 51 00,"Columbia 5-tier locker, solid phenolic. 15""W x 18""D x 72""H",15,18,72,Floor,,,USD,EA
Columbia,COLUMBIA-5TIER-PHEN-18x12x36,Locker,10 51 00,"Columbia 5-tier locker, solid phenolic. 18""W x 12""D x 36""H",18,12,36,Floor,,,USD,EA
Columbia,COLUMBIA-5TIER-PHEN-18x12x48,Locker,10 51 00,"Columbia 5-tier locker, solid phenolic. 18""W x 12""D x 48""H",18,12,48,Floor,,,USD,EA
Columbia,COLUMBIA-5TIER-PHEN-18x12x60,Locker,10 51 00,"Columbia 5-tier locker, solid phenolic. 18""W x 12""D x 60""H",18,12,60,Floor,,,USD,EA
Columbia,COLUMBIA-5TIER-PHEN-18x12x72,Locker,10 51 00,"Columbia 5-tier locker, solid phenolic. 18""W x 12""D x 72""H",18,12,72,Floor,,,USD,EA
Columbia,COLUMBIA-5TIER-PHEN-18x15x36,Locker,10 51 00,"Columbia 5-tier locker, solid phenolic. 18""W x 15""D x 36""H",18,15,36,Floor,,,USD,EA
Columbia,COLUMBIA-5TIER-PHEN-18x15x48,Locker,10 51 00,"Columbia 5-tier locker, solid phenolic. 18""W x 15""D x 48""H",18,15,48,Floor,,,USD,EA
Columbia,COLUMBIA-5TIER-PHEN-18x15x60,Locker,10 51 00,"Columbia 5-tier locker, solid phenolic. 18""W x 15""D x 60""H",18,15,60,Floor,,,USD,EA
Columbia,COLUMBIA-5TIER-PHEN-18x15x72,Locker,10 51 00,"Columbia 5-tier locker, solid phenolic. 18""W x 15""D x 72""H",18,15,72,Floor,,,USD,EA
Columbia,COLUMBIA-5TIER-PHEN-18x18x36,Locker,10 51 00,"Columbia 5-tier locker, solid phenolic. 18""W x 18""D x 36""H",18,18,36,Floor,,,USD,EA
Columbia,COLUMBIA-5TIER-PHEN-18x18x48,Locker,10 51 00,"Columbia 5-tier locker, solid phenolic. 18""W x 18""D x 48""H",18,18,48,Floor,,,USD,EA
Columbia,COLUMBIA-5TIER-PHEN-18x18x60,Locker,10 51 00,"Columbia 5-tier locker, solid phenolic. 18""W x 18""D x 60""H",18,18,60,Floor,,,USD,EA
Columbia,COLUMBIA-5TIER-PHEN-18x18x72,Locker,10 51 00,"Columbia 5-tier locker, solid phenolic. 18""W x 18""D x 72""H",18,18,72,Floor,,,USD,EA
Columbia,COLUMBIA-5TIER-PHEN-9x12x36,Locker,10 51 00,"Columbia 5-tier locker, solid phenolic. 9""W x 12""D x 36""H",9,12,36,Floor,,,USD,EA
Columbia,COLUMBIA-5TIER-PHEN-9x12x48,Locker,10 51 00,"Columbia 5-tier locker, solid phenolic. 9""W x 12""D x 48""H",9,12,48,Floor,,,USD,EA
Columbia,COLUMBIA-5TIER-PHEN-9x12x60,Locker,10 51 00,"Columbia 5-tier locker, solid phenolic. 9""W x 12""D x 60""H",9,12,60,Floor,,,USD,EA
Columbia,COLUMBIA-5TIER-PHEN-9x12x72,Locker,10 51 00,"Columbia 5-tier locker, solid phenolic. 9""W x 12""D x 72""H",9,12,72,Floor,,,USD,EA
Columbia,COLUMBIA-5TIER-PHEN-9x15x36,Locker,10 51 00,"Columbia 5-tier locker, solid phenolic. 9""W x 15""D x 36""H",9,15,36,Floor,,,USD,EA
Columbia,COLUMBIA-5TIER-PHEN-9x15x48,Locker,10 51 00,"Columbia 5-tier locker, solid phenolic. 9""W x 15""D x 48""H",9,15,48,Floor,,,USD,EA
Columbia,COLUMBIA-5TIER-PHEN-9x15x60,Locker,10 51 00,"Columbia 5-tier locker, solid phenolic. 9""W x 15""D x 60""H",9,15,60,Floor,,,USD,EA
Columbia,COLUMBIA-5TIER-PHEN-9x15x72,Locker,10 51 00,"Columbia 5-tier locker, solid phenolic. 9""W x 15""D x 72""H",9,15,72,Floor,,,USD,EA
Columbia,COLUMBIA-5TIER-PHEN-9x18x36,Locker,10 51 00,"Columbia 5-tier locker, solid phenolic. 9""W x 18""D x 36""H",9,18,36,Floor,,,USD,EA
Columbia,COLUMBIA-5TIER-PHEN-9x18x48,Locker,10 51 00,"Columbia 5-tier locker, solid phenolic. 9""W x 18""D x 48""H",9,18,48,Floor,,,USD,EA
Columbia,COLUMBIA-5TIER-PHEN-9x18x60,Locker,10 51 00,"Columbia 5-tier locker, solid phenolic. 9""W x 18""D x 60""H",9,18,60,Floor,,,USD,EA
Columbia,COLUMBIA-5TIER-PHEN-9x18x72,Locker,10 51 00,"Columbia 5-tier locker, solid phenolic. 9""W x 18""D x 72""H",9,18,72,Floor,,,USD,EA
Columbia,COLUMBIA-5TIER-POLY-12x12x36,Locker,10 51 00,"Columbia 5-tier locker, PolyLife HDPE. 12""W x 12""D x 36""H",12,12,36,Floor,,,USD,EA
Columbia,COLUMBIA-5TIER-POLY-12x12x48,Locker,10 51 00,"Columbia 5-tier locker, PolyLife HDPE. 12""W x 12""D x 48""H",12,12,48,Floor,,,USD,EA
Columbia,COLUMBIA-5TIER-POLY-12x12x60,Locker,10 51 00,"Columbia 5-tier locker, PolyLife HDPE. 12""W x 12""D x 60""H",12,12,60,Floor,,,USD,EA
Columbia,COLUMBIA-5TIER-POLY-12x12x72,Locker,10 51 00,"Columbia 5-tier locker, PolyLife HDPE. 12""W x 12""D x 72""H",12,12,72,Floor,,,USD,EA
Columbia,COLUMBIA-5TIER-POLY-12x15x36,Locker,10 51 00,"Columbia 5-tier locker, PolyLife HDPE. 12""W x 15""D x 36""H",12,15,36,Floor,,,USD,EA
Columbia,COLUMBIA-5TIER-POLY-12x15x48,Locker,10 51 00,"Columbia 5-tier locker, PolyLife HDPE. 12""W x 15""D x 48""H",12,15,48,Floor,,,USD,EA
Columbia,COLUMBIA-5TIER-POLY-12x15x60,Locker,10 51 00,"Columbia 5-tier locker, PolyLife HDPE. 12""W x 15""D x 60""H",12,15,60,Floor,,,USD,EA
Columbia,COLUMBIA-5TIER-POLY-12x15x72,Locker,10 51 00,"Columbia 5-tier locker, PolyLife HDPE. 12""W x 15""D x 72""H",12,15,72,Floor,,,USD,EA
Columbia,COLUMBIA-5TIER-POLY-12x18x36,Locker,10 51 00,"Columbia 5-tier locker, PolyLife HDPE. 12""W x 18""D x 36""H",12,18,36,Floor,,,USD,EA
Columbia,COLUMBIA-5TIER-POLY-12x18x48,Locker,10 51 00,"Columbia 5-tier locker, PolyLife HDPE. 12""W x 18""D x 48""H",12,18,48,Floor,,,USD,EA
Columbia,COLUMBIA-5TIER-POLY-12x18x60,Locker,10 51 00,"Columbia 5-tier locker, PolyLife HDPE. 12""W x 18""D x 60""H",12,18,60,Floor,,,USD,EA
Columbia,COLUMBIA-5TIER-POLY-12x18x72,Locker,10 51 00,"Columbia 5-tier locker, PolyLife HDPE. 12""W x 18""D x 72""H",12,18,72,Floor,,,USD,EA
Columbia,COLUMBIA-5TIER-POLY-15x12x36,Locker,10 51 00,"Columbia 5-tier locker, PolyLife HDPE. 15""W x 12""D x 36""H",15,12,36,Floor,,,USD,EA
Columbia,COLUMBIA-5TIER-POLY-15x12x48,Locker,10 51 00,"Columbia 5-tier locker, PolyLife HDPE. 15""W x 12""D x 48""H",15,12,48,Floor,,,USD,EA
Columbia,COLUMBIA-5TIER-POLY-15x12x60,Locker,10 51 00,"Columbia 5-tier locker, PolyLife HDPE. 15""W x 12""D x 60""H",15,12,60,Floor,,,USD,EA
Columbia,COLUMBIA-5TIER-POLY-15x12x72,Locker,10 51 00,"Columbia 5-tier locker, PolyLife HDPE. 15""W x 12""D x 72""H",15,12,72,Floor,,,USD,EA
Columbia,COLUMBIA-5TIER-POLY-15x15x36,Locker,10 51 00,"Columbia 5-tier locker, PolyLife HDPE. 15""W x 15""D x 36""H",15,15,36,Floor,,,USD,EA
Columbia,COLUMBIA-5TIER-POLY-15x15x48,Locker,10 51 00,"Columbia 5-tier locker, PolyLife HDPE. 15""W x 15""D x 48""H",15,15,48,Floor,,,USD,EA
Columbia,COLUMBIA-5TIER-POLY-15x15x60,Locker,10 51 00,"Columbia 5-tier locker, PolyLife HDPE. 15""W x 15""D x 60""H",15,15,60,Floor,,,USD,EA
Columbia,COLUMBIA-5TIER-POLY-15x15x72,Locker,10 51 00,"Columbia 5-tier locker, PolyLife HDPE. 15""W x 15""D x 72""H",15,15,72,Floor,,,USD,EA
Columbia,COLUMBIA-5TIER-POLY-15x18x36,Locker,10 51 00,"Columbia 5-tier locker, PolyLife HDPE. 15""W x 18""D x 36""H",15,18,36,Floor,,,USD,EA
Columbia,COLUMBIA-5TIER-POLY-15x18x48,Locker,10 51 00,"Columbia 5-tier locker, PolyLife HDPE. 15""W x 18""D x 48""H",15,18,48,Floor,,,USD,EA
Columbia,COLUMBIA-5TIER-POLY-15x18x60,Locker,10 51 00,"Columbia 5-tier locker, PolyLife HDPE. 15""W x 18""D x 60""H",15,18,60,Floor,,,USD,EA
Columbia,COLUMBIA-5TIER-POLY-15x18x72,Locker,10 51 00,"Columbia 5-tier locker, PolyLife HDPE. 15""W x 18""D x 72""H",15,18,72,Floor,,,USD,EA
Columbia,COLUMBIA-5TIER-POLY-18x12x36,Locker,10 51 00,"Columbia 5-tier locker, PolyLife HDPE. 18""W x 12""D x 36""H",18,12,36,Floor,,,USD,EA
Columbia,COLUMBIA-5TIER-POLY-18x12x48,Locker,10 51 00,"Columbia 5-tier locker, PolyLife HDPE. 18""W x 12""D x 48""H",18,12,48,Floor,,,USD,EA
Columbia,COLUMBIA-5TIER-POLY-18x12x60,Locker,10 51 00,"Columbia 5-tier locker, PolyLife HDPE. 18""W x 12""D x 60""H",18,12,60,Floor,,,USD,EA
Columbia,COLUMBIA-5TIER-POLY-18x12x72,Locker,10 51 00,"Columbia 5-tier locker, PolyLife HDPE. 18""W x 12""D x 72""H",18,12,72,Floor,,,USD,EA
Columbia,COLUMBIA-5TIER-POLY-18x15x36,Locker,10 51 00,"Columbia 5-tier locker, PolyLife HDPE. 18""W x 15""D x 36""H",18,15,36,Floor,,,USD,EA
Columbia,COLUMBIA-5TIER-POLY-18x15x48,Locker,10 51 00,"Columbia 5-tier locker, PolyLife HDPE. 18""W x 15""D x 48""H",18,15,48,Floor,,,USD,EA
Columbia,COLUMBIA-5TIER-POLY-18x15x60,Locker,10 51 00,"Columbia 5-tier locker, PolyLife HDPE. 18""W x 15""D x 60""H",18,15,60,Floor,,,USD,EA
Columbia,COLUMBIA-5TIER-POLY-18x15x72,Locker,10 51 00,"Columbia 5-tier locker, PolyLife HDPE. 18""W x 15""D x 72""H",18,15,72,Floor,,,USD,EA
Columbia,COLUMBIA-5TIER-POLY-18x18x36,Locker,10 51 00,"Columbia 5-tier locker, PolyLife HDPE. 18""W x 18""D x 36""H",18,18,36,Floor,,,USD,EA
Columbia,COLUMBIA-5TIER-POLY-18x18x48,Locker,10 51 00,"Columbia 5-tier locker, PolyLife HDPE. 18""W x 18""D x 48""H",18,18,48,Floor,,,USD,EA
Columbia,COLUMBIA-5TIER-POLY-18x18x60,Locker,10 51 00,"Columbia 5-tier locker, PolyLife HDPE. 18""W x 18""D x 60""H",18,18,60,Floor,,,USD,EA
Columbia,COLUMBIA-5TIER-POLY-18x18x72,Locker,10 51 00,"Columbia 5-tier locker, PolyLife HDPE. 18""W x 18""D x 72""H",18,18,72,Floor,,,USD,EA
Columbia,COLUMBIA-5TIER-POLY-9x12x36,Locker,10 51 00,"Columbia 5-tier locker, PolyLife HDPE. 9""W x 12""D x 36""H",9,12,36,Floor,,,USD,EA
Columbia,COLUMBIA-5TIER-POLY-9x12x48,Locker,10 51 00,"Columbia 5-tier locker, PolyLife HDPE. 9""W x 12""D x 48""H",9,12,48,Floor,,,USD,EA
Columbia,COLUMBIA-5TIER-POLY-9x12x60,Locker,10 51 00,"Columbia 5-tier locker, PolyLife HDPE. 9""W x 12""D x 60""H",9,12,60,Floor,,,USD,EA
Columbia,COLUMBIA-5TIER-POLY-9x12x72,Locker,10 51 00,"Columbia 5-tier locker, PolyLife HDPE. 9""W x 12""D x 72""H",9,12,72,Floor,,,USD,EA
Columbia,COLUMBIA-5TIER-POLY-9x15x36,Locker,10 51 00,"Columbia 5-tier locker, PolyLife HDPE. 9""W x 15""D x 36""H",9,15,36,Floor,,,USD,EA
Columbia,COLUMBIA-5TIER-POLY-9x15x48,Locker,10 51 00,"Columbia 5-tier locker, PolyLife HDPE. 9""W x 15""D x 48""H",9,15,48,Floor,,,USD,EA
Columbia,COLUMBIA-5TIER-POLY-9x15x60,Locker,10 51 00,"Columbia 5-tier locker, PolyLife HDPE. 9""W x 15""D x 60""H",9,15,60,Floor,,,USD,EA
Columbia,COLUMBIA-5TIER-POLY-9x15x72,Locker,10 51 00,"Columbia 5-tier locker, PolyLife HDPE. 9""W x 15""D x 72""H",9,15,72,Floor,,,USD,EA
Columbia,COLUMBIA-5TIER-POLY-9x18x36,Locker,10 51 00,"Columbia 5-tier locker, PolyLife HDPE. 9""W x 18""D x 36""H",9,18,36,Floor,,,USD,EA
Columbia,COLUMBIA-5TIER-POLY-9x18x48,Locker,10 51 00,"Columbia 5-tier locker, PolyLife HDPE. 9""W x 18""D x 48""H",9,18,48,Floor,,,USD,EA
Columbia,COLUMBIA-5TIER-POLY-9x18x60,Locker,10 51 00,"Columbia 5-tier locker, PolyLife HDPE. 9""W x 18""D x 60""H",9,18,60,Floor,,,USD,EA
Columbia,COLUMBIA-5TIER-POLY-9x18x72,Locker,10 51 00,"Columbia 5-tier locker, PolyLife HDPE. 9""W x 18""D x 72""H",9,18,72,Floor,,,USD,EA
Columbia,COLUMBIA-5TIER-TERRA-12x12x36,Locker,10 51 00,"Columbia 5-tier locker, Terra Core color-through phenolic. 12""W x 12""D x 36""H",12,12,36,Floor,,,USD,EA
Columbia,COLUMBIA-5TIER-TERRA-12x12x48,Locker,10 51 00,"Columbia 5-tier locker, Terra Core color-through phenolic. 12""W x 12""D x 48""H",12,12,48,Floor,,,USD,EA
Columbia,COLUMBIA-5TIER-TERRA-12x12x60,Locker,10 51 00,"Columbia 5-tier locker, Terra Core color-through phenolic. 12""W x 12""D x 60""H",12,12,60,Floor,,,USD,EA
Columbia,COLUMBIA-5TIER-TERRA-12x12x72,Locker,10 51 00,"Columbia 5-tier locker, Terra Core color-through phenolic. 12""W x 12""D x 72""H",12,12,72,Floor,,,USD,EA
Columbia,COLUMBIA-5TIER-TERRA-12x15x36,Locker,10 51 00,"Columbia 5-tier locker, Terra Core color-through phenolic. 12""W x 15""D x 36""H",12,15,36,Floor,,,USD,EA
Columbia,COLUMBIA-5TIER-TERRA-12x15x48,Locker,10 51 00,"Columbia 5-tier locker, Terra Core color-through phenolic. 12""W x 15""D x 48""H",12,15,48,Floor,,,USD,EA
Columbia,COLUMBIA-5TIER-TERRA-12x15x60,Locker,10 51 00,"Columbia 5-tier locker, Terra Core color-through phenolic. 12""W x 15""D x 60""H",12,15,60,Floor,,,USD,EA
Columbia,COLUMBIA-5TIER-TERRA-12x15x72,Locker,10 51 00,"Columbia 5-tier locker, Terra Core color-through phenolic. 12""W x 15""D x 72""H",12,15,72,Floor,,,USD,EA
Columbia,COLUMBIA-5TIER-TERRA-12x18x36,Locker,10 51 00,"Columbia 5-tier locker, Terra Core color-through phenolic. 12""W x 18""D x 36""H",12,18,36,Floor,,,USD,EA
Columbia,COLUMBIA-5TIER-TERRA-12x18x48,Locker,10 51 00,"Columbia 5-tier locker, Terra Core color-through phenolic. 12""W x 18""D x 48""H",12,18,48,Floor,,,USD,EA
Columbia,COLUMBIA-5TIER-TERRA-12x18x60,Locker,10 51 00,"Columbia 5-tier locker, Terra Core color-through phenolic. 12""W x 18""D x 60""H",12,18,60,Floor,,,USD,EA
Columbia,COLUMBIA-5TIER-TERRA-12x18x72,Locker,10 51 00,"Columbia 5-tier locker, Terra Core color-through phenolic. 12""W x 18""D x 72""H",12,18,72,Floor,,,USD,EA
Columbia,COLUMBIA-5TIER-TERRA-15x12x36,Locker,10 51 00,"Columbia 5-tier locker, Terra Core color-through phenolic. 15""W x 12""D x 36""H",15,12,36,Floor,,,USD,EA
Columbia,COLUMBIA-5TIER-TERRA-15x12x48,Locker,10 51 00,"Columbia 5-tier locker, Terra Core color-through phenolic. 15""W x 12""D x 48""H",15,12,48,Floor,,,USD,EA
Columbia,COLUMBIA-5TIER-TERRA-15x12x60,Locker,10 51 00,"Columbia 5-tier locker, Terra Core color-through phenolic. 15""W x 12""D x 60""H",15,12,60,Floor,,,USD,EA
Columbia,COLUMBIA-5TIER-TERRA-15x12x72,Locker,10 51 00,"Columbia 5-tier locker, Terra Core color-through phenolic. 15""W x 12""D x 72""H",15,12,72,Floor,,,USD,EA
Columbia,COLUMBIA-5TIER-TERRA-15x15x36,Locker,10 51 00,"Columbia 5-tier locker, Terra Core color-through phenolic. 15""W x 15""D x 36""H",15,15,36,Floor,,,USD,EA
Columbia,COLUMBIA-5TIER-TERRA-15x15x48,Locker,10 51 00,"Columbia 5-tier locker, Terra Core color-through phenolic. 15""W x 15""D x 48""H",15,15,48,Floor,,,USD,EA
Columbia,COLUMBIA-5TIER-TERRA-15x15x60,Locker,10 51 00,"Columbia 5-tier locker, Terra Core color-through phenolic. 15""W x 15""D x 60""H",15,15,60,Floor,,,USD,EA
Columbia,COLUMBIA-5TIER-TERRA-15x15x72,Locker,10 51 00,"Columbia 5-tier locker, Terra Core color-through phenolic. 15""W x 15""D x 72""H",15,15,72,Floor,,,USD,EA
Columbia,COLUMBIA-5TIER-TERRA-15x18x36,Locker,10 51 00,"Columbia 5-tier locker, Terra Core color-through phenolic. 15""W x 18""D x 36""H",15,18,36,Floor,,,USD,EA
Columbia,COLUMBIA-5TIER-TERRA-15x18x48,Locker,10 51 00,"Columbia 5-tier locker, Terra Core color-through phenolic. 15""W x 18""D x 48""H",15,18,48,Floor,,,USD,EA
Columbia,COLUMBIA-5TIER-TERRA-15x18x60,Locker,10 51 00,"Columbia 5-tier locker, Terra Core color-through phenolic. 15""W x 18""D x 60""H",15,18,60,Floor,,,USD,EA
Columbia,COLUMBIA-5TIER-TERRA-15x18x72,Locker,10 51 00,"Columbia 5-tier locker, Terra Core color-through phenolic. 15""W x 18""D x 72""H",15,18,72,Floor,,,USD,EA
Columbia,COLUMBIA-5TIER-TERRA-18x12x36,Locker,10 51 00,"Columbia 5-tier locker, Terra Core color-through phenolic. 18""W x 12""D x 36""H",18,12,36,Floor,,,USD,EA
Columbia,COLUMBIA-5TIER-TERRA-18x12x48,Locker,10 51 00,"Columbia 5-tier locker, Terra Core color-through phenolic. 18""W x 12""D x 48""H",18,12,48,Floor,,,USD,EA
Columbia,COLUMBIA-5TIER-TERRA-18x12x60,Locker,10 51 00,"Columbia 5-tier locker, Terra Core color-through phenolic. 18""W x 12""D x 60""H",18,12,60,Floor,,,USD,EA
Columbia,COLUMBIA-5TIER-TERRA-18x12x72,Locker,10 51 00,"Columbia 5-tier locker, Terra Core color-through phenolic. 18""W x 12""D x 72""H",18,12,72,Floor,,,USD,EA
Columbia,COLUMBIA-5TIER-TERRA-18x15x36,Locker,10 51 00,"Columbia 5-tier locker, Terra Core color-through phenolic. 18""W x 15""D x 36""H",18,15,36,Floor,,,USD,EA
Columbia,COLUMBIA-5TIER-TERRA-18x15x48,Locker,10 51 00,"Columbia 5-tier locker, Terra Core color-through phenolic. 18""W x 15""D x 48""H",18,15,48,Floor,,,USD,EA
Columbia,COLUMBIA-5TIER-TERRA-18x15x60,Locker,10 51 00,"Columbia 5-tier locker, Terra Core color-through phenolic. 18""W x 15""D x 60""H",18,15,60,Floor,,,USD,EA
Columbia,COLUMBIA-5TIER-TERRA-18x15x72,Locker,10 51 00,"Columbia 5-tier locker, Terra Core color-through phenolic. 18""W x 15""D x 72""H",18,15,72,Floor,,,USD,EA
Columbia,COLUMBIA-5TIER-TERRA-18x18x36,Locker,10 51 00,"Columbia 5-tier locker, Terra Core color-through phenolic. 18""W x 18""D x 36""H",18,18,36,Floor,,,USD,EA
Columbia,COLUMBIA-5TIER-TERRA-18x18x48,Locker,10 51 00,"Columbia 5-tier locker, Terra Core color-through phenolic. 18""W x 18""D x 48""H",18,18,48,Floor,,,USD,EA
Columbia,COLUMBIA-5TIER-TERRA-18x18x60,Locker,10 51 00,"Columbia 5-tier locker, Terra Core color-through phenolic. 18""W x 18""D x 60""H",18,18,60,Floor,,,USD,EA
Columbia,COLUMBIA-5TIER-TERRA-18x18x72,Locker,10 51 00,"Columbia 5-tier locker, Terra Core color-through phenolic. 18""W x 18""D x 72""H",18,18,72,Floor,,,USD,EA
Columbia,COLUMBIA-5TIER-TERRA-9x12x36,Locker,10 51 00,"Columbia 5-tier locker, Terra Core color-through phenolic. 9""W x 12""D x 36""H",9,12,36,Floor,,,USD,EA
Columbia,COLUMBIA-5TIER-TERRA-9x12x48,Locker,10 51 00,"Columbia 5-tier locker, Terra Core color-through phenolic. 9""W x 12""D x 48""H",9,12,48,Floor,,,USD,EA
Columbia,COLUMBIA-5TIER-TERRA-9x12x60,Locker,10 51 00,"Columbia 5-tier locker, Terra Core color-through phenolic. 9""W x 12""D x 60""H",9,12,60,Floor,,,USD,EA
Columbia,COLUMBIA-5TIER-TERRA-9x12x72,Locker,10 51 00,"Columbia 5-tier locker, Terra Core color-through phenolic. 9""W x 12""D x 72""H",9,12,72,Floor,,,USD,EA
Columbia,COLUMBIA-5TIER-TERRA-9x15x36,Locker,10 51 00,"Columbia 5-tier locker, Terra Core color-through phenolic. 9""W x 15""D x 36""H",9,15,36,Floor,,,USD,EA
Columbia,COLUMBIA-5TIER-TERRA-9x15x48,Locker,10 51 00,"Columbia 5-tier locker, Terra Core color-through phenolic. 9""W x 15""D x 48""H",9,15,48,Floor,,,USD,EA
Columbia,COLUMBIA-5TIER-TERRA-9x15x60,Locker,10 51 00,"Columbia 5-tier locker, Terra Core color-through phenolic. 9""W x 15""D x 60""H",9,15,60,Floor,,,USD,EA
Columbia,COLUMBIA-5TIER-TERRA-9x15x72,Locker,10 51 00,"Columbia 5-tier locker, Terra Core color-through phenolic. 9""W x 15""D x 72""H",9,15,72,Floor,,,USD,EA
Columbia,COLUMBIA-5TIER-TERRA-9x18x36,Locker,10 51 00,"Columbia 5-tier locker, Terra Core color-through phenolic. 9""W x 18""D x 36""H",9,18,36,Floor,,,USD,EA
Columbia,COLUMBIA-5TIER-TERRA-9x18x48,Locker,10 51 00,"Columbia 5-tier locker, Terra Core color-through phenolic. 9""W x 18""D x 48""H",9,18,48,Floor,,,USD,EA
Columbia,COLUMBIA-5TIER-TERRA-9x18x60,Locker,10 51 00,"Columbia 5-tier locker, Terra Core color-through phenolic. 9""W x 18""D x 60""H",9,18,60,Floor,,,USD,EA
Columbia,COLUMBIA-5TIER-TERRA-9x18x72,Locker,10 51 00,"Columbia 5-tier locker, Terra Core color-through phenolic. 9""W x 18""D x 72""H",9,18,72,Floor,,,USD,EA
Columbia,COLUMBIA-6TIER-PHEN-12x12x36,Locker,10 51 00,"Columbia 6-tier locker, solid phenolic. 12""W x 12""D x 36""H",12,12,36,Floor,,,USD,EA
Columbia,COLUMBIA-6TIER-PHEN-12x12x48,Locker,10 51 00,"Columbia 6-tier locker, solid phenolic. 12""W x 12""D x 48""H",12,12,48,Floor,,,USD,EA
Columbia,COLUMBIA-6TIER-PHEN-12x12x60,Locker,10 51 00,"Columbia 6-tier locker, solid phenolic. 12""W x 12""D x 60""H",12,12,60,Floor,,,USD,EA
Columbia,COLUMBIA-6TIER-PHEN-12x12x72,Locker,10 51 00,"Columbia 6-tier locker, solid phenolic. 12""W x 12""D x 72""H",12,12,72,Floor,,,USD,EA
Columbia,COLUMBIA-6TIER-PHEN-12x15x36,Locker,10 51 00,"Columbia 6-tier locker, solid phenolic. 12""W x 15""D x 36""H",12,15,36,Floor,,,USD,EA
Columbia,COLUMBIA-6TIER-PHEN-12x15x48,Locker,10 51 00,"Columbia 6-tier locker, solid phenolic. 12""W x 15""D x 48""H",12,15,48,Floor,,,USD,EA
Columbia,COLUMBIA-6TIER-PHEN-12x15x60,Locker,10 51 00,"Columbia 6-tier locker, solid phenolic. 12""W x 15""D x 60""H",12,15,60,Floor,,,USD,EA
Columbia,COLUMBIA-6TIER-PHEN-12x15x72,Locker,10 51 00,"Columbia 6-tier locker, solid phenolic. 12""W x 15""D x 72""H",12,15,72,Floor,,,USD,EA
Columbia,COLUMBIA-6TIER-PHEN-12x18x36,Locker,10 51 00,"Columbia 6-tier locker, solid phenolic. 12""W x 18""D x 36""H",12,18,36,Floor,,,USD,EA
Columbia,COLUMBIA-6TIER-PHEN-12x18x48,Locker,10 51 00,"Columbia 6-tier locker, solid phenolic. 12""W x 18""D x 48""H",12,18,48,Floor,,,USD,EA
Columbia,COLUMBIA-6TIER-PHEN-12x18x60,Locker,10 51 00,"Columbia 6-tier locker, solid phenolic. 12""W x 18""D x 60""H",12,18,60,Floor,,,USD,EA
Columbia,COLUMBIA-6TIER-PHEN-12x18x72,Locker,10 51 00,"Columbia 6-tier locker, solid phenolic. 12""W x 18""D x 72""H",12,18,72,Floor,,,USD,EA
Columbia,COLUMBIA-6TIER-PHEN-15x12x36,Locker,10 51 00,"Columbia 6-tier locker, solid phenolic. 15""W x 12""D x 36""H",15,12,36,Floor,,,USD,EA
Columbia,COLUMBIA-6TIER-PHEN-15x12x48,Locker,10 51 00,"Columbia 6-tier locker, solid phenolic. 15""W x 12""D x 48""H",15,12,48,Floor,,,USD,EA
Columbia,COLUMBIA-6TIER-PHEN-15x12x60,Locker,10 51 00,"Columbia 6-tier locker, solid phenolic. 15""W x 12""D x 60""H",15,12,60,Floor,,,USD,EA
Columbia,COLUMBIA-6TIER-PHEN-15x12x72,Locker,10 51 00,"Columbia 6-tier locker, solid phenolic. 15""W x 12""D x 72""H",15,12,72,Floor,,,USD,EA
Columbia,COLUMBIA-6TIER-PHEN-15x15x36,Locker,10 51 00,"Columbia 6-tier locker, solid phenolic. 15""W x 15""D x 36""H",15,15,36,Floor,,,USD,EA
Columbia,COLUMBIA-6TIER-PHEN-15x15x48,Locker,10 51 00,"Columbia 6-tier locker, solid phenolic. 15""W x 15""D x 48""H",15,15,48,Floor,,,USD,EA
Columbia,COLUMBIA-6TIER-PHEN-15x15x60,Locker,10 51 00,"Columbia 6-tier locker, solid phenolic. 15""W x 15""D x 60""H",15,15,60,Floor,,,USD,EA
Columbia,COLUMBIA-6TIER-PHEN-15x15x72,Locker,10 51 00,"Columbia 6-tier locker, solid phenolic. 15""W x 15""D x 72""H",15,15,72,Floor,,,USD,EA
Columbia,COLUMBIA-6TIER-PHEN-15x18x36,Locker,10 51 00,"Columbia 6-tier locker, solid phenolic. 15""W x 18""D x 36""H",15,18,36,Floor,,,USD,EA
Columbia,COLUMBIA-6TIER-PHEN-15x18x48,Locker,10 51 00,"Columbia 6-tier locker, solid phenolic. 15""W x 18""D x 48""H",15,18,48,Floor,,,USD,EA
Columbia,COLUMBIA-6TIER-PHEN-15x18x60,Locker,10 51 00,"Columbia 6-tier locker, solid phenolic. 15""W x 18""D x 60""H",15,18,60,Floor,,,USD,EA
Columbia,COLUMBIA-6TIER-PHEN-15x18x72,Locker,10 51 00,"Columbia 6-tier locker, solid phenolic. 15""W x 18""D x 72""H",15,18,72,Floor,,,USD,EA
Columbia,COLUMBIA-6TIER-PHEN-18x12x36,Locker,10 51 00,"Columbia 6-tier locker, solid phenolic. 18""W x 12""D x 36""H",18,12,36,Floor,,,USD,EA
Columbia,COLUMBIA-6TIER-PHEN-18x12x48,Locker,10 51 00,"Columbia 6-tier locker, solid phenolic. 18""W x 12""D x 48""H",18,12,48,Floor,,,USD,EA
Columbia,COLUMBIA-6TIER-PHEN-18x12x60,Locker,10 51 00,"Columbia 6-tier locker, solid phenolic. 18""W x 12""D x 60""H",18,12,60,Floor,,,USD,EA
Columbia,COLUMBIA-6TIER-PHEN-18x12x72,Locker,10 51 00,"Columbia 6-tier locker, solid phenolic. 18""W x 12""D x 72""H",18,12,72,Floor,,,USD,EA
Columbia,COLUMBIA-6TIER-PHEN-18x15x36,Locker,10 51 00,"Columbia 6-tier locker, solid phenolic. 18""W x 15""D x 36""H",18,15,36,Floor,,,USD,EA
Columbia,COLUMBIA-6TIER-PHEN-18x15x48,Locker,10 51 00,"Columbia 6-tier locker, solid phenolic. 18""W x 15""D x 48""H",18,15,48,Floor,,,USD,EA
Columbia,COLUMBIA-6TIER-PHEN-18x15x60,Locker,10 51 00,"Columbia 6-tier locker, solid phenolic. 18""W x 15""D x 60""H",18,15,60,Floor,,,USD,EA
Columbia,COLUMBIA-6TIER-PHEN-18x15x72,Locker,10 51 00,"Columbia 6-tier locker, solid phenolic. 18""W x 15""D x 72""H",18,15,72,Floor,,,USD,EA
Columbia,COLUMBIA-6TIER-PHEN-18x18x36,Locker,10 51 00,"Columbia 6-tier locker, solid phenolic. 18""W x 18""D x 36""H",18,18,36,Floor,,,USD,EA
Columbia,COLUMBIA-6TIER-PHEN-18x18x48,Locker,10 51 00,"Columbia 6-tier locker, solid phenolic. 18""W x 18""D x 48""H",18,18,48,Floor,,,USD,EA
Columbia,COLUMBIA-6TIER-PHEN-18x18x60,Locker,10 51 00,"Columbia 6-tier locker, solid phenolic. 18""W x 18""D x 60""H",18,18,60,Floor,,,USD,EA
Columbia,COLUMBIA-6TIER-PHEN-18x18x72,Locker,10 51 00,"Columbia 6-tier locker, solid phenolic. 18""W x 18""D x 72""H",18,18,72,Floor,,,USD,EA
Columbia,COLUMBIA-6TIER-PHEN-9x12x36,Locker,10 51 00,"Columbia 6-tier locker, solid phenolic. 9""W x 12""D x 36""H",9,12,36,Floor,,,USD,EA
Columbia,COLUMBIA-6TIER-PHEN-9x12x48,Locker,10 51 00,"Columbia 6-tier locker, solid phenolic. 9""W x 12""D x 48""H",9,12,48,Floor,,,USD,EA
Columbia,COLUMBIA-6TIER-PHEN-9x12x60,Locker,10 51 00,"Columbia 6-tier locker, solid phenolic. 9""W x 12""D x 60""H",9,12,60,Floor,,,USD,EA
Columbia,COLUMBIA-6TIER-PHEN-9x12x72,Locker,10 51 00,"Columbia 6-tier locker, solid phenolic. 9""W x 12""D x 72""H",9,12,72,Floor,,,USD,EA
Columbia,COLUMBIA-6TIER-PHEN-9x15x36,Locker,10 51 00,"Columbia 6-tier locker, solid phenolic. 9""W x 15""D x 36""H",9,15,36,Floor,,,USD,EA
Columbia,COLUMBIA-6TIER-PHEN-9x15x48,Locker,10 51 00,"Columbia 6-tier locker, solid phenolic. 9""W x 15""D x 48""H",9,15,48,Floor,,,USD,EA
Columbia,COLUMBIA-6TIER-PHEN-9x15x60,Locker,10 51 00,"Columbia 6-tier locker, solid phenolic. 9""W x 15""D x 60""H",9,15,60,Floor,,,USD,EA
Columbia,COLUMBIA-6TIER-PHEN-9x15x72,Locker,10 51 00,"Columbia 6-tier locker, solid phenolic. 9""W x 15""D x 72""H",9,15,72,Floor,,,USD,EA
Columbia,COLUMBIA-6TIER-PHEN-9x18x36,Locker,10 51 00,"Columbia 6-tier locker, solid phenolic. 9""W x 18""D x 36""H",9,18,36,Floor,,,USD,EA
Columbia,COLUMBIA-6TIER-PHEN-9x18x48,Locker,10 51 00,"Columbia 6-tier locker, solid phenolic. 9""W x 18""D x 48""H",9,18,48,Floor,,,USD,EA
Columbia,COLUMBIA-6TIER-PHEN-9x18x60,Locker,10 51 00,"Columbia 6-tier locker, solid phenolic. 9""W x 18""D x 60""H",9,18,60,Floor,,,USD,EA
Columbia,COLUMBIA-6TIER-PHEN-9x18x72,Locker,10 51 00,"Columbia 6-tier locker, solid phenolic. 9""W x 18""D x 72""H",9,18,72,Floor,,,USD,EA
Columbia,COLUMBIA-6TIER-POLY-12x12x36,Locker,10 51 00,"Columbia 6-tier locker, PolyLife HDPE. 12""W x 12""D x 36""H",12,12,36,Floor,,,USD,EA
Columbia,COLUMBIA-6TIER-POLY-12x12x48,Locker,10 51 00,"Columbia 6-tier locker, PolyLife HDPE. 12""W x 12""D x 48""H",12,12,48,Floor,,,USD,EA
Columbia,COLUMBIA-6TIER-POLY-12x12x60,Locker,10 51 00,"Columbia 6-tier locker, PolyLife HDPE. 12""W x 12""D x 60""H",12,12,60,Floor,,,USD,EA
Columbia,COLUMBIA-6TIER-POLY-12x12x72,Locker,10 51 00,"Columbia 6-tier locker, PolyLife HDPE. 12""W x 12""D x 72""H",12,12,72,Floor,,,USD,EA
Columbia,COLUMBIA-6TIER-POLY-12x15x36,Locker,10 51 00,"Columbia 6-tier locker, PolyLife HDPE. 12""W x 15""D x 36""H",12,15,36,Floor,,,USD,EA
Columbia,COLUMBIA-6TIER-POLY-12x15x48,Locker,10 51 00,"Columbia 6-tier locker, PolyLife HDPE. 12""W x 15""D x 48""H",12,15,48,Floor,,,USD,EA
Columbia,COLUMBIA-6TIER-POLY-12x15x60,Locker,10 51 00,"Columbia 6-tier locker, PolyLife HDPE. 12""W x 15""D x 60""H",12,15,60,Floor,,,USD,EA
Columbia,COLUMBIA-6TIER-POLY-12x15x72,Locker,10 51 00,"Columbia 6-tier locker, PolyLife HDPE. 12""W x 15""D x 72""H",12,15,72,Floor,,,USD,EA
Columbia,COLUMBIA-6TIER-POLY-12x18x36,Locker,10 51 00,"Columbia 6-tier locker, PolyLife HDPE. 12""W x 18""D x 36""H",12,18,36,Floor,,,USD,EA
Columbia,COLUMBIA-6TIER-POLY-12x18x48,Locker,10 51 00,"Columbia 6-tier locker, PolyLife HDPE. 12""W x 18""D x 48""H",12,18,48,Floor,,,USD,EA
Columbia,COLUMBIA-6TIER-POLY-12x18x60,Locker,10 51 00,"Columbia 6-tier locker, PolyLife HDPE. 12""W x 18""D x 60""H",12,18,60,Floor,,,USD,EA
Columbia,COLUMBIA-6TIER-POLY-12x18x72,Locker,10 51 00,"Columbia 6-tier locker, PolyLife HDPE. 12""W x 18""D x 72""H",12,18,72,Floor,,,USD,EA
Columbia,COLUMBIA-6TIER-POLY-15x12x36,Locker,10 51 00,"Columbia 6-tier locker, PolyLife HDPE. 15""W x 12""D x 36""H",15,12,36,Floor,,,USD,EA
Columbia,COLUMBIA-6TIER-POLY-15x12x48,Locker,10 51 00,"Columbia 6-tier locker, PolyLife HDPE. 15""W x 12""D x 48""H",15,12,48,Floor,,,USD,EA
Columbia,COLUMBIA-6TIER-POLY-15x12x60,Locker,10 51 00,"Columbia 6-tier locker, PolyLife HDPE. 15""W x 12""D x 60""H",15,12,60,Floor,,,USD,EA
Columbia,COLUMBIA-6TIER-POLY-15x12x72,Locker,10 51 00,"Columbia 6-tier locker, PolyLife HDPE. 15""W x 12""D x 72""H",15,12,72,Floor,,,USD,EA
Columbia,COLUMBIA-6TIER-POLY-15x15x36,Locker,10 51 00,"Columbia 6-tier locker, PolyLife HDPE. 15""W x 15""D x 36""H",15,15,36,Floor,,,USD,EA
Columbia,COLUMBIA-6TIER-POLY-15x15x48,Locker,10 51 00,"Columbia 6-tier locker, PolyLife HDPE. 15""W x 15""D x 48""H",15,15,48,Floor,,,USD,EA
Columbia,COLUMBIA-6TIER-POLY-15x15x60,Locker,10 51 00,"Columbia 6-tier locker, PolyLife HDPE. 15""W x 15""D x 60""H",15,15,60,Floor,,,USD,EA
Columbia,COLUMBIA-6TIER-POLY-15x15x72,Locker,10 51 00,"Columbia 6-tier locker, PolyLife HDPE. 15""W x 15""D x 72""H",15,15,72,Floor,,,USD,EA
Columbia,COLUMBIA-6TIER-POLY-15x18x36,Locker,10 51 00,"Columbia 6-tier locker, PolyLife HDPE. 15""W x 18""D x 36""H",15,18,36,Floor,,,USD,EA
Columbia,COLUMBIA-6TIER-POLY-15x18x48,Locker,10 51 00,"Columbia 6-tier locker, PolyLife HDPE. 15""W x 18""D x 48""H",15,18,48,Floor,,,USD,EA
Columbia,COLUMBIA-6TIER-POLY-15x18x60,Locker,10 51 00,"Columbia 6-tier locker, PolyLife HDPE. 15""W x 18""D x 60""H",15,18,60,Floor,,,USD,EA
Columbia,COLUMBIA-6TIER-POLY-15x18x72,Locker,10 51 00,"Columbia 6-tier locker, PolyLife HDPE. 15""W x 18""D x 72""H",15,18,72,Floor,,,USD,EA
Columbia,COLUMBIA-6TIER-POLY-18x12x36,Locker,10 51 00,"Columbia 6-tier locker, PolyLife HDPE. 18""W x 12""D x 36""H",18,12,36,Floor,,,USD,EA
Columbia,COLUMBIA-6TIER-POLY-18x12x48,Locker,10 51 00,"Columbia 6-tier locker, PolyLife HDPE. 18""W x 12""D x 48""H",18,12,48,Floor,,,USD,EA
Columbia,COLUMBIA-6TIER-POLY-18x12x60,Locker,10 51 00,"Columbia 6-tier locker, PolyLife HDPE. 18""W x 12""D x 60""H",18,12,60,Floor,,,USD,EA
Columbia,COLUMBIA-6TIER-POLY-18x12x72,Locker,10 51 00,"Columbia 6-tier locker, PolyLife HDPE. 18""W x 12""D x 72""H",18,12,72,Floor,,,USD,EA
Columbia,COLUMBIA-6TIER-POLY-18x15x36,Locker,10 51 00,"Columbia 6-tier locker, PolyLife HDPE. 18""W x 15""D x 36""H",18,15,36,Floor,,,USD,EA
Columbia,COLUMBIA-6TIER-POLY-18x15x48,Locker,10 51 00,"Columbia 6-tier locker, PolyLife HDPE. 18""W x 15""D x 48""H",18,15,48,Floor,,,USD,EA
Columbia,COLUMBIA-6TIER-POLY-18x15x60,Locker,10 51 00,"Columbia 6-tier locker, PolyLife HDPE. 18""W x 15""D x 60""H",18,15,60,Floor,,,USD,EA
Columbia,COLUMBIA-6TIER-POLY-18x15x72,Locker,10 51 00,"Columbia 6-tier locker, PolyLife HDPE. 18""W x 15""D x 72""H",18,15,72,Floor,,,USD,EA
Columbia,COLUMBIA-6TIER-POLY-18x18x36,Locker,10 51 00,"Columbia 6-tier locker, PolyLife HDPE. 18""W x 18""D x 36""H",18,18,36,Floor,,,USD,EA
Columbia,COLUMBIA-6TIER-POLY-18x18x48,Locker,10 51 00,"Columbia 6-tier locker, PolyLife HDPE. 18""W x 18""D x 48""H",18,18,48,Floor,,,USD,EA
Columbia,COLUMBIA-6TIER-POLY-18x18x60,Locker,10 51 00,"Columbia 6-tier locker, PolyLife HDPE. 18""W x 18""D x 60""H",18,18,60,Floor,,,USD,EA
Columbia,COLUMBIA-6TIER-POLY-18x18x72,Locker,10 51 00,"Columbia 6-tier locker, PolyLife HDPE. 18""W x 18""D x 72""H",18,18,72,Floor,,,USD,EA
Columbia,COLUMBIA-6TIER-POLY-9x12x36,Locker,10 51 00,"Columbia 6-tier locker, PolyLife HDPE. 9""W x 12""D x 36""H",9,12,36,Floor,,,USD,EA
Columbia,COLUMBIA-6TIER-POLY-9x12x48,Locker,10 51 00,"Columbia 6-tier locker, PolyLife HDPE. 9""W x 12""D x 48""H",9,12,48,Floor,,,USD,EA
Columbia,COLUMBIA-6TIER-POLY-9x12x60,Locker,10 51 00,"Columbia 6-tier locker, PolyLife HDPE. 9""W x 12""D x 60""H",9,12,60,Floor,,,USD,EA
Columbia,COLUMBIA-6TIER-POLY-9x12x72,Locker,10 51 00,"Columbia 6-tier locker, PolyLife HDPE. 9""W x 12""D x 72""H",9,12,72,Floor,,,USD,EA
Columbia,COLUMBIA-6TIER-POLY-9x15x36,Locker,10 51 00,"Columbia 6-tier locker, PolyLife HDPE. 9""W x 15""D x 36""H",9,15,36,Floor,,,USD,EA
Columbia,COLUMBIA-6TIER-POLY-9x15x48,Locker,10 51 00,"Columbia 6-tier locker, PolyLife HDPE. 9""W x 15""D x 48""H",9,15,48,Floor,,,USD,EA
Columbia,COLUMBIA-6TIER-POLY-9x15x60,Locker,10 51 00,"Columbia 6-tier locker, PolyLife HDPE. 9""W x 15""D x 60""H",9,15,60,Floor,,,USD,EA
Columbia,COLUMBIA-6TIER-POLY-9x15x72,Locker,10 51 00,"Columbia 6-tier locker, PolyLife HDPE. 9""W x 15""D x 72""H",9,15,72,Floor,,,USD,EA
Columbia,COLUMBIA-6TIER-POLY-9x18x36,Locker,10 51 00,"Columbia 6-tier locker, PolyLife HDPE. 9""W x 18""D x 36""H",9,18,36,Floor,,,USD,EA
Columbia,COLUMBIA-6TIER-POLY-9x18x48,Locker,10 51 00,"Columbia 6-tier locker, PolyLife HDPE. 9""W x 18""D x 48""H",9,18,48,Floor,,,USD,EA
Columbia,COLUMBIA-6TIER-POLY-9x18x60,Locker,10 51 00,"Columbia 6-tier locker, PolyLife HDPE. 9""W x 18""D x 60""H",9,18,60,Floor,,,USD,EA
Columbia,COLUMBIA-6TIER-POLY-9x18x72,Locker,10 51 00,"Columbia 6-tier locker, PolyLife HDPE. 9""W x 18""D x 72""H",9,18,72,Floor,,,USD,EA
Columbia,COLUMBIA-6TIER-TERRA-12x12x36,Locker,10 51 00,"Columbia 6-tier locker, Terra Core color-through phenolic. 12""W x 12""D x 36""H",12,12,36,Floor,,,USD,EA
Columbia,COLUMBIA-6TIER-TERRA-12x12x48,Locker,10 51 00,"Columbia 6-tier locker, Terra Core color-through phenolic. 12""W x 12""D x 48""H",12,12,48,Floor,,,USD,EA
Columbia,COLUMBIA-6TIER-TERRA-12x12x60,Locker,10 51 00,"Columbia 6-tier locker, Terra Core color-through phenolic. 12""W x 12""D x 60""H",12,12,60,Floor,,,USD,EA
Columbia,COLUMBIA-6TIER-TERRA-12x12x72,Locker,10 51 00,"Columbia 6-tier locker, Terra Core color-through phenolic. 12""W x 12""D x 72""H",12,12,72,Floor,,,USD,EA
Columbia,COLUMBIA-6TIER-TERRA-12x15x36,Locker,10 51 00,"Columbia 6-tier locker, Terra Core color-through phenolic. 12""W x 15""D x 36""H",12,15,36,Floor,,,USD,EA
Columbia,COLUMBIA-6TIER-TERRA-12x15x48,Locker,10 51 00,"Columbia 6-tier locker, Terra Core color-through phenolic. 12""W x 15""D x 48""H",12,15,48,Floor,,,USD,EA
Columbia,COLUMBIA-6TIER-TERRA-12x15x60,Locker,10 51 00,"Columbia 6-tier locker, Terra Core color-through phenolic. 12""W x 15""D x 60""H",12,15,60,Floor,,,USD,EA
Columbia,COLUMBIA-6TIER-TERRA-12x15x72,Locker,10 51 00,"Columbia 6-tier locker, Terra Core color-through phenolic. 12""W x 15""D x 72""H",12,15,72,Floor,,,USD,EA
Columbia,COLUMBIA-6TIER-TERRA-12x18x36,Locker,10 51 00,"Columbia 6-tier locker, Terra Core color-through phenolic. 12""W x 18""D x 36""H",12,18,36,Floor,,,USD,EA
Columbia,COLUMBIA-6TIER-TERRA-12x18x48,Locker,10 51 00,"Columbia 6-tier locker, Terra Core color-through phenolic. 12""W x 18""D x 48""H",12,18,48,Floor,,,USD,EA
Columbia,COLUMBIA-6TIER-TERRA-12x18x60,Locker,10 51 00,"Columbia 6-tier locker, Terra Core color-through phenolic. 12""W x 18""D x 60""H",12,18,60,Floor,,,USD,EA
Columbia,COLUMBIA-6TIER-TERRA-12x18x72,Locker,10 51 00,"Columbia 6-tier locker, Terra Core color-through phenolic. 12""W x 18""D x 72""H",12,18,72,Floor,,,USD,EA
Columbia,COLUMBIA-6TIER-TERRA-15x12x36,Locker,10 51 00,"Columbia 6-tier locker, Terra Core color-through phenolic. 15""W x 12""D x 36""H",15,12,36,Floor,,,USD,EA
Columbia,COLUMBIA-6TIER-TERRA-15x12x48,Locker,10 51 00,"Columbia 6-tier locker, Terra Core color-through phenolic. 15""W x 12""D x 48""H",15,12,48,Floor,,,USD,EA
Columbia,COLUMBIA-6TIER-TERRA-15x12x60,Locker,10 51 00,"Columbia 6-tier locker, Terra Core color-through phenolic. 15""W x 12""D x 60""H",15,12,60,Floor,,,USD,EA
Columbia,COLUMBIA-6TIER-TERRA-15x12x72,Locker,10 51 00,"Columbia 6-tier locker, Terra Core color-through phenolic. 15""W x 12""D x 72""H",15,12,72,Floor,,,USD,EA
Columbia,COLUMBIA-6TIER-TERRA-15x15x36,Locker,10 51 00,"Columbia 6-tier locker, Terra Core color-through phenolic. 15""W x 15""D x 36""H",15,15,36,Floor,,,USD,EA
Columbia,COLUMBIA-6TIER-TERRA-15x15x48,Locker,10 51 00,"Columbia 6-tier locker, Terra Core color-through phenolic. 15""W x 15""D x 48""H",15,15,48,Floor,,,USD,EA
Columbia,COLUMBIA-6TIER-TERRA-15x15x60,Locker,10 51 00,"Columbia 6-tier locker, Terra Core color-through phenolic. 15""W x 15""D x 60""H",15,15,60,Floor,,,USD,EA
Columbia,COLUMBIA-6TIER-TERRA-15x15x72,Locker,10 51 00,"Columbia 6-tier locker, Terra Core color-through phenolic. 15""W x 15""D x 72""H",15,15,72,Floor,,,USD,EA
Columbia,COLUMBIA-6TIER-TERRA-15x18x36,Locker,10 51 00,"Columbia 6-tier locker, Terra Core color-through phenolic. 15""W x 18""D x 36""H",15,18,36,Floor,,,USD,EA
Columbia,COLUMBIA-6TIER-TERRA-15x18x48,Locker,10 51 00,"Columbia 6-tier locker, Terra Core color-through phenolic. 15""W x 18""D x 48""H",15,18,48,Floor,,,USD,EA
Columbia,COLUMBIA-6TIER-TERRA-15x18x60,Locker,10 51 00,"Columbia 6-tier locker, Terra Core color-through phenolic. 15""W x 18""D x 60""H",15,18,60,Floor,,,USD,EA
Columbia,COLUMBIA-6TIER-TERRA-15x18x72,Locker,10 51 00,"Columbia 6-tier locker, Terra Core color-through phenolic. 15""W x 18""D x 72""H",15,18,72,Floor,,,USD,EA
Columbia,COLUMBIA-6TIER-TERRA-18x12x36,Locker,10 51 00,"Columbia 6-tier locker, Terra Core color-through phenolic. 18""W x 12""D x 36""H",18,12,36,Floor,,,USD,EA
Columbia,COLUMBIA-6TIER-TERRA-18x12x48,Locker,10 51 00,"Columbia 6-tier locker, Terra Core color-through phenolic. 18""W x 12""D x 48""H",18,12,48,Floor,,,USD,EA
Columbia,COLUMBIA-6TIER-TERRA-18x12x60,Locker,10 51 00,"Columbia 6-tier locker, Terra Core color-through phenolic. 18""W x 12""D x 60""H",18,12,60,Floor,,,USD,EA
Columbia,COLUMBIA-6TIER-TERRA-18x12x72,Locker,10 51 00,"Columbia 6-tier locker, Terra Core color-through phenolic. 18""W x 12""D x 72""H",18,12,72,Floor,,,USD,EA
Columbia,COLUMBIA-6TIER-TERRA-18x15x36,Locker,10 51 00,"Columbia 6-tier locker, Terra Core color-through phenolic. 18""W x 15""D x 36""H",18,15,36,Floor,,,USD,EA
Columbia,COLUMBIA-6TIER-TERRA-18x15x48,Locker,10 51 00,"Columbia 6-tier locker, Terra Core color-through phenolic. 18""W x 15""D x 48""H",18,15,48,Floor,,,USD,EA
Columbia,COLUMBIA-6TIER-TERRA-18x15x60,Locker,10 51 00,"Columbia 6-tier locker, Terra Core color-through phenolic. 18""W x 15""D x 60""H",18,15,60,Floor,,,USD,EA
Columbia,COLUMBIA-6TIER-TERRA-18x15x72,Locker,10 51 00,"Columbia 6-tier locker, Terra Core color-through phenolic. 18""W x 15""D x 72""H",18,15,72,Floor,,,USD,EA
Columbia,COLUMBIA-6TIER-TERRA-18x18x36,Locker,10 51 00,"Columbia 6-tier locker, Terra Core color-through phenolic. 18""W x 18""D x 36""H",18,18,36,Floor,,,USD,EA
Columbia,COLUMBIA-6TIER-TERRA-18x18x48,Locker,10 51 00,"Columbia 6-tier locker, Terra Core color-through phenolic. 18""W x 18""D x 48""H",18,18,48,Floor,,,USD,EA
Columbia,COLUMBIA-6TIER-TERRA-18x18x60,Locker,10 51 00,"Columbia 6-tier locker, Terra Core color-through phenolic. 18""W x 18""D x 60""H",18,18,60,Floor,,,USD,EA
Columbia,COLUMBIA-6TIER-TERRA-18x18x72,Locker,10 51 00,"Columbia 6-tier locker, Terra Core color-through phenolic. 18""W x 18""D x 72""H",18,18,72,Floor,,,USD,EA
Columbia,COLUMBIA-6TIER-TERRA-9x12x36,Locker,10 51 00,"Columbia 6-tier locker, Terra Core color-through phenolic. 9""W x 12""D x 36""H",9,12,36,Floor,,,USD,EA
Columbia,COLUMBIA-6TIER-TERRA-9x12x48,Locker,10 51 00,"Columbia 6-tier locker, Terra Core color-through phenolic. 9""W x 12""D x 48""H",9,12,48,Floor,,,USD,EA
Columbia,COLUMBIA-6TIER-TERRA-9x12x60,Locker,10 51 00,"Columbia 6-tier locker, Terra Core color-through phenolic. 9""W x 12""D x 60""H",9,12,60,Floor,,,USD,EA
Columbia,COLUMBIA-6TIER-TERRA-9x12x72,Locker,10 51 00,"Columbia 6-tier locker, Terra Core color-through phenolic. 9""W x 12""D x 72""H",9,12,72,Floor,,,USD,EA
Columbia,COLUMBIA-6TIER-TERRA-9x15x36,Locker,10 51 00,"Columbia 6-tier locker, Terra Core color-through phenolic. 9""W x 15""D x 36""H",9,15,36,Floor,,,USD,EA
Columbia,COLUMBIA-6TIER-TERRA-9x15x48,Locker,10 51 00,"Columbia 6-tier locker, Terra Core color-through phenolic. 9""W x 15""D x 48""H",9,15,48,Floor,,,USD,EA
Columbia,COLUMBIA-6TIER-TERRA-9x15x60,Locker,10 51 00,"Columbia 6-tier locker, Terra Core color-through phenolic. 9""W x 15""D x 60""H",9,15,60,Floor,,,USD,EA
Columbia,COLUMBIA-6TIER-TERRA-9x15x72,Locker,10 51 00,"Columbia 6-tier locker, Terra Core color-through phenolic. 9""W x 15""D x 72""H",9,15,72,Floor,,,USD,EA
Columbia,COLUMBIA-6TIER-TERRA-9x18x36,Locker,10 51 00,"Columbia 6-tier locker, Terra Core color-through phenolic. 9""W x 18""D x 36""H",9,18,36,Floor,,,USD,EA
Columbia,COLUMBIA-6TIER-TERRA-9x18x48,Locker,10 51 00,"Columbia 6-tier locker, Terra Core color-through phenolic. 9""W x 18""D x 48""H",9,18,48,Floor,,,USD,EA
Columbia,COLUMBIA-6TIER-TERRA-9x18x60,Locker,10 51 00,"Columbia 6-tier locker, Terra Core color-through phenolic. 9""W x 18""D x 60""H",9,18,60,Floor,,,USD,EA
Columbia,COLUMBIA-6TIER-TERRA-9x18x72,Locker,10 51 00,"Columbia 6-tier locker, Terra Core color-through phenolic. 9""W x 18""D x 72""H",9,18,72,Floor,,,USD,EA
Columbia,COLUMBIA-ANGULAR-PHEN-18x18x72,Locker,10 51 00,"Columbia Angular athletic locker, solid phenolic. 18""W x 18""D x 72""H",18,18,72,Floor,,,USD,EA
Columbia,COLUMBIA-ANGULAR-PHEN-18x24x72,Locker,10 51 00,"Columbia Angular athletic locker, solid phenolic. 18""W x 24""D x 72""H",18,24,72,Floor,,,USD,EA
Columbia,COLUMBIA-ANGULAR-PHEN-18x30x72,Locker,10 51 00,"Columbia Angular athletic locker, solid phenolic. 18""W x 30""D x 72""H",18,30,72,Floor,,,USD,EA
Columbia,COLUMBIA-ANGULAR-PHEN-24x18x72,Locker,10 51 00,"Columbia Angular athletic locker, solid phenolic. 24""W x 18""D x 72""H",24,18,72,Floor,,,USD,EA
Columbia,COLUMBIA-ANGULAR-PHEN-24x24x72,Locker,10 51 00,"Columbia Angular athletic locker, solid phenolic. 24""W x 24""D x 72""H",24,24,72,Floor,,,USD,EA
Columbia,COLUMBIA-ANGULAR-PHEN-24x30x72,Locker,10 51 00,"Columbia Angular athletic locker, solid phenolic. 24""W x 30""D x 72""H",24,30,72,Floor,,,USD,EA
Columbia,COLUMBIA-ANGULAR-PHEN-30x18x72,Locker,10 51 00,"Columbia Angular athletic locker, solid phenolic. 30""W x 18""D x 72""H",30,18,72,Floor,,,USD,EA
Columbia,COLUMBIA-ANGULAR-PHEN-30x24x72,Locker,10 51 00,"Columbia Angular athletic locker, solid phenolic. 30""W x 24""D x 72""H",30,24,72,Floor,,,USD,EA
Columbia,COLUMBIA-ANGULAR-PHEN-30x30x72,Locker,10 51 00,"Columbia Angular athletic locker, solid phenolic. 30""W x 30""D x 72""H",30,30,72,Floor,,,USD,EA
Columbia,COLUMBIA-ANGULAR-POLY-18x18x72,Locker,10 51 00,"Columbia Angular athletic locker, PolyLife HDPE. 18""W x 18""D x 72""H",18,18,72,Floor,,,USD,EA
Columbia,COLUMBIA-ANGULAR-POLY-18x24x72,Locker,10 51 00,"Columbia Angular athletic locker, PolyLife HDPE. 18""W x 24""D x 72""H",18,24,72,Floor,,,USD,EA
Columbia,COLUMBIA-ANGULAR-POLY-18x30x72,Locker,10 51 00,"Columbia Angular athletic locker, PolyLife HDPE. 18""W x 30""D x 72""H",18,30,72,Floor,,,USD,EA
Columbia,COLUMBIA-ANGULAR-POLY-24x18x72,Locker,10 51 00,"Columbia Angular athletic locker, PolyLife HDPE. 24""W x 18""D x 72""H",24,18,72,Floor,,,USD,EA
Columbia,COLUMBIA-ANGULAR-POLY-24x24x72,Locker,10 51 00,"Columbia Angular athletic locker, PolyLife HDPE. 24""W x 24""D x 72""H",24,24,72,Floor,,,USD,EA
Columbia,COLUMBIA-ANGULAR-POLY-24x30x72,Locker,10 51 00,"Columbia Angular athletic locker, PolyLife HDPE. 24""W x 30""D x 72""H",24,30,72,Floor,,,USD,EA
Columbia,COLUMBIA-ANGULAR-POLY-30x18x72,Locker,10 51 00,"Columbia Angular athletic locker, PolyLife HDPE. 30""W x 18""D x 72""H",30,18,72,Floor,,,USD,EA
Columbia,COLUMBIA-ANGULAR-POLY-30x24x72,Locker,10 51 00,"Columbia Angular athletic locker, PolyLife HDPE. 30""W x 24""D x 72""H",30,24,72,Floor,,,USD,EA
Columbia,COLUMBIA-ANGULAR-POLY-30x30x72,Locker,10 51 00,"Columbia Angular athletic locker, PolyLife HDPE. 30""W x 30""D x 72""H",30,30,72,Floor,,,USD,EA
Columbia,COLUMBIA-ANGULAR-TERRA-18x18x72,Locker,10 51 00,"Columbia Angular athletic locker, Terra Core color-through phenolic. 18""W x 18""D x 72""H",18,18,72,Floor,,,USD,EA
Columbia,COLUMBIA-ANGULAR-TERRA-18x24x72,Locker,10 51 00,"Columbia Angular athletic locker, Terra Core color-through phenolic. 18""W x 24""D x 72""H",18,24,72,Floor,,,USD,EA
Columbia,COLUMBIA-ANGULAR-TERRA-18x30x72,Locker,10 51 00,"Columbia Angular athletic locker, Terra Core color-through phenolic. 18""W x 30""D x 72""H",18,30,72,Floor,,,USD,EA
Columbia,COLUMBIA-ANGULAR-TERRA-24x18x72,Locker,10 51 00,"Columbia Angular athletic locker, Terra Core color-through phenolic. 24""W x 18""D x 72""H",24,18,72,Floor,,,USD,EA
Columbia,COLUMBIA-ANGULAR-TERRA-24x24x72,Locker,10 51 00,"Columbia Angular athletic locker, Terra Core color-through phenolic. 24""W x 24""D x 72""H",24,24,72,Floor,,,USD,EA
Columbia,COLUMBIA-ANGULAR-TERRA-24x30x72,Locker,10 51 00,"Columbia Angular athletic locker, Terra Core color-through phenolic. 24""W x 30""D x 72""H",24,30,72,Floor,,,USD,EA
Columbia,COLUMBIA-ANGULAR-TERRA-30x18x72,Locker,10 51 00,"Columbia Angular athletic locker, Terra Core color-through phenolic. 30""W x 18""D x 72""H",30,18,72,Floor,,,USD,EA
Columbia,COLUMBIA-ANGULAR-TERRA-30x24x72,Locker,10 51 00,"Columbia Angular athletic locker, Terra Core color-through phenolic. 30""W x 24""D x 72""H",30,24,72,Floor,,,USD,EA
Columbia,COLUMBIA-ANGULAR-TERRA-30x30x72,Locker,10 51 00,"Columbia Angular athletic locker, Terra Core color-through phenolic. 30""W x 30""D x 72""H",30,30,72,Floor,,,USD,EA
Columbia,COLUMBIA-BENCHPED-PHEN-120x10,Locker Bench,12 50 00,"Columbia pedestal locker bench, 3/4"" phenolic top. 120""L x 10""D (seat height not published in catalog)",120,10,,Free Standing,,,USD,EA
Columbia,COLUMBIA-BENCHPED-PHEN-120x12,Locker Bench,12 50 00,"Columbia pedestal locker bench, 3/4"" phenolic top. 120""L x 12""D (seat height not published in catalog)",120,12,,Free Standing,,,USD,EA
Columbia,COLUMBIA-BENCHPED-PHEN-120x24,Locker Bench,12 50 00,"Columbia pedestal locker bench, 3/4"" phenolic top. 120""L x 24""D (seat height not published in catalog)",120,24,,Free Standing,,,USD,EA
Columbia,COLUMBIA-BENCHPED-PHEN-120x9,Locker Bench,12 50 00,"Columbia pedestal locker bench, 3/4"" phenolic top. 120""L x 9""D (seat height not published in catalog)",120,9,,Free Standing,,,USD,EA
Columbia,COLUMBIA-BENCHPED-PHEN-36x10,Locker Bench,12 50 00,"Columbia pedestal locker bench, 3/4"" phenolic top. 36""L x 10""D (seat height not published in catalog)",36,10,,Free Standing,,,USD,EA
Columbia,COLUMBIA-BENCHPED-PHEN-36x12,Locker Bench,12 50 00,"Columbia pedestal locker bench, 3/4"" phenolic top. 36""L x 12""D (seat height not published in catalog)",36,12,,Free Standing,,,USD,EA
Columbia,COLUMBIA-BENCHPED-PHEN-36x24,Locker Bench,12 50 00,"Columbia pedestal locker bench, 3/4"" phenolic top. 36""L x 24""D (seat height not published in catalog)",36,24,,Free Standing,,,USD,EA
Columbia,COLUMBIA-BENCHPED-PHEN-36x9,Locker Bench,12 50 00,"Columbia pedestal locker bench, 3/4"" phenolic top. 36""L x 9""D (seat height not published in catalog)",36,9,,Free Standing,,,USD,EA
Columbia,COLUMBIA-BENCHPED-PHEN-48x10,Locker Bench,12 50 00,"Columbia pedestal locker bench, 3/4"" phenolic top. 48""L x 10""D (seat height not published in catalog)",48,10,,Free Standing,,,USD,EA
Columbia,COLUMBIA-BENCHPED-PHEN-48x12,Locker Bench,12 50 00,"Columbia pedestal locker bench, 3/4"" phenolic top. 48""L x 12""D (seat height not published in catalog)",48,12,,Free Standing,,,USD,EA
Columbia,COLUMBIA-BENCHPED-PHEN-48x24,Locker Bench,12 50 00,"Columbia pedestal locker bench, 3/4"" phenolic top. 48""L x 24""D (seat height not published in catalog)",48,24,,Free Standing,,,USD,EA
Columbia,COLUMBIA-BENCHPED-PHEN-48x9,Locker Bench,12 50 00,"Columbia pedestal locker bench, 3/4"" phenolic top. 48""L x 9""D (seat height not published in catalog)",48,9,,Free Standing,,,USD,EA
Columbia,COLUMBIA-BENCHPED-PHEN-60x10,Locker Bench,12 50 00,"Columbia pedestal locker bench, 3/4"" phenolic top. 60""L x 10""D (seat height not published in catalog)",60,10,,Free Standing,,,USD,EA
Columbia,COLUMBIA-BENCHPED-PHEN-60x12,Locker Bench,12 50 00,"Columbia pedestal locker bench, 3/4"" phenolic top. 60""L x 12""D (seat height not published in catalog)",60,12,,Free Standing,,,USD,EA
Columbia,COLUMBIA-BENCHPED-PHEN-60x24,Locker Bench,12 50 00,"Columbia pedestal locker bench, 3/4"" phenolic top. 60""L x 24""D (seat height not published in catalog)",60,24,,Free Standing,,,USD,EA
Columbia,COLUMBIA-BENCHPED-PHEN-60x9,Locker Bench,12 50 00,"Columbia pedestal locker bench, 3/4"" phenolic top. 60""L x 9""D (seat height not published in catalog)",60,9,,Free Standing,,,USD,EA
Columbia,COLUMBIA-BENCHPED-PHEN-72x10,Locker Bench,12 50 00,"Columbia pedestal locker bench, 3/4"" phenolic top. 72""L x 10""D (seat height not published in catalog)",72,10,,Free Standing,,,USD,EA
Columbia,COLUMBIA-BENCHPED-PHEN-72x12,Locker Bench,12 50 00,"Columbia pedestal locker bench, 3/4"" phenolic top. 72""L x 12""D (seat height not published in catalog)",72,12,,Free Standing,,,USD,EA
Columbia,COLUMBIA-BENCHPED-PHEN-72x24,Locker Bench,12 50 00,"Columbia pedestal locker bench, 3/4"" phenolic top. 72""L x 24""D (seat height not published in catalog)",72,24,,Free Standing,,,USD,EA
Columbia,COLUMBIA-BENCHPED-PHEN-72x9,Locker Bench,12 50 00,"Columbia pedestal locker bench, 3/4"" phenolic top. 72""L x 9""D (seat height not published in catalog)",72,9,,Free Standing,,,USD,EA
Columbia,COLUMBIA-BENCHPED-PHEN-84x10,Locker Bench,12 50 00,"Columbia pedestal locker bench, 3/4"" phenolic top. 84""L x 10""D (seat height not published in catalog)",84,10,,Free Standing,,,USD,EA
Columbia,COLUMBIA-BENCHPED-PHEN-84x12,Locker Bench,12 50 00,"Columbia pedestal locker bench, 3/4"" phenolic top. 84""L x 12""D (seat height not published in catalog)",84,12,,Free Standing,,,USD,EA
Columbia,COLUMBIA-BENCHPED-PHEN-84x24,Locker Bench,12 50 00,"Columbia pedestal locker bench, 3/4"" phenolic top. 84""L x 24""D (seat height not published in catalog)",84,24,,Free Standing,,,USD,EA
Columbia,COLUMBIA-BENCHPED-PHEN-84x9,Locker Bench,12 50 00,"Columbia pedestal locker bench, 3/4"" phenolic top. 84""L x 9""D (seat height not published in catalog)",84,9,,Free Standing,,,USD,EA
Columbia,COLUMBIA-BENCHPED-PHEN-96x10,Locker Bench,12 50 00,"Columbia pedestal locker bench, 3/4"" phenolic top. 96""L x 10""D (seat height not published in catalog)",96,10,,Free Standing,,,USD,EA
Columbia,COLUMBIA-BENCHPED-PHEN-96x12,Locker Bench,12 50 00,"Columbia pedestal locker bench, 3/4"" phenolic top. 96""L x 12""D (seat height not published in catalog)",96,12,,Free Standing,,,USD,EA
Columbia,COLUMBIA-BENCHPED-PHEN-96x24,Locker Bench,12 50 00,"Columbia pedestal locker bench, 3/4"" phenolic top. 96""L x 24""D (seat height not published in catalog)",96,24,,Free Standing,,,USD,EA
Columbia,COLUMBIA-BENCHPED-PHEN-96x9,Locker Bench,12 50 00,"Columbia pedestal locker bench, 3/4"" phenolic top. 96""L x 9""D (seat height not published in catalog)",96,9,,Free Standing,,,USD,EA
Columbia,COLUMBIA-BENCHPED-POLY-120x10,Locker Bench,12 50 00,"Columbia pedestal locker bench, 1"" PolyLife HDPE top. 120""L x 10""D (seat height not published in catalog)",120,10,,Free Standing,,,USD,EA
Columbia,COLUMBIA-BENCHPED-POLY-120x12,Locker Bench,12 50 00,"Columbia pedestal locker bench, 1"" PolyLife HDPE top. 120""L x 12""D (seat height not published in catalog)",120,12,,Free Standing,,,USD,EA
Columbia,COLUMBIA-BENCHPED-POLY-120x24,Locker Bench,12 50 00,"Columbia pedestal locker bench, 1"" PolyLife HDPE top. 120""L x 24""D (seat height not published in catalog)",120,24,,Free Standing,,,USD,EA
Columbia,COLUMBIA-BENCHPED-POLY-120x9,Locker Bench,12 50 00,"Columbia pedestal locker bench, 1"" PolyLife HDPE top. 120""L x 9""D (seat height not published in catalog)",120,9,,Free Standing,,,USD,EA
Columbia,COLUMBIA-BENCHPED-POLY-36x10,Locker Bench,12 50 00,"Columbia pedestal locker bench, 1"" PolyLife HDPE top. 36""L x 10""D (seat height not published in catalog)",36,10,,Free Standing,,,USD,EA
Columbia,COLUMBIA-BENCHPED-POLY-36x12,Locker Bench,12 50 00,"Columbia pedestal locker bench, 1"" PolyLife HDPE top. 36""L x 12""D (seat height not published in catalog)",36,12,,Free Standing,,,USD,EA
Columbia,COLUMBIA-BENCHPED-POLY-36x24,Locker Bench,12 50 00,"Columbia pedestal locker bench, 1"" PolyLife HDPE top. 36""L x 24""D (seat height not published in catalog)",36,24,,Free Standing,,,USD,EA
Columbia,COLUMBIA-BENCHPED-POLY-36x9,Locker Bench,12 50 00,"Columbia pedestal locker bench, 1"" PolyLife HDPE top. 36""L x 9""D (seat height not published in catalog)",36,9,,Free Standing,,,USD,EA
Columbia,COLUMBIA-BENCHPED-POLY-48x10,Locker Bench,12 50 00,"Columbia pedestal locker bench, 1"" PolyLife HDPE top. 48""L x 10""D (seat height not published in catalog)",48,10,,Free Standing,,,USD,EA
Columbia,COLUMBIA-BENCHPED-POLY-48x12,Locker Bench,12 50 00,"Columbia pedestal locker bench, 1"" PolyLife HDPE top. 48""L x 12""D (seat height not published in catalog)",48,12,,Free Standing,,,USD,EA
Columbia,COLUMBIA-BENCHPED-POLY-48x24,Locker Bench,12 50 00,"Columbia pedestal locker bench, 1"" PolyLife HDPE top. 48""L x 24""D (seat height not published in catalog)",48,24,,Free Standing,,,USD,EA
Columbia,COLUMBIA-BENCHPED-POLY-48x9,Locker Bench,12 50 00,"Columbia pedestal locker bench, 1"" PolyLife HDPE top. 48""L x 9""D (seat height not published in catalog)",48,9,,Free Standing,,,USD,EA
Columbia,COLUMBIA-BENCHPED-POLY-60x10,Locker Bench,12 50 00,"Columbia pedestal locker bench, 1"" PolyLife HDPE top. 60""L x 10""D (seat height not published in catalog)",60,10,,Free Standing,,,USD,EA
Columbia,COLUMBIA-BENCHPED-POLY-60x12,Locker Bench,12 50 00,"Columbia pedestal locker bench, 1"" PolyLife HDPE top. 60""L x 12""D (seat height not published in catalog)",60,12,,Free Standing,,,USD,EA
Columbia,COLUMBIA-BENCHPED-POLY-60x24,Locker Bench,12 50 00,"Columbia pedestal locker bench, 1"" PolyLife HDPE top. 60""L x 24""D (seat height not published in catalog)",60,24,,Free Standing,,,USD,EA
Columbia,COLUMBIA-BENCHPED-POLY-60x9,Locker Bench,12 50 00,"Columbia pedestal locker bench, 1"" PolyLife HDPE top. 60""L x 9""D (seat height not published in catalog)",60,9,,Free Standing,,,USD,EA
Columbia,COLUMBIA-BENCHPED-POLY-72x10,Locker Bench,12 50 00,"Columbia pedestal locker bench, 1"" PolyLife HDPE top. 72""L x 10""D (seat height not published in catalog)",72,10,,Free Standing,,,USD,EA
Columbia,COLUMBIA-BENCHPED-POLY-72x12,Locker Bench,12 50 00,"Columbia pedestal locker bench, 1"" PolyLife HDPE top. 72""L x 12""D (seat height not published in catalog)",72,12,,Free Standing,,,USD,EA
Columbia,COLUMBIA-BENCHPED-POLY-72x24,Locker Bench,12 50 00,"Columbia pedestal locker bench, 1"" PolyLife HDPE top. 72""L x 24""D (seat height not published in catalog)",72,24,,Free Standing,,,USD,EA
Columbia,COLUMBIA-BENCHPED-POLY-72x9,Locker Bench,12 50 00,"Columbia pedestal locker bench, 1"" PolyLife HDPE top. 72""L x 9""D (seat height not published in catalog)",72,9,,Free Standing,,,USD,EA
Columbia,COLUMBIA-BENCHPED-POLY-84x10,Locker Bench,12 50 00,"Columbia pedestal locker bench, 1"" PolyLife HDPE top. 84""L x 10""D (seat height not published in catalog)",84,10,,Free Standing,,,USD,EA
Columbia,COLUMBIA-BENCHPED-POLY-84x12,Locker Bench,12 50 00,"Columbia pedestal locker bench, 1"" PolyLife HDPE top. 84""L x 12""D (seat height not published in catalog)",84,12,,Free Standing,,,USD,EA
Columbia,COLUMBIA-BENCHPED-POLY-84x24,Locker Bench,12 50 00,"Columbia pedestal locker bench, 1"" PolyLife HDPE top. 84""L x 24""D (seat height not published in catalog)",84,24,,Free Standing,,,USD,EA
Columbia,COLUMBIA-BENCHPED-POLY-84x9,Locker Bench,12 50 00,"Columbia pedestal locker bench, 1"" PolyLife HDPE top. 84""L x 9""D (seat height not published in catalog)",84,9,,Free Standing,,,USD,EA
Columbia,COLUMBIA-BENCHPED-POLY-96x10,Locker Bench,12 50 00,"Columbia pedestal locker bench, 1"" PolyLife HDPE top. 96""L x 10""D (seat height not published in catalog)",96,10,,Free Standing,,,USD,EA
Columbia,COLUMBIA-BENCHPED-POLY-96x12,Locker Bench,12 50 00,"Columbia pedestal locker bench, 1"" PolyLife HDPE top. 96""L x 12""D (seat height not published in catalog)",96,12,,Free Standing,,,USD,EA
Columbia,COLUMBIA-BENCHPED-POLY-96x24,Locker Bench,12 50 00,"Columbia pedestal locker bench, 1"" PolyLife HDPE top. 96""L x 24""D (seat height not published in catalog)",96,24,,Free Standing,,,USD,EA
Columbia,COLUMBIA-BENCHPED-POLY-96x9,Locker Bench,12 50 00,"Columbia pedestal locker bench, 1"" PolyLife HDPE top. 96""L x 9""D (seat height not published in catalog)",96,9,,Free Standing,,,USD,EA
Columbia,COLUMBIA-BENCHWALL-PHEN-120x10,Locker Bench,12 50 00,"Columbia wall-mounted locker bench, 3/4"" phenolic top. 120""L x 10""D (seat height not published in catalog)",120,10,,Wall Mounted,,,USD,EA
Columbia,COLUMBIA-BENCHWALL-PHEN-120x12,Locker Bench,12 50 00,"Columbia wall-mounted locker bench, 3/4"" phenolic top. 120""L x 12""D (seat height not published in catalog)",120,12,,Wall Mounted,,,USD,EA
Columbia,COLUMBIA-BENCHWALL-PHEN-120x24,Locker Bench,12 50 00,"Columbia wall-mounted locker bench, 3/4"" phenolic top. 120""L x 24""D (seat height not published in catalog)",120,24,,Wall Mounted,,,USD,EA
Columbia,COLUMBIA-BENCHWALL-PHEN-120x9,Locker Bench,12 50 00,"Columbia wall-mounted locker bench, 3/4"" phenolic top. 120""L x 9""D (seat height not published in catalog)",120,9,,Wall Mounted,,,USD,EA
Columbia,COLUMBIA-BENCHWALL-PHEN-36x10,Locker Bench,12 50 00,"Columbia wall-mounted locker bench, 3/4"" phenolic top. 36""L x 10""D (seat height not published in catalog)",36,10,,Wall Mounted,,,USD,EA
Columbia,COLUMBIA-BENCHWALL-PHEN-36x12,Locker Bench,12 50 00,"Columbia wall-mounted locker bench, 3/4"" phenolic top. 36""L x 12""D (seat height not published in catalog)",36,12,,Wall Mounted,,,USD,EA
Columbia,COLUMBIA-BENCHWALL-PHEN-36x24,Locker Bench,12 50 00,"Columbia wall-mounted locker bench, 3/4"" phenolic top. 36""L x 24""D (seat height not published in catalog)",36,24,,Wall Mounted,,,USD,EA
Columbia,COLUMBIA-BENCHWALL-PHEN-36x9,Locker Bench,12 50 00,"Columbia wall-mounted locker bench, 3/4"" phenolic top. 36""L x 9""D (seat height not published in catalog)",36,9,,Wall Mounted,,,USD,EA
Columbia,COLUMBIA-BENCHWALL-PHEN-48x10,Locker Bench,12 50 00,"Columbia wall-mounted locker bench, 3/4"" phenolic top. 48""L x 10""D (seat height not published in catalog)",48,10,,Wall Mounted,,,USD,EA
Columbia,COLUMBIA-BENCHWALL-PHEN-48x12,Locker Bench,12 50 00,"Columbia wall-mounted locker bench, 3/4"" phenolic top. 48""L x 12""D (seat height not published in catalog)",48,12,,Wall Mounted,,,USD,EA
Columbia,COLUMBIA-BENCHWALL-PHEN-48x24,Locker Bench,12 50 00,"Columbia wall-mounted locker bench, 3/4"" phenolic top. 48""L x 24""D (seat height not published in catalog)",48,24,,Wall Mounted,,,USD,EA
Columbia,COLUMBIA-BENCHWALL-PHEN-48x9,Locker Bench,12 50 00,"Columbia wall-mounted locker bench, 3/4"" phenolic top. 48""L x 9""D (seat height not published in catalog)",48,9,,Wall Mounted,,,USD,EA
Columbia,COLUMBIA-BENCHWALL-PHEN-60x10,Locker Bench,12 50 00,"Columbia wall-mounted locker bench, 3/4"" phenolic top. 60""L x 10""D (seat height not published in catalog)",60,10,,Wall Mounted,,,USD,EA
Columbia,COLUMBIA-BENCHWALL-PHEN-60x12,Locker Bench,12 50 00,"Columbia wall-mounted locker bench, 3/4"" phenolic top. 60""L x 12""D (seat height not published in catalog)",60,12,,Wall Mounted,,,USD,EA
Columbia,COLUMBIA-BENCHWALL-PHEN-60x24,Locker Bench,12 50 00,"Columbia wall-mounted locker bench, 3/4"" phenolic top. 60""L x 24""D (seat height not published in catalog)",60,24,,Wall Mounted,,,USD,EA
Columbia,COLUMBIA-BENCHWALL-PHEN-60x9,Locker Bench,12 50 00,"Columbia wall-mounted locker bench, 3/4"" phenolic top. 60""L x 9""D (seat height not published in catalog)",60,9,,Wall Mounted,,,USD,EA
Columbia,COLUMBIA-BENCHWALL-PHEN-72x10,Locker Bench,12 50 00,"Columbia wall-mounted locker bench, 3/4"" phenolic top. 72""L x 10""D (seat height not published in catalog)",72,10,,Wall Mounted,,,USD,EA
Columbia,COLUMBIA-BENCHWALL-PHEN-72x12,Locker Bench,12 50 00,"Columbia wall-mounted locker bench, 3/4"" phenolic top. 72""L x 12""D (seat height not published in catalog)",72,12,,Wall Mounted,,,USD,EA
Columbia,COLUMBIA-BENCHWALL-PHEN-72x24,Locker Bench,12 50 00,"Columbia wall-mounted locker bench, 3/4"" phenolic top. 72""L x 24""D (seat height not published in catalog)",72,24,,Wall Mounted,,,USD,EA
Columbia,COLUMBIA-BENCHWALL-PHEN-72x9,Locker Bench,12 50 00,"Columbia wall-mounted locker bench, 3/4"" phenolic top. 72""L x 9""D (seat height not published in catalog)",72,9,,Wall Mounted,,,USD,EA
Columbia,COLUMBIA-BENCHWALL-PHEN-84x10,Locker Bench,12 50 00,"Columbia wall-mounted locker bench, 3/4"" phenolic top. 84""L x 10""D (seat height not published in catalog)",84,10,,Wall Mounted,,,USD,EA
Columbia,COLUMBIA-BENCHWALL-PHEN-84x12,Locker Bench,12 50 00,"Columbia wall-mounted locker bench, 3/4"" phenolic top. 84""L x 12""D (seat height not published in catalog)",84,12,,Wall Mounted,,,USD,EA
Columbia,COLUMBIA-BENCHWALL-PHEN-84x24,Locker Bench,12 50 00,"Columbia wall-mounted locker bench, 3/4"" phenolic top. 84""L x 24""D (seat height not published in catalog)",84,24,,Wall Mounted,,,USD,EA
Columbia,COLUMBIA-BENCHWALL-PHEN-84x9,Locker Bench,12 50 00,"Columbia wall-mounted locker bench, 3/4"" phenolic top. 84""L x 9""D (seat height not published in catalog)",84,9,,Wall Mounted,,,USD,EA
Columbia,COLUMBIA-BENCHWALL-PHEN-96x10,Locker Bench,12 50 00,"Columbia wall-mounted locker bench, 3/4"" phenolic top. 96""L x 10""D (seat height not published in catalog)",96,10,,Wall Mounted,,,USD,EA
Columbia,COLUMBIA-BENCHWALL-PHEN-96x12,Locker Bench,12 50 00,"Columbia wall-mounted locker bench, 3/4"" phenolic top. 96""L x 12""D (seat height not published in catalog)",96,12,,Wall Mounted,,,USD,EA
Columbia,COLUMBIA-BENCHWALL-PHEN-96x24,Locker Bench,12 50 00,"Columbia wall-mounted locker bench, 3/4"" phenolic top. 96""L x 24""D (seat height not published in catalog)",96,24,,Wall Mounted,,,USD,EA
Columbia,COLUMBIA-BENCHWALL-PHEN-96x9,Locker Bench,12 50 00,"Columbia wall-mounted locker bench, 3/4"" phenolic top. 96""L x 9""D (seat height not published in catalog)",96,9,,Wall Mounted,,,USD,EA
Columbia,COLUMBIA-BENCHWALL-POLY-120x10,Locker Bench,12 50 00,"Columbia wall-mounted locker bench, 1"" PolyLife HDPE top. 120""L x 10""D (seat height not published in catalog)",120,10,,Wall Mounted,,,USD,EA
Columbia,COLUMBIA-BENCHWALL-POLY-120x12,Locker Bench,12 50 00,"Columbia wall-mounted locker bench, 1"" PolyLife HDPE top. 120""L x 12""D (seat height not published in catalog)",120,12,,Wall Mounted,,,USD,EA
Columbia,COLUMBIA-BENCHWALL-POLY-120x24,Locker Bench,12 50 00,"Columbia wall-mounted locker bench, 1"" PolyLife HDPE top. 120""L x 24""D (seat height not published in catalog)",120,24,,Wall Mounted,,,USD,EA
Columbia,COLUMBIA-BENCHWALL-POLY-120x9,Locker Bench,12 50 00,"Columbia wall-mounted locker bench, 1"" PolyLife HDPE top. 120""L x 9""D (seat height not published in catalog)",120,9,,Wall Mounted,,,USD,EA
Columbia,COLUMBIA-BENCHWALL-POLY-36x10,Locker Bench,12 50 00,"Columbia wall-mounted locker bench, 1"" PolyLife HDPE top. 36""L x 10""D (seat height not published in catalog)",36,10,,Wall Mounted,,,USD,EA
Columbia,COLUMBIA-BENCHWALL-POLY-36x12,Locker Bench,12 50 00,"Columbia wall-mounted locker bench, 1"" PolyLife HDPE top. 36""L x 12""D (seat height not published in catalog)",36,12,,Wall Mounted,,,USD,EA
Columbia,COLUMBIA-BENCHWALL-POLY-36x24,Locker Bench,12 50 00,"Columbia wall-mounted locker bench, 1"" PolyLife HDPE top. 36""L x 24""D (seat height not published in catalog)",36,24,,Wall Mounted,,,USD,EA
Columbia,COLUMBIA-BENCHWALL-POLY-36x9,Locker Bench,12 50 00,"Columbia wall-mounted locker bench, 1"" PolyLife HDPE top. 36""L x 9""D (seat height not published in catalog)",36,9,,Wall Mounted,,,USD,EA
Columbia,COLUMBIA-BENCHWALL-POLY-48x10,Locker Bench,12 50 00,"Columbia wall-mounted locker bench, 1"" PolyLife HDPE top. 48""L x 10""D (seat height not published in catalog)",48,10,,Wall Mounted,,,USD,EA
Columbia,COLUMBIA-BENCHWALL-POLY-48x12,Locker Bench,12 50 00,"Columbia wall-mounted locker bench, 1"" PolyLife HDPE top. 48""L x 12""D (seat height not published in catalog)",48,12,,Wall Mounted,,,USD,EA
Columbia,COLUMBIA-BENCHWALL-POLY-48x24,Locker Bench,12 50 00,"Columbia wall-mounted locker bench, 1"" PolyLife HDPE top. 48""L x 24""D (seat height not published in catalog)",48,24,,Wall Mounted,,,USD,EA
Columbia,COLUMBIA-BENCHWALL-POLY-48x9,Locker Bench,12 50 00,"Columbia wall-mounted locker bench, 1"" PolyLife HDPE top. 48""L x 9""D (seat height not published in catalog)",48,9,,Wall Mounted,,,USD,EA
Columbia,COLUMBIA-BENCHWALL-POLY-60x10,Locker Bench,12 50 00,"Columbia wall-mounted locker bench, 1"" PolyLife HDPE top. 60""L x 10""D (seat height not published in catalog)",60,10,,Wall Mounted,,,USD,EA
Columbia,COLUMBIA-BENCHWALL-POLY-60x12,Locker Bench,12 50 00,"Columbia wall-mounted locker bench, 1"" PolyLife HDPE top. 60""L x 12""D (seat height not published in catalog)",60,12,,Wall Mounted,,,USD,EA
Columbia,COLUMBIA-BENCHWALL-POLY-60x24,Locker Bench,12 50 00,"Columbia wall-mounted locker bench, 1"" PolyLife HDPE top. 60""L x 24""D (seat height not published in catalog)",60,24,,Wall Mounted,,,USD,EA
Columbia,COLUMBIA-BENCHWALL-POLY-60x9,Locker Bench,12 50 00,"Columbia wall-mounted locker bench, 1"" PolyLife HDPE top. 60""L x 9""D (seat height not published in catalog)",60,9,,Wall Mounted,,,USD,EA
Columbia,COLUMBIA-BENCHWALL-POLY-72x10,Locker Bench,12 50 00,"Columbia wall-mounted locker bench, 1"" PolyLife HDPE top. 72""L x 10""D (seat height not published in catalog)",72,10,,Wall Mounted,,,USD,EA
Columbia,COLUMBIA-BENCHWALL-POLY-72x12,Locker Bench,12 50 00,"Columbia wall-mounted locker bench, 1"" PolyLife HDPE top. 72""L x 12""D (seat height not published in catalog)",72,12,,Wall Mounted,,,USD,EA
Columbia,COLUMBIA-BENCHWALL-POLY-72x24,Locker Bench,12 50 00,"Columbia wall-mounted locker bench, 1"" PolyLife HDPE top. 72""L x 24""D (seat height not published in catalog)",72,24,,Wall Mounted,,,USD,EA
Columbia,COLUMBIA-BENCHWALL-POLY-72x9,Locker Bench,12 50 00,"Columbia wall-mounted locker bench, 1"" PolyLife HDPE top. 72""L x 9""D (seat height not published in catalog)",72,9,,Wall Mounted,,,USD,EA
Columbia,COLUMBIA-BENCHWALL-POLY-84x10,Locker Bench,12 50 00,"Columbia wall-mounted locker bench, 1"" PolyLife HDPE top. 84""L x 10""D (seat height not published in catalog)",84,10,,Wall Mounted,,,USD,EA
Columbia,COLUMBIA-BENCHWALL-POLY-84x12,Locker Bench,12 50 00,"Columbia wall-mounted locker bench, 1"" PolyLife HDPE top. 84""L x 12""D (seat height not published in catalog)",84,12,,Wall Mounted,,,USD,EA
Columbia,COLUMBIA-BENCHWALL-POLY-84x24,Locker Bench,12 50 00,"Columbia wall-mounted locker bench, 1"" PolyLife HDPE top. 84""L x 24""D (seat height not published in catalog)",84,24,,Wall Mounted,,,USD,EA
Columbia,COLUMBIA-BENCHWALL-POLY-84x9,Locker Bench,12 50 00,"Columbia wall-mounted locker bench, 1"" PolyLife HDPE top. 84""L x 9""D (seat height not published in catalog)",84,9,,Wall Mounted,,,USD,EA
Columbia,COLUMBIA-BENCHWALL-POLY-96x10,Locker Bench,12 50 00,"Columbia wall-mounted locker bench, 1"" PolyLife HDPE top. 96""L x 10""D (seat height not published in catalog)",96,10,,Wall Mounted,,,USD,EA
Columbia,COLUMBIA-BENCHWALL-POLY-96x12,Locker Bench,12 50 00,"Columbia wall-mounted locker bench, 1"" PolyLife HDPE top. 96""L x 12""D (seat height not published in catalog)",96,12,,Wall Mounted,,,USD,EA
Columbia,COLUMBIA-BENCHWALL-POLY-96x24,Locker Bench,12 50 00,"Columbia wall-mounted locker bench, 1"" PolyLife HDPE top. 96""L x 24""D (seat height not published in catalog)",96,24,,Wall Mounted,,,USD,EA
Columbia,COLUMBIA-BENCHWALL-POLY-96x9,Locker Bench,12 50 00,"Columbia wall-mounted locker bench, 1"" PolyLife HDPE top. 96""L x 9""D (seat height not published in catalog)",96,9,,Wall Mounted,,,USD,EA
Columbia,COLUMBIA-CLASSIC-PHEN-18x18x72,Locker,10 51 00,"Columbia Classic athletic locker, solid phenolic. 18""W x 18""D x 72""H",18,18,72,Floor,,,USD,EA
Columbia,COLUMBIA-CLASSIC-PHEN-18x24x72,Locker,10 51 00,"Columbia Classic athletic locker, solid phenolic. 18""W x 24""D x 72""H",18,24,72,Floor,,,USD,EA
Columbia,COLUMBIA-CLASSIC-PHEN-18x30x72,Locker,10 51 00,"Columbia Classic athletic locker, solid phenolic. 18""W x 30""D x 72""H",18,30,72,Floor,,,USD,EA
Columbia,COLUMBIA-CLASSIC-PHEN-24x18x72,Locker,10 51 00,"Columbia Classic athletic locker, solid phenolic. 24""W x 18""D x 72""H",24,18,72,Floor,,,USD,EA
Columbia,COLUMBIA-CLASSIC-PHEN-24x24x72,Locker,10 51 00,"Columbia Classic athletic locker, solid phenolic. 24""W x 24""D x 72""H",24,24,72,Floor,,,USD,EA
Columbia,COLUMBIA-CLASSIC-PHEN-24x30x72,Locker,10 51 00,"Columbia Classic athletic locker, solid phenolic. 24""W x 30""D x 72""H",24,30,72,Floor,,,USD,EA
Columbia,COLUMBIA-CLASSIC-PHEN-30x18x72,Locker,10 51 00,"Columbia Classic athletic locker, solid phenolic. 30""W x 18""D x 72""H",30,18,72,Floor,,,USD,EA
Columbia,COLUMBIA-CLASSIC-PHEN-30x24x72,Locker,10 51 00,"Columbia Classic athletic locker, solid phenolic. 30""W x 24""D x 72""H",30,24,72,Floor,,,USD,EA
Columbia,COLUMBIA-CLASSIC-PHEN-30x30x72,Locker,10 51 00,"Columbia Classic athletic locker, solid phenolic. 30""W x 30""D x 72""H",30,30,72,Floor,,,USD,EA
Columbia,COLUMBIA-CLASSIC-POLY-18x18x72,Locker,10 51 00,"Columbia Classic athletic locker, PolyLife HDPE. 18""W x 18""D x 72""H",18,18,72,Floor,,,USD,EA
Columbia,COLUMBIA-CLASSIC-POLY-18x24x72,Locker,10 51 00,"Columbia Classic athletic locker, PolyLife HDPE. 18""W x 24""D x 72""H",18,24,72,Floor,,,USD,EA
Columbia,COLUMBIA-CLASSIC-POLY-18x30x72,Locker,10 51 00,"Columbia Classic athletic locker, PolyLife HDPE. 18""W x 30""D x 72""H",18,30,72,Floor,,,USD,EA
Columbia,COLUMBIA-CLASSIC-POLY-24x18x72,Locker,10 51 00,"Columbia Classic athletic locker, PolyLife HDPE. 24""W x 18""D x 72""H",24,18,72,Floor,,,USD,EA
Columbia,COLUMBIA-CLASSIC-POLY-24x24x72,Locker,10 51 00,"Columbia Classic athletic locker, PolyLife HDPE. 24""W x 24""D x 72""H",24,24,72,Floor,,,USD,EA
Columbia,COLUMBIA-CLASSIC-POLY-24x30x72,Locker,10 51 00,"Columbia Classic athletic locker, PolyLife HDPE. 24""W x 30""D x 72""H",24,30,72,Floor,,,USD,EA
Columbia,COLUMBIA-CLASSIC-POLY-30x18x72,Locker,10 51 00,"Columbia Classic athletic locker, PolyLife HDPE. 30""W x 18""D x 72""H",30,18,72,Floor,,,USD,EA
Columbia,COLUMBIA-CLASSIC-POLY-30x24x72,Locker,10 51 00,"Columbia Classic athletic locker, PolyLife HDPE. 30""W x 24""D x 72""H",30,24,72,Floor,,,USD,EA
Columbia,COLUMBIA-CLASSIC-POLY-30x30x72,Locker,10 51 00,"Columbia Classic athletic locker, PolyLife HDPE. 30""W x 30""D x 72""H",30,30,72,Floor,,,USD,EA
Columbia,COLUMBIA-CLASSIC-TERRA-18x18x72,Locker,10 51 00,"Columbia Classic athletic locker, Terra Core color-through phenolic. 18""W x 18""D x 72""H",18,18,72,Floor,,,USD,EA
Columbia,COLUMBIA-CLASSIC-TERRA-18x24x72,Locker,10 51 00,"Columbia Classic athletic locker, Terra Core color-through phenolic. 18""W x 24""D x 72""H",18,24,72,Floor,,,USD,EA
Columbia,COLUMBIA-CLASSIC-TERRA-18x30x72,Locker,10 51 00,"Columbia Classic athletic locker, Terra Core color-through phenolic. 18""W x 30""D x 72""H",18,30,72,Floor,,,USD,EA
Columbia,COLUMBIA-CLASSIC-TERRA-24x18x72,Locker,10 51 00,"Columbia Classic athletic locker, Terra Core color-through phenolic. 24""W x 18""D x 72""H",24,18,72,Floor,,,USD,EA
Columbia,COLUMBIA-CLASSIC-TERRA-24x24x72,Locker,10 51 00,"Columbia Classic athletic locker, Terra Core color-through phenolic. 24""W x 24""D x 72""H",24,24,72,Floor,,,USD,EA
Columbia,COLUMBIA-CLASSIC-TERRA-24x30x72,Locker,10 51 00,"Columbia Classic athletic locker, Terra Core color-through phenolic. 24""W x 30""D x 72""H",24,30,72,Floor,,,USD,EA
Columbia,COLUMBIA-CLASSIC-TERRA-30x18x72,Locker,10 51 00,"Columbia Classic athletic locker, Terra Core color-through phenolic. 30""W x 18""D x 72""H",30,18,72,Floor,,,USD,EA
Columbia,COLUMBIA-CLASSIC-TERRA-30x24x72,Locker,10 51 00,"Columbia Classic athletic locker, Terra Core color-through phenolic. 30""W x 24""D x 72""H",30,24,72,Floor,,,USD,EA
Columbia,COLUMBIA-CLASSIC-TERRA-30x30x72,Locker,10 51 00,"Columbia Classic athletic locker, Terra Core color-through phenolic. 30""W x 30""D x 72""H",30,30,72,Floor,,,USD,EA
Columbia,COLUMBIA-COACH-PHEN-18x18x72,Locker,10 51 00,"Columbia Coach's/Executive locker, solid phenolic. 18""W x 18""D x 72""H",18,18,72,Floor,,,USD,EA
Columbia,COLUMBIA-COACH-PHEN-18x21x72,Locker,10 51 00,"Columbia Coach's/Executive locker, solid phenolic. 18""W x 21""D x 72""H",18,21,72,Floor,,,USD,EA
Columbia,COLUMBIA-COACH-PHEN-18x24x72,Locker,10 51 00,"Columbia Coach's/Executive locker, solid phenolic. 18""W x 24""D x 72""H",18,24,72,Floor,,,USD,EA
Columbia,COLUMBIA-COACH-PHEN-24x18x72,Locker,10 51 00,"Columbia Coach's/Executive locker, solid phenolic. 24""W x 18""D x 72""H",24,18,72,Floor,,,USD,EA
Columbia,COLUMBIA-COACH-PHEN-24x21x72,Locker,10 51 00,"Columbia Coach's/Executive locker, solid phenolic. 24""W x 21""D x 72""H",24,21,72,Floor,,,USD,EA
Columbia,COLUMBIA-COACH-PHEN-24x24x72,Locker,10 51 00,"Columbia Coach's/Executive locker, solid phenolic. 24""W x 24""D x 72""H",24,24,72,Floor,,,USD,EA
Columbia,COLUMBIA-COACH-POLY-18x18x72,Locker,10 51 00,"Columbia Coach's/Executive locker, PolyLife HDPE. 18""W x 18""D x 72""H",18,18,72,Floor,,,USD,EA
Columbia,COLUMBIA-COACH-POLY-18x21x72,Locker,10 51 00,"Columbia Coach's/Executive locker, PolyLife HDPE. 18""W x 21""D x 72""H",18,21,72,Floor,,,USD,EA
Columbia,COLUMBIA-COACH-POLY-18x24x72,Locker,10 51 00,"Columbia Coach's/Executive locker, PolyLife HDPE. 18""W x 24""D x 72""H",18,24,72,Floor,,,USD,EA
Columbia,COLUMBIA-COACH-POLY-24x18x72,Locker,10 51 00,"Columbia Coach's/Executive locker, PolyLife HDPE. 24""W x 18""D x 72""H",24,18,72,Floor,,,USD,EA
Columbia,COLUMBIA-COACH-POLY-24x21x72,Locker,10 51 00,"Columbia Coach's/Executive locker, PolyLife HDPE. 24""W x 21""D x 72""H",24,21,72,Floor,,,USD,EA
Columbia,COLUMBIA-COACH-POLY-24x24x72,Locker,10 51 00,"Columbia Coach's/Executive locker, PolyLife HDPE. 24""W x 24""D x 72""H",24,24,72,Floor,,,USD,EA
Columbia,COLUMBIA-COACH-TERRA-18x18x72,Locker,10 51 00,"Columbia Coach's/Executive locker, Terra Core color-through phenolic. 18""W x 18""D x 72""H",18,18,72,Floor,,,USD,EA
Columbia,COLUMBIA-COACH-TERRA-18x21x72,Locker,10 51 00,"Columbia Coach's/Executive locker, Terra Core color-through phenolic. 18""W x 21""D x 72""H",18,21,72,Floor,,,USD,EA
Columbia,COLUMBIA-COACH-TERRA-18x24x72,Locker,10 51 00,"Columbia Coach's/Executive locker, Terra Core color-through phenolic. 18""W x 24""D x 72""H",18,24,72,Floor,,,USD,EA
Columbia,COLUMBIA-COACH-TERRA-24x18x72,Locker,10 51 00,"Columbia Coach's/Executive locker, Terra Core color-through phenolic. 24""W x 18""D x 72""H",24,18,72,Floor,,,USD,EA
Columbia,COLUMBIA-COACH-TERRA-24x21x72,Locker,10 51 00,"Columbia Coach's/Executive locker, Terra Core color-through phenolic. 24""W x 21""D x 72""H",24,21,72,Floor,,,USD,EA
Columbia,COLUMBIA-COACH-TERRA-24x24x72,Locker,10 51 00,"Columbia Coach's/Executive locker, Terra Core color-through phenolic. 24""W x 24""D x 72""H",24,24,72,Floor,,,USD,EA
Columbia,COLUMBIA-CUBBY-PHEN-12x12x36,Locker,10 51 00,"Columbia Cubbies locker unit (overall size), solid phenolic. 12""W x 12""D x 36""H",12,12,36,Floor,,,USD,EA
Columbia,COLUMBIA-CUBBY-PHEN-12x12x48,Locker,10 51 00,"Columbia Cubbies locker unit (overall size), solid phenolic. 12""W x 12""D x 48""H",12,12,48,Floor,,,USD,EA
Columbia,COLUMBIA-CUBBY-PHEN-12x12x60,Locker,10 51 00,"Columbia Cubbies locker unit (overall size), solid phenolic. 12""W x 12""D x 60""H",12,12,60,Floor,,,USD,EA
Columbia,COLUMBIA-CUBBY-PHEN-12x12x72,Locker,10 51 00,"Columbia Cubbies locker unit (overall size), solid phenolic. 12""W x 12""D x 72""H",12,12,72,Floor,,,USD,EA
Columbia,COLUMBIA-CUBBY-PHEN-12x15x36,Locker,10 51 00,"Columbia Cubbies locker unit (overall size), solid phenolic. 12""W x 15""D x 36""H",12,15,36,Floor,,,USD,EA
Columbia,COLUMBIA-CUBBY-PHEN-12x15x48,Locker,10 51 00,"Columbia Cubbies locker unit (overall size), solid phenolic. 12""W x 15""D x 48""H",12,15,48,Floor,,,USD,EA
Columbia,COLUMBIA-CUBBY-PHEN-12x15x60,Locker,10 51 00,"Columbia Cubbies locker unit (overall size), solid phenolic. 12""W x 15""D x 60""H",12,15,60,Floor,,,USD,EA
Columbia,COLUMBIA-CUBBY-PHEN-12x15x72,Locker,10 51 00,"Columbia Cubbies locker unit (overall size), solid phenolic. 12""W x 15""D x 72""H",12,15,72,Floor,,,USD,EA
Columbia,COLUMBIA-CUBBY-PHEN-12x18x36,Locker,10 51 00,"Columbia Cubbies locker unit (overall size), solid phenolic. 12""W x 18""D x 36""H",12,18,36,Floor,,,USD,EA
Columbia,COLUMBIA-CUBBY-PHEN-12x18x48,Locker,10 51 00,"Columbia Cubbies locker unit (overall size), solid phenolic. 12""W x 18""D x 48""H",12,18,48,Floor,,,USD,EA
Columbia,COLUMBIA-CUBBY-PHEN-12x18x60,Locker,10 51 00,"Columbia Cubbies locker unit (overall size), solid phenolic. 12""W x 18""D x 60""H",12,18,60,Floor,,,USD,EA
Columbia,COLUMBIA-CUBBY-PHEN-12x18x72,Locker,10 51 00,"Columbia Cubbies locker unit (overall size), solid phenolic. 12""W x 18""D x 72""H",12,18,72,Floor,,,USD,EA
Columbia,COLUMBIA-CUBBY-PHEN-15x12x36,Locker,10 51 00,"Columbia Cubbies locker unit (overall size), solid phenolic. 15""W x 12""D x 36""H",15,12,36,Floor,,,USD,EA
Columbia,COLUMBIA-CUBBY-PHEN-15x12x48,Locker,10 51 00,"Columbia Cubbies locker unit (overall size), solid phenolic. 15""W x 12""D x 48""H",15,12,48,Floor,,,USD,EA
Columbia,COLUMBIA-CUBBY-PHEN-15x12x60,Locker,10 51 00,"Columbia Cubbies locker unit (overall size), solid phenolic. 15""W x 12""D x 60""H",15,12,60,Floor,,,USD,EA
Columbia,COLUMBIA-CUBBY-PHEN-15x12x72,Locker,10 51 00,"Columbia Cubbies locker unit (overall size), solid phenolic. 15""W x 12""D x 72""H",15,12,72,Floor,,,USD,EA
Columbia,COLUMBIA-CUBBY-PHEN-15x15x36,Locker,10 51 00,"Columbia Cubbies locker unit (overall size), solid phenolic. 15""W x 15""D x 36""H",15,15,36,Floor,,,USD,EA
Columbia,COLUMBIA-CUBBY-PHEN-15x15x48,Locker,10 51 00,"Columbia Cubbies locker unit (overall size), solid phenolic. 15""W x 15""D x 48""H",15,15,48,Floor,,,USD,EA
Columbia,COLUMBIA-CUBBY-PHEN-15x15x60,Locker,10 51 00,"Columbia Cubbies locker unit (overall size), solid phenolic. 15""W x 15""D x 60""H",15,15,60,Floor,,,USD,EA
Columbia,COLUMBIA-CUBBY-PHEN-15x15x72,Locker,10 51 00,"Columbia Cubbies locker unit (overall size), solid phenolic. 15""W x 15""D x 72""H",15,15,72,Floor,,,USD,EA
Columbia,COLUMBIA-CUBBY-PHEN-15x18x36,Locker,10 51 00,"Columbia Cubbies locker unit (overall size), solid phenolic. 15""W x 18""D x 36""H",15,18,36,Floor,,,USD,EA
Columbia,COLUMBIA-CUBBY-PHEN-15x18x48,Locker,10 51 00,"Columbia Cubbies locker unit (overall size), solid phenolic. 15""W x 18""D x 48""H",15,18,48,Floor,,,USD,EA
Columbia,COLUMBIA-CUBBY-PHEN-15x18x60,Locker,10 51 00,"Columbia Cubbies locker unit (overall size), solid phenolic. 15""W x 18""D x 60""H",15,18,60,Floor,,,USD,EA
Columbia,COLUMBIA-CUBBY-PHEN-15x18x72,Locker,10 51 00,"Columbia Cubbies locker unit (overall size), solid phenolic. 15""W x 18""D x 72""H",15,18,72,Floor,,,USD,EA
Columbia,COLUMBIA-CUBBY-PHEN-18x12x36,Locker,10 51 00,"Columbia Cubbies locker unit (overall size), solid phenolic. 18""W x 12""D x 36""H",18,12,36,Floor,,,USD,EA
Columbia,COLUMBIA-CUBBY-PHEN-18x12x48,Locker,10 51 00,"Columbia Cubbies locker unit (overall size), solid phenolic. 18""W x 12""D x 48""H",18,12,48,Floor,,,USD,EA
Columbia,COLUMBIA-CUBBY-PHEN-18x12x60,Locker,10 51 00,"Columbia Cubbies locker unit (overall size), solid phenolic. 18""W x 12""D x 60""H",18,12,60,Floor,,,USD,EA
Columbia,COLUMBIA-CUBBY-PHEN-18x12x72,Locker,10 51 00,"Columbia Cubbies locker unit (overall size), solid phenolic. 18""W x 12""D x 72""H",18,12,72,Floor,,,USD,EA
Columbia,COLUMBIA-CUBBY-PHEN-18x15x36,Locker,10 51 00,"Columbia Cubbies locker unit (overall size), solid phenolic. 18""W x 15""D x 36""H",18,15,36,Floor,,,USD,EA
Columbia,COLUMBIA-CUBBY-PHEN-18x15x48,Locker,10 51 00,"Columbia Cubbies locker unit (overall size), solid phenolic. 18""W x 15""D x 48""H",18,15,48,Floor,,,USD,EA
Columbia,COLUMBIA-CUBBY-PHEN-18x15x60,Locker,10 51 00,"Columbia Cubbies locker unit (overall size), solid phenolic. 18""W x 15""D x 60""H",18,15,60,Floor,,,USD,EA
Columbia,COLUMBIA-CUBBY-PHEN-18x15x72,Locker,10 51 00,"Columbia Cubbies locker unit (overall size), solid phenolic. 18""W x 15""D x 72""H",18,15,72,Floor,,,USD,EA
Columbia,COLUMBIA-CUBBY-PHEN-18x18x36,Locker,10 51 00,"Columbia Cubbies locker unit (overall size), solid phenolic. 18""W x 18""D x 36""H",18,18,36,Floor,,,USD,EA
Columbia,COLUMBIA-CUBBY-PHEN-18x18x48,Locker,10 51 00,"Columbia Cubbies locker unit (overall size), solid phenolic. 18""W x 18""D x 48""H",18,18,48,Floor,,,USD,EA
Columbia,COLUMBIA-CUBBY-PHEN-18x18x60,Locker,10 51 00,"Columbia Cubbies locker unit (overall size), solid phenolic. 18""W x 18""D x 60""H",18,18,60,Floor,,,USD,EA
Columbia,COLUMBIA-CUBBY-PHEN-18x18x72,Locker,10 51 00,"Columbia Cubbies locker unit (overall size), solid phenolic. 18""W x 18""D x 72""H",18,18,72,Floor,,,USD,EA
Columbia,COLUMBIA-CUBBY-PHEN-9x12x36,Locker,10 51 00,"Columbia Cubbies locker unit (overall size), solid phenolic. 9""W x 12""D x 36""H",9,12,36,Floor,,,USD,EA
Columbia,COLUMBIA-CUBBY-PHEN-9x12x48,Locker,10 51 00,"Columbia Cubbies locker unit (overall size), solid phenolic. 9""W x 12""D x 48""H",9,12,48,Floor,,,USD,EA
Columbia,COLUMBIA-CUBBY-PHEN-9x12x60,Locker,10 51 00,"Columbia Cubbies locker unit (overall size), solid phenolic. 9""W x 12""D x 60""H",9,12,60,Floor,,,USD,EA
Columbia,COLUMBIA-CUBBY-PHEN-9x12x72,Locker,10 51 00,"Columbia Cubbies locker unit (overall size), solid phenolic. 9""W x 12""D x 72""H",9,12,72,Floor,,,USD,EA
Columbia,COLUMBIA-CUBBY-PHEN-9x15x36,Locker,10 51 00,"Columbia Cubbies locker unit (overall size), solid phenolic. 9""W x 15""D x 36""H",9,15,36,Floor,,,USD,EA
Columbia,COLUMBIA-CUBBY-PHEN-9x15x48,Locker,10 51 00,"Columbia Cubbies locker unit (overall size), solid phenolic. 9""W x 15""D x 48""H",9,15,48,Floor,,,USD,EA
Columbia,COLUMBIA-CUBBY-PHEN-9x15x60,Locker,10 51 00,"Columbia Cubbies locker unit (overall size), solid phenolic. 9""W x 15""D x 60""H",9,15,60,Floor,,,USD,EA
Columbia,COLUMBIA-CUBBY-PHEN-9x15x72,Locker,10 51 00,"Columbia Cubbies locker unit (overall size), solid phenolic. 9""W x 15""D x 72""H",9,15,72,Floor,,,USD,EA
Columbia,COLUMBIA-CUBBY-PHEN-9x18x36,Locker,10 51 00,"Columbia Cubbies locker unit (overall size), solid phenolic. 9""W x 18""D x 36""H",9,18,36,Floor,,,USD,EA
Columbia,COLUMBIA-CUBBY-PHEN-9x18x48,Locker,10 51 00,"Columbia Cubbies locker unit (overall size), solid phenolic. 9""W x 18""D x 48""H",9,18,48,Floor,,,USD,EA
Columbia,COLUMBIA-CUBBY-PHEN-9x18x60,Locker,10 51 00,"Columbia Cubbies locker unit (overall size), solid phenolic. 9""W x 18""D x 60""H",9,18,60,Floor,,,USD,EA
Columbia,COLUMBIA-CUBBY-PHEN-9x18x72,Locker,10 51 00,"Columbia Cubbies locker unit (overall size), solid phenolic. 9""W x 18""D x 72""H",9,18,72,Floor,,,USD,EA
Columbia,COLUMBIA-CUBBY-POLY-12x12x36,Locker,10 51 00,"Columbia Cubbies locker unit (overall size), PolyLife HDPE. 12""W x 12""D x 36""H",12,12,36,Floor,,,USD,EA
Columbia,COLUMBIA-CUBBY-POLY-12x12x48,Locker,10 51 00,"Columbia Cubbies locker unit (overall size), PolyLife HDPE. 12""W x 12""D x 48""H",12,12,48,Floor,,,USD,EA
Columbia,COLUMBIA-CUBBY-POLY-12x12x60,Locker,10 51 00,"Columbia Cubbies locker unit (overall size), PolyLife HDPE. 12""W x 12""D x 60""H",12,12,60,Floor,,,USD,EA
Columbia,COLUMBIA-CUBBY-POLY-12x12x72,Locker,10 51 00,"Columbia Cubbies locker unit (overall size), PolyLife HDPE. 12""W x 12""D x 72""H",12,12,72,Floor,,,USD,EA
Columbia,COLUMBIA-CUBBY-POLY-12x15x36,Locker,10 51 00,"Columbia Cubbies locker unit (overall size), PolyLife HDPE. 12""W x 15""D x 36""H",12,15,36,Floor,,,USD,EA
Columbia,COLUMBIA-CUBBY-POLY-12x15x48,Locker,10 51 00,"Columbia Cubbies locker unit (overall size), PolyLife HDPE. 12""W x 15""D x 48""H",12,15,48,Floor,,,USD,EA
Columbia,COLUMBIA-CUBBY-POLY-12x15x60,Locker,10 51 00,"Columbia Cubbies locker unit (overall size), PolyLife HDPE. 12""W x 15""D x 60""H",12,15,60,Floor,,,USD,EA
Columbia,COLUMBIA-CUBBY-POLY-12x15x72,Locker,10 51 00,"Columbia Cubbies locker unit (overall size), PolyLife HDPE. 12""W x 15""D x 72""H",12,15,72,Floor,,,USD,EA
Columbia,COLUMBIA-CUBBY-POLY-12x18x36,Locker,10 51 00,"Columbia Cubbies locker unit (overall size), PolyLife HDPE. 12""W x 18""D x 36""H",12,18,36,Floor,,,USD,EA
Columbia,COLUMBIA-CUBBY-POLY-12x18x48,Locker,10 51 00,"Columbia Cubbies locker unit (overall size), PolyLife HDPE. 12""W x 18""D x 48""H",12,18,48,Floor,,,USD,EA
Columbia,COLUMBIA-CUBBY-POLY-12x18x60,Locker,10 51 00,"Columbia Cubbies locker unit (overall size), PolyLife HDPE. 12""W x 18""D x 60""H",12,18,60,Floor,,,USD,EA
Columbia,COLUMBIA-CUBBY-POLY-12x18x72,Locker,10 51 00,"Columbia Cubbies locker unit (overall size), PolyLife HDPE. 12""W x 18""D x 72""H",12,18,72,Floor,,,USD,EA
Columbia,COLUMBIA-CUBBY-POLY-15x12x36,Locker,10 51 00,"Columbia Cubbies locker unit (overall size), PolyLife HDPE. 15""W x 12""D x 36""H",15,12,36,Floor,,,USD,EA
Columbia,COLUMBIA-CUBBY-POLY-15x12x48,Locker,10 51 00,"Columbia Cubbies locker unit (overall size), PolyLife HDPE. 15""W x 12""D x 48""H",15,12,48,Floor,,,USD,EA
Columbia,COLUMBIA-CUBBY-POLY-15x12x60,Locker,10 51 00,"Columbia Cubbies locker unit (overall size), PolyLife HDPE. 15""W x 12""D x 60""H",15,12,60,Floor,,,USD,EA
Columbia,COLUMBIA-CUBBY-POLY-15x12x72,Locker,10 51 00,"Columbia Cubbies locker unit (overall size), PolyLife HDPE. 15""W x 12""D x 72""H",15,12,72,Floor,,,USD,EA
Columbia,COLUMBIA-CUBBY-POLY-15x15x36,Locker,10 51 00,"Columbia Cubbies locker unit (overall size), PolyLife HDPE. 15""W x 15""D x 36""H",15,15,36,Floor,,,USD,EA
Columbia,COLUMBIA-CUBBY-POLY-15x15x48,Locker,10 51 00,"Columbia Cubbies locker unit (overall size), PolyLife HDPE. 15""W x 15""D x 48""H",15,15,48,Floor,,,USD,EA
Columbia,COLUMBIA-CUBBY-POLY-15x15x60,Locker,10 51 00,"Columbia Cubbies locker unit (overall size), PolyLife HDPE. 15""W x 15""D x 60""H",15,15,60,Floor,,,USD,EA
Columbia,COLUMBIA-CUBBY-POLY-15x15x72,Locker,10 51 00,"Columbia Cubbies locker unit (overall size), PolyLife HDPE. 15""W x 15""D x 72""H",15,15,72,Floor,,,USD,EA
Columbia,COLUMBIA-CUBBY-POLY-15x18x36,Locker,10 51 00,"Columbia Cubbies locker unit (overall size), PolyLife HDPE. 15""W x 18""D x 36""H",15,18,36,Floor,,,USD,EA
Columbia,COLUMBIA-CUBBY-POLY-15x18x48,Locker,10 51 00,"Columbia Cubbies locker unit (overall size), PolyLife HDPE. 15""W x 18""D x 48""H",15,18,48,Floor,,,USD,EA
Columbia,COLUMBIA-CUBBY-POLY-15x18x60,Locker,10 51 00,"Columbia Cubbies locker unit (overall size), PolyLife HDPE. 15""W x 18""D x 60""H",15,18,60,Floor,,,USD,EA
Columbia,COLUMBIA-CUBBY-POLY-15x18x72,Locker,10 51 00,"Columbia Cubbies locker unit (overall size), PolyLife HDPE. 15""W x 18""D x 72""H",15,18,72,Floor,,,USD,EA
Columbia,COLUMBIA-CUBBY-POLY-18x12x36,Locker,10 51 00,"Columbia Cubbies locker unit (overall size), PolyLife HDPE. 18""W x 12""D x 36""H",18,12,36,Floor,,,USD,EA
Columbia,COLUMBIA-CUBBY-POLY-18x12x48,Locker,10 51 00,"Columbia Cubbies locker unit (overall size), PolyLife HDPE. 18""W x 12""D x 48""H",18,12,48,Floor,,,USD,EA
Columbia,COLUMBIA-CUBBY-POLY-18x12x60,Locker,10 51 00,"Columbia Cubbies locker unit (overall size), PolyLife HDPE. 18""W x 12""D x 60""H",18,12,60,Floor,,,USD,EA
Columbia,COLUMBIA-CUBBY-POLY-18x12x72,Locker,10 51 00,"Columbia Cubbies locker unit (overall size), PolyLife HDPE. 18""W x 12""D x 72""H",18,12,72,Floor,,,USD,EA
Columbia,COLUMBIA-CUBBY-POLY-18x15x36,Locker,10 51 00,"Columbia Cubbies locker unit (overall size), PolyLife HDPE. 18""W x 15""D x 36""H",18,15,36,Floor,,,USD,EA
Columbia,COLUMBIA-CUBBY-POLY-18x15x48,Locker,10 51 00,"Columbia Cubbies locker unit (overall size), PolyLife HDPE. 18""W x 15""D x 48""H",18,15,48,Floor,,,USD,EA
Columbia,COLUMBIA-CUBBY-POLY-18x15x60,Locker,10 51 00,"Columbia Cubbies locker unit (overall size), PolyLife HDPE. 18""W x 15""D x 60""H",18,15,60,Floor,,,USD,EA
Columbia,COLUMBIA-CUBBY-POLY-18x15x72,Locker,10 51 00,"Columbia Cubbies locker unit (overall size), PolyLife HDPE. 18""W x 15""D x 72""H",18,15,72,Floor,,,USD,EA
Columbia,COLUMBIA-CUBBY-POLY-18x18x36,Locker,10 51 00,"Columbia Cubbies locker unit (overall size), PolyLife HDPE. 18""W x 18""D x 36""H",18,18,36,Floor,,,USD,EA
Columbia,COLUMBIA-CUBBY-POLY-18x18x48,Locker,10 51 00,"Columbia Cubbies locker unit (overall size), PolyLife HDPE. 18""W x 18""D x 48""H",18,18,48,Floor,,,USD,EA
Columbia,COLUMBIA-CUBBY-POLY-18x18x60,Locker,10 51 00,"Columbia Cubbies locker unit (overall size), PolyLife HDPE. 18""W x 18""D x 60""H",18,18,60,Floor,,,USD,EA
Columbia,COLUMBIA-CUBBY-POLY-18x18x72,Locker,10 51 00,"Columbia Cubbies locker unit (overall size), PolyLife HDPE. 18""W x 18""D x 72""H",18,18,72,Floor,,,USD,EA
Columbia,COLUMBIA-CUBBY-POLY-9x12x36,Locker,10 51 00,"Columbia Cubbies locker unit (overall size), PolyLife HDPE. 9""W x 12""D x 36""H",9,12,36,Floor,,,USD,EA
Columbia,COLUMBIA-CUBBY-POLY-9x12x48,Locker,10 51 00,"Columbia Cubbies locker unit (overall size), PolyLife HDPE. 9""W x 12""D x 48""H",9,12,48,Floor,,,USD,EA
Columbia,COLUMBIA-CUBBY-POLY-9x12x60,Locker,10 51 00,"Columbia Cubbies locker unit (overall size), PolyLife HDPE. 9""W x 12""D x 60""H",9,12,60,Floor,,,USD,EA
Columbia,COLUMBIA-CUBBY-POLY-9x12x72,Locker,10 51 00,"Columbia Cubbies locker unit (overall size), PolyLife HDPE. 9""W x 12""D x 72""H",9,12,72,Floor,,,USD,EA
Columbia,COLUMBIA-CUBBY-POLY-9x15x36,Locker,10 51 00,"Columbia Cubbies locker unit (overall size), PolyLife HDPE. 9""W x 15""D x 36""H",9,15,36,Floor,,,USD,EA
Columbia,COLUMBIA-CUBBY-POLY-9x15x48,Locker,10 51 00,"Columbia Cubbies locker unit (overall size), PolyLife HDPE. 9""W x 15""D x 48""H",9,15,48,Floor,,,USD,EA
Columbia,COLUMBIA-CUBBY-POLY-9x15x60,Locker,10 51 00,"Columbia Cubbies locker unit (overall size), PolyLife HDPE. 9""W x 15""D x 60""H",9,15,60,Floor,,,USD,EA
Columbia,COLUMBIA-CUBBY-POLY-9x15x72,Locker,10 51 00,"Columbia Cubbies locker unit (overall size), PolyLife HDPE. 9""W x 15""D x 72""H",9,15,72,Floor,,,USD,EA
Columbia,COLUMBIA-CUBBY-POLY-9x18x36,Locker,10 51 00,"Columbia Cubbies locker unit (overall size), PolyLife HDPE. 9""W x 18""D x 36""H",9,18,36,Floor,,,USD,EA
Columbia,COLUMBIA-CUBBY-POLY-9x18x48,Locker,10 51 00,"Columbia Cubbies locker unit (overall size), PolyLife HDPE. 9""W x 18""D x 48""H",9,18,48,Floor,,,USD,EA
Columbia,COLUMBIA-CUBBY-POLY-9x18x60,Locker,10 51 00,"Columbia Cubbies locker unit (overall size), PolyLife HDPE. 9""W x 18""D x 60""H",9,18,60,Floor,,,USD,EA
Columbia,COLUMBIA-CUBBY-POLY-9x18x72,Locker,10 51 00,"Columbia Cubbies locker unit (overall size), PolyLife HDPE. 9""W x 18""D x 72""H",9,18,72,Floor,,,USD,EA
Columbia,COLUMBIA-CUBBY-TERRA-12x12x36,Locker,10 51 00,"Columbia Cubbies locker unit (overall size), Terra Core color-through phenolic. 12""W x 12""D x 36""H",12,12,36,Floor,,,USD,EA
Columbia,COLUMBIA-CUBBY-TERRA-12x12x48,Locker,10 51 00,"Columbia Cubbies locker unit (overall size), Terra Core color-through phenolic. 12""W x 12""D x 48""H",12,12,48,Floor,,,USD,EA
Columbia,COLUMBIA-CUBBY-TERRA-12x12x60,Locker,10 51 00,"Columbia Cubbies locker unit (overall size), Terra Core color-through phenolic. 12""W x 12""D x 60""H",12,12,60,Floor,,,USD,EA
Columbia,COLUMBIA-CUBBY-TERRA-12x12x72,Locker,10 51 00,"Columbia Cubbies locker unit (overall size), Terra Core color-through phenolic. 12""W x 12""D x 72""H",12,12,72,Floor,,,USD,EA
Columbia,COLUMBIA-CUBBY-TERRA-12x15x36,Locker,10 51 00,"Columbia Cubbies locker unit (overall size), Terra Core color-through phenolic. 12""W x 15""D x 36""H",12,15,36,Floor,,,USD,EA
Columbia,COLUMBIA-CUBBY-TERRA-12x15x48,Locker,10 51 00,"Columbia Cubbies locker unit (overall size), Terra Core color-through phenolic. 12""W x 15""D x 48""H",12,15,48,Floor,,,USD,EA
Columbia,COLUMBIA-CUBBY-TERRA-12x15x60,Locker,10 51 00,"Columbia Cubbies locker unit (overall size), Terra Core color-through phenolic. 12""W x 15""D x 60""H",12,15,60,Floor,,,USD,EA
Columbia,COLUMBIA-CUBBY-TERRA-12x15x72,Locker,10 51 00,"Columbia Cubbies locker unit (overall size), Terra Core color-through phenolic. 12""W x 15""D x 72""H",12,15,72,Floor,,,USD,EA
Columbia,COLUMBIA-CUBBY-TERRA-12x18x36,Locker,10 51 00,"Columbia Cubbies locker unit (overall size), Terra Core color-through phenolic. 12""W x 18""D x 36""H",12,18,36,Floor,,,USD,EA
Columbia,COLUMBIA-CUBBY-TERRA-12x18x48,Locker,10 51 00,"Columbia Cubbies locker unit (overall size), Terra Core color-through phenolic. 12""W x 18""D x 48""H",12,18,48,Floor,,,USD,EA
Columbia,COLUMBIA-CUBBY-TERRA-12x18x60,Locker,10 51 00,"Columbia Cubbies locker unit (overall size), Terra Core color-through phenolic. 12""W x 18""D x 60""H",12,18,60,Floor,,,USD,EA
Columbia,COLUMBIA-CUBBY-TERRA-12x18x72,Locker,10 51 00,"Columbia Cubbies locker unit (overall size), Terra Core color-through phenolic. 12""W x 18""D x 72""H",12,18,72,Floor,,,USD,EA
Columbia,COLUMBIA-CUBBY-TERRA-15x12x36,Locker,10 51 00,"Columbia Cubbies locker unit (overall size), Terra Core color-through phenolic. 15""W x 12""D x 36""H",15,12,36,Floor,,,USD,EA
Columbia,COLUMBIA-CUBBY-TERRA-15x12x48,Locker,10 51 00,"Columbia Cubbies locker unit (overall size), Terra Core color-through phenolic. 15""W x 12""D x 48""H",15,12,48,Floor,,,USD,EA
Columbia,COLUMBIA-CUBBY-TERRA-15x12x60,Locker,10 51 00,"Columbia Cubbies locker unit (overall size), Terra Core color-through phenolic. 15""W x 12""D x 60""H",15,12,60,Floor,,,USD,EA
Columbia,COLUMBIA-CUBBY-TERRA-15x12x72,Locker,10 51 00,"Columbia Cubbies locker unit (overall size), Terra Core color-through phenolic. 15""W x 12""D x 72""H",15,12,72,Floor,,,USD,EA
Columbia,COLUMBIA-CUBBY-TERRA-15x15x36,Locker,10 51 00,"Columbia Cubbies locker unit (overall size), Terra Core color-through phenolic. 15""W x 15""D x 36""H",15,15,36,Floor,,,USD,EA
Columbia,COLUMBIA-CUBBY-TERRA-15x15x48,Locker,10 51 00,"Columbia Cubbies locker unit (overall size), Terra Core color-through phenolic. 15""W x 15""D x 48""H",15,15,48,Floor,,,USD,EA
Columbia,COLUMBIA-CUBBY-TERRA-15x15x60,Locker,10 51 00,"Columbia Cubbies locker unit (overall size), Terra Core color-through phenolic. 15""W x 15""D x 60""H",15,15,60,Floor,,,USD,EA
Columbia,COLUMBIA-CUBBY-TERRA-15x15x72,Locker,10 51 00,"Columbia Cubbies locker unit (overall size), Terra Core color-through phenolic. 15""W x 15""D x 72""H",15,15,72,Floor,,,USD,EA
Columbia,COLUMBIA-CUBBY-TERRA-15x18x36,Locker,10 51 00,"Columbia Cubbies locker unit (overall size), Terra Core color-through phenolic. 15""W x 18""D x 36""H",15,18,36,Floor,,,USD,EA
Columbia,COLUMBIA-CUBBY-TERRA-15x18x48,Locker,10 51 00,"Columbia Cubbies locker unit (overall size), Terra Core color-through phenolic. 15""W x 18""D x 48""H",15,18,48,Floor,,,USD,EA
Columbia,COLUMBIA-CUBBY-TERRA-15x18x60,Locker,10 51 00,"Columbia Cubbies locker unit (overall size), Terra Core color-through phenolic. 15""W x 18""D x 60""H",15,18,60,Floor,,,USD,EA
Columbia,COLUMBIA-CUBBY-TERRA-15x18x72,Locker,10 51 00,"Columbia Cubbies locker unit (overall size), Terra Core color-through phenolic. 15""W x 18""D x 72""H",15,18,72,Floor,,,USD,EA
Columbia,COLUMBIA-CUBBY-TERRA-18x12x36,Locker,10 51 00,"Columbia Cubbies locker unit (overall size), Terra Core color-through phenolic. 18""W x 12""D x 36""H",18,12,36,Floor,,,USD,EA
Columbia,COLUMBIA-CUBBY-TERRA-18x12x48,Locker,10 51 00,"Columbia Cubbies locker unit (overall size), Terra Core color-through phenolic. 18""W x 12""D x 48""H",18,12,48,Floor,,,USD,EA
Columbia,COLUMBIA-CUBBY-TERRA-18x12x60,Locker,10 51 00,"Columbia Cubbies locker unit (overall size), Terra Core color-through phenolic. 18""W x 12""D x 60""H",18,12,60,Floor,,,USD,EA
Columbia,COLUMBIA-CUBBY-TERRA-18x12x72,Locker,10 51 00,"Columbia Cubbies locker unit (overall size), Terra Core color-through phenolic. 18""W x 12""D x 72""H",18,12,72,Floor,,,USD,EA
Columbia,COLUMBIA-CUBBY-TERRA-18x15x36,Locker,10 51 00,"Columbia Cubbies locker unit (overall size), Terra Core color-through phenolic. 18""W x 15""D x 36""H",18,15,36,Floor,,,USD,EA
Columbia,COLUMBIA-CUBBY-TERRA-18x15x48,Locker,10 51 00,"Columbia Cubbies locker unit (overall size), Terra Core color-through phenolic. 18""W x 15""D x 48""H",18,15,48,Floor,,,USD,EA
Columbia,COLUMBIA-CUBBY-TERRA-18x15x60,Locker,10 51 00,"Columbia Cubbies locker unit (overall size), Terra Core color-through phenolic. 18""W x 15""D x 60""H",18,15,60,Floor,,,USD,EA
Columbia,COLUMBIA-CUBBY-TERRA-18x15x72,Locker,10 51 00,"Columbia Cubbies locker unit (overall size), Terra Core color-through phenolic. 18""W x 15""D x 72""H",18,15,72,Floor,,,USD,EA
Columbia,COLUMBIA-CUBBY-TERRA-18x18x36,Locker,10 51 00,"Columbia Cubbies locker unit (overall size), Terra Core color-through phenolic. 18""W x 18""D x 36""H",18,18,36,Floor,,,USD,EA
Columbia,COLUMBIA-CUBBY-TERRA-18x18x48,Locker,10 51 00,"Columbia Cubbies locker unit (overall size), Terra Core color-through phenolic. 18""W x 18""D x 48""H",18,18,48,Floor,,,USD,EA
Columbia,COLUMBIA-CUBBY-TERRA-18x18x60,Locker,10 51 00,"Columbia Cubbies locker unit (overall size), Terra Core color-through phenolic. 18""W x 18""D x 60""H",18,18,60,Floor,,,USD,EA
Columbia,COLUMBIA-CUBBY-TERRA-18x18x72,Locker,10 51 00,"Columbia Cubbies locker unit (overall size), Terra Core color-through phenolic. 18""W x 18""D x 72""H",18,18,72,Floor,,,USD,EA
Columbia,COLUMBIA-CUBBY-TERRA-9x12x36,Locker,10 51 00,"Columbia Cubbies locker unit (overall size), Terra Core color-through phenolic. 9""W x 12""D x 36""H",9,12,36,Floor,,,USD,EA
Columbia,COLUMBIA-CUBBY-TERRA-9x12x48,Locker,10 51 00,"Columbia Cubbies locker unit (overall size), Terra Core color-through phenolic. 9""W x 12""D x 48""H",9,12,48,Floor,,,USD,EA
Columbia,COLUMBIA-CUBBY-TERRA-9x12x60,Locker,10 51 00,"Columbia Cubbies locker unit (overall size), Terra Core color-through phenolic. 9""W x 12""D x 60""H",9,12,60,Floor,,,USD,EA
Columbia,COLUMBIA-CUBBY-TERRA-9x12x72,Locker,10 51 00,"Columbia Cubbies locker unit (overall size), Terra Core color-through phenolic. 9""W x 12""D x 72""H",9,12,72,Floor,,,USD,EA
Columbia,COLUMBIA-CUBBY-TERRA-9x15x36,Locker,10 51 00,"Columbia Cubbies locker unit (overall size), Terra Core color-through phenolic. 9""W x 15""D x 36""H",9,15,36,Floor,,,USD,EA
Columbia,COLUMBIA-CUBBY-TERRA-9x15x48,Locker,10 51 00,"Columbia Cubbies locker unit (overall size), Terra Core color-through phenolic. 9""W x 15""D x 48""H",9,15,48,Floor,,,USD,EA
Columbia,COLUMBIA-CUBBY-TERRA-9x15x60,Locker,10 51 00,"Columbia Cubbies locker unit (overall size), Terra Core color-through phenolic. 9""W x 15""D x 60""H",9,15,60,Floor,,,USD,EA
Columbia,COLUMBIA-CUBBY-TERRA-9x15x72,Locker,10 51 00,"Columbia Cubbies locker unit (overall size), Terra Core color-through phenolic. 9""W x 15""D x 72""H",9,15,72,Floor,,,USD,EA
Columbia,COLUMBIA-CUBBY-TERRA-9x18x36,Locker,10 51 00,"Columbia Cubbies locker unit (overall size), Terra Core color-through phenolic. 9""W x 18""D x 36""H",9,18,36,Floor,,,USD,EA
Columbia,COLUMBIA-CUBBY-TERRA-9x18x48,Locker,10 51 00,"Columbia Cubbies locker unit (overall size), Terra Core color-through phenolic. 9""W x 18""D x 48""H",9,18,48,Floor,,,USD,EA
Columbia,COLUMBIA-CUBBY-TERRA-9x18x60,Locker,10 51 00,"Columbia Cubbies locker unit (overall size), Terra Core color-through phenolic. 9""W x 18""D x 60""H",9,18,60,Floor,,,USD,EA
Columbia,COLUMBIA-CUBBY-TERRA-9x18x72,Locker,10 51 00,"Columbia Cubbies locker unit (overall size), Terra Core color-through phenolic. 9""W x 18""D x 72""H",9,18,72,Floor,,,USD,EA
Columbia,COLUMBIA-ELLIPTICAL-PHEN-18x18x72,Locker,10 51 00,"Columbia Elliptical athletic locker, solid phenolic. 18""W x 18""D x 72""H",18,18,72,Floor,,,USD,EA
Columbia,COLUMBIA-ELLIPTICAL-PHEN-18x24x72,Locker,10 51 00,"Columbia Elliptical athletic locker, solid phenolic. 18""W x 24""D x 72""H",18,24,72,Floor,,,USD,EA
Columbia,COLUMBIA-ELLIPTICAL-PHEN-18x30x72,Locker,10 51 00,"Columbia Elliptical athletic locker, solid phenolic. 18""W x 30""D x 72""H",18,30,72,Floor,,,USD,EA
Columbia,COLUMBIA-ELLIPTICAL-PHEN-24x18x72,Locker,10 51 00,"Columbia Elliptical athletic locker, solid phenolic. 24""W x 18""D x 72""H",24,18,72,Floor,,,USD,EA
Columbia,COLUMBIA-ELLIPTICAL-PHEN-24x24x72,Locker,10 51 00,"Columbia Elliptical athletic locker, solid phenolic. 24""W x 24""D x 72""H",24,24,72,Floor,,,USD,EA
Columbia,COLUMBIA-ELLIPTICAL-PHEN-24x30x72,Locker,10 51 00,"Columbia Elliptical athletic locker, solid phenolic. 24""W x 30""D x 72""H",24,30,72,Floor,,,USD,EA
Columbia,COLUMBIA-ELLIPTICAL-PHEN-30x18x72,Locker,10 51 00,"Columbia Elliptical athletic locker, solid phenolic. 30""W x 18""D x 72""H",30,18,72,Floor,,,USD,EA
Columbia,COLUMBIA-ELLIPTICAL-PHEN-30x24x72,Locker,10 51 00,"Columbia Elliptical athletic locker, solid phenolic. 30""W x 24""D x 72""H",30,24,72,Floor,,,USD,EA
Columbia,COLUMBIA-ELLIPTICAL-PHEN-30x30x72,Locker,10 51 00,"Columbia Elliptical athletic locker, solid phenolic. 30""W x 30""D x 72""H",30,30,72,Floor,,,USD,EA
Columbia,COLUMBIA-ELLIPTICAL-POLY-18x18x72,Locker,10 51 00,"Columbia Elliptical athletic locker, PolyLife HDPE. 18""W x 18""D x 72""H",18,18,72,Floor,,,USD,EA
Columbia,COLUMBIA-ELLIPTICAL-POLY-18x24x72,Locker,10 51 00,"Columbia Elliptical athletic locker, PolyLife HDPE. 18""W x 24""D x 72""H",18,24,72,Floor,,,USD,EA
Columbia,COLUMBIA-ELLIPTICAL-POLY-18x30x72,Locker,10 51 00,"Columbia Elliptical athletic locker, PolyLife HDPE. 18""W x 30""D x 72""H",18,30,72,Floor,,,USD,EA
Columbia,COLUMBIA-ELLIPTICAL-POLY-24x18x72,Locker,10 51 00,"Columbia Elliptical athletic locker, PolyLife HDPE. 24""W x 18""D x 72""H",24,18,72,Floor,,,USD,EA
Columbia,COLUMBIA-ELLIPTICAL-POLY-24x24x72,Locker,10 51 00,"Columbia Elliptical athletic locker, PolyLife HDPE. 24""W x 24""D x 72""H",24,24,72,Floor,,,USD,EA
Columbia,COLUMBIA-ELLIPTICAL-POLY-24x30x72,Locker,10 51 00,"Columbia Elliptical athletic locker, PolyLife HDPE. 24""W x 30""D x 72""H",24,30,72,Floor,,,USD,EA
Columbia,COLUMBIA-ELLIPTICAL-POLY-30x18x72,Locker,10 51 00,"Columbia Elliptical athletic locker, PolyLife HDPE. 30""W x 18""D x 72""H",30,18,72,Floor,,,USD,EA
Columbia,COLUMBIA-ELLIPTICAL-POLY-30x24x72,Locker,10 51 00,"Columbia Elliptical athletic locker, PolyLife HDPE. 30""W x 24""D x 72""H",30,24,72,Floor,,,USD,EA
Columbia,COLUMBIA-ELLIPTICAL-POLY-30x30x72,Locker,10 51 00,"Columbia Elliptical athletic locker, PolyLife HDPE. 30""W x 30""D x 72""H",30,30,72,Floor,,,USD,EA
Columbia,COLUMBIA-ELLIPTICAL-TERRA-18x18x72,Locker,10 51 00,"Columbia Elliptical athletic locker, Terra Core color-through phenolic. 18""W x 18""D x 72""H",18,18,72,Floor,,,USD,EA
Columbia,COLUMBIA-ELLIPTICAL-TERRA-18x24x72,Locker,10 51 00,"Columbia Elliptical athletic locker, Terra Core color-through phenolic. 18""W x 24""D x 72""H",18,24,72,Floor,,,USD,EA
Columbia,COLUMBIA-ELLIPTICAL-TERRA-18x30x72,Locker,10 51 00,"Columbia Elliptical athletic locker, Terra Core color-through phenolic. 18""W x 30""D x 72""H",18,30,72,Floor,,,USD,EA
Columbia,COLUMBIA-ELLIPTICAL-TERRA-24x18x72,Locker,10 51 00,"Columbia Elliptical athletic locker, Terra Core color-through phenolic. 24""W x 18""D x 72""H",24,18,72,Floor,,,USD,EA
Columbia,COLUMBIA-ELLIPTICAL-TERRA-24x24x72,Locker,10 51 00,"Columbia Elliptical athletic locker, Terra Core color-through phenolic. 24""W x 24""D x 72""H",24,24,72,Floor,,,USD,EA
Columbia,COLUMBIA-ELLIPTICAL-TERRA-24x30x72,Locker,10 51 00,"Columbia Elliptical athletic locker, Terra Core color-through phenolic. 24""W x 30""D x 72""H",24,30,72,Floor,,,USD,EA
Columbia,COLUMBIA-ELLIPTICAL-TERRA-30x18x72,Locker,10 51 00,"Columbia Elliptical athletic locker, Terra Core color-through phenolic. 30""W x 18""D x 72""H",30,18,72,Floor,,,USD,EA
Columbia,COLUMBIA-ELLIPTICAL-TERRA-30x24x72,Locker,10 51 00,"Columbia Elliptical athletic locker, Terra Core color-through phenolic. 30""W x 24""D x 72""H",30,24,72,Floor,,,USD,EA
Columbia,COLUMBIA-ELLIPTICAL-TERRA-30x30x72,Locker,10 51 00,"Columbia Elliptical athletic locker, Terra Core color-through phenolic. 30""W x 30""D x 72""H",30,30,72,Floor,,,USD,EA
Columbia,COLUMBIA-ZTIER-PHEN-12x12x36,Locker,10 51 00,"Columbia Z-tier locker, solid phenolic. 12""W x 12""D x 36""H",12,12,36,Floor,,,USD,EA
Columbia,COLUMBIA-ZTIER-PHEN-12x12x48,Locker,10 51 00,"Columbia Z-tier locker, solid phenolic. 12""W x 12""D x 48""H",12,12,48,Floor,,,USD,EA
Columbia,COLUMBIA-ZTIER-PHEN-12x12x60,Locker,10 51 00,"Columbia Z-tier locker, solid phenolic. 12""W x 12""D x 60""H",12,12,60,Floor,,,USD,EA
Columbia,COLUMBIA-ZTIER-PHEN-12x12x72,Locker,10 51 00,"Columbia Z-tier locker, solid phenolic. 12""W x 12""D x 72""H",12,12,72,Floor,,,USD,EA
Columbia,COLUMBIA-ZTIER-PHEN-12x15x36,Locker,10 51 00,"Columbia Z-tier locker, solid phenolic. 12""W x 15""D x 36""H",12,15,36,Floor,,,USD,EA
Columbia,COLUMBIA-ZTIER-PHEN-12x15x48,Locker,10 51 00,"Columbia Z-tier locker, solid phenolic. 12""W x 15""D x 48""H",12,15,48,Floor,,,USD,EA
Columbia,COLUMBIA-ZTIER-PHEN-12x15x60,Locker,10 51 00,"Columbia Z-tier locker, solid phenolic. 12""W x 15""D x 60""H",12,15,60,Floor,,,USD,EA
Columbia,COLUMBIA-ZTIER-PHEN-12x15x72,Locker,10 51 00,"Columbia Z-tier locker, solid phenolic. 12""W x 15""D x 72""H",12,15,72,Floor,,,USD,EA
Columbia,COLUMBIA-ZTIER-PHEN-12x18x36,Locker,10 51 00,"Columbia Z-tier locker, solid phenolic. 12""W x 18""D x 36""H",12,18,36,Floor,,,USD,EA
Columbia,COLUMBIA-ZTIER-PHEN-12x18x48,Locker,10 51 00,"Columbia Z-tier locker, solid phenolic. 12""W x 18""D x 48""H",12,18,48,Floor,,,USD,EA
Columbia,COLUMBIA-ZTIER-PHEN-12x18x60,Locker,10 51 00,"Columbia Z-tier locker, solid phenolic. 12""W x 18""D x 60""H",12,18,60,Floor,,,USD,EA
Columbia,COLUMBIA-ZTIER-PHEN-12x18x72,Locker,10 51 00,"Columbia Z-tier locker, solid phenolic. 12""W x 18""D x 72""H",12,18,72,Floor,,,USD,EA
Columbia,COLUMBIA-ZTIER-PHEN-15x12x36,Locker,10 51 00,"Columbia Z-tier locker, solid phenolic. 15""W x 12""D x 36""H",15,12,36,Floor,,,USD,EA
Columbia,COLUMBIA-ZTIER-PHEN-15x12x48,Locker,10 51 00,"Columbia Z-tier locker, solid phenolic. 15""W x 12""D x 48""H",15,12,48,Floor,,,USD,EA
Columbia,COLUMBIA-ZTIER-PHEN-15x12x60,Locker,10 51 00,"Columbia Z-tier locker, solid phenolic. 15""W x 12""D x 60""H",15,12,60,Floor,,,USD,EA
Columbia,COLUMBIA-ZTIER-PHEN-15x12x72,Locker,10 51 00,"Columbia Z-tier locker, solid phenolic. 15""W x 12""D x 72""H",15,12,72,Floor,,,USD,EA
Columbia,COLUMBIA-ZTIER-PHEN-15x15x36,Locker,10 51 00,"Columbia Z-tier locker, solid phenolic. 15""W x 15""D x 36""H",15,15,36,Floor,,,USD,EA
Columbia,COLUMBIA-ZTIER-PHEN-15x15x48,Locker,10 51 00,"Columbia Z-tier locker, solid phenolic. 15""W x 15""D x 48""H",15,15,48,Floor,,,USD,EA
Columbia,COLUMBIA-ZTIER-PHEN-15x15x60,Locker,10 51 00,"Columbia Z-tier locker, solid phenolic. 15""W x 15""D x 60""H",15,15,60,Floor,,,USD,EA
Columbia,COLUMBIA-ZTIER-PHEN-15x15x72,Locker,10 51 00,"Columbia Z-tier locker, solid phenolic. 15""W x 15""D x 72""H",15,15,72,Floor,,,USD,EA
Columbia,COLUMBIA-ZTIER-PHEN-15x18x36,Locker,10 51 00,"Columbia Z-tier locker, solid phenolic. 15""W x 18""D x 36""H",15,18,36,Floor,,,USD,EA
Columbia,COLUMBIA-ZTIER-PHEN-15x18x48,Locker,10 51 00,"Columbia Z-tier locker, solid phenolic. 15""W x 18""D x 48""H",15,18,48,Floor,,,USD,EA
Columbia,COLUMBIA-ZTIER-PHEN-15x18x60,Locker,10 51 00,"Columbia Z-tier locker, solid phenolic. 15""W x 18""D x 60""H",15,18,60,Floor,,,USD,EA
Columbia,COLUMBIA-ZTIER-PHEN-15x18x72,Locker,10 51 00,"Columbia Z-tier locker, solid phenolic. 15""W x 18""D x 72""H",15,18,72,Floor,,,USD,EA
Columbia,COLUMBIA-ZTIER-PHEN-18x12x36,Locker,10 51 00,"Columbia Z-tier locker, solid phenolic. 18""W x 12""D x 36""H",18,12,36,Floor,,,USD,EA
Columbia,COLUMBIA-ZTIER-PHEN-18x12x48,Locker,10 51 00,"Columbia Z-tier locker, solid phenolic. 18""W x 12""D x 48""H",18,12,48,Floor,,,USD,EA
Columbia,COLUMBIA-ZTIER-PHEN-18x12x60,Locker,10 51 00,"Columbia Z-tier locker, solid phenolic. 18""W x 12""D x 60""H",18,12,60,Floor,,,USD,EA
Columbia,COLUMBIA-ZTIER-PHEN-18x12x72,Locker,10 51 00,"Columbia Z-tier locker, solid phenolic. 18""W x 12""D x 72""H",18,12,72,Floor,,,USD,EA
Columbia,COLUMBIA-ZTIER-PHEN-18x15x36,Locker,10 51 00,"Columbia Z-tier locker, solid phenolic. 18""W x 15""D x 36""H",18,15,36,Floor,,,USD,EA
Columbia,COLUMBIA-ZTIER-PHEN-18x15x48,Locker,10 51 00,"Columbia Z-tier locker, solid phenolic. 18""W x 15""D x 48""H",18,15,48,Floor,,,USD,EA
Columbia,COLUMBIA-ZTIER-PHEN-18x15x60,Locker,10 51 00,"Columbia Z-tier locker, solid phenolic. 18""W x 15""D x 60""H",18,15,60,Floor,,,USD,EA
Columbia,COLUMBIA-ZTIER-PHEN-18x15x72,Locker,10 51 00,"Columbia Z-tier locker, solid phenolic. 18""W x 15""D x 72""H",18,15,72,Floor,,,USD,EA
Columbia,COLUMBIA-ZTIER-PHEN-18x18x36,Locker,10 51 00,"Columbia Z-tier locker, solid phenolic. 18""W x 18""D x 36""H",18,18,36,Floor,,,USD,EA
Columbia,COLUMBIA-ZTIER-PHEN-18x18x48,Locker,10 51 00,"Columbia Z-tier locker, solid phenolic. 18""W x 18""D x 48""H",18,18,48,Floor,,,USD,EA
Columbia,COLUMBIA-ZTIER-PHEN-18x18x60,Locker,10 51 00,"Columbia Z-tier locker, solid phenolic. 18""W x 18""D x 60""H",18,18,60,Floor,,,USD,EA
Columbia,COLUMBIA-ZTIER-PHEN-18x18x72,Locker,10 51 00,"Columbia Z-tier locker, solid phenolic. 18""W x 18""D x 72""H",18,18,72,Floor,,,USD,EA
Columbia,COLUMBIA-ZTIER-PHEN-9x12x36,Locker,10 51 00,"Columbia Z-tier locker, solid phenolic. 9""W x 12""D x 36""H",9,12,36,Floor,,,USD,EA
Columbia,COLUMBIA-ZTIER-PHEN-9x12x48,Locker,10 51 00,"Columbia Z-tier locker, solid phenolic. 9""W x 12""D x 48""H",9,12,48,Floor,,,USD,EA
Columbia,COLUMBIA-ZTIER-PHEN-9x12x60,Locker,10 51 00,"Columbia Z-tier locker, solid phenolic. 9""W x 12""D x 60""H",9,12,60,Floor,,,USD,EA
Columbia,COLUMBIA-ZTIER-PHEN-9x12x72,Locker,10 51 00,"Columbia Z-tier locker, solid phenolic. 9""W x 12""D x 72""H",9,12,72,Floor,,,USD,EA
Columbia,COLUMBIA-ZTIER-PHEN-9x15x36,Locker,10 51 00,"Columbia Z-tier locker, solid phenolic. 9""W x 15""D x 36""H",9,15,36,Floor,,,USD,EA
Columbia,COLUMBIA-ZTIER-PHEN-9x15x48,Locker,10 51 00,"Columbia Z-tier locker, solid phenolic. 9""W x 15""D x 48""H",9,15,48,Floor,,,USD,EA
Columbia,COLUMBIA-ZTIER-PHEN-9x15x60,Locker,10 51 00,"Columbia Z-tier locker, solid phenolic. 9""W x 15""D x 60""H",9,15,60,Floor,,,USD,EA
Columbia,COLUMBIA-ZTIER-PHEN-9x15x72,Locker,10 51 00,"Columbia Z-tier locker, solid phenolic. 9""W x 15""D x 72""H",9,15,72,Floor,,,USD,EA
Columbia,COLUMBIA-ZTIER-PHEN-9x18x36,Locker,10 51 00,"Columbia Z-tier locker, solid phenolic. 9""W x 18""D x 36""H",9,18,36,Floor,,,USD,EA
Columbia,COLUMBIA-ZTIER-PHEN-9x18x48,Locker,10 51 00,"Columbia Z-tier locker, solid phenolic. 9""W x 18""D x 48""H",9,18,48,Floor,,,USD,EA
Columbia,COLUMBIA-ZTIER-PHEN-9x18x60,Locker,10 51 00,"Columbia Z-tier locker, solid phenolic. 9""W x 18""D x 60""H",9,18,60,Floor,,,USD,EA
Columbia,COLUMBIA-ZTIER-PHEN-9x18x72,Locker,10 51 00,"Columbia Z-tier locker, solid phenolic. 9""W x 18""D x 72""H",9,18,72,Floor,,,USD,EA
Columbia,COLUMBIA-ZTIER-POLY-12x12x36,Locker,10 51 00,"Columbia Z-tier locker, PolyLife HDPE. 12""W x 12""D x 36""H",12,12,36,Floor,,,USD,EA
Columbia,COLUMBIA-ZTIER-POLY-12x12x48,Locker,10 51 00,"Columbia Z-tier locker, PolyLife HDPE. 12""W x 12""D x 48""H",12,12,48,Floor,,,USD,EA
Columbia,COLUMBIA-ZTIER-POLY-12x12x60,Locker,10 51 00,"Columbia Z-tier locker, PolyLife HDPE. 12""W x 12""D x 60""H",12,12,60,Floor,,,USD,EA
Columbia,COLUMBIA-ZTIER-POLY-12x12x72,Locker,10 51 00,"Columbia Z-tier locker, PolyLife HDPE. 12""W x 12""D x 72""H",12,12,72,Floor,,,USD,EA
Columbia,COLUMBIA-ZTIER-POLY-12x15x36,Locker,10 51 00,"Columbia Z-tier locker, PolyLife HDPE. 12""W x 15""D x 36""H",12,15,36,Floor,,,USD,EA
Columbia,COLUMBIA-ZTIER-POLY-12x15x48,Locker,10 51 00,"Columbia Z-tier locker, PolyLife HDPE. 12""W x 15""D x 48""H",12,15,48,Floor,,,USD,EA
Columbia,COLUMBIA-ZTIER-POLY-12x15x60,Locker,10 51 00,"Columbia Z-tier locker, PolyLife HDPE. 12""W x 15""D x 60""H",12,15,60,Floor,,,USD,EA
Columbia,COLUMBIA-ZTIER-POLY-12x15x72,Locker,10 51 00,"Columbia Z-tier locker, PolyLife HDPE. 12""W x 15""D x 72""H",12,15,72,Floor,,,USD,EA
Columbia,COLUMBIA-ZTIER-POLY-12x18x36,Locker,10 51 00,"Columbia Z-tier locker, PolyLife HDPE. 12""W x 18""D x 36""H",12,18,36,Floor,,,USD,EA
Columbia,COLUMBIA-ZTIER-POLY-12x18x48,Locker,10 51 00,"Columbia Z-tier locker, PolyLife HDPE. 12""W x 18""D x 48""H",12,18,48,Floor,,,USD,EA
Columbia,COLUMBIA-ZTIER-POLY-12x18x60,Locker,10 51 00,"Columbia Z-tier locker, PolyLife HDPE. 12""W x 18""D x 60""H",12,18,60,Floor,,,USD,EA
Columbia,COLUMBIA-ZTIER-POLY-12x18x72,Locker,10 51 00,"Columbia Z-tier locker, PolyLife HDPE. 12""W x 18""D x 72""H",12,18,72,Floor,,,USD,EA
Columbia,COLUMBIA-ZTIER-POLY-15x12x36,Locker,10 51 00,"Columbia Z-tier locker, PolyLife HDPE. 15""W x 12""D x 36""H",15,12,36,Floor,,,USD,EA
Columbia,COLUMBIA-ZTIER-POLY-15x12x48,Locker,10 51 00,"Columbia Z-tier locker, PolyLife HDPE. 15""W x 12""D x 48""H",15,12,48,Floor,,,USD,EA
Columbia,COLUMBIA-ZTIER-POLY-15x12x60,Locker,10 51 00,"Columbia Z-tier locker, PolyLife HDPE. 15""W x 12""D x 60""H",15,12,60,Floor,,,USD,EA
Columbia,COLUMBIA-ZTIER-POLY-15x12x72,Locker,10 51 00,"Columbia Z-tier locker, PolyLife HDPE. 15""W x 12""D x 72""H",15,12,72,Floor,,,USD,EA
Columbia,COLUMBIA-ZTIER-POLY-15x15x36,Locker,10 51 00,"Columbia Z-tier locker, PolyLife HDPE. 15""W x 15""D x 36""H",15,15,36,Floor,,,USD,EA
Columbia,COLUMBIA-ZTIER-POLY-15x15x48,Locker,10 51 00,"Columbia Z-tier locker, PolyLife HDPE. 15""W x 15""D x 48""H",15,15,48,Floor,,,USD,EA
Columbia,COLUMBIA-ZTIER-POLY-15x15x60,Locker,10 51 00,"Columbia Z-tier locker, PolyLife HDPE. 15""W x 15""D x 60""H",15,15,60,Floor,,,USD,EA
Columbia,COLUMBIA-ZTIER-POLY-15x15x72,Locker,10 51 00,"Columbia Z-tier locker, PolyLife HDPE. 15""W x 15""D x 72""H",15,15,72,Floor,,,USD,EA
Columbia,COLUMBIA-ZTIER-POLY-15x18x36,Locker,10 51 00,"Columbia Z-tier locker, PolyLife HDPE. 15""W x 18""D x 36""H",15,18,36,Floor,,,USD,EA
Columbia,COLUMBIA-ZTIER-POLY-15x18x48,Locker,10 51 00,"Columbia Z-tier locker, PolyLife HDPE. 15""W x 18""D x 48""H",15,18,48,Floor,,,USD,EA
Columbia,COLUMBIA-ZTIER-POLY-15x18x60,Locker,10 51 00,"Columbia Z-tier locker, PolyLife HDPE. 15""W x 18""D x 60""H",15,18,60,Floor,,,USD,EA
Columbia,COLUMBIA-ZTIER-POLY-15x18x72,Locker,10 51 00,"Columbia Z-tier locker, PolyLife HDPE. 15""W x 18""D x 72""H",15,18,72,Floor,,,USD,EA
Columbia,COLUMBIA-ZTIER-POLY-18x12x36,Locker,10 51 00,"Columbia Z-tier locker, PolyLife HDPE. 18""W x 12""D x 36""H",18,12,36,Floor,,,USD,EA
Columbia,COLUMBIA-ZTIER-POLY-18x12x48,Locker,10 51 00,"Columbia Z-tier locker, PolyLife HDPE. 18""W x 12""D x 48""H",18,12,48,Floor,,,USD,EA
Columbia,COLUMBIA-ZTIER-POLY-18x12x60,Locker,10 51 00,"Columbia Z-tier locker, PolyLife HDPE. 18""W x 12""D x 60""H",18,12,60,Floor,,,USD,EA
Columbia,COLUMBIA-ZTIER-POLY-18x12x72,Locker,10 51 00,"Columbia Z-tier locker, PolyLife HDPE. 18""W x 12""D x 72""H",18,12,72,Floor,,,USD,EA
Columbia,COLUMBIA-ZTIER-POLY-18x15x36,Locker,10 51 00,"Columbia Z-tier locker, PolyLife HDPE. 18""W x 15""D x 36""H",18,15,36,Floor,,,USD,EA
Columbia,COLUMBIA-ZTIER-POLY-18x15x48,Locker,10 51 00,"Columbia Z-tier locker, PolyLife HDPE. 18""W x 15""D x 48""H",18,15,48,Floor,,,USD,EA
Columbia,COLUMBIA-ZTIER-POLY-18x15x60,Locker,10 51 00,"Columbia Z-tier locker, PolyLife HDPE. 18""W x 15""D x 60""H",18,15,60,Floor,,,USD,EA
Columbia,COLUMBIA-ZTIER-POLY-18x15x72,Locker,10 51 00,"Columbia Z-tier locker, PolyLife HDPE. 18""W x 15""D x 72""H",18,15,72,Floor,,,USD,EA
Columbia,COLUMBIA-ZTIER-POLY-18x18x36,Locker,10 51 00,"Columbia Z-tier locker, PolyLife HDPE. 18""W x 18""D x 36""H",18,18,36,Floor,,,USD,EA
Columbia,COLUMBIA-ZTIER-POLY-18x18x48,Locker,10 51 00,"Columbia Z-tier locker, PolyLife HDPE. 18""W x 18""D x 48""H",18,18,48,Floor,,,USD,EA
Columbia,COLUMBIA-ZTIER-POLY-18x18x60,Locker,10 51 00,"Columbia Z-tier locker, PolyLife HDPE. 18""W x 18""D x 60""H",18,18,60,Floor,,,USD,EA
Columbia,COLUMBIA-ZTIER-POLY-18x18x72,Locker,10 51 00,"Columbia Z-tier locker, PolyLife HDPE. 18""W x 18""D x 72""H",18,18,72,Floor,,,USD,EA
Columbia,COLUMBIA-ZTIER-POLY-9x12x36,Locker,10 51 00,"Columbia Z-tier locker, PolyLife HDPE. 9""W x 12""D x 36""H",9,12,36,Floor,,,USD,EA
Columbia,COLUMBIA-ZTIER-POLY-9x12x48,Locker,10 51 00,"Columbia Z-tier locker, PolyLife HDPE. 9""W x 12""D x 48""H",9,12,48,Floor,,,USD,EA
Columbia,COLUMBIA-ZTIER-POLY-9x12x60,Locker,10 51 00,"Columbia Z-tier locker, PolyLife HDPE. 9""W x 12""D x 60""H",9,12,60,Floor,,,USD,EA
Columbia,COLUMBIA-ZTIER-POLY-9x12x72,Locker,10 51 00,"Columbia Z-tier locker, PolyLife HDPE. 9""W x 12""D x 72""H",9,12,72,Floor,,,USD,EA
Columbia,COLUMBIA-ZTIER-POLY-9x15x36,Locker,10 51 00,"Columbia Z-tier locker, PolyLife HDPE. 9""W x 15""D x 36""H",9,15,36,Floor,,,USD,EA
Columbia,COLUMBIA-ZTIER-POLY-9x15x48,Locker,10 51 00,"Columbia Z-tier locker, PolyLife HDPE. 9""W x 15""D x 48""H",9,15,48,Floor,,,USD,EA
Columbia,COLUMBIA-ZTIER-POLY-9x15x60,Locker,10 51 00,"Columbia Z-tier locker, PolyLife HDPE. 9""W x 15""D x 60""H",9,15,60,Floor,,,USD,EA
Columbia,COLUMBIA-ZTIER-POLY-9x15x72,Locker,10 51 00,"Columbia Z-tier locker, PolyLife HDPE. 9""W x 15""D x 72""H",9,15,72,Floor,,,USD,EA
Columbia,COLUMBIA-ZTIER-POLY-9x18x36,Locker,10 51 00,"Columbia Z-tier locker, PolyLife HDPE. 9""W x 18""D x 36""H",9,18,36,Floor,,,USD,EA
Columbia,COLUMBIA-ZTIER-POLY-9x18x48,Locker,10 51 00,"Columbia Z-tier locker, PolyLife HDPE. 9""W x 18""D x 48""H",9,18,48,Floor,,,USD,EA
Columbia,COLUMBIA-ZTIER-POLY-9x18x60,Locker,10 51 00,"Columbia Z-tier locker, PolyLife HDPE. 9""W x 18""D x 60""H",9,18,60,Floor,,,USD,EA
Columbia,COLUMBIA-ZTIER-POLY-9x18x72,Locker,10 51 00,"Columbia Z-tier locker, PolyLife HDPE. 9""W x 18""D x 72""H",9,18,72,Floor,,,USD,EA
Columbia,COLUMBIA-ZTIER-TERRA-12x12x36,Locker,10 51 00,"Columbia Z-tier locker, Terra Core color-through phenolic. 12""W x 12""D x 36""H",12,12,36,Floor,,,USD,EA
Columbia,COLUMBIA-ZTIER-TERRA-12x12x48,Locker,10 51 00,"Columbia Z-tier locker, Terra Core color-through phenolic. 12""W x 12""D x 48""H",12,12,48,Floor,,,USD,EA
Columbia,COLUMBIA-ZTIER-TERRA-12x12x60,Locker,10 51 00,"Columbia Z-tier locker, Terra Core color-through phenolic. 12""W x 12""D x 60""H",12,12,60,Floor,,,USD,EA
Columbia,COLUMBIA-ZTIER-TERRA-12x12x72,Locker,10 51 00,"Columbia Z-tier locker, Terra Core color-through phenolic. 12""W x 12""D x 72""H",12,12,72,Floor,,,USD,EA
Columbia,COLUMBIA-ZTIER-TERRA-12x15x36,Locker,10 51 00,"Columbia Z-tier locker, Terra Core color-through phenolic. 12""W x 15""D x 36""H",12,15,36,Floor,,,USD,EA
Columbia,COLUMBIA-ZTIER-TERRA-12x15x48,Locker,10 51 00,"Columbia Z-tier locker, Terra Core color-through phenolic. 12""W x 15""D x 48""H",12,15,48,Floor,,,USD,EA
Columbia,COLUMBIA-ZTIER-TERRA-12x15x60,Locker,10 51 00,"Columbia Z-tier locker, Terra Core color-through phenolic. 12""W x 15""D x 60""H",12,15,60,Floor,,,USD,EA
Columbia,COLUMBIA-ZTIER-TERRA-12x15x72,Locker,10 51 00,"Columbia Z-tier locker, Terra Core color-through phenolic. 12""W x 15""D x 72""H",12,15,72,Floor,,,USD,EA
Columbia,COLUMBIA-ZTIER-TERRA-12x18x36,Locker,10 51 00,"Columbia Z-tier locker, Terra Core color-through phenolic. 12""W x 18""D x 36""H",12,18,36,Floor,,,USD,EA
Columbia,COLUMBIA-ZTIER-TERRA-12x18x48,Locker,10 51 00,"Columbia Z-tier locker, Terra Core color-through phenolic. 12""W x 18""D x 48""H",12,18,48,Floor,,,USD,EA
Columbia,COLUMBIA-ZTIER-TERRA-12x18x60,Locker,10 51 00,"Columbia Z-tier locker, Terra Core color-through phenolic. 12""W x 18""D x 60""H",12,18,60,Floor,,,USD,EA
Columbia,COLUMBIA-ZTIER-TERRA-12x18x72,Locker,10 51 00,"Columbia Z-tier locker, Terra Core color-through phenolic. 12""W x 18""D x 72""H",12,18,72,Floor,,,USD,EA
Columbia,COLUMBIA-ZTIER-TERRA-15x12x36,Locker,10 51 00,"Columbia Z-tier locker, Terra Core color-through phenolic. 15""W x 12""D x 36""H",15,12,36,Floor,,,USD,EA
Columbia,COLUMBIA-ZTIER-TERRA-15x12x48,Locker,10 51 00,"Columbia Z-tier locker, Terra Core color-through phenolic. 15""W x 12""D x 48""H",15,12,48,Floor,,,USD,EA
Columbia,COLUMBIA-ZTIER-TERRA-15x12x60,Locker,10 51 00,"Columbia Z-tier locker, Terra Core color-through phenolic. 15""W x 12""D x 60""H",15,12,60,Floor,,,USD,EA
Columbia,COLUMBIA-ZTIER-TERRA-15x12x72,Locker,10 51 00,"Columbia Z-tier locker, Terra Core color-through phenolic. 15""W x 12""D x 72""H",15,12,72,Floor,,,USD,EA
Columbia,COLUMBIA-ZTIER-TERRA-15x15x36,Locker,10 51 00,"Columbia Z-tier locker, Terra Core color-through phenolic. 15""W x 15""D x 36""H",15,15,36,Floor,,,USD,EA
Columbia,COLUMBIA-ZTIER-TERRA-15x15x48,Locker,10 51 00,"Columbia Z-tier locker, Terra Core color-through phenolic. 15""W x 15""D x 48""H",15,15,48,Floor,,,USD,EA
Columbia,COLUMBIA-ZTIER-TERRA-15x15x60,Locker,10 51 00,"Columbia Z-tier locker, Terra Core color-through phenolic. 15""W x 15""D x 60""H",15,15,60,Floor,,,USD,EA
Columbia,COLUMBIA-ZTIER-TERRA-15x15x72,Locker,10 51 00,"Columbia Z-tier locker, Terra Core color-through phenolic. 15""W x 15""D x 72""H",15,15,72,Floor,,,USD,EA
Columbia,COLUMBIA-ZTIER-TERRA-15x18x36,Locker,10 51 00,"Columbia Z-tier locker, Terra Core color-through phenolic. 15""W x 18""D x 36""H",15,18,36,Floor,,,USD,EA
Columbia,COLUMBIA-ZTIER-TERRA-15x18x48,Locker,10 51 00,"Columbia Z-tier locker, Terra Core color-through phenolic. 15""W x 18""D x 48""H",15,18,48,Floor,,,USD,EA
Columbia,COLUMBIA-ZTIER-TERRA-15x18x60,Locker,10 51 00,"Columbia Z-tier locker, Terra Core color-through phenolic. 15""W x 18""D x 60""H",15,18,60,Floor,,,USD,EA
Columbia,COLUMBIA-ZTIER-TERRA-15x18x72,Locker,10 51 00,"Columbia Z-tier locker, Terra Core color-through phenolic. 15""W x 18""D x 72""H",15,18,72,Floor,,,USD,EA
Columbia,COLUMBIA-ZTIER-TERRA-18x12x36,Locker,10 51 00,"Columbia Z-tier locker, Terra Core color-through phenolic. 18""W x 12""D x 36""H",18,12,36,Floor,,,USD,EA
Columbia,COLUMBIA-ZTIER-TERRA-18x12x48,Locker,10 51 00,"Columbia Z-tier locker, Terra Core color-through phenolic. 18""W x 12""D x 48""H",18,12,48,Floor,,,USD,EA
Columbia,COLUMBIA-ZTIER-TERRA-18x12x60,Locker,10 51 00,"Columbia Z-tier locker, Terra Core color-through phenolic. 18""W x 12""D x 60""H",18,12,60,Floor,,,USD,EA
Columbia,COLUMBIA-ZTIER-TERRA-18x12x72,Locker,10 51 00,"Columbia Z-tier locker, Terra Core color-through phenolic. 18""W x 12""D x 72""H",18,12,72,Floor,,,USD,EA
Columbia,COLUMBIA-ZTIER-TERRA-18x15x36,Locker,10 51 00,"Columbia Z-tier locker, Terra Core color-through phenolic. 18""W x 15""D x 36""H",18,15,36,Floor,,,USD,EA
Columbia,COLUMBIA-ZTIER-TERRA-18x15x48,Locker,10 51 00,"Columbia Z-tier locker, Terra Core color-through phenolic. 18""W x 15""D x 48""H",18,15,48,Floor,,,USD,EA
Columbia,COLUMBIA-ZTIER-TERRA-18x15x60,Locker,10 51 00,"Columbia Z-tier locker, Terra Core color-through phenolic. 18""W x 15""D x 60""H",18,15,60,Floor,,,USD,EA
Columbia,COLUMBIA-ZTIER-TERRA-18x15x72,Locker,10 51 00,"Columbia Z-tier locker, Terra Core color-through phenolic. 18""W x 15""D x 72""H",18,15,72,Floor,,,USD,EA
Columbia,COLUMBIA-ZTIER-TERRA-18x18x36,Locker,10 51 00,"Columbia Z-tier locker, Terra Core color-through phenolic. 18""W x 18""D x 36""H",18,18,36,Floor,,,USD,EA
Columbia,COLUMBIA-ZTIER-TERRA-18x18x48,Locker,10 51 00,"Columbia Z-tier locker, Terra Core color-through phenolic. 18""W x 18""D x 48""H",18,18,48,Floor,,,USD,EA
Columbia,COLUMBIA-ZTIER-TERRA-18x18x60,Locker,10 51 00,"Columbia Z-tier locker, Terra Core color-through phenolic. 18""W x 18""D x 60""H",18,18,60,Floor,,,USD,EA
Columbia,COLUMBIA-ZTIER-TERRA-18x18x72,Locker,10 51 00,"Columbia Z-tier locker, Terra Core color-through phenolic. 18""W x 18""D x 72""H",18,18,72,Floor,,,USD,EA
Columbia,COLUMBIA-ZTIER-TERRA-9x12x36,Locker,10 51 00,"Columbia Z-tier locker, Terra Core color-through phenolic. 9""W x 12""D x 36""H",9,12,36,Floor,,,USD,EA
Columbia,COLUMBIA-ZTIER-TERRA-9x12x48,Locker,10 51 00,"Columbia Z-tier locker, Terra Core color-through phenolic. 9""W x 12""D x 48""H",9,12,48,Floor,,,USD,EA
Columbia,COLUMBIA-ZTIER-TERRA-9x12x60,Locker,10 51 00,"Columbia Z-tier locker, Terra Core color-through phenolic. 9""W x 12""D x 60""H",9,12,60,Floor,,,USD,EA
Columbia,COLUMBIA-ZTIER-TERRA-9x12x72,Locker,10 51 00,"Columbia Z-tier locker, Terra Core color-through phenolic. 9""W x 12""D x 72""H",9,12,72,Floor,,,USD,EA
Columbia,COLUMBIA-ZTIER-TERRA-9x15x36,Locker,10 51 00,"Columbia Z-tier locker, Terra Core color-through phenolic. 9""W x 15""D x 36""H",9,15,36,Floor,,,USD,EA
Columbia,COLUMBIA-ZTIER-TERRA-9x15x48,Locker,10 51 00,"Columbia Z-tier locker, Terra Core color-through phenolic. 9""W x 15""D x 48""H",9,15,48,Floor,,,USD,EA
Columbia,COLUMBIA-ZTIER-TERRA-9x15x60,Locker,10 51 00,"Columbia Z-tier locker, Terra Core color-through phenolic. 9""W x 15""D x 60""H",9,15,60,Floor,,,USD,EA
Columbia,COLUMBIA-ZTIER-TERRA-9x15x72,Locker,10 51 00,"Columbia Z-tier locker, Terra Core color-through phenolic. 9""W x 15""D x 72""H",9,15,72,Floor,,,USD,EA
Columbia,COLUMBIA-ZTIER-TERRA-9x18x36,Locker,10 51 00,"Columbia Z-tier locker, Terra Core color-through phenolic. 9""W x 18""D x 36""H",9,18,36,Floor,,,USD,EA
Columbia,COLUMBIA-ZTIER-TERRA-9x18x48,Locker,10 51 00,"Columbia Z-tier locker, Terra Core color-through phenolic. 9""W x 18""D x 48""H",9,18,48,Floor,,,USD,EA
Columbia,COLUMBIA-ZTIER-TERRA-9x18x60,Locker,10 51 00,"Columbia Z-tier locker, Terra Core color-through phenolic. 9""W x 18""D x 60""H",9,18,60,Floor,,,USD,EA
Columbia,COLUMBIA-ZTIER-TERRA-9x18x72,Locker,10 51 00,"Columbia Z-tier locker, Terra Core color-through phenolic. 9""W x 18""D x 72""H",9,18,72,Floor,,,USD,EA
