manufacturer,item,category,csi_spec_section,description,mounting_type,cost,labor_per,currency,unit_of_measure
Construction Specialties,CS-acrovyn-roll-on-adhesive,Accessory,10 26 00,Construction Specialties Acrovyn Roll-on Adhesive (acrovyn-roll-on-adhesive). Mounting Adhesive. buyOnline available; SKU derived from URL slug; name is marketing title | https://www.c-sgroup.com/product/wall-protection-accessories/acrovyn-roll-on-adhesive,Adhesive,,,USD,EA
Construction Specialties,CS-acrovyn-trowel-on-adhesive,Accessory,10 26 00,Construction Specialties Acrovyn Trowel-on Adhesive (acrovyn-trowel-on-adhesive). Mounting Adhesive. buyOnline available; SKU derived from URL slug; name is marketing title | https://www.c-sgroup.com/product/wall-protection-accessories/acrovyn-trowel-on-adhesive,Adhesive,,,USD,EA
Construction Specialties,CS-in-stock-acrovyn-inside-corner-trims-5-pack,Accessory,10 26 00,Construction Specialties Acrovyn Inside Corner Trims - 5 Pack (in-stock-acrovyn-inside-corner-trims-5-pack). buyOnline available; SKU derived from URL slug; name is marketing title | https://www.c-sgroup.com/product/wall-protection-accessories/in-stock-acrovyn-inside-corner-trims-5-pack,,,,USD,EA
Construction Specialties,CS-in-stock-acrovyn-outside-corner-trims-5-pack,Accessory,10 26 00,Construction Specialties Acrovyn Outside Corner Trims - 5 Pack (in-stock-acrovyn-outside-corner-trims-5-pack). buyOnline available; SKU derived from URL slug; name is marketing title | https://www.c-sgroup.com/product/wall-protection-accessories/in-stock-acrovyn-outside-corner-trims-5-pack,,,,USD,EA
Construction Specialties,CS-in-stock-acrovyn-vertical-joint-trims-5-pack,Accessory,10 26 00,Construction Specialties Acrovyn Vertical Joint Trims - 5 Pack (in-stock-acrovyn-vertical-joint-trims-5-pack). buyOnline available; SKU derived from URL slug; name is marketing title | https://www.c-sgroup.com/product/wall-protection-accessories/in-stock-acrovyn-vertical-joint-trims-5-pack,,,,USD,EA
Construction Specialties,CS-in-stock-acrovyn-wainscot-trims-5-pack,Accessory,10 26 00,Construction Specialties Acrovyn Wainscot Trims - 5 Pack (in-stock-acrovyn-wainscot-trims-5-pack). buyOnline available; SKU derived from URL slug; name is marketing title | https://www.c-sgroup.com/product/wall-protection-accessories/in-stock-acrovyn-wainscot-trims-5-pack,,,,USD,EA
Construction Specialties,CS-in-stock-clear-caulk-6-pack,Accessory,10 26 00,Construction Specialties Clear Caulk - 6 Pack (in-stock-clear-caulk-6-pack). buyOnline available; SKU derived from URL slug; name is marketing title | https://www.c-sgroup.com/product/wall-protection-accessories/in-stock-clear-caulk-6-pack,,,,USD,EA
Construction Specialties,CS-in-stock-color-match-caulk-6-pack,Accessory,10 26 00,Construction Specialties Color Match Caulk - 6 Pack (in-stock-color-match-caulk-6-pack). buyOnline available; SKU derived from URL slug; name is marketing title | https://www.c-sgroup.com/product/wall-protection-accessories/in-stock-color-match-caulk-6-pack,,,,USD,EA
Construction Specialties,CS-in-stock-hrb-4c-additional-brackets,Accessory,10 26 00,Construction Specialties HRB-4C Additional brackets - 4 pack (in-stock-hrb-4c-additional-brackets). buyOnline available; SKU=URL slug; name=product title | https://www.c-sgroup.com/product/wall-protection-accessories/in-stock-hrb-4c-additional-brackets,,,,USD,EA
Construction Specialties,CS-in-stock-hrb-4c-end-caps-4-pack,Accessory,10 26 00,Construction Specialties HRB-4C End Caps - 4 pack (in-stock-hrb-4c-end-caps-4-pack). buyOnline available; SKU=URL slug; name=product title | https://www.c-sgroup.com/product/wall-protection-accessories/in-stock-hrb-4c-end-caps-4-pack,,,,USD,EA
Construction Specialties,CS-in-stock-hrb-4c-outside-corner-2-pack,Accessory,10 26 00,Construction Specialties HRB-4C Outside Corner - 2 Pack (in-stock-hrb-4c-outside-corner-2-pack). buyOnline available; SKU=URL slug; name=product title | https://www.c-sgroup.com/product/wall-protection-accessories/in-stock-hrb-4c-outside-corner-2-pack,,,,USD,EA
Construction Specialties,CS-in-stock-hrb-4c-splices-4-pack,Accessory,10 26 00,Construction Specialties HRB-4C Splices - 4 Pack (in-stock-hrb-4c-splices-4-pack). buyOnline available; SKU=URL slug; name=product title | https://www.c-sgroup.com/product/wall-protection-accessories/in-stock-hrb-4c-splices-4-pack,,,,USD,EA
Construction Specialties,CS-in-stock-primer-1-gallon,Accessory,10 26 00,Construction Specialties Primer - 1 Gallon (in-stock-primer-1-gallon). buyOnline available; SKU derived from URL slug; name is marketing title | https://www.c-sgroup.com/product/wall-protection-accessories/in-stock-primer-1-gallon,,,,USD,EA
Construction Specialties,CS-in-stock-quick-lock-wrench,Accessory,10 26 00,Construction Specialties Quick Lock Wrench (in-stock-quick-lock-wrench). buyOnline available; SKU derived from URL slug; name is marketing title | https://www.c-sgroup.com/product/wall-protection-accessories/in-stock-quick-lock-wrench,,,,USD,EA
Construction Specialties,CS-in-stock-scr-40-end-caps-4-pack,Accessory,10 26 00,Construction Specialties SCR-40 End Caps - 4 pack (in-stock-scr-40-end-caps-4-pack). Mounting Surface-Mounted. buyOnline available; SKU=URL slug; name=product title | https://www.c-sgroup.com/product/wall-protection-accessories/in-stock-scr-40-end-caps-4-pack,Surface-Mounted,,,USD,EA
Construction Specialties,CS-in-stock-scr-48-end-caps-4-pack,Accessory,10 26 00,Construction Specialties SCR-48 End Caps - 4 pack (in-stock-scr-48-end-caps-4-pack). Mounting Surface-Mounted. buyOnline available; SKU=URL slug; name=product title | https://www.c-sgroup.com/product/wall-protection-accessories/in-stock-scr-48-end-caps-4-pack,Surface-Mounted,,,USD,EA
Construction Specialties,CS-in-stock-scr-48-splices-4-pack,Accessory,10 26 00,Construction Specialties SCR-48 Splices - 4 pack (in-stock-scr-48-splices-4-pack). Mounting Surface-Mounted. buyOnline available; SKU=URL slug; name=product title | https://www.c-sgroup.com/product/wall-protection-accessories/in-stock-scr-48-splices-4-pack,Surface-Mounted,,,USD,EA
Construction Specialties,CS-in-stock-scr-50-end-caps-4-pack,Accessory,10 26 00,Construction Specialties SCR-50 End Caps - 4 pack (in-stock-scr-50-end-caps-4-pack). Mounting Surface-Mounted. buyOnline available; SKU=URL slug; name=product title | https://www.c-sgroup.com/product/wall-protection-accessories/in-stock-scr-50-end-caps-4-pack,Surface-Mounted,,,USD,EA
Construction Specialties,CS-in-stock-scr-64-end-caps,Accessory,10 26 00,Construction Specialties SCR-64 End Caps - 4 pack (in-stock-scr-64-end-caps). Mounting Surface-Mounted. buyOnline available; SKU=URL slug; name=product title | https://www.c-sgroup.com/product/wall-protection-accessories/in-stock-scr-64-end-caps,Surface-Mounted,,,USD,EA
Construction Specialties,CS-in-stock-scr-64-splices-4-pack,Accessory,10 26 00,Construction Specialties SCR-64 Splices - 4 pack (in-stock-scr-64-splices-4-pack). Mounting Surface-Mounted. buyOnline available; SKU=URL slug; name=product title | https://www.c-sgroup.com/product/wall-protection-accessories/in-stock-scr-64-splices-4-pack,Surface-Mounted,,,USD,EA
Construction Specialties,CS-in-stock-scr-80-end-caps-4-pack,Accessory,10 26 00,Construction Specialties SCR-80 End Caps - 4 pack (in-stock-scr-80-end-caps-4-pack). Mounting Surface-Mounted. buyOnline available; SKU=URL slug; name=product title | https://www.c-sgroup.com/product/wall-protection-accessories/in-stock-scr-80-end-caps-4-pack,Surface-Mounted,,,USD,EA
Construction Specialties,CS-in-stock-scr-80-splices-4-pack,Accessory,10 26 00,Construction Specialties SCR-80 Splices - 4 pack (in-stock-scr-80-splices-4-pack). Mounting Surface-Mounted. buyOnline available; SKU=URL slug; name=product title | https://www.c-sgroup.com/product/wall-protection-accessories/in-stock-scr-80-splices-4-pack,Surface-Mounted,,,USD,EA
Construction Specialties,CS-in-stock-v-notch-trowel,Accessory,10 26 00,Construction Specialties V-Notch Trowel (in-stock-v-notch-trowel). buyOnline available; SKU derived from URL slug; name is marketing title | https://www.c-sgroup.com/product/wall-protection-accessories/in-stock-v-notch-trowel,,,,USD,EA
Construction Specialties,CS-pressure-roller,Accessory,10 26 00,Construction Specialties Pressure Roller (pressure-roller). buyOnline available; SKU derived from URL slug; name is marketing title | https://www.c-sgroup.com/product/wall-protection-accessories/pressure-roller,,,,USD,EA
Construction Specialties,CS-roll-on-adhesive-textured-roller-cover-2-pack,Accessory,10 26 00,Construction Specialties Roll-On Adhesive - Textured Roller Cover - 2 Pack (roll-on-adhesive-textured-roller-cover-2-pack). Finish texture. Mounting Adhesive. buyOnline available; SKU derived from URL slug; name is marketing title | https://www.c-sgroup.com/product/wall-protection-accessories/roll-on-adhesive-textured-roller-cover-2-pack,Adhesive,,,USD,EA
Construction Specialties,CS-BG-10,Bumper Guard,10 26 00,Construction Specialties Acrovyn Bumper Guard BG-10. Mounting Bumper-Mounted. Bullnose bumper guard; Model page from CS product family API. Prefer gap-check CM_Deploy before duplicating. | https://www.c-sgroup.com/product/crash-rails/bg-10,Bumper-Mounted,,,USD,EA
Construction Specialties,CS-BG-30,Bumper Guard,10 26 00,"Construction Specialties Acrovyn Bumper Guard BG-30. Profile height 2-3/4"". Mounting Bumper-Mounted. 2-3/4in high; Model page from CS product family API. Prefer gap-check CM_Deploy before duplicating. | https://www.c-sgroup.com/product/crash-rails/bg-30",Bumper-Mounted,,,USD,EA
Construction Specialties,CS-8PH,Corner Guard,10 26 00,"Construction Specialties Corner Guard 8PH. split from combined listing ""8PH/S8PH"" | https://www.c-sgroup.com/product/corner-guards/8phs8ph",,,,USD,EA
Construction Specialties,CS-S8PH,Corner Guard,10 26 00,"Construction Specialties Corner Guard S8PH. split from combined listing ""8PH/S8PH"" | https://www.c-sgroup.com/product/corner-guards/8phs8ph",,,,USD,EA
Construction Specialties,CS-FS-10,Corner Guard,10 26 00,Construction Specialties FS Series Corner Guard FS-10. Product sheet reference on FS-20 page; Model page from CS product family API. Prefer gap-check CM_Deploy before duplicating. ; Candidate model token from detail/CAD page https://www.c-sgroup.com/product/corner-guards/fs-10. Verify before CM_Deploy create. | https://www.c-sgroup.com/product/corner-guards/fs-20,,,,USD,EA
Construction Specialties,CS-FS-10M,Corner Guard,10 26 00,Construction Specialties Corner Guard FS-10M. Candidate model token from detail/CAD page https://www.c-sgroup.com/product/corner-guards/fs-10. Verify before CM_Deploy create. | https://www.c-sgroup.com/product/corner-guards/fs-10,,,,USD,EA
Construction Specialties,CS-FS-10MR,Corner Guard,10 26 00,Construction Specialties Corner Guard FS-10MR. Extracted from product/CAD page; verify before CM_Deploy create (gap vs existing). | https://www.c-sgroup.com/product/corner-guards/fs-10r,,,,USD,EA
Construction Specialties,CS-FS-10N,Corner Guard,10 26 00,FS Series Corner Guard FS-10N. Mounting Flush. 90° flush; standard retainer. Literature/CAD expansion; gap-check CM_Deploy before create. CM_Deploy catalog target only (do not publish to USISupply). | https://www.c-sgroup.com/product/corner-guards/fs-20,Flush,,,USD,EA
Construction Specialties,CS-FS-10R,Corner Guard,10 26 00,Construction Specialties Corner Guard FS-10R. model page from c-sgroup product family/sitemap; Model page from CS product family API. Prefer gap-check CM_Deploy before duplicating. | https://www.c-sgroup.com/product/corner-guards/fs-10r,,,,USD,EA
Construction Specialties,CS-FS-20,Corner Guard,10 26 00,Construction Specialties FS Series Corner Guard FS-20. Mounting Flush. Flush mount Acrovyn; Model page from CS product family API. Prefer gap-check CM_Deploy before duplicating. ; Candidate model token from detail/CAD page https://www.c-sgroup.com/product/corner-guards/fs-10. Verify before CM_Deploy create. | https://www.c-sgroup.com/product/corner-guards/fs-20,Flush,,,USD,EA
Construction Specialties,CS-FS-20M,Corner Guard,10 26 00,FS Series Corner Guard FS-20M. Mounting Flush. Odd-angle flush FS-20. Literature/CAD expansion; gap-check CM_Deploy before create. CM_Deploy catalog target only (do not publish to USISupply). | https://www.c-sgroup.com/product/corner-guards/fs-20,Flush,,,USD,EA
Construction Specialties,CS-FS-20MR,Corner Guard,10 26 00,FS Series Corner Guard FS-20MR. Mounting Flush. Odd-angle fire-rated flush. Literature/CAD expansion; gap-check CM_Deploy before create. CM_Deploy catalog target only (do not publish to USISupply). | https://www.c-sgroup.com/product/corner-guards/fs-20,Flush,,,USD,EA
Construction Specialties,CS-FS-20N,Corner Guard,10 26 00,Construction Specialties FS Series Corner Guard FS-20N. N variant | https://www.c-sgroup.com/product/corner-guards/fs-20,,,,USD,EA
Construction Specialties,CS-FS-20R,Corner Guard,10 26 00,Construction Specialties FS Series Corner Guard FS-20R. Related radius/variant of FS-20; Model page from CS product family API. Prefer gap-check CM_Deploy before duplicating. ; Candidate model token from detail/CAD page https://www.c-sgroup.com/product/corner-guards/fs-10. Verify before CM_Deploy create. | https://www.c-sgroup.com/product/corner-guards/fs-20,,,,USD,EA
Construction Specialties,CS-FSC-25,Corner Guard,10 26 00,Construction Specialties Corner Guard FSC-25. model page from c-sgroup product family/sitemap; Model page from CS product family API. Prefer gap-check CM_Deploy before duplicating. | https://www.c-sgroup.com/product/corner-guards/fsc-25,,,,USD,EA
Construction Specialties,CS-FSC-254AN,Corner Guard,10 26 00,Construction Specialties FSC254AN End Wall Cap (FSC-254AN). Mounting Flush. 4ft flush-mounted end wall cap; store listing | https://www.thecornerguardstore.com/brands/csgroup.html?page=1,Flush,,,USD,EA
Construction Specialties,CS-FSC-258AN,Corner Guard,10 26 00,Construction Specialties FSC258AN End Wall Cap (FSC-258AN). Mounting Flush. 8ft flush-mounted end wall cap; store listing | https://www.thecornerguardstore.com/brands/csgroup.html?page=1,Flush,,,USD,EA
Construction Specialties,CS-FSC-25M,Corner Guard,10 26 00,FSC Series Corner Guard FSC-25M. Mounting Flush. FSC odd-angle / end-wall. Literature/CAD expansion; gap-check CM_Deploy before create. CM_Deploy catalog target only (do not publish to USISupply). | https://www.c-sgroup.com/product/corner-guards/fsc-25,Flush,,,USD,EA
Construction Specialties,CS-FSC-25N,Corner Guard,10 26 00,Construction Specialties FSC Series Corner Guard FSC-25N. Healthcare selector mention,,,,USD,EA
Construction Specialties,CS-HC-100,Corner Guard,10 26 00,HC Series Corner Guard HC-100. Mounting Surface-Mounted. Rubber corner; 75°–105°. Literature/CAD expansion; gap-check CM_Deploy before create. CM_Deploy catalog target only (do not publish to USISupply).,Surface-Mounted,,,USD,EA
Construction Specialties,CS-HC-75,Corner Guard,10 26 00,HC Series Corner Guard HC-75. Mounting Surface-Mounted. Rubber corner; 85°–95°. Literature/CAD expansion; gap-check CM_Deploy before create. CM_Deploy catalog target only (do not publish to USISupply).,Surface-Mounted,,,USD,EA
Construction Specialties,CS-HC100C,Corner Guard,10 26 00,Construction Specialties Corner Guard HC100C. model page from c-sgroup product family/sitemap; Model page from CS product family API. Prefer gap-check CM_Deploy before duplicating. | https://www.c-sgroup.com/product/corner-guards/hc100c,,,,USD,EA
Construction Specialties,CS-HC75C,Corner Guard,10 26 00,Construction Specialties Corner Guard HC75C. model page from c-sgroup product family/sitemap; Model page from CS product family API. Prefer gap-check CM_Deploy before duplicating. | https://www.c-sgroup.com/product/corner-guards/hc75c,,,,USD,EA
Construction Specialties,CS-HR-,Corner Guard,10 26 00,Construction Specialties Corner Guard HR-. Extracted from product/CAD page; verify before CM_Deploy create (gap vs existing). | https://www.c-sgroup.com/product/corner-guards/fs-10r,,,,USD,EA
Construction Specialties,CS-LG-034,Corner Guard,10 26 00,"Construction Specialties LG Series Corner Guard LG-034. Clear polycarbonate; 3/4"" leg, 90°. From CS LG Series product sheet PS.LG.0323. | https://www.c-sgroup.com/product/corner-guards/lg-series",,,,USD,EA
Construction Specialties,CS-LG-118,Corner Guard,10 26 00,"Construction Specialties LG Series Corner Guard LG-118. 1-1/8"" leg, 90°. From CS LG Series product sheet PS.LG.0323. | https://www.c-sgroup.com/product/corner-guards/lg-series",,,,USD,EA
Construction Specialties,CS-LG-118M,Corner Guard,10 26 00,"Construction Specialties LG Series Corner Guard LG-118M. 1-1/8"" leg, odd-degree. From CS LG Series product sheet PS.LG.0323. | https://www.c-sgroup.com/product/corner-guards/lg-series",,,,USD,EA
Construction Specialties,CS-LG-150,Corner Guard,10 26 00,"Construction Specialties LG Series Corner Guard LG-150. 1-1/2"" leg, 90°. From CS LG Series product sheet PS.LG.0323. | https://www.c-sgroup.com/product/corner-guards/lg-series",,,,USD,EA
Construction Specialties,CS-LG-150M,Corner Guard,10 26 00,"Construction Specialties LG Series Corner Guard LG-150M. 1-1/2"" leg, odd-degree. From CS LG Series product sheet PS.LG.0323. | https://www.c-sgroup.com/product/corner-guards/lg-series",,,,USD,EA
Construction Specialties,CS-LG-20,Corner Guard,10 26 00,Construction Specialties LG20 Clear Polycarbonate Corner Guard (LG-20). 48in x 2in x 2in; .075in clear Lexan store listing | https://www.thecornerguardstore.com/brands/csgroup.html?page=1,,,,USD,EA
Construction Specialties,CS-LG-200,Corner Guard,10 26 00,"Construction Specialties LG Series Corner Guard LG-200. 2"" leg, 90°. From CS LG Series product sheet PS.LG.0323. | https://www.c-sgroup.com/product/corner-guards/lg-series",,,,USD,EA
Construction Specialties,CS-LG-200M,Corner Guard,10 26 00,"Construction Specialties LG Series Corner Guard LG-200M. 2"" leg, odd-degree. From CS LG Series product sheet PS.LG.0323. | https://www.c-sgroup.com/product/corner-guards/lg-series",,,,USD,EA
Construction Specialties,CS-LG-250,Corner Guard,10 26 00,"Construction Specialties LG Series Corner Guard LG-250. 2-1/2"" leg, 90°. From CS LG Series product sheet PS.LG.0323. | https://www.c-sgroup.com/product/corner-guards/lg-series",,,,USD,EA
Construction Specialties,CS-LG-250M,Corner Guard,10 26 00,"Construction Specialties LG Series Corner Guard LG-250M. 2-1/2"" leg, odd-degree. From CS LG Series product sheet PS.LG.0323. | https://www.c-sgroup.com/product/corner-guards/lg-series",,,,USD,EA
Construction Specialties,CS-LG-300,Corner Guard,10 26 00,"Construction Specialties LG Series Corner Guard LG-300. 3"" leg, 90°. From CS LG Series product sheet PS.LG.0323. | https://www.c-sgroup.com/product/corner-guards/lg-series",,,,USD,EA
Construction Specialties,CS-LG-300M,Corner Guard,10 26 00,"Construction Specialties LG Series Corner Guard LG-300M. 3"" leg, odd-degree. From CS LG Series product sheet PS.LG.0323. | https://www.c-sgroup.com/product/corner-guards/lg-series",,,,USD,EA
Construction Specialties,CS-SFS-10,Corner Guard,10 26 00,Construction Specialties SFS Series Corner Guard SFS-10. Mounting Flush. Flush mount; Model page from CS product family API. Prefer gap-check CM_Deploy before duplicating. | https://www.c-sgroup.com/product/corner-guards/sfs-10,Flush,,,USD,EA
Construction Specialties,CS-SFS-10N,Corner Guard,10 26 00,SFS Series Corner Guard SFS-10N. Mounting Flush. 90° flush bullnose; standard retainer. Literature/CAD expansion; gap-check CM_Deploy before create. CM_Deploy catalog target only (do not publish to USISupply). | https://www.c-sgroup.com/product/corner-guards/sfs-20,Flush,,,USD,EA
Construction Specialties,CS-SFS-10R,Corner Guard,10 26 00,Construction Specialties Corner Guard SFS-10R. model page from c-sgroup product family/sitemap; Model page from CS product family API. Prefer gap-check CM_Deploy before duplicating. | https://www.c-sgroup.com/product/corner-guards/sfs-10r,,,,USD,EA
Construction Specialties,CS-SFS-20,Corner Guard,10 26 00,Construction Specialties SFS Series Corner Guard SFS-20. Mounting Flush. Flush mount; Model page from CS product family API. Prefer gap-check CM_Deploy before duplicating. | https://www.c-sgroup.com/product/corner-guards/sfs-20,Flush,,,USD,EA
Construction Specialties,CS-SFS-20N,Corner Guard,10 26 00,SFS Series Corner Guard SFS-20N. Mounting Flush. 90° flush; standard retainer. Literature/CAD expansion; gap-check CM_Deploy before create. CM_Deploy catalog target only (do not publish to USISupply). | https://www.c-sgroup.com/product/corner-guards/sfs-20,Flush,,,USD,EA
Construction Specialties,CS-SFS-20R,Corner Guard,10 26 00,Construction Specialties Corner Guard SFS-20R. model page from c-sgroup product family/sitemap; Model page from CS product family API. Prefer gap-check CM_Deploy before duplicating. | https://www.c-sgroup.com/product/corner-guards/sfs-20r,,,,USD,EA
Construction Specialties,CS-SM-10,Corner Guard,10 26 00,Construction Specialties Corner Guard SM-10. Mounting Snap-On. model page from c-sgroup product family/sitemap; Model page from CS product family API. Prefer gap-check CM_Deploy before duplicating. ; Candidate model token from detail/CAD page https://www.c-sgroup.com/product/corner-guards/ssm-20ssm-25. Verify before CM_Deploy create. | https://www.c-sgroup.com/product/corner-guards/sm-10,Snap-On,,,USD,EA
Construction Specialties,CS-SM-104BN,Corner Guard,10 26 00,"Construction Specialties SM104BN Bullnose Corner Guard (SM-104BN). Mounting Surface-Mounted. 4ft x 3in x 3in, 1in bullnose store listing | https://www.thecornerguardstore.com/brands/csgroup.html?page=1",Surface-Mounted,,,USD,EA
Construction Specialties,CS-SM-108BN,Corner Guard,10 26 00,"Construction Specialties SM108BN Bullnose Corner Guard (SM-108BN). Mounting Surface-Mounted. 8ft x 3in x 3in, 1-1/4in bullnose store listing | https://www.thecornerguardstore.com/brands/csgroup.html?page=1",Surface-Mounted,,,USD,EA
Construction Specialties,CS-SM-10N,Corner Guard,10 26 00,Construction Specialties SM10N (SM-10N). Mounting Surface-Mounted. Extracted from product/CAD page; verify before CM_Deploy create (gap vs existing). | https://www.c-sgroup.com/product/corner-guards/sm-10,Surface-Mounted,,,USD,EA
Construction Specialties,CS-SM-20,Corner Guard,10 26 00,Construction Specialties Corner Guard SM-20. Mounting Snap-On. buyOnline available; Model page from CS product family API. Prefer gap-check CM_Deploy before duplicating. ; Candidate model token from detail/CAD page https://www.c-sgroup.com/product/corner-guards/ssm-20ssm-25. Verify before CM_Deploy create. | https://www.c-sgroup.com/product/corner-guards/sm-20,Snap-On,,,USD,EA
Construction Specialties,CS-SM-20A,Corner Guard,10 26 00,Construction Specialties Corner Guard SM-20A. Mounting Surface-Mounted. Extracted from product/CAD page; verify before CM_Deploy create (gap vs existing). | https://www.c-sgroup.com/product/corner-guards/sm-20,Surface-Mounted,,,USD,EA
Construction Specialties,CS-SM-20AN,Corner Guard,10 26 00,Construction Specialties Corner Guard SM-20AN. Mounting Surface-Mounted. Extracted from product/CAD page; verify before CM_Deploy create (gap vs existing). | https://www.c-sgroup.com/product/corner-guards/sm-20,Surface-Mounted,,,USD,EA
Construction Specialties,CS-SM-20M,Corner Guard,10 26 00,Construction Specialties Corner Guard SM-20M. Mounting Snap-On. model page from c-sgroup product family/sitemap; Model page from CS product family API. Prefer gap-check CM_Deploy before duplicating. ; Candidate model token from detail/CAD page https://www.c-sgroup.com/product/corner-guards/ssm-20ssm-25. Verify before CM_Deploy create. | https://www.c-sgroup.com/product/corner-guards/sm-20m,Snap-On,,,USD,EA
Construction Specialties,CS-SM-20MN,Corner Guard,10 26 00,SM Series Corner Guard SM-20MN. Mounting Surface-Mounted. Odd-degree + aluminum retainer. Literature/CAD expansion; gap-check CM_Deploy before create. CM_Deploy catalog target only (do not publish to USISupply). | https://www.c-sgroup.com/product/corner-guards/sm-20,Surface-Mounted,,,USD,EA
Construction Specialties,CS-SM-20N,Corner Guard,10 26 00,SM Series Corner Guard SM-20N. Mounting Surface-Mounted. Regrind PVC-free retainer. Literature/CAD expansion; gap-check CM_Deploy before create. CM_Deploy catalog target only (do not publish to USISupply). | https://www.c-sgroup.com/product/corner-guards/sm-20,Surface-Mounted,,,USD,EA
Construction Specialties,CS-SSM-10,Corner Guard,10 26 00,Construction Specialties SSM Series Corner Guard SSM-10. Mounting Snap-On. Snap-on | https://www.c-sgroup.com/product/corner-guards/ssm-20ssm-25,Snap-On,,,USD,EA
Construction Specialties,CS-SSM-104BN,Corner Guard,10 26 00,"Construction Specialties SSM104BN Bullnose Corner Guard (SSM-104BN). Mounting Snap-On. 4ft x 2in x 2in, 1-1/4in bullnose store listing | https://www.thecornerguardstore.com/brands/csgroup.html?page=1",Snap-On,,,USD,EA
Construction Specialties,CS-SSM-108BN,Corner Guard,10 26 00,"Construction Specialties SSM108BN Bullnose Corner Guard (SSM-108BN). Mounting Snap-On. 8ft x 2in x 2in, 1-1/4in bullnose store listing | https://www.thecornerguardstore.com/brands/csgroup.html?page=1",Snap-On,,,USD,EA
Construction Specialties,CS-SSM-10N,Corner Guard,10 26 00,"SSM Series Corner Guard SSM-10N. Mounting Snap-On. 2"" legs bullnose; continuous aluminum retainer. Literature/CAD expansion; gap-check CM_Deploy before create. CM_Deploy catalog target only (do not publish to USISupply). | https://www.c-sgroup.com/product/corner-guards/ssm-20ssm-25",Snap-On,,,USD,EA
Construction Specialties,CS-SSM-15,Corner Guard,10 26 00,"Construction Specialties SSM Series Corner Guard SSM-15. Mounting Snap-On. split from combined listing ""SSM-10/SSM-15"" | https://www.c-sgroup.com/product/corner-guards/ssm-20ssm-25",Snap-On,,,USD,EA
Construction Specialties,CS-SSM-15N,Corner Guard,10 26 00,Construction Specialties SSM Series Corner Guard SSM-15N. Mounting Snap-On | https://www.c-sgroup.com/product/corner-guards/ssm-20ssm-25,Snap-On,,,USD,EA
Construction Specialties,CS-SSM-20,Corner Guard,10 26 00,Construction Specialties SSM Series Corner Guard SSM-20. Mounting Snap-On. Snap-on cover; Candidate model token from detail/CAD page https://www.c-sgroup.com/product/corner-guards/ssm-20ssm-25. Verify before CM_Deploy create. | https://www.c-sgroup.com/product/corner-guards/ssm-20ssm-25,Snap-On,,,USD,EA
Construction Specialties,CS-SSM-20A,Corner Guard,10 26 00,Construction Specialties Corner Guard SSM-20A. Mounting Snap-On. Candidate model token from detail/CAD page https://www.c-sgroup.com/product/corner-guards/ssm-20ssm-25. Verify before CM_Deploy create. | https://www.c-sgroup.com/product/corner-guards/ssm-20ssm-25,Snap-On,,,USD,EA
Construction Specialties,CS-SSM-20AN,Corner Guard,10 26 00,SSM Series Corner Guard SSM-20AN. Mounting Snap-On. Aluminum retainer + N retainer code. Literature/CAD expansion; gap-check CM_Deploy before create. CM_Deploy catalog target only (do not publish to USISupply). | https://www.c-sgroup.com/product/corner-guards/ssm-20ssm-25,Snap-On,,,USD,EA
Construction Specialties,CS-SSM-20N,Corner Guard,10 26 00,Construction Specialties Corner Guard SSM-20N. Mounting Snap-On. Candidate model token from detail/CAD page https://www.c-sgroup.com/product/corner-guards/ssm-20ssm-25. Verify before CM_Deploy create. | https://www.c-sgroup.com/product/corner-guards/ssm-20ssm-25,Snap-On,,,USD,EA
Construction Specialties,CS-SSM-25,Corner Guard,10 26 00,Construction Specialties SSM Series Corner Guard SSM-25. Mounting Snap-On. Snap-on cover; Candidate model token from detail/CAD page https://www.c-sgroup.com/product/corner-guards/ssm-20ssm-25. Verify before CM_Deploy create. | https://www.c-sgroup.com/product/corner-guards/ssm-20ssm-25,Snap-On,,,USD,EA
Construction Specialties,CS-SSM-25A,Corner Guard,10 26 00,Construction Specialties Corner Guard SSM-25A. Mounting Snap-On. Candidate model token from detail/CAD page https://www.c-sgroup.com/product/corner-guards/ssm-20ssm-25. Verify before CM_Deploy create. | https://www.c-sgroup.com/product/corner-guards/ssm-20ssm-25,Snap-On,,,USD,EA
Construction Specialties,CS-SSM-25AN,Corner Guard,10 26 00,SSM Series Corner Guard SSM-25AN. Mounting Snap-On. End-wall aluminum retainer N. Literature/CAD expansion; gap-check CM_Deploy before create. CM_Deploy catalog target only (do not publish to USISupply). | https://www.c-sgroup.com/product/corner-guards/ssm-20ssm-25,Snap-On,,,USD,EA
Construction Specialties,CS-SSM-25M,Corner Guard,10 26 00,Construction Specialties Corner Guard SSM-25M. Mounting Snap-On. Candidate model token from detail/CAD page https://www.c-sgroup.com/product/corner-guards/ssm-20ssm-25. Verify before CM_Deploy create. | https://www.c-sgroup.com/product/corner-guards/ssm-20ssm-25,Snap-On,,,USD,EA
Construction Specialties,CS-SSM-25MA,Corner Guard,10 26 00,Construction Specialties Corner Guard SSM-25MA. Mounting Snap-On. Candidate model token from detail/CAD page https://www.c-sgroup.com/product/corner-guards/ssm-20ssm-25. Verify before CM_Deploy create. | https://www.c-sgroup.com/product/corner-guards/ssm-20ssm-25,Snap-On,,,USD,EA
Construction Specialties,CS-SSM-25MN,Corner Guard,10 26 00,Construction Specialties SSM Series Corner Guard SSM-25MN. Mounting Snap-On | https://www.c-sgroup.com/product/corner-guards/ssm-20ssm-25,Snap-On,,,USD,EA
Construction Specialties,CS-SSM-25N,Corner Guard,10 26 00,Construction Specialties SSM Series Corner Guard SSM-25N. Mounting Snap-On | https://www.c-sgroup.com/product/corner-guards/ssm-20ssm-25,Snap-On,,,USD,EA
Construction Specialties,CS-ACO-8,Corner Guard,10 26 00,Construction Specialties Stainless Steel Corner Guard ACO-8. buyOnline available; Model page from CS product family API. Prefer gap-check CM_Deploy before duplicating. | https://www.c-sgroup.com/product/corner-guards/aco-8,,,,USD,EA
Construction Specialties,CS-ACO-8M,Corner Guard,10 26 00,Construction Specialties Stainless Steel Corner Guard ACO-8M. Odd-angle variant,,,,USD,EA
Construction Specialties,CS-ASCO-8,Corner Guard,10 26 00,Construction Specialties Stainless Steel Corner Guard ASCO-8. Related to SCO-8; Model page from CS product family API. Prefer gap-check CM_Deploy before duplicating. | https://www.c-sgroup.com/product/corner-guards/sco-8,,,,USD,EA
Construction Specialties,CS-ASCO-8M,Corner Guard,10 26 00,Stainless Corner Guards Corner Guard ASCO-8M. Mounting Surface-Mounted. ASCO-8 odd-angle / end-wall. Literature/CAD expansion; gap-check CM_Deploy before create. CM_Deploy catalog target only (do not publish to USISupply).,Surface-Mounted,,,USD,EA
Construction Specialties,CS-CO-8,Corner Guard,10 26 00,Construction Specialties Stainless Steel Corner Guard CO-8. Mounting Surface-Mounted. Related to SCO-8 family; 16ga surface mount; Model page from CS product family API. Prefer gap-check CM_Deploy before duplicating. | https://www.c-sgroup.com/product/corner-guards/sco-8,Surface-Mounted,,,USD,EA
Construction Specialties,CS-CO-8M,Corner Guard,10 26 00,Construction Specialties Stainless Steel Corner Guard CO-8M. Odd-angle variant,,,,USD,EA
Construction Specialties,CS-SCO-8,Corner Guard,10 26 00,Construction Specialties Stainless Steel Corner Guard SCO-8. 3-1/2in legs; type 304 #4 satin; Model page from CS product family API. Prefer gap-check CM_Deploy before duplicating. | https://www.c-sgroup.com/product/corner-guards/sco-8,,,,USD,EA
Construction Specialties,CS-SCO-8M,Corner Guard,10 26 00,Stainless Corner Guards Corner Guard SCO-8M. Mounting Surface-Mounted. SCO-8 odd-angle / end-wall. Literature/CAD expansion; gap-check CM_Deploy before create. CM_Deploy catalog target only (do not publish to USISupply). | https://www.c-sgroup.com/product/corner-guards/sco-8,Surface-Mounted,,,USD,EA
Construction Specialties,CS-TFC,Corner Guard,10 26 00,Construction Specialties Acrovyn Corner Guard TFC. CS Corner Guards listing / Jan 2026 product guide | https://www.c-sgroup.com/product/corner-guards/tfctfch,,,,USD,EA
Construction Specialties,CS-TFCH,Corner Guard,10 26 00,Construction Specialties Acrovyn Corner Guard TFCH. CS Corner Guards listing / Jan 2026 product guide | https://www.c-sgroup.com/product/corner-guards/tfctfch,,,,USD,EA
Construction Specialties,CS-VA-034,Corner Guard,10 26 00,Construction Specialties Acrovyn Corner Guard VA-034. Mounting Adhesive. CS Corner Guards listing / Jan 2026 product guide | https://www.c-sgroup.com/product/corner-guards/va-series,Adhesive,,,USD,EA
Construction Specialties,CS-VA-034N,Corner Guard,10 26 00,Construction Specialties VA Series Corner Guard VA-034N. Mounting Adhesive. Adhesive mount; no retainer | https://www.c-sgroup.com/product/corner-guards/va-series,Adhesive,,,USD,EA
Construction Specialties,CS-VA-20,Corner Guard,10 26 00,Construction Specialties VA20 Corner Guard (VA-20). Mounting Adhesive. 4ft/8ft textured vinyl corner guard; store listing model | https://www.thecornerguardstore.com/brands/csgroup.html?page=1,Adhesive,,,USD,EA
Construction Specialties,CS-VA-200,Corner Guard,10 26 00,Construction Specialties VA Series Corner Guard VA-200. Mounting Adhesive. 1.5in leg mentioned in configurator | https://www.c-sgroup.com/product/corner-guards/va-series,Adhesive,,,USD,EA
Construction Specialties,CS-VA-200MN,Corner Guard,10 26 00,Construction Specialties VA Series Corner Guard VA-200MN. Mounting Adhesive | https://www.c-sgroup.com/product/corner-guards/va-series,Adhesive,,,USD,EA
Construction Specialties,CS-VA-200N,Corner Guard,10 26 00,Construction Specialties VA Series Corner Guard VA-200N. Mounting Adhesive | https://www.c-sgroup.com/product/corner-guards/va-series,Adhesive,,,USD,EA
Construction Specialties,CS-VA-25,Corner Guard,10 26 00,Construction Specialties VA25 Corner Guard (VA-25). Mounting Adhesive. 8ft textured vinyl corner guard; store listing model | https://www.thecornerguardstore.com/brands/csgroup.html?page=1,Adhesive,,,USD,EA
Construction Specialties,CS-VA-250,Corner Guard,10 26 00,Construction Specialties Acrovyn Corner Guard VA-250. Mounting Adhesive. CS Corner Guards listing / Jan 2026 product guide | https://www.c-sgroup.com/product/corner-guards/va-series,Adhesive,,,USD,EA
Construction Specialties,CS-VA-250MN,Corner Guard,10 26 00,Construction Specialties VA Series Corner Guard VA-250MN. Mounting Adhesive | https://www.c-sgroup.com/product/corner-guards/va-series,Adhesive,,,USD,EA
Construction Specialties,CS-VA-250N,Corner Guard,10 26 00,Construction Specialties VA Series Corner Guard VA-250N. Mounting Adhesive | https://www.c-sgroup.com/product/corner-guards/va-series,Adhesive,,,USD,EA
Construction Specialties,CS-16SSV,Crash Rail,10 26 00,"Construction Specialties Crash Rail 16SSV. Mounting Surface-Mounted. split from combined listing ""SCR-16SSP/16SSV"" | https://www.c-sgroup.com/product/crash-rails/scr-16ssp-16ssv",Surface-Mounted,,,USD,EA
Construction Specialties,CS-200A,Crash Rail,10 26 00,"Construction Specialties Crash Rail 200A. split from combined listing ""BL-100A/200A"" | https://www.c-sgroup.com/product/crash-rails/bl-100a200a",,,,USD,EA
Construction Specialties,CS-6SF,Crash Rail,10 26 00,"Construction Specialties Crash Rail 6SF. Mounting Extended. split from combined listing ""ECR-6S/6SF"" | https://www.c-sgroup.com/product/crash-rails/ecr-6s6sf",Extended,,,USD,EA
Construction Specialties,CS-ECR,Crash Rail,10 26 00,Construction Specialties Crash Rail ECR. Mounting Extended. Candidate model token from detail/CAD page https://www.c-sgroup.com/product/crash-rails/ecr-60s-series. Verify before CM_Deploy create. | https://www.c-sgroup.com/product/crash-rails/ecr-60s-series,Extended,,,USD,EA
Construction Specialties,CS-BCR-40,Crash Rail,10 26 00,"Construction Specialties Acrovyn Crash Rail BCR-40. Profile height 4"". Mounting Surface-Mounted. Bumper mount; Split from combined title ""SCR-40 / BCR-40 / ECR-40"". | https://www.c-sgroup.com/product/crash-rails/scrbcr-ecr-40",Surface-Mounted,,,USD,EA
Construction Specialties,CS-BCR-40M,Crash Rail,10 26 00,"BCR Crash Rails BCR-40M. Profile height 4"". Mounting Bumper-Mounted. BCR-40 modified. Literature/CAD expansion; gap-check CM_Deploy before create. CM_Deploy catalog target only (do not publish to USISupply). | https://www.c-sgroup.com/product/crash-rails/scrbcr-ecr-40",Bumper-Mounted,,,USD,EA
Construction Specialties,CS-BCR-48,Crash Rail,10 26 00,"Construction Specialties Acrovyn Crash Rail BCR-48. Profile height 6"". Mounting Surface-Mounted. Bumper mount; Split from combined title ""SCR-48 / BCR-48 / ECR-48"". | https://www.c-sgroup.com/product/crash-rails/scrbcr-ecr-48",Surface-Mounted,,,USD,EA
Construction Specialties,CS-BCR-48M,Crash Rail,10 26 00,"BCR Crash Rails BCR-48M. Profile height 6"". Mounting Bumper-Mounted. BCR-48 modified. Literature/CAD expansion; gap-check CM_Deploy before create. CM_Deploy catalog target only (do not publish to USISupply). | https://www.c-sgroup.com/product/crash-rails/scrbcr-ecr-48",Bumper-Mounted,,,USD,EA
Construction Specialties,CS-BCR-50,Crash Rail,10 26 00,"Construction Specialties Crash Rail BCR-50. Mounting Surface-Mounted. split from combined listing ""SCR/BCR-50""; Split from combined title ""SCR-50 / BCR-50"". | https://www.c-sgroup.com/product/crash-rails/scrbcr-50",Surface-Mounted,,,USD,EA
Construction Specialties,CS-BCR-64,Crash Rail,10 26 00,"Construction Specialties Acrovyn Crash Rail BCR-64. Profile height 8"". Mounting Surface-Mounted. Bumper mount; Split from combined title ""SCR-64 / BCR-64 / ECR-64"". | https://www.c-sgroup.com/product/crash-rails/scrbcr-ecr-64",Surface-Mounted,,,USD,EA
Construction Specialties,CS-BCR-64M,Crash Rail,10 26 00,"BCR Crash Rails BCR-64M. Profile height 8"". Mounting Bumper-Mounted. BCR-64 modified. Literature/CAD expansion; gap-check CM_Deploy before create. CM_Deploy catalog target only (do not publish to USISupply). | https://www.c-sgroup.com/product/crash-rails/scrbcr-ecr-64",Bumper-Mounted,,,USD,EA
Construction Specialties,CS-BCR-80,Crash Rail,10 26 00,"Construction Specialties Crash Rail BCR-80. Mounting Surface-Mounted. split from combined listing ""SCR-80 / BCR-80""; Split from combined title ""SCR-80 / BCR-80"". | https://www.c-sgroup.com/product/crash-rails/scrbcr-80",Surface-Mounted,,,USD,EA
Construction Specialties,CS-BCR-80M,Crash Rail,10 26 00,"BCR Crash Rails BCR-80M. Profile height 8"". Mounting Bumper-Mounted. BCR-80 modified. Literature/CAD expansion; gap-check CM_Deploy before create. CM_Deploy catalog target only (do not publish to USISupply). | https://www.c-sgroup.com/product/crash-rails/scrbcr-80",Bumper-Mounted,,,USD,EA
Construction Specialties,CS-BL-100A,Crash Rail,10 26 00,"Construction Specialties Crash Rail BL-100A. split from combined listing ""BL-100A/200A""; Split from combined title ""BL-100A / BL-200A"". | https://www.c-sgroup.com/product/crash-rails/bl-100a200a",,,,USD,EA
Construction Specialties,CS-BL-200A,Crash Rail,10 26 00,"Construction Specialties Crash Rail BL-200A. Split from combined title ""BL-100A / BL-200A"". | https://www.c-sgroup.com/product/crash-rails/bl-100a200a",,,,USD,EA
Construction Specialties,CS-ECR-20S,Crash Rail,10 26 00,Construction Specialties Crash Rail ECR-20S. Mounting Extended. model page from c-sgroup product family/sitemap; Model page from CS product family API. Prefer gap-check CM_Deploy before duplicating. ; Candidate model token from detail/CAD page https://www.c-sgroup.com/product/crash-rails/ecr-60s-series. Verify before CM_Deploy create. | https://www.c-sgroup.com/product/crash-rails/ecr-20s,Extended,,,USD,EA
Construction Specialties,CS-ECR-32A,Crash Rail,10 26 00,Construction Specialties Crash Rail ECR-32A. Mounting Extended. Candidate model token from detail/CAD page https://www.c-sgroup.com/product/crash-rails/ecr-60s-series. Verify before CM_Deploy create. | https://www.c-sgroup.com/product/crash-rails/ecr-60s-series,Extended,,,USD,EA
Construction Specialties,CS-ECR-32S,Crash Rail,10 26 00,Construction Specialties Crash Rail ECR-32S. Mounting Extended. Candidate model token from detail/CAD page https://www.c-sgroup.com/product/crash-rails/ecr-60s-series. Verify before CM_Deploy create. | https://www.c-sgroup.com/product/crash-rails/ecr-60s-series,Extended,,,USD,EA
Construction Specialties,CS-ECR-40,Crash Rail,10 26 00,"Construction Specialties Acrovyn Crash Rail ECR-40. Profile height 4"". Mounting Surface-Mounted. Extended mount; Split from combined title ""SCR-40 / BCR-40 / ECR-40"". | https://www.c-sgroup.com/product/crash-rails/scrbcr-ecr-40",Surface-Mounted,,,USD,EA
Construction Specialties,CS-ECR-40M,Crash Rail,10 26 00,"ECR Crash Rails ECR-40M. Profile height 4"". Mounting Extended. ECR-40 modified. Literature/CAD expansion; gap-check CM_Deploy before create. CM_Deploy catalog target only (do not publish to USISupply). | https://www.c-sgroup.com/product/crash-rails/scrbcr-ecr-40",Extended,,,USD,EA
Construction Specialties,CS-ECR-48,Crash Rail,10 26 00,"Construction Specialties Acrovyn Crash Rail ECR-48. Profile height 6"". Mounting Surface-Mounted. Extended mount; Split from combined title ""SCR-48 / BCR-48 / ECR-48"". | https://www.c-sgroup.com/product/crash-rails/scrbcr-ecr-48",Surface-Mounted,,,USD,EA
Construction Specialties,CS-ECR-48M,Crash Rail,10 26 00,"ECR Crash Rails ECR-48M. Profile height 6"". Mounting Extended. ECR-48 modified. Literature/CAD expansion; gap-check CM_Deploy before create. CM_Deploy catalog target only (do not publish to USISupply). | https://www.c-sgroup.com/product/crash-rails/scrbcr-ecr-48",Extended,,,USD,EA
Construction Specialties,CS-ECR-60A,Crash Rail,10 26 00,Construction Specialties Crash Rail ECR-60A. Mounting Extended. Candidate model token from detail/CAD page https://www.c-sgroup.com/product/crash-rails/ecr-60s-series. Verify before CM_Deploy create. | https://www.c-sgroup.com/product/crash-rails/ecr-60s-series,Extended,,,USD,EA
Construction Specialties,CS-ECR-60S,Crash Rail,10 26 00,Construction Specialties Crash Rail ECR-60S. Mounting Extended. Candidate model token from detail/CAD page https://www.c-sgroup.com/product/crash-rails/ecr-60s-series. Verify before CM_Deploy create. | https://www.c-sgroup.com/product/crash-rails/ecr-60s-series,Extended,,,USD,EA
Construction Specialties,CS-ECR-64,Crash Rail,10 26 00,"Construction Specialties Acrovyn Crash Rail ECR-64. Profile height 8"". Mounting Surface-Mounted. Extended mount; Split from combined title ""SCR-64 / BCR-64 / ECR-64"". | https://www.c-sgroup.com/product/crash-rails/scrbcr-ecr-64",Surface-Mounted,,,USD,EA
Construction Specialties,CS-ECR-64M,Crash Rail,10 26 00,"ECR Crash Rails ECR-64M. Profile height 8"". Mounting Extended. ECR-64 modified. Literature/CAD expansion; gap-check CM_Deploy before create. CM_Deploy catalog target only (do not publish to USISupply). | https://www.c-sgroup.com/product/crash-rails/scrbcr-ecr-64",Extended,,,USD,EA
Construction Specialties,CS-ECR-6S,Crash Rail,10 26 00,"Construction Specialties Crash Rail ECR-6S. Mounting Extended. split from combined listing ""ECR-6S/6SF""; Split from combined title ""ECR-6S / ECR-6SF"". | https://www.c-sgroup.com/product/crash-rails/ecr-6s6sf",Extended,,,USD,EA
Construction Specialties,CS-ECR-6SF,Crash Rail,10 26 00,"Construction Specialties Crash Rail ECR-6SF. Mounting Extended. Split from combined title ""ECR-6S / ECR-6SF"". | https://www.c-sgroup.com/product/crash-rails/ecr-6s6sf",Extended,,,USD,EA
Construction Specialties,CS-ECR-6SFP,Crash Rail,10 26 00,Construction Specialties Crash Rail ECR-6SFP. Mounting Extended. Extracted from product/CAD page; verify before CM_Deploy create (gap vs existing). | https://www.c-sgroup.com/product/crash-rails/ecr-6s6sf,Extended,,,USD,EA
Construction Specialties,CS-ECR-6SP,Crash Rail,10 26 00,Construction Specialties Crash Rail ECR-6SP. Mounting Extended. Extracted from product/CAD page; verify before CM_Deploy create (gap vs existing). | https://www.c-sgroup.com/product/crash-rails/ecr-6s6sf,Extended,,,USD,EA
Construction Specialties,CS-FR-125,Crash Rail,10 26 00,Construction Specialties Crash Rail FR-125. model page from c-sgroup product family/sitemap; Model page from CS product family API. Prefer gap-check CM_Deploy before duplicating. | https://www.c-sgroup.com/product/crash-rails/fr-125,,,,USD,EA
Construction Specialties,CS-FR-225,Crash Rail,10 26 00,Construction Specialties Crash Rail FR-225. model page from c-sgroup product family/sitemap; Model page from CS product family API. Prefer gap-check CM_Deploy before duplicating. | https://www.c-sgroup.com/product/crash-rails/fr-225,,,,USD,EA
Construction Specialties,CS-FR-270,Crash Rail,10 26 00,Construction Specialties Crash Rail FR-270. model page from c-sgroup product family/sitemap; Model page from CS product family API. Prefer gap-check CM_Deploy before duplicating. | https://www.c-sgroup.com/product/crash-rails/fr-270,,,,USD,EA
Construction Specialties,CS-HB-100D,Crash Rail,10 26 00,Construction Specialties Crash Rail HB-100D. model page from c-sgroup product family/sitemap; Model page from CS product family API. Prefer gap-check CM_Deploy before duplicating. | https://www.c-sgroup.com/product/crash-rails/hb-100d,,,,USD,EA
Construction Specialties,CS-HB-200W30,Crash Rail,10 26 00,Construction Specialties Crash Rail HB-200W30. Mounting Extended. model page from c-sgroup product family/sitemap; Model page from CS product family API. Prefer gap-check CM_Deploy before duplicating. ; Candidate model token from detail/CAD page https://www.c-sgroup.com/product/crash-rails/ecr-60s-series. Verify before CM_Deploy create. | https://www.c-sgroup.com/product/crash-rails/hb-200w30,Extended,,,USD,EA
Construction Specialties,CS-HB-200W50,Crash Rail,10 26 00,Construction Specialties Crash Rail HB-200W50. model page from c-sgroup product family/sitemap; Model page from CS product family API. Prefer gap-check CM_Deploy before duplicating. | https://www.c-sgroup.com/product/crash-rails/hb-200w50,,,,USD,EA
Construction Specialties,CS-HB-60B,Crash Rail,10 26 00,Construction Specialties Crash Rail HB-60B. model page from c-sgroup product family/sitemap; Model page from CS product family API. Prefer gap-check CM_Deploy before duplicating. | https://www.c-sgroup.com/product/crash-rails/hb-60b,,,,USD,EA
Construction Specialties,CS-HB-75D,Crash Rail,10 26 00,Construction Specialties Crash Rail HB-75D. model page from c-sgroup product family/sitemap; Model page from CS product family API. Prefer gap-check CM_Deploy before duplicating. | https://www.c-sgroup.com/product/crash-rails/hb-75d,,,,USD,EA
Construction Specialties,CS-SCR-16SSP,Crash Rail,10 26 00,"Construction Specialties Crash Rail SCR-16SSP. Mounting Surface-Mounted. split from combined listing ""SCR-16SSP/16SSV"" | https://www.c-sgroup.com/product/crash-rails/scr-16ssp-16ssv",Surface-Mounted,,,USD,EA
Construction Specialties,CS-SCR-16SSV,Crash Rail,10 26 00,Construction Specialties Crash Rail SCR-16SSV. Mounting Surface-Mounted. Extracted from product/CAD page; verify before CM_Deploy create (gap vs existing). | https://www.c-sgroup.com/product/crash-rails/scr-16ssp-16ssv,Surface-Mounted,,,USD,EA
Construction Specialties,CS-SCR-40,Crash Rail,10 26 00,"Construction Specialties Acrovyn Crash Rail SCR-40. Profile height 4"". Mounting Surface-Mounted. Surface mount; 4in high; Split from combined title ""SCR-40 / BCR-40 / ECR-40"". | https://www.c-sgroup.com/product/crash-rails/scrbcr-ecr-40",Surface-Mounted,,,USD,EA
Construction Specialties,CS-SCR-40M,Crash Rail,10 26 00,"SCR Crash Rails SCR-40M. Profile height 4"". Mounting Surface-Mounted. SCR-40 modified / accent reveal. Literature/CAD expansion; gap-check CM_Deploy before create. CM_Deploy catalog target only (do not publish to USISupply). | https://www.c-sgroup.com/product/crash-rails/scrbcr-ecr-40",Surface-Mounted,,,USD,EA
Construction Specialties,CS-SCR-48,Crash Rail,10 26 00,"Construction Specialties Acrovyn Crash Rail SCR-48. Profile height 6"". Mounting Surface-Mounted. 6in high surface mount; Split from combined title ""SCR-48 / BCR-48 / ECR-48"". | https://www.c-sgroup.com/product/crash-rails/scrbcr-ecr-48",Surface-Mounted,,,USD,EA
Construction Specialties,CS-SCR-48M,Crash Rail,10 26 00,Construction Specialties Crash Rail SCR-48M. Mounting Surface-Mounted. Extracted from product/CAD page; verify before CM_Deploy create (gap vs existing). | https://www.c-sgroup.com/product/crash-rails/scrbcr-ecr-48,Surface-Mounted,,,USD,EA
Construction Specialties,CS-SCR-48N,Crash Rail,10 26 00,"SCR Crash Rails SCR-48N. Profile height 6"". Mounting Surface-Mounted. SCR-48N (guide SCR_48N). Literature/CAD expansion; gap-check CM_Deploy before create. CM_Deploy catalog target only (do not publish to USISupply). | https://www.c-sgroup.com/product/crash-rails/scrbcr-ecr-48",Surface-Mounted,,,USD,EA
Construction Specialties,CS-SCR-50,Crash Rail,10 26 00,"Construction Specialties Crash Rail SCR-50. Mounting Surface-Mounted. split from combined listing ""SCR/BCR-50""; Split from combined title ""SCR-50 / BCR-50"". | https://www.c-sgroup.com/product/crash-rails/scrbcr-50",Surface-Mounted,,,USD,EA
Construction Specialties,CS-SCR-50M,Crash Rail,10 26 00,Construction Specialties Crash Rail SCR-50M. Mounting Surface-Mounted. Extracted from product/CAD page; verify before CM_Deploy create (gap vs existing). | https://www.c-sgroup.com/product/crash-rails/scrbcr-50,Surface-Mounted,,,USD,EA
Construction Specialties,CS-SCR-64,Crash Rail,10 26 00,"Construction Specialties Acrovyn Crash Rail SCR-64. Profile height 8"". Mounting Surface-Mounted. 8in high surface mount; Split from combined title ""SCR-64 / BCR-64 / ECR-64"". | https://www.c-sgroup.com/product/crash-rails/scrbcr-ecr-64",Surface-Mounted,,,USD,EA
Construction Specialties,CS-SCR-64M,Crash Rail,10 26 00,"SCR Crash Rails SCR-64M. Profile height 8"". Mounting Surface-Mounted. SCR-64M modified. Literature/CAD expansion; gap-check CM_Deploy before create. CM_Deploy catalog target only (do not publish to USISupply). | https://www.c-sgroup.com/product/crash-rails/scrbcr-ecr-64",Surface-Mounted,,,USD,EA
Construction Specialties,CS-SCR-80,Crash Rail,10 26 00,"Construction Specialties Crash Rail SCR-80. Mounting Surface-Mounted. Split from combined title ""SCR-80 / BCR-80"". | https://www.c-sgroup.com/product/crash-rails/scrbcr-80",Surface-Mounted,,,USD,EA
Construction Specialties,CS-SCR-80M,Crash Rail,10 26 00,Construction Specialties Crash Rail SCR-80M. Mounting Surface-Mounted. Extracted from product/CAD page; verify before CM_Deploy create (gap vs existing). | https://www.c-sgroup.com/product/crash-rails/scrbcr-80,Surface-Mounted,,,USD,EA
Construction Specialties,CS-SCR-80MN,Crash Rail,10 26 00,"SCR Crash Rails SCR-80MN. Profile height 8"". Mounting Surface-Mounted. SCR-80MN (guide SCR-80MN). Literature/CAD expansion; gap-check CM_Deploy before create. CM_Deploy catalog target only (do not publish to USISupply). | https://www.c-sgroup.com/product/crash-rails/scrbcr-80",Surface-Mounted,,,USD,EA
Construction Specialties,CS-ECR-20,Crash Rail,10 26 00,"Stainless Crash Rails ECR-20. Profile height 2"". Mounting Extended. Stainless ECR-20 base (guide). Literature/CAD expansion; gap-check CM_Deploy before create. CM_Deploy catalog target only (do not publish to USISupply). | https://www.c-sgroup.com/product/crash-rails/ecr-20s",Extended,,,USD,EA
Construction Specialties,CS-ECR-32,Crash Rail,10 26 00,"Stainless Crash Rails ECR-32. Profile height 4"". Mounting Extended. Stainless ECR-32 base. Literature/CAD expansion; gap-check CM_Deploy before create. CM_Deploy catalog target only (do not publish to USISupply). | https://www.c-sgroup.com/product/crash-rails/ecr-32a-series",Extended,,,USD,EA
Construction Specialties,CS-ECR-32AA,Crash Rail,10 26 00,"Stainless Crash Rails ECR-32AA. Profile height 4"". Mounting Extended. ECR-32 aluminum bracket option. Literature/CAD expansion; gap-check CM_Deploy before create. CM_Deploy catalog target only (do not publish to USISupply). | https://www.c-sgroup.com/product/crash-rails/ecr-32a-series",Extended,,,USD,EA
Construction Specialties,CS-ECR-60,Crash Rail,10 26 00,"Stainless Crash Rails ECR-60. Profile height 6"". Mounting Extended. Stainless ECR-60 base. Literature/CAD expansion; gap-check CM_Deploy before create. CM_Deploy catalog target only (do not publish to USISupply). | https://www.c-sgroup.com/product/crash-rails/ecr-60s-series",Extended,,,USD,EA
Construction Specialties,CS-ECR-60AA,Crash Rail,10 26 00,"Stainless Crash Rails ECR-60AA. Profile height 6"". Mounting Extended. ECR-60 aluminum bracket option. Literature/CAD expansion; gap-check CM_Deploy before create. CM_Deploy catalog target only (do not publish to USISupply). | https://www.c-sgroup.com/product/crash-rails/ecr-60a-series",Extended,,,USD,EA
Construction Specialties,CS-FR-260V,Dimensional Molding,10 26 00,Construction Specialties Acrovyn Dimensional Molding FR-260V | https://www.c-sgroup.com/product/wall-covering/dimensional-moldings,,,,USD,EA
Construction Specialties,CS-FR-451,Dimensional Molding,10 26 00,Construction Specialties Acrovyn Dimensional Molding FR-451. model page from c-sgroup product family/sitemap; dimensional molding model | https://www.c-sgroup.com/product/wall-covering/dimensional-moldings,,,,USD,EA
Construction Specialties,CS-FR-251,Dimensional Molding,10 26 00,Construction Specialties Acrovyn Dimensional Molding FR-251. Dimensional moldings system; model page from c-sgroup product family/sitemap; dimensional molding model | https://www.c-sgroup.com/product/wall-covering/dimensional-moldings,,,,USD,EA
Construction Specialties,CS-FR-252,Dimensional Molding,10 26 00,Construction Specialties Colonial Rail FR-252. model page from c-sgroup product family/sitemap; dimensional molding model | https://www.c-sgroup.com/product/dimensional-moldings/fr-252,,,,USD,EA
Construction Specialties,CS-FR-253,Dimensional Molding,10 26 00,Construction Specialties Acrovyn Dimensional Molding FR-253. model page from c-sgroup product family/sitemap; dimensional molding model | https://www.c-sgroup.com/product/wall-covering/dimensional-moldings,,,,USD,EA
Construction Specialties,CS-FR-254,Dimensional Molding,10 26 00,Construction Specialties Acrovyn Dimensional Molding FR-254. model page from c-sgroup product family/sitemap; dimensional molding model | https://www.c-sgroup.com/product/wall-covering/dimensional-moldings,,,,USD,EA
Construction Specialties,CS-FR-255,Dimensional Molding,10 26 00,Construction Specialties Acrovyn Dimensional Molding FR-255. model page from c-sgroup product family/sitemap; dimensional molding model | https://www.c-sgroup.com/product/wall-covering/dimensional-moldings,,,,USD,EA
Construction Specialties,CS-FR-256,Dimensional Molding,10 26 00,Construction Specialties Acrovyn Dimensional Molding FR-256. model page from c-sgroup product family/sitemap; dimensional molding model | https://www.c-sgroup.com/product/wall-covering/dimensional-moldings,,,,USD,EA
Construction Specialties,CS-FR-257,Dimensional Molding,10 26 00,Construction Specialties Angle Rail FR-257. model page from c-sgroup product family/sitemap; dimensional molding model | https://www.c-sgroup.com/product/dimensional-moldings/fr-257,,,,USD,EA
Construction Specialties,CS-FR-258,Dimensional Molding,10 26 00,Construction Specialties Acrovyn Dimensional Molding FR-258. model page from c-sgroup product family/sitemap; dimensional molding model | https://www.c-sgroup.com/product/wall-covering/dimensional-moldings,,,,USD,EA
Construction Specialties,CS-FR-259,Dimensional Molding,10 26 00,Construction Specialties Acrovyn Dimensional Molding FR-259. model page from c-sgroup product family/sitemap; dimensional molding model | https://www.c-sgroup.com/product/wall-covering/dimensional-moldings,,,,USD,EA
Construction Specialties,CS-FR-260,Dimensional Molding,10 26 00,Construction Specialties Acrovyn Dimensional Molding FR-260. model page from c-sgroup product family/sitemap; dimensional molding model | https://www.c-sgroup.com/product/wall-covering/dimensional-moldings,,,,USD,EA
Construction Specialties,CS-DOOR-CLADDING,Door & Frame Protection,10 26 00,Construction Specialties Door Cladding (DOOR-CLADDING). normalized from marketing/URL slug for CM_Deploy discrete row | https://www.c-sgroup.com/product/door-and-frame-protection/door-cladding,,,,USD,EA
Construction Specialties,CS-DOOR-EDGE-PROTECTORS,Door & Frame Protection,10 26 00,Construction Specialties Door Edge Protectors (DOOR-EDGE-PROTECTORS). normalized from marketing/URL slug for CM_Deploy discrete row | https://www.c-sgroup.com/product/door-and-frame-protection/door-edge-protectors,,,,USD,EA
Construction Specialties,CS-DOOR-KNOB-LEVER-PROTECTORS,Door & Frame Protection,10 26 00,Construction Specialties Door Knob & Lever Protectors (DOOR-KNOB-LEVER-PROTECTORS). normalized from marketing/URL slug for CM_Deploy discrete row | https://www.c-sgroup.com/product/door-and-frame-protection/door-knob-and-lever-protectors,,,,USD,EA
Construction Specialties,CS-ELEVATOR-FRAME-GUARDS,Door & Frame Protection,10 26 00,Construction Specialties Elevator Frame Guards (ELEVATOR-FRAME-GUARDS). normalized from marketing/URL slug for CM_Deploy discrete row | https://www.c-sgroup.com/product/door-and-frame-protection/elevator-frame-guards,,,,USD,EA
Construction Specialties,CS-DOOR-CLADDING-.040-3-6x7,Door & Frame Protection,10 26 00,Acrovyn Door Cladding .040 3-6x7. Thickness .040. Panel size 3-6x7. Cut from 4x8/4x10 sheet; 90° edge; order 2 pcs for full door. Literature/CAD expansion; gap-check CM_Deploy before create. CM_Deploy catalog target only (do not publish to USISupply). | Thickness: .040 | Panel size: 3-6x7 | https://www.c-sgroup.com/product/door-and-frame-protection/door-cladding,,,,USD,EA
Construction Specialties,CS-DOOR-CLADDING-.040-3x6-8,Door & Frame Protection,10 26 00,Acrovyn Door Cladding .040 3x6-8. Thickness .040. Panel size 3x6-8. Cut from 4x8/4x10 sheet; 90° edge; order 2 pcs for full door. Literature/CAD expansion; gap-check CM_Deploy before create. CM_Deploy catalog target only (do not publish to USISupply). | Thickness: .040 | Panel size: 3x6-8 | https://www.c-sgroup.com/product/door-and-frame-protection/door-cladding,,,,USD,EA
Construction Specialties,CS-DOOR-CLADDING-.040-3x7,Door & Frame Protection,10 26 00,Acrovyn Door Cladding .040 3x7. Thickness .040. Panel size 3x7. Cut from 4x8/4x10 sheet; 90° edge; order 2 pcs for full door. Literature/CAD expansion; gap-check CM_Deploy before create. CM_Deploy catalog target only (do not publish to USISupply). | Thickness: .040 | Panel size: 3x7 | https://www.c-sgroup.com/product/door-and-frame-protection/door-cladding,,,,USD,EA
Construction Specialties,CS-DOOR-CLADDING-.040-3x8,Door & Frame Protection,10 26 00,Acrovyn Door Cladding .040 3x8. Thickness .040. Panel size 3x8. Cut from 4x8/4x10 sheet; 90° edge; order 2 pcs for full door. Literature/CAD expansion; gap-check CM_Deploy before create. CM_Deploy catalog target only (do not publish to USISupply). | Thickness: .040 | Panel size: 3x8 | https://www.c-sgroup.com/product/door-and-frame-protection/door-cladding,,,,USD,EA
Construction Specialties,CS-DOOR-CLADDING-.040-4x7,Door & Frame Protection,10 26 00,Acrovyn Door Cladding .040 4x7. Thickness .040. Panel size 4x7. Cut from 4x8/4x10 sheet; 90° edge; order 2 pcs for full door. Literature/CAD expansion; gap-check CM_Deploy before create. CM_Deploy catalog target only (do not publish to USISupply). | Thickness: .040 | Panel size: 4x7 | https://www.c-sgroup.com/product/door-and-frame-protection/door-cladding,,,,USD,EA
Construction Specialties,CS-DOOR-CLADDING-.060-3-6x7,Door & Frame Protection,10 26 00,Acrovyn Door Cladding .060 3-6x7. Thickness .060. Panel size 3-6x7. Cut from 4x8/4x10 sheet; 90° edge; order 2 pcs for full door. Literature/CAD expansion; gap-check CM_Deploy before create. CM_Deploy catalog target only (do not publish to USISupply). | Thickness: .060 | Panel size: 3-6x7 | https://www.c-sgroup.com/product/door-and-frame-protection/door-cladding,,,,USD,EA
Construction Specialties,CS-DOOR-CLADDING-.060-3x6-8,Door & Frame Protection,10 26 00,Acrovyn Door Cladding .060 3x6-8. Thickness .060. Panel size 3x6-8. Cut from 4x8/4x10 sheet; 90° edge; order 2 pcs for full door. Literature/CAD expansion; gap-check CM_Deploy before create. CM_Deploy catalog target only (do not publish to USISupply). | Thickness: .060 | Panel size: 3x6-8 | https://www.c-sgroup.com/product/door-and-frame-protection/door-cladding,,,,USD,EA
Construction Specialties,CS-DOOR-CLADDING-.060-3x7,Door & Frame Protection,10 26 00,Acrovyn Door Cladding .060 3x7. Thickness .060. Panel size 3x7. Cut from 4x8/4x10 sheet; 90° edge; order 2 pcs for full door. Literature/CAD expansion; gap-check CM_Deploy before create. CM_Deploy catalog target only (do not publish to USISupply). | Thickness: .060 | Panel size: 3x7 | https://www.c-sgroup.com/product/door-and-frame-protection/door-cladding,,,,USD,EA
Construction Specialties,CS-DOOR-CLADDING-.060-3x8,Door & Frame Protection,10 26 00,Acrovyn Door Cladding .060 3x8. Thickness .060. Panel size 3x8. Cut from 4x8/4x10 sheet; 90° edge; order 2 pcs for full door. Literature/CAD expansion; gap-check CM_Deploy before create. CM_Deploy catalog target only (do not publish to USISupply). | Thickness: .060 | Panel size: 3x8 | https://www.c-sgroup.com/product/door-and-frame-protection/door-cladding,,,,USD,EA
Construction Specialties,CS-DOOR-CLADDING-.060-4x7,Door & Frame Protection,10 26 00,Acrovyn Door Cladding .060 4x7. Thickness .060. Panel size 4x7. Cut from 4x8/4x10 sheet; 90° edge; order 2 pcs for full door. Literature/CAD expansion; gap-check CM_Deploy before create. CM_Deploy catalog target only (do not publish to USISupply). | Thickness: .060 | Panel size: 4x7 | https://www.c-sgroup.com/product/door-and-frame-protection/door-cladding,,,,USD,EA
Construction Specialties,CS-DOOR-EDGE-.040,Door & Frame Protection,10 26 00,Acrovyn Door Edge Protector .040. Thickness .040. Door edge protector .040. Literature/CAD expansion; gap-check CM_Deploy before create. CM_Deploy catalog target only (do not publish to USISupply). | Thickness: .040 | https://www.c-sgroup.com/product/door-and-frame-protection/door-edge-protectors,,,,USD,EA
Construction Specialties,CS-DOOR-EDGE-.060,Door & Frame Protection,10 26 00,Acrovyn Door Edge Protector .060. Thickness .060. Door edge protector .060. Literature/CAD expansion; gap-check CM_Deploy before create. CM_Deploy catalog target only (do not publish to USISupply). | Thickness: .060 | https://www.c-sgroup.com/product/door-and-frame-protection/door-edge-protectors,,,,USD,EA
Construction Specialties,CS-A1,Door & Frame Protection,10 26 00,"Construction Specialties Door & Frame Protection A1. split from combined listing ""A1/A2-DFP"" | https://www.c-sgroup.com/product/door-and-frame-protection/a1a2-dfp",,,,USD,EA
Construction Specialties,CS-A1-DFP,Door & Frame Protection,10 26 00,"Construction Specialties Door/Frame Protection A1-DFP. Metal frame; Split from combined title ""A1-DFP / A2-DFP"". | https://www.c-sgroup.com/product/door-and-frame-protection/a1a2-dfp",,,,USD,EA
Construction Specialties,CS-A1-DFPN,Door & Frame Protection,10 26 00,Door/Frame Protection A1-DFPN. Thickness .040. A1-DFP N variant (BIM A1/A2-DFPN). Literature/CAD expansion; gap-check CM_Deploy before create. CM_Deploy catalog target only (do not publish to USISupply). | Thickness: .040 | https://www.c-sgroup.com/product/door-and-frame-protection/a1a2-dfp,,,,USD,EA
Construction Specialties,CS-A2-DFP,Door & Frame Protection,10 26 00,"Construction Specialties Door/Frame Protection A2-DFP. split from combined listing ""A1/A2-DFP""; Split from combined title ""A1-DFP / A2-DFP"". | https://www.c-sgroup.com/product/door-and-frame-protection/a1a2-dfp",,,,USD,EA
Construction Specialties,CS-A2-DFPN,Door & Frame Protection,10 26 00,Door/Frame Protection A2-DFPN. Thickness .040. A2-DFP N variant. Literature/CAD expansion; gap-check CM_Deploy before create. CM_Deploy catalog target only (do not publish to USISupply). | Thickness: .040 | https://www.c-sgroup.com/product/door-and-frame-protection/a1a2-dfp,,,,USD,EA
Construction Specialties,CS-B1,Door & Frame Protection,10 26 00,"Construction Specialties Door & Frame Protection B1. split from combined listing ""B1/B2-DFP"" | https://www.c-sgroup.com/product/door-and-frame-protection/b1b2-dfp",,,,USD,EA
Construction Specialties,CS-B1-DFP,Door & Frame Protection,10 26 00,"Construction Specialties Door/Frame Protection B1-DFP. Custom one-piece; Split from combined title ""B1-DFP / B2-DFP"". | https://www.c-sgroup.com/product/door-and-frame-protection/b1b2-dfp",,,,USD,EA
Construction Specialties,CS-B1-DFPN,Door & Frame Protection,10 26 00,Door/Frame Protection B1-DFPN. Thickness .040. B1-DFP N / one-piece custom. Literature/CAD expansion; gap-check CM_Deploy before create. CM_Deploy catalog target only (do not publish to USISupply). | Thickness: .040 | https://www.c-sgroup.com/product/door-and-frame-protection/b1b2-dfp,,,,USD,EA
Construction Specialties,CS-B2-DFP,Door & Frame Protection,10 26 00,"Construction Specialties Door/Frame Protection B2-DFP. split from combined listing ""B1/B2-DFP""; Split from combined title ""B1-DFP / B2-DFP"". | https://www.c-sgroup.com/product/door-and-frame-protection/b1b2-dfp",,,,USD,EA
Construction Specialties,CS-B2-DFPN,Door & Frame Protection,10 26 00,Door/Frame Protection B2-DFPN. Thickness .040. B2-DFP N. Literature/CAD expansion; gap-check CM_Deploy before create. CM_Deploy catalog target only (do not publish to USISupply). | Thickness: .040 | https://www.c-sgroup.com/product/door-and-frame-protection/b1b2-dfp,,,,USD,EA
Construction Specialties,CS-D1,Door & Frame Protection,10 26 00,"Construction Specialties Door & Frame Protection D1. split from combined listing ""D1/D2-DFP"" | https://www.c-sgroup.com/product/door-and-frame-protection/d1d2-dfp",,,,USD,EA
Construction Specialties,CS-D1-DFP,Door & Frame Protection,10 26 00,"Construction Specialties Door/Frame Protection D1-DFP. Mounting Recessed. Recessed frame; Split from combined title ""D1-DFP / D2-DFP"". | https://www.c-sgroup.com/product/door-and-frame-protection/d1d2-dfp",Recessed,,,USD,EA
Construction Specialties,CS-D1-DFPN,Door & Frame Protection,10 26 00,Door/Frame Protection D1-DFPN. Thickness .040. D1-DFP N. Literature/CAD expansion; gap-check CM_Deploy before create. CM_Deploy catalog target only (do not publish to USISupply). | Thickness: .040 | https://www.c-sgroup.com/product/door-and-frame-protection/d1d2-dfp,,,,USD,EA
Construction Specialties,CS-D2-DFP,Door & Frame Protection,10 26 00,"Construction Specialties Door/Frame Protection D2-DFP. Mounting Recessed. split from combined listing ""D1/D2-DFP""; Split from combined title ""D1-DFP / D2-DFP"". | https://www.c-sgroup.com/product/door-and-frame-protection/d1d2-dfp",Recessed,,,USD,EA
Construction Specialties,CS-D2-DFPN,Door & Frame Protection,10 26 00,Door/Frame Protection D2-DFPN. Thickness .040. D2-DFP N. Literature/CAD expansion; gap-check CM_Deploy before create. CM_Deploy catalog target only (do not publish to USISupply). | Thickness: .040 | https://www.c-sgroup.com/product/door-and-frame-protection/d1d2-dfp,,,,USD,EA
Construction Specialties,CS-C1-DFP,Door & Frame Protection,10 26 00,Elevator Frame Guards C1-DFP. Thickness .040. Panel size 4'. Elevator C1-DFP; standard 4' height. Literature/CAD expansion; gap-check CM_Deploy before create. CM_Deploy catalog target only (do not publish to USISupply). | Thickness: .040 | Panel size: 4' | https://www.c-sgroup.com/product/door-and-frame-protection/elevator-frame-guards,,,,USD,EA
Construction Specialties,CS-C2-DFP,Door & Frame Protection,10 26 00,Elevator Frame Guards C2-DFP. Thickness .040. Panel size 4'. Elevator C2-DFP; standard 4' height. Literature/CAD expansion; gap-check CM_Deploy before create. CM_Deploy catalog target only (do not publish to USISupply). | Thickness: .040 | Panel size: 4' | https://www.c-sgroup.com/product/door-and-frame-protection/elevator-frame-guards,,,,USD,EA
Construction Specialties,CS-DFP-C1N,Door & Frame Protection,10 26 00,Elevator Frame Guards DFP-C1N. Thickness .040. Panel size 4'. TYPE DFP-C1N. Literature/CAD expansion; gap-check CM_Deploy before create. CM_Deploy catalog target only (do not publish to USISupply). | Thickness: .040 | Panel size: 4' | https://www.c-sgroup.com/product/door-and-frame-protection/elevator-frame-guards,,,,USD,EA
Construction Specialties,CS-DFP-C2N,Door & Frame Protection,10 26 00,Elevator Frame Guards DFP-C2N. Thickness .040. Panel size 4'. TYPE DFP-C2N. Literature/CAD expansion; gap-check CM_Deploy before create. CM_Deploy catalog target only (do not publish to USISupply). | Thickness: .040 | Panel size: 4' | https://www.c-sgroup.com/product/door-and-frame-protection/elevator-frame-guards,,,,USD,EA
Construction Specialties,CS-HR-6C,Handrail,10 26 00,Construction Specialties Acrovyn Handrail HR-6C. CS Handrails listing / Jan 2026 product guide | https://www.c-sgroup.com/product/handrails/hr-6chro-6,,,,USD,EA
Construction Specialties,CS-HR-6C-6,Handrail,10 26 00,"Construction Specialties Handrail HR-6C-6. split from combined listing ""HR-6C/HRO-6"" | https://www.c-sgroup.com/product/handrails/hr-6chro-6",,,,USD,EA
Construction Specialties,CS-HR-8C,Handrail,10 26 00,Construction Specialties Acrovyn Handrail HR-8C. model page from c-sgroup product family/sitemap; Model page from CS product family API. Prefer gap-check CM_Deploy before duplicating. | https://www.c-sgroup.com/product/handrails/hr-8c,,,,USD,EA
Construction Specialties,CS-HRO-6,Handrail,10 26 00,"Construction Specialties Handrail HRO-6. split from combined listing ""HR-6C/HRO-6"" | https://www.c-sgroup.com/product/handrails/hr-6chro-6",,,,USD,EA
Construction Specialties,CS-HRO-6C,Handrail,10 26 00,Construction Specialties Acrovyn Handrail HRO-6C. CS Handrails listing / Jan 2026 product guide | https://www.c-sgroup.com/product/handrails/hr-6chro-6,,,,USD,EA
Construction Specialties,CS-HRS-6C,Handrail,10 26 00,Construction Specialties Handrail HRS-6C. Mounting Extended. model page from c-sgroup product family/sitemap; Model page from CS product family API. Prefer gap-check CM_Deploy before duplicating. ; Candidate model token from detail/CAD page https://www.c-sgroup.com/product/crash-rails/ecr-60s-series. Verify before CM_Deploy create. | https://www.c-sgroup.com/product/handrails/hrs-6c,Extended,,,USD,EA
Construction Specialties,CS-HRWS-6C,Handrail,10 26 00,Construction Specialties Handrail HRWS-6C. Mounting Extended. model page from c-sgroup product family/sitemap; Model page from CS product family API. Prefer gap-check CM_Deploy before duplicating. ; Candidate model token from detail/CAD page https://www.c-sgroup.com/product/crash-rails/ecr-60s-series. Verify before CM_Deploy create. | https://www.c-sgroup.com/product/handrails/hrws-6c,Extended,,,USD,EA
Construction Specialties,CS-HRB-10CCM,Handrail,10 26 00,Construction Specialties Handrail HRB-10CCM. Candidate model token from detail/CAD page https://www.c-sgroup.com/product/handrails/hrb-10c. Verify before CM_Deploy create. | https://www.c-sgroup.com/product/handrails/hrb-10c,,,,USD,EA
Construction Specialties,CS-HRB-10CCMN,Handrail,10 26 00,Construction Specialties HRB-10C Ligature Resistant Bracket variant (HRB-10CCMN). CAD variant; Candidate model token from detail/CAD page https://www.c-sgroup.com/product/handrails/hrb-10c. Verify before CM_Deploy create. | https://www.c-sgroup.com/product/handrails/hrb-10c,,,,USD,EA
Construction Specialties,CS-HRB-10CHLN,Handrail,10 26 00,Construction Specialties HRB-10C High Load variant (HRB-10CHLN). Candidate model token from detail/CAD page https://www.c-sgroup.com/product/handrails/hrb-10c. Verify before CM_Deploy create. | https://www.c-sgroup.com/product/handrails/hrb-10c,,,,USD,EA
Construction Specialties,CS-HRB-10CN,Handrail,10 26 00,Construction Specialties HRB-10C N variant (HRB-10CN) | https://www.c-sgroup.com/product/handrails/hrb-10c,,,,USD,EA
Construction Specialties,CS-HRB-10CQL,Handrail,10 26 00,Construction Specialties Handrail HRB-10CQL. Candidate model token from detail/CAD page https://www.c-sgroup.com/product/handrails/hrb-10c. Verify before CM_Deploy create. | https://www.c-sgroup.com/product/handrails/hrb-10c,,,,USD,EA
Construction Specialties,CS-HRB-10CQLCMHLN,Handrail,10 26 00,Construction Specialties HRB-10C Quick Lock High Load Ligature Resistant (HRB-10CQLCMHLN). Candidate model token from detail/CAD page https://www.c-sgroup.com/product/handrails/hrb-10c. Verify before CM_Deploy create. | https://www.c-sgroup.com/product/handrails/hrb-10c,,,,USD,EA
Construction Specialties,CS-HRB-10CQLCMN,Handrail,10 26 00,Construction Specialties HRB-10C Quick Lock Ligature Resistant (HRB-10CQLCMN). Candidate model token from detail/CAD page https://www.c-sgroup.com/product/handrails/hrb-10c. Verify before CM_Deploy create. | https://www.c-sgroup.com/product/handrails/hrb-10c,,,,USD,EA
Construction Specialties,CS-HRB-10CQLHLN,Handrail,10 26 00,Construction Specialties HRB-10C Quick Lock High Load (HRB-10CQLHLN). Candidate model token from detail/CAD page https://www.c-sgroup.com/product/handrails/hrb-10c. Verify before CM_Deploy create. | https://www.c-sgroup.com/product/handrails/hrb-10c,,,,USD,EA
Construction Specialties,CS-HRB-10CQLN,Handrail,10 26 00,Construction Specialties HRB-10C Quick Lock variant (HRB-10CQLN). Candidate model token from detail/CAD page https://www.c-sgroup.com/product/handrails/hrb-10c. Verify before CM_Deploy create. | https://www.c-sgroup.com/product/handrails/hrb-10c,,,,USD,EA
Construction Specialties,CS-HRB-10QLN,Handrail,10 26 00,Construction Specialties HRB-10C Quick Lock variant (HRB-10QLN) | https://www.c-sgroup.com/product/handrails/hrb-10c,,,,USD,EA
Construction Specialties,CS-HRB-20,Handrail,10 26 00,"Construction Specialties Acrovyn Handrail HRB-20. Profile height 5-5/8"". 5-5/8in high; Quick Lock; Model page from CS product family API. Prefer gap-check CM_Deploy before duplicating. ; Candidate model token from detail/CAD page https://www.c-sgroup.com/product/handrails/hrb-10c. Verify before CM_Deploy create. | https://www.c-sgroup.com/product/handrails/hrb-20",,,,USD,EA
Construction Specialties,CS-HRB-20C,Handrail,10 26 00,"HRB Handrails HRB-20C. Profile height 5-5/8"". HRB-20C cover config. Literature/CAD expansion; gap-check CM_Deploy before create. CM_Deploy catalog target only (do not publish to USISupply). | https://www.c-sgroup.com/product/handrails/hrb-20",,,,USD,EA
Construction Specialties,CS-HRB-20CM,Handrail,10 26 00,"HRB Handrails HRB-20CM. Profile height 5-5/8"". Continuous mount. Literature/CAD expansion; gap-check CM_Deploy before create. CM_Deploy catalog target only (do not publish to USISupply). | https://www.c-sgroup.com/product/handrails/hrb-20",,,,USD,EA
Construction Specialties,CS-HRB-20CMHL,Handrail,10 26 00,"HRB Handrails HRB-20CMHL. Profile height 5-5/8"". CM + high-load. Literature/CAD expansion; gap-check CM_Deploy before create. CM_Deploy catalog target only (do not publish to USISupply). | https://www.c-sgroup.com/product/handrails/hrb-20",,,,USD,EA
Construction Specialties,CS-HRB-20CMHLN,Handrail,10 26 00,Construction Specialties HRB-20 High Load Ligature Resistant (HRB-20CMHLN) | https://www.c-sgroup.com/product/handrails/hrb-20,,,,USD,EA
Construction Specialties,CS-HRB-20CMN,Handrail,10 26 00,Construction Specialties HRB-20 Ligature Resistant variant (HRB-20CMN) | https://www.c-sgroup.com/product/handrails/hrb-20,,,,USD,EA
Construction Specialties,CS-HRB-20HL,Handrail,10 26 00,"HRB Handrails HRB-20HL. Profile height 5-5/8"". High-load. Literature/CAD expansion; gap-check CM_Deploy before create. CM_Deploy catalog target only (do not publish to USISupply). | https://www.c-sgroup.com/product/handrails/hrb-20",,,,USD,EA
Construction Specialties,CS-HRB-20HLN,Handrail,10 26 00,Construction Specialties HRB-20 High Load variant (HRB-20HLN) | https://www.c-sgroup.com/product/handrails/hrb-20,,,,USD,EA
Construction Specialties,CS-HRB-20N,Handrail,10 26 00,"HRB Handrails HRB-20N. Profile height 5-5/8"". N retainer/config. Literature/CAD expansion; gap-check CM_Deploy before create. CM_Deploy catalog target only (do not publish to USISupply). | https://www.c-sgroup.com/product/handrails/hrb-20",,,,USD,EA
Construction Specialties,CS-HRB-20QL,Handrail,10 26 00,"HRB Handrails HRB-20QL. Profile height 5-5/8"". Quick Lock. Literature/CAD expansion; gap-check CM_Deploy before create. CM_Deploy catalog target only (do not publish to USISupply). | https://www.c-sgroup.com/product/handrails/hrb-20",,,,USD,EA
Construction Specialties,CS-HRB-20QLN,Handrail,10 26 00,"HRB Handrails HRB-20QLN. Profile height 5-5/8"". Quick Lock + N. Literature/CAD expansion; gap-check CM_Deploy before create. CM_Deploy catalog target only (do not publish to USISupply). | https://www.c-sgroup.com/product/handrails/hrb-20",,,,USD,EA
Construction Specialties,CS-HRB-35,Handrail,10 26 00,Construction Specialties Acrovyn Handrail HRB-35. model page from c-sgroup product family/sitemap; Model page from CS product family API. Prefer gap-check CM_Deploy before duplicating. | https://www.c-sgroup.com/product/handrails/hrb-35,,,,USD,EA
Construction Specialties,CS-HRB-35CM,Handrail,10 26 00,"HRB Handrails HRB-35CM. Profile height 3-1/2"". Continuous mount. Literature/CAD expansion; gap-check CM_Deploy before create. CM_Deploy catalog target only (do not publish to USISupply). | https://www.c-sgroup.com/product/handrails/hrb-35",,,,USD,EA
Construction Specialties,CS-HRB-35CMN,Handrail,10 26 00,Construction Specialties Acrovyn Handrail HRB-35CMN. Ligature-resistant variant | https://www.c-sgroup.com/product/handrails/hrb-35,,,,USD,EA
Construction Specialties,CS-HRB-35HLN,Handrail,10 26 00,"HRB Handrails HRB-35HLN. Profile height 3-1/2"". High-load + N. Literature/CAD expansion; gap-check CM_Deploy before create. CM_Deploy catalog target only (do not publish to USISupply). | https://www.c-sgroup.com/product/handrails/hrb-35",,,,USD,EA
Construction Specialties,CS-HRB-35N,Handrail,10 26 00,Construction Specialties Acrovyn Handrail HRB-35N | https://www.c-sgroup.com/product/handrails/hrb-35,,,,USD,EA
Construction Specialties,CS-HRB-35QL,Handrail,10 26 00,"HRB Handrails HRB-35QL. Profile height 3-1/2"". Quick Lock. Literature/CAD expansion; gap-check CM_Deploy before create. CM_Deploy catalog target only (do not publish to USISupply). | https://www.c-sgroup.com/product/handrails/hrb-35",,,,USD,EA
Construction Specialties,CS-HRB-35QLN,Handrail,10 26 00,"HRB Handrails HRB-35QLN. Profile height 3-1/2"". Quick Lock + N. Literature/CAD expansion; gap-check CM_Deploy before create. CM_Deploy catalog target only (do not publish to USISupply). | https://www.c-sgroup.com/product/handrails/hrb-35",,,,USD,EA
Construction Specialties,CS-HRBW-10C,Handrail,10 26 00,Construction Specialties Handrail HRBW-10C. model page from c-sgroup product family/sitemap; Model page from CS product family API. Prefer gap-check CM_Deploy before duplicating. | https://www.c-sgroup.com/product/handrails/hrbw-10c,,,,USD,EA
Construction Specialties,CS-HRBW-35,Handrail,10 26 00,Construction Specialties Handrail HRBW-35. model page from c-sgroup product family/sitemap; Model page from CS product family API. Prefer gap-check CM_Deploy before duplicating. | https://www.c-sgroup.com/product/handrails/hrbw-35,,,,USD,EA
Construction Specialties,CS-HRBW-35CMN,Handrail,10 26 00,"HRBW Handrails HRBW-35CMN. Profile height 3-1/2"". Wood grip 35 CMN. Literature/CAD expansion; gap-check CM_Deploy before create. CM_Deploy catalog target only (do not publish to USISupply). | https://www.c-sgroup.com/product/handrails/hrbw-35",,,,USD,EA
Construction Specialties,CS-HRBW-35N,Handrail,10 26 00,"HRBW Handrails HRBW-35N. Profile height 3-1/2"". Wood grip 35 N. Literature/CAD expansion; gap-check CM_Deploy before create. CM_Deploy catalog target only (do not publish to USISupply). | https://www.c-sgroup.com/product/handrails/hrbw-35",,,,USD,EA
Construction Specialties,CS-P-OA,Handrail,10 26 00,Construction Specialties Platform Handrail P-OA. CS Handrails listing / Jan 2026 product guide | https://www.c-sgroup.com/product/handrails/p-oap-ra,,,,USD,EA
Construction Specialties,CS-P-OAA,Handrail,10 26 00,Construction Specialties Handrail P-OAA. Candidate model token from detail/CAD page https://www.c-sgroup.com/product/handrails/hrb-10c. Verify before CM_Deploy create. | https://www.c-sgroup.com/product/handrails/hrb-10c,,,,USD,EA
Construction Specialties,CS-P-OAANAB,Handrail,10 26 00,Platform Series Handrail P-OAANAB. Oval Acrovyn crash intl NAB. Literature/CAD expansion; gap-check CM_Deploy before create. CM_Deploy catalog target only (do not publish to USISupply). | https://www.c-sgroup.com/product/handrails/p-oaap-raa,,,,USD,EA
Construction Specialties,CS-P-OAANSB,Handrail,10 26 00,Platform Series Handrail P-OAANSB. Oval Acrovyn crash intl NSB. Literature/CAD expansion; gap-check CM_Deploy before create. CM_Deploy catalog target only (do not publish to USISupply). | https://www.c-sgroup.com/product/handrails/p-oaap-raa,,,,USD,EA
Construction Specialties,CS-P-OAM,Handrail,10 26 00,Construction Specialties Platform Handrail P-OAM. CS Handrails listing / Jan 2026 product guide | https://www.c-sgroup.com/product/handrails/p-oamp-ram,,,,USD,EA
Construction Specialties,CS-P-OAN,Handrail,10 26 00,Platform Series Handrail P-OAN. Oval Acrovyn single-line N/intl. Literature/CAD expansion; gap-check CM_Deploy before create. CM_Deploy catalog target only (do not publish to USISupply). | https://www.c-sgroup.com/product/handrails/p-oap-ra,,,,USD,EA
Construction Specialties,CS-P-OANAB,Handrail,10 26 00,Platform Series Handrail P-OANAB. Oval Acrovyn intl offset NAB. Literature/CAD expansion; gap-check CM_Deploy before create. CM_Deploy catalog target only (do not publish to USISupply). | https://www.c-sgroup.com/product/handrails/p-oap-ra,,,,USD,EA
Construction Specialties,CS-P-OANSB,Handrail,10 26 00,Platform Series Handrail P-OANSB. Oval Acrovyn intl offset NSB. Literature/CAD expansion; gap-check CM_Deploy before create. CM_Deploy catalog target only (do not publish to USISupply). | https://www.c-sgroup.com/product/handrails/p-oap-ra,,,,USD,EA
Construction Specialties,CS-P-OAS,Handrail,10 26 00,Construction Specialties Handrail P-OAS | https://www.c-sgroup.com/product/handrails/p-rasp-oas,,,,USD,EA
Construction Specialties,CS-P-OASNAB,Handrail,10 26 00,Platform Series Handrail P-OASNAB. Oval Acrovyn + SS crash intl NAB. Literature/CAD expansion; gap-check CM_Deploy before create. CM_Deploy catalog target only (do not publish to USISupply). | https://www.c-sgroup.com/product/handrails/p-rasp-oas,,,,USD,EA
Construction Specialties,CS-P-OASNSB,Handrail,10 26 00,Platform Series Handrail P-OASNSB. Oval Acrovyn + SS crash intl NSB. Literature/CAD expansion; gap-check CM_Deploy before create. CM_Deploy catalog target only (do not publish to USISupply). | https://www.c-sgroup.com/product/handrails/p-rasp-oas,,,,USD,EA
Construction Specialties,CS-P-OM,Handrail,10 26 00,Construction Specialties Handrail P-OM. model page from c-sgroup product family/sitemap; Model page from CS product family API. Prefer gap-check CM_Deploy before duplicating. | https://www.c-sgroup.com/product/handrails/p-om,,,,USD,EA
Construction Specialties,CS-P-OMA,Handrail,10 26 00,Construction Specialties Handrail P-OMA. model page from c-sgroup product family/sitemap; Model page from CS product family API. Prefer gap-check CM_Deploy before duplicating. | https://www.c-sgroup.com/product/handrails/p-oma,,,,USD,EA
Construction Specialties,CS-P-OMM,Handrail,10 26 00,Construction Specialties Handrail P-OMM. model page from c-sgroup product family/sitemap; Model page from CS product family API. Prefer gap-check CM_Deploy before duplicating. | https://www.c-sgroup.com/product/handrails/p-omm,,,,USD,EA
Construction Specialties,CS-P-OMS,Handrail,10 26 00,Construction Specialties Handrail P-OMS. model page from c-sgroup product family/sitemap; Model page from CS product family API. Prefer gap-check CM_Deploy before duplicating. | https://www.c-sgroup.com/product/handrails/p-oms,,,,USD,EA
Construction Specialties,CS-P-OS,Handrail,10 26 00,Construction Specialties Handrail P-OS. expanded discrete from combined P-series listing | https://www.c-sgroup.com/product/handrails/p-rsp-os,,,,USD,EA
Construction Specialties,CS-P-OSA,Handrail,10 26 00,Construction Specialties Handrail P-OSA. expanded discrete from combined P-series listing | https://www.c-sgroup.com/product/handrails/p-rsap-osa,,,,USD,EA
Construction Specialties,CS-P-OSM,Handrail,10 26 00,Construction Specialties Handrail P-OSM. expanded discrete from combined P-series listing | https://www.c-sgroup.com/product/handrails/p-rsmp-osm,,,,USD,EA
Construction Specialties,CS-P-OSS,Handrail,10 26 00,Construction Specialties Handrail P-OSS. expanded discrete from combined P-series listing | https://www.c-sgroup.com/product/handrails/p-rssp-oss,,,,USD,EA
Construction Specialties,CS-P-OW,Handrail,10 26 00,Construction Specialties Platform Handrail P-OW. CS Handrails listing / Jan 2026 product guide | https://www.c-sgroup.com/product/handrails/p-owp-rw,,,,USD,EA
Construction Specialties,CS-P-OWA,Handrail,10 26 00,Construction Specialties Handrail/Crash Rail P-OWA | https://www.c-sgroup.com/product/handrails/p-owap-rwa,,,,USD,EA
Construction Specialties,CS-P-OWM,Handrail,10 26 00,Construction Specialties Platform Handrail P-OWM. CS Handrails listing / Jan 2026 product guide | https://www.c-sgroup.com/product/handrails/p-owmp-rwm,,,,USD,EA
Construction Specialties,CS-P-OWS,Handrail,10 26 00,Construction Specialties Platform Handrail P-OWS. CS Handrails listing / Jan 2026 product guide | https://www.c-sgroup.com/product/handrails/p-rwsp-ows,,,,USD,EA
Construction Specialties,CS-P-RA,Handrail,10 26 00,Construction Specialties Platform Handrail P-RA. CS Handrails listing / Jan 2026 product guide | https://www.c-sgroup.com/product/handrails/p-oap-ra,,,,USD,EA
Construction Specialties,CS-P-RAA,Handrail,10 26 00,Construction Specialties Handrail P-RAA. Candidate model token from detail/CAD page https://www.c-sgroup.com/product/handrails/hrb-10c. Verify before CM_Deploy create. | https://www.c-sgroup.com/product/handrails/hrb-10c,,,,USD,EA
Construction Specialties,CS-P-RAASS,Handrail,10 26 00,Platform Series Handrail P-RAASS. Round Acrovyn crash + SS caps. Literature/CAD expansion; gap-check CM_Deploy before create. CM_Deploy catalog target only (do not publish to USISupply). | https://www.c-sgroup.com/product/handrails/p-oaap-raa,,,,USD,EA
Construction Specialties,CS-P-RAM,Handrail,10 26 00,Construction Specialties Platform Handrail P-RAM. CS Handrails listing / Jan 2026 product guide | https://www.c-sgroup.com/product/handrails/p-oamp-ram,,,,USD,EA
Construction Specialties,CS-P-RAS,Handrail,10 26 00,Construction Specialties Handrail P-RAS | https://www.c-sgroup.com/product/handrails/p-rasp-oas,,,,USD,EA
Construction Specialties,CS-P-RASS,Handrail,10 26 00,Platform Series Handrail P-RASS. Round Acrovyn + SS end caps. Literature/CAD expansion; gap-check CM_Deploy before create. CM_Deploy catalog target only (do not publish to USISupply). | https://www.c-sgroup.com/product/handrails/p-oap-ra,,,,USD,EA
Construction Specialties,CS-P-RASSS,Handrail,10 26 00,Platform Series Handrail P-RASSS. Round Acrovyn + SS crash SS caps. Literature/CAD expansion; gap-check CM_Deploy before create. CM_Deploy catalog target only (do not publish to USISupply). | https://www.c-sgroup.com/product/handrails/p-rasp-oas,,,,USD,EA
Construction Specialties,CS-P-RS,Handrail,10 26 00,Construction Specialties Handrail P-RS. Model page from CS product family API. Prefer gap-check CM_Deploy before duplicating. | https://www.c-sgroup.com/product/handrails/p-rsp-os,,,,USD,EA
Construction Specialties,CS-P-RSA,Handrail,10 26 00,Construction Specialties Handrail P-RSA. Model page from CS product family API. Prefer gap-check CM_Deploy before duplicating. | https://www.c-sgroup.com/product/handrails/p-rsap-osa,,,,USD,EA
Construction Specialties,CS-P-RSM,Handrail,10 26 00,Construction Specialties Handrail P-RSM. Model page from CS product family API. Prefer gap-check CM_Deploy before duplicating. | https://www.c-sgroup.com/product/handrails/p-rsmp-osm,,,,USD,EA
Construction Specialties,CS-P-RSS,Handrail,10 26 00,Construction Specialties Handrail P-RSS. Model page from CS product family API. Prefer gap-check CM_Deploy before duplicating. | https://www.c-sgroup.com/product/handrails/p-rssp-oss,,,,USD,EA
Construction Specialties,CS-P-RW,Handrail,10 26 00,Construction Specialties Platform Handrail P-RW. CS Handrails listing / Jan 2026 product guide | https://www.c-sgroup.com/product/handrails/p-owp-rw,,,,USD,EA
Construction Specialties,CS-P-RWA,Handrail,10 26 00,Construction Specialties Handrail/Crash Rail P-RWA | https://www.c-sgroup.com/product/handrails/p-owap-rwa,,,,USD,EA
Construction Specialties,CS-P-RWM,Handrail,10 26 00,Construction Specialties Platform Handrail P-RWM. CS Handrails listing / Jan 2026 product guide | https://www.c-sgroup.com/product/handrails/p-owmp-rwm,,,,USD,EA
Construction Specialties,CS-P-RWMSS,Handrail,10 26 00,Platform Series Handrail P-RWMSS. Round wood + aluminum crash SS caps. Literature/CAD expansion; gap-check CM_Deploy before create. CM_Deploy catalog target only (do not publish to USISupply). | https://www.c-sgroup.com/product/handrails/p-owmp-rwm,,,,USD,EA
Construction Specialties,CS-P-RWS,Handrail,10 26 00,Construction Specialties Platform Handrail P-RWS. CS Handrails listing / Jan 2026 product guide | https://www.c-sgroup.com/product/handrails/p-rwsp-ows,,,,USD,EA
Construction Specialties,CS-P-RWSS,Handrail,10 26 00,Platform Series Handrail P-RWSS. Round wood + SS end caps. Literature/CAD expansion; gap-check CM_Deploy before create. CM_Deploy catalog target only (do not publish to USISupply). | https://www.c-sgroup.com/product/handrails/p-owp-rw,,,,USD,EA
Construction Specialties,CS-HRB-10C,Handrail/Crash Rail,10 26 00,"Construction Specialties Acrovyn Handrail/Crash Rail HRB-10C. Profile height 6-1/4"". 6-1/4in high; many config variants; Model page from CS product family API. Prefer gap-check CM_Deploy before duplicating. ; Candidate model token from detail/CAD page https://www.c-sgroup.com/product/handrails/hrb-10c. Verify before CM_Deploy create. | https://www.c-sgroup.com/product/handrails/hrb-10c",,,,USD,EA
Construction Specialties,CS-HRB-4C,Handrail/Crash Rail,10 26 00,Construction Specialties Acrovyn Handrail/Crash Rail HRB-4C. buyOnline available; Model page from CS product family API. Prefer gap-check CM_Deploy before duplicating. | https://www.c-sgroup.com/product/handrails/hrb-4c,,,,USD,EA
Construction Specialties,CS-HRB-4CCM,Handrail/Crash Rail,10 26 00,"HRB Handrails HRB-4CCM. Profile height 5-1/2"". Continuous mount. Literature/CAD expansion; gap-check CM_Deploy before create. CM_Deploy catalog target only (do not publish to USISupply). | https://www.c-sgroup.com/product/handrails/hrb-4c",,,,USD,EA
Construction Specialties,CS-HRB-4CCMHL,Handrail/Crash Rail,10 26 00,"HRB Handrails HRB-4CCMHL. Profile height 5-1/2"". CM + high-load. Literature/CAD expansion; gap-check CM_Deploy before create. CM_Deploy catalog target only (do not publish to USISupply). | https://www.c-sgroup.com/product/handrails/hrb-4c",,,,USD,EA
Construction Specialties,CS-HRB-4CCMHLN,Handrail/Crash Rail,10 26 00,"HRB Handrails HRB-4CCMHLN. Profile height 5-1/2"". CM + high-load + N. Literature/CAD expansion; gap-check CM_Deploy before create. CM_Deploy catalog target only (do not publish to USISupply). | https://www.c-sgroup.com/product/handrails/hrb-4c",,,,USD,EA
Construction Specialties,CS-HRB-4CCMN,Handrail/Crash Rail,10 26 00,"HRB Handrails HRB-4CCMN. Profile height 5-1/2"". Continuous mount + N. Literature/CAD expansion; gap-check CM_Deploy before create. CM_Deploy catalog target only (do not publish to USISupply). | https://www.c-sgroup.com/product/handrails/hrb-4c",,,,USD,EA
Construction Specialties,CS-HRB-4CHL,Handrail/Crash Rail,10 26 00,"HRB Handrails HRB-4CHL. Profile height 5-1/2"". High-load bracket. Literature/CAD expansion; gap-check CM_Deploy before create. CM_Deploy catalog target only (do not publish to USISupply). | https://www.c-sgroup.com/product/handrails/hrb-4c",,,,USD,EA
Construction Specialties,CS-HRB-4CHLN,Handrail/Crash Rail,10 26 00,"HRB Handrails HRB-4CHLN. Profile height 5-1/2"". High-load + N. Literature/CAD expansion; gap-check CM_Deploy before create. CM_Deploy catalog target only (do not publish to USISupply). | https://www.c-sgroup.com/product/handrails/hrb-4c",,,,USD,EA
Construction Specialties,CS-HRB-4CQL,Handrail/Crash Rail,10 26 00,"HRB Handrails HRB-4CQL. Profile height 5-1/2"". Quick Lock bracket. Literature/CAD expansion; gap-check CM_Deploy before create. CM_Deploy catalog target only (do not publish to USISupply). | https://www.c-sgroup.com/product/handrails/hrb-4c",,,,USD,EA
Construction Specialties,CS-HRB-4CQLN,Handrail/Crash Rail,10 26 00,"HRB Handrails HRB-4CQLN. Profile height 5-1/2"". Quick Lock + N. Literature/CAD expansion; gap-check CM_Deploy before create. CM_Deploy catalog target only (do not publish to USISupply). | https://www.c-sgroup.com/product/handrails/hrb-4c",,,,USD,EA
Construction Specialties,CS-HRBW-10CCMN,Handrail/Crash Rail,10 26 00,"HRBW Handrails HRBW-10CCMN. Profile height 6-1/4"". Wood grip CMN. Literature/CAD expansion; gap-check CM_Deploy before create. CM_Deploy catalog target only (do not publish to USISupply). | https://www.c-sgroup.com/product/handrails/hrbw-10c",,,,USD,EA
Construction Specialties,CS-HRBW-10CHLN,Handrail/Crash Rail,10 26 00,"HRBW Handrails HRBW-10CHLN. Profile height 6-1/4"". Wood grip HLN. Literature/CAD expansion; gap-check CM_Deploy before create. CM_Deploy catalog target only (do not publish to USISupply). | https://www.c-sgroup.com/product/handrails/hrbw-10c",,,,USD,EA
Construction Specialties,CS-HRBW-10CQLCMHLN,Handrail/Crash Rail,10 26 00,"HRBW Handrails HRBW-10CQLCMHLN. Profile height 6-1/4"". Wood grip QLCMHLN. Literature/CAD expansion; gap-check CM_Deploy before create. CM_Deploy catalog target only (do not publish to USISupply). | https://www.c-sgroup.com/product/handrails/hrbw-10c",,,,USD,EA
Construction Specialties,CS-HRBW-10CQLCMN,Handrail/Crash Rail,10 26 00,"HRBW Handrails HRBW-10CQLCMN. Profile height 6-1/4"". Wood grip QLCMN. Literature/CAD expansion; gap-check CM_Deploy before create. CM_Deploy catalog target only (do not publish to USISupply). | https://www.c-sgroup.com/product/handrails/hrbw-10c",,,,USD,EA
Construction Specialties,CS-HRBW-10CQLHLN,Handrail/Crash Rail,10 26 00,"HRBW Handrails HRBW-10CQLHLN. Profile height 6-1/4"". Wood grip QLHLN. Literature/CAD expansion; gap-check CM_Deploy before create. CM_Deploy catalog target only (do not publish to USISupply). | https://www.c-sgroup.com/product/handrails/hrbw-10c",,,,USD,EA
Construction Specialties,CS-HRBW-10CQLN,Handrail/Crash Rail,10 26 00,"HRBW Handrails HRBW-10CQLN. Profile height 6-1/4"". Wood grip QLN. Literature/CAD expansion; gap-check CM_Deploy before create. CM_Deploy catalog target only (do not publish to USISupply). | https://www.c-sgroup.com/product/handrails/hrbw-10c",,,,USD,EA
Construction Specialties,CS-KP-40,Kick/Push Plate,10 26 00,Construction Specialties Acrovyn Kick Plate KP-40. Thickness .040. .040 Acrovyn | Thickness: .040 | https://www.c-sgroup.com/product/door-and-frame-protection/acrovyn-kickpush-plates,,,,USD,EA
Construction Specialties,CS-KP-40-10x30,Kick/Push Plate,10 26 00,Acrovyn Kick Plate .040 10x30. Thickness .040. Panel size 10x30. Common cut size class; plates cut to order from 4x8/4x10. Literature/CAD expansion; gap-check CM_Deploy before create. CM_Deploy catalog target only (do not publish to USISupply). | Thickness: .040 | Panel size: 10x30 | https://www.c-sgroup.com/product/door-and-frame-protection/acrovyn-kickpush-plates,,,,USD,EA
Construction Specialties,CS-KP-40-12x30,Kick/Push Plate,10 26 00,Acrovyn Kick Plate .040 12x30. Thickness .040. Panel size 12x30. Common cut size class; plates cut to order from 4x8/4x10. Literature/CAD expansion; gap-check CM_Deploy before create. CM_Deploy catalog target only (do not publish to USISupply). | Thickness: .040 | Panel size: 12x30 | https://www.c-sgroup.com/product/door-and-frame-protection/acrovyn-kickpush-plates,,,,USD,EA
Construction Specialties,CS-KP-40-16x30,Kick/Push Plate,10 26 00,Acrovyn Kick Plate .040 16x30. Thickness .040. Panel size 16x30. Common cut size class; plates cut to order from 4x8/4x10. Literature/CAD expansion; gap-check CM_Deploy before create. CM_Deploy catalog target only (do not publish to USISupply). | Thickness: .040 | Panel size: 16x30 | https://www.c-sgroup.com/product/door-and-frame-protection/acrovyn-kickpush-plates,,,,USD,EA
Construction Specialties,CS-KP-40-4x16,Kick/Push Plate,10 26 00,Acrovyn Kick Plate .040 4x16. Thickness .040. Panel size 4x16. Common cut size class; plates cut to order from 4x8/4x10. Literature/CAD expansion; gap-check CM_Deploy before create. CM_Deploy catalog target only (do not publish to USISupply). | Thickness: .040 | Panel size: 4x16 | https://www.c-sgroup.com/product/door-and-frame-protection/acrovyn-kickpush-plates,,,,USD,EA
Construction Specialties,CS-KP-40-8x30,Kick/Push Plate,10 26 00,Acrovyn Kick Plate .040 8x30. Thickness .040. Panel size 8x30. Common cut size class; plates cut to order from 4x8/4x10. Literature/CAD expansion; gap-check CM_Deploy before create. CM_Deploy catalog target only (do not publish to USISupply). | Thickness: .040 | Panel size: 8x30 | https://www.c-sgroup.com/product/door-and-frame-protection/acrovyn-kickpush-plates,,,,USD,EA
Construction Specialties,CS-KP-40-8x34,Kick/Push Plate,10 26 00,Acrovyn Kick Plate .040 8x34. Thickness .040. Panel size 8x34. Common cut size class; plates cut to order from 4x8/4x10. Literature/CAD expansion; gap-check CM_Deploy before create. CM_Deploy catalog target only (do not publish to USISupply). | Thickness: .040 | Panel size: 8x34 | https://www.c-sgroup.com/product/door-and-frame-protection/acrovyn-kickpush-plates,,,,USD,EA
Construction Specialties,CS-KP-40N,Kick/Push Plate,10 26 00,Construction Specialties Acrovyn Kick Plate KP-40N. Thickness .040. PVC-free variant | Thickness: .040 | https://www.c-sgroup.com/product/door-and-frame-protection/acrovyn-kickpush-plates,,,,USD,EA
Construction Specialties,CS-KP-60,Kick/Push Plate,10 26 00,Construction Specialties Acrovyn Kick Plate KP-60. Thickness .060. .060 Acrovyn | Thickness: .060 | https://www.c-sgroup.com/product/door-and-frame-protection/acrovyn-kickpush-plates,,,,USD,EA
Construction Specialties,CS-KP-60-10x30,Kick/Push Plate,10 26 00,Acrovyn Kick Plate .060 10x30. Thickness .060. Panel size 10x30. Common cut size class; plates cut to order from 4x8/4x10. Literature/CAD expansion; gap-check CM_Deploy before create. CM_Deploy catalog target only (do not publish to USISupply). | Thickness: .060 | Panel size: 10x30 | https://www.c-sgroup.com/product/door-and-frame-protection/acrovyn-kickpush-plates,,,,USD,EA
Construction Specialties,CS-KP-60-12x30,Kick/Push Plate,10 26 00,Acrovyn Kick Plate .060 12x30. Thickness .060. Panel size 12x30. Common cut size class; plates cut to order from 4x8/4x10. Literature/CAD expansion; gap-check CM_Deploy before create. CM_Deploy catalog target only (do not publish to USISupply). | Thickness: .060 | Panel size: 12x30 | https://www.c-sgroup.com/product/door-and-frame-protection/acrovyn-kickpush-plates,,,,USD,EA
Construction Specialties,CS-KP-60-16x30,Kick/Push Plate,10 26 00,Acrovyn Kick Plate .060 16x30. Thickness .060. Panel size 16x30. Common cut size class; plates cut to order from 4x8/4x10. Literature/CAD expansion; gap-check CM_Deploy before create. CM_Deploy catalog target only (do not publish to USISupply). | Thickness: .060 | Panel size: 16x30 | https://www.c-sgroup.com/product/door-and-frame-protection/acrovyn-kickpush-plates,,,,USD,EA
Construction Specialties,CS-KP-60-4x16,Kick/Push Plate,10 26 00,Acrovyn Kick Plate .060 4x16. Thickness .060. Panel size 4x16. Common cut size class; plates cut to order from 4x8/4x10. Literature/CAD expansion; gap-check CM_Deploy before create. CM_Deploy catalog target only (do not publish to USISupply). | Thickness: .060 | Panel size: 4x16 | https://www.c-sgroup.com/product/door-and-frame-protection/acrovyn-kickpush-plates,,,,USD,EA
Construction Specialties,CS-KP-60-8x30,Kick/Push Plate,10 26 00,Acrovyn Kick Plate .060 8x30. Thickness .060. Panel size 8x30. Common cut size class; plates cut to order from 4x8/4x10. Literature/CAD expansion; gap-check CM_Deploy before create. CM_Deploy catalog target only (do not publish to USISupply). | Thickness: .060 | Panel size: 8x30 | https://www.c-sgroup.com/product/door-and-frame-protection/acrovyn-kickpush-plates,,,,USD,EA
Construction Specialties,CS-KP-60-8x34,Kick/Push Plate,10 26 00,Acrovyn Kick Plate .060 8x34. Thickness .060. Panel size 8x34. Common cut size class; plates cut to order from 4x8/4x10. Literature/CAD expansion; gap-check CM_Deploy before create. CM_Deploy catalog target only (do not publish to USISupply). | Thickness: .060 | Panel size: 8x34 | https://www.c-sgroup.com/product/door-and-frame-protection/acrovyn-kickpush-plates,,,,USD,EA
Construction Specialties,CS-KP-60N,Kick/Push Plate,10 26 00,Construction Specialties Acrovyn Kick Plate KP-60N. Thickness .060. PVC-free variant | Thickness: .060 | https://www.c-sgroup.com/product/door-and-frame-protection/acrovyn-kickpush-plates,,,,USD,EA
Construction Specialties,CS-KP-LX,Kick/Push Plate,10 26 00,Construction Specialties Polycarbonate Kick Plate KP-LX | https://www.c-sgroup.com/product/door-and-frame-protection/acrovyn-kickpush-plates,,,,USD,EA
Construction Specialties,CS-KP-SS,Kick/Push Plate,10 26 00,Construction Specialties Stainless Steel Kick Plate KP-SS | https://www.c-sgroup.com/product/door-and-frame-protection/acrovyn-kickpush-plates,,,,USD,EA
Construction Specialties,CS-PP-40,Kick/Push Plate,10 26 00,Construction Specialties Acrovyn Push Plate PP-40. Thickness .040 | Thickness: .040 | https://www.c-sgroup.com/product/door-and-frame-protection/acrovyn-kickpush-plates,,,,USD,EA
Construction Specialties,CS-PP-40-10x30,Kick/Push Plate,10 26 00,Acrovyn Push Plate .040 10x30. Thickness .040. Panel size 10x30. Common cut size class; plates cut to order from 4x8/4x10. Literature/CAD expansion; gap-check CM_Deploy before create. CM_Deploy catalog target only (do not publish to USISupply). | Thickness: .040 | Panel size: 10x30 | https://www.c-sgroup.com/product/door-and-frame-protection/acrovyn-kickpush-plates,,,,USD,EA
Construction Specialties,CS-PP-40-12x30,Kick/Push Plate,10 26 00,Acrovyn Push Plate .040 12x30. Thickness .040. Panel size 12x30. Common cut size class; plates cut to order from 4x8/4x10. Literature/CAD expansion; gap-check CM_Deploy before create. CM_Deploy catalog target only (do not publish to USISupply). | Thickness: .040 | Panel size: 12x30 | https://www.c-sgroup.com/product/door-and-frame-protection/acrovyn-kickpush-plates,,,,USD,EA
Construction Specialties,CS-PP-40-16x30,Kick/Push Plate,10 26 00,Acrovyn Push Plate .040 16x30. Thickness .040. Panel size 16x30. Common cut size class; plates cut to order from 4x8/4x10. Literature/CAD expansion; gap-check CM_Deploy before create. CM_Deploy catalog target only (do not publish to USISupply). | Thickness: .040 | Panel size: 16x30 | https://www.c-sgroup.com/product/door-and-frame-protection/acrovyn-kickpush-plates,,,,USD,EA
Construction Specialties,CS-PP-40-4x16,Kick/Push Plate,10 26 00,Acrovyn Push Plate .040 4x16. Thickness .040. Panel size 4x16. Common cut size class; plates cut to order from 4x8/4x10. Literature/CAD expansion; gap-check CM_Deploy before create. CM_Deploy catalog target only (do not publish to USISupply). | Thickness: .040 | Panel size: 4x16 | https://www.c-sgroup.com/product/door-and-frame-protection/acrovyn-kickpush-plates,,,,USD,EA
Construction Specialties,CS-PP-40-8x30,Kick/Push Plate,10 26 00,Acrovyn Push Plate .040 8x30. Thickness .040. Panel size 8x30. Common cut size class; plates cut to order from 4x8/4x10. Literature/CAD expansion; gap-check CM_Deploy before create. CM_Deploy catalog target only (do not publish to USISupply). | Thickness: .040 | Panel size: 8x30 | https://www.c-sgroup.com/product/door-and-frame-protection/acrovyn-kickpush-plates,,,,USD,EA
Construction Specialties,CS-PP-40-8x34,Kick/Push Plate,10 26 00,Acrovyn Push Plate .040 8x34. Thickness .040. Panel size 8x34. Common cut size class; plates cut to order from 4x8/4x10. Literature/CAD expansion; gap-check CM_Deploy before create. CM_Deploy catalog target only (do not publish to USISupply). | Thickness: .040 | Panel size: 8x34 | https://www.c-sgroup.com/product/door-and-frame-protection/acrovyn-kickpush-plates,,,,USD,EA
Construction Specialties,CS-PP-40N,Kick/Push Plate,10 26 00,Construction Specialties Acrovyn Push Plate PP-40N. Thickness .040. PVC-free variant | Thickness: .040 | https://www.c-sgroup.com/product/door-and-frame-protection/acrovyn-kickpush-plates,,,,USD,EA
Construction Specialties,CS-PP-60,Kick/Push Plate,10 26 00,Construction Specialties Acrovyn Push Plate PP-60. Thickness .060 | Thickness: .060 | https://www.c-sgroup.com/product/door-and-frame-protection/acrovyn-kickpush-plates,,,,USD,EA
Construction Specialties,CS-PP-60-10x30,Kick/Push Plate,10 26 00,Acrovyn Push Plate .060 10x30. Thickness .060. Panel size 10x30. Common cut size class; plates cut to order from 4x8/4x10. Literature/CAD expansion; gap-check CM_Deploy before create. CM_Deploy catalog target only (do not publish to USISupply). | Thickness: .060 | Panel size: 10x30 | https://www.c-sgroup.com/product/door-and-frame-protection/acrovyn-kickpush-plates,,,,USD,EA
Construction Specialties,CS-PP-60-12x30,Kick/Push Plate,10 26 00,Acrovyn Push Plate .060 12x30. Thickness .060. Panel size 12x30. Common cut size class; plates cut to order from 4x8/4x10. Literature/CAD expansion; gap-check CM_Deploy before create. CM_Deploy catalog target only (do not publish to USISupply). | Thickness: .060 | Panel size: 12x30 | https://www.c-sgroup.com/product/door-and-frame-protection/acrovyn-kickpush-plates,,,,USD,EA
Construction Specialties,CS-PP-60-16x30,Kick/Push Plate,10 26 00,Acrovyn Push Plate .060 16x30. Thickness .060. Panel size 16x30. Common cut size class; plates cut to order from 4x8/4x10. Literature/CAD expansion; gap-check CM_Deploy before create. CM_Deploy catalog target only (do not publish to USISupply). | Thickness: .060 | Panel size: 16x30 | https://www.c-sgroup.com/product/door-and-frame-protection/acrovyn-kickpush-plates,,,,USD,EA
Construction Specialties,CS-PP-60-4x16,Kick/Push Plate,10 26 00,Acrovyn Push Plate .060 4x16. Thickness .060. Panel size 4x16. Common cut size class; plates cut to order from 4x8/4x10. Literature/CAD expansion; gap-check CM_Deploy before create. CM_Deploy catalog target only (do not publish to USISupply). | Thickness: .060 | Panel size: 4x16 | https://www.c-sgroup.com/product/door-and-frame-protection/acrovyn-kickpush-plates,,,,USD,EA
Construction Specialties,CS-PP-60-8x30,Kick/Push Plate,10 26 00,Acrovyn Push Plate .060 8x30. Thickness .060. Panel size 8x30. Common cut size class; plates cut to order from 4x8/4x10. Literature/CAD expansion; gap-check CM_Deploy before create. CM_Deploy catalog target only (do not publish to USISupply). | Thickness: .060 | Panel size: 8x30 | https://www.c-sgroup.com/product/door-and-frame-protection/acrovyn-kickpush-plates,,,,USD,EA
Construction Specialties,CS-PP-60-8x34,Kick/Push Plate,10 26 00,Acrovyn Push Plate .060 8x34. Thickness .060. Panel size 8x34. Common cut size class; plates cut to order from 4x8/4x10. Literature/CAD expansion; gap-check CM_Deploy before create. CM_Deploy catalog target only (do not publish to USISupply). | Thickness: .060 | Panel size: 8x34 | https://www.c-sgroup.com/product/door-and-frame-protection/acrovyn-kickpush-plates,,,,USD,EA
Construction Specialties,CS-PP-60N,Kick/Push Plate,10 26 00,Construction Specialties Acrovyn Push Plate PP-60N. Thickness .060. PVC-free variant | Thickness: .060 | https://www.c-sgroup.com/product/door-and-frame-protection/acrovyn-kickpush-plates,,,,USD,EA
Construction Specialties,CS-PP-LX,Kick/Push Plate,10 26 00,Construction Specialties Polycarbonate Push Plate PP-LX | https://www.c-sgroup.com/product/door-and-frame-protection/acrovyn-kickpush-plates,,,,USD,EA
Construction Specialties,CS-PP-SS,Kick/Push Plate,10 26 00,Construction Specialties Stainless Steel Push Plate PP-SS | https://www.c-sgroup.com/product/door-and-frame-protection/acrovyn-kickpush-plates,,,,USD,EA
Construction Specialties,CS-RUBSTRIP-ACROVYN,Rub Strip,10 26 00,Construction Specialties Acrovyn Rubstrips (RUBSTRIP-ACROVYN). normalized from marketing/URL slug for CM_Deploy discrete row | https://www.c-sgroup.com/product/crash-rails/rubstrips,,,,USD,EA
Construction Specialties,CS-RUBSTRIP-POLYCARBONATE,Rub Strip,10 26 00,Construction Specialties Polycarbonate Rubstrips (RUBSTRIP-POLYCARBONATE). normalized from marketing/URL slug for CM_Deploy discrete row | https://www.c-sgroup.com/product/crash-rails/polycarbonate-rubstrips,,,,USD,EA
Construction Specialties,CS-RUBSTRIP-STAINLESS,Rub Strip,10 26 00,Construction Specialties Stainless Steel Rubstrips (RUBSTRIP-STAINLESS). normalized from marketing/URL slug for CM_Deploy discrete row | https://www.c-sgroup.com/product/crash-rails/stainless-steel-rubstrips,,,,USD,EA
Construction Specialties,CS-RUBSTRIP-ACROVYN-4,Rub Strip,10 26 00,"Rubstrips RUBSTRIP-ACROVYN-4. Profile height 4"". Mounting Surface-Mounted. Acrovyn rubstrip 4"" height class (4–24""). Literature/CAD expansion; gap-check CM_Deploy before create. CM_Deploy catalog target only (do not publish to USISupply). | https://www.c-sgroup.com/product/crash-rails/rubstrips",Surface-Mounted,,,USD,EA
Construction Specialties,CS-RUBSTRIP-ACROVYN-6,Rub Strip,10 26 00,"Rubstrips RUBSTRIP-ACROVYN-6. Profile height 6"". Mounting Surface-Mounted. Acrovyn rubstrip 6"" height class. Literature/CAD expansion; gap-check CM_Deploy before create. CM_Deploy catalog target only (do not publish to USISupply). | https://www.c-sgroup.com/product/crash-rails/rubstrips",Surface-Mounted,,,USD,EA
Construction Specialties,CS-RUBSTRIP-ACROVYN-8,Rub Strip,10 26 00,"Rubstrips RUBSTRIP-ACROVYN-8. Profile height 8"". Mounting Surface-Mounted. Acrovyn rubstrip 8"" height class. Literature/CAD expansion; gap-check CM_Deploy before create. CM_Deploy catalog target only (do not publish to USISupply). | https://www.c-sgroup.com/product/crash-rails/rubstrips",Surface-Mounted,,,USD,EA
Construction Specialties,CS-RUBSTRIP-PC-4,Rub Strip,10 26 00,"Rubstrips RUBSTRIP-PC-4. Profile height 4"". Mounting Surface-Mounted. Clear polycarbonate rubstrip 4"". Literature/CAD expansion; gap-check CM_Deploy before create. CM_Deploy catalog target only (do not publish to USISupply). | https://www.c-sgroup.com/product/crash-rails/polycarbonate-rubstrips",Surface-Mounted,,,USD,EA
Construction Specialties,CS-RUBSTRIP-PC-6,Rub Strip,10 26 00,"Rubstrips RUBSTRIP-PC-6. Profile height 6"". Mounting Surface-Mounted. Clear polycarbonate rubstrip 6"". Literature/CAD expansion; gap-check CM_Deploy before create. CM_Deploy catalog target only (do not publish to USISupply). | https://www.c-sgroup.com/product/crash-rails/polycarbonate-rubstrips",Surface-Mounted,,,USD,EA
Construction Specialties,CS-RUBSTRIP-PC-8,Rub Strip,10 26 00,"Rubstrips RUBSTRIP-PC-8. Profile height 8"". Mounting Surface-Mounted. Clear polycarbonate rubstrip 8"". Literature/CAD expansion; gap-check CM_Deploy before create. CM_Deploy catalog target only (do not publish to USISupply). | https://www.c-sgroup.com/product/crash-rails/polycarbonate-rubstrips",Surface-Mounted,,,USD,EA
Construction Specialties,CS-RUBSTRIP-SS-4,Rub Strip,10 26 00,"Rubstrips RUBSTRIP-SS-4. Profile height 4"". Mounting Surface-Mounted. Stainless rubstrip 4"". Literature/CAD expansion; gap-check CM_Deploy before create. CM_Deploy catalog target only (do not publish to USISupply). | https://www.c-sgroup.com/product/crash-rails/stainless-steel-rubstrips",Surface-Mounted,,,USD,EA
Construction Specialties,CS-RUBSTRIP-SS-6,Rub Strip,10 26 00,"Rubstrips RUBSTRIP-SS-6. Profile height 6"". Mounting Surface-Mounted. Stainless rubstrip 6"". Literature/CAD expansion; gap-check CM_Deploy before create. CM_Deploy catalog target only (do not publish to USISupply). | https://www.c-sgroup.com/product/crash-rails/stainless-steel-rubstrips",Surface-Mounted,,,USD,EA
Construction Specialties,CS-RUBSTRIP-SS-8,Rub Strip,10 26 00,"Rubstrips RUBSTRIP-SS-8. Profile height 8"". Mounting Surface-Mounted. Stainless rubstrip 8"". Literature/CAD expansion; gap-check CM_Deploy before create. CM_Deploy catalog target only (do not publish to USISupply). | https://www.c-sgroup.com/product/crash-rails/stainless-steel-rubstrips",Surface-Mounted,,,USD,EA
Construction Specialties,CS-ACROVYN-TRIM,Trim,10 26 00,Construction Specialties Acrovyn Trim (ACROVYN-TRIM). Panel/trim model page; thickness/size matrix not fully exploded. | https://www.c-sgroup.com/product/wall-covering/acrovyn-trim,,,,USD,EA
Construction Specialties,CS-ACROVYN-TRIM-INSIDE-CORNER-.040,Trim,10 26 00,Acrovyn Inside Corner Trim .040. Thickness .040. Trim keyed to .040 sheet system. Literature/CAD expansion; gap-check CM_Deploy before create. CM_Deploy catalog target only (do not publish to USISupply). | Thickness: .040 | https://www.c-sgroup.com/product/wall-protection-accessories/in-stock-acrovyn-inside-corner-trims-5-pack,,,,USD,EA
Construction Specialties,CS-ACROVYN-TRIM-INSIDE-CORNER-.060,Trim,10 26 00,Acrovyn Inside Corner Trim .060. Thickness .060. Trim keyed to .060 sheet system. Literature/CAD expansion; gap-check CM_Deploy before create. CM_Deploy catalog target only (do not publish to USISupply). | Thickness: .060 | https://www.c-sgroup.com/product/wall-protection-accessories/in-stock-acrovyn-inside-corner-trims-5-pack,,,,USD,EA
Construction Specialties,CS-ACROVYN-TRIM-INSIDE-CORNER-.075,Trim,10 26 00,Acrovyn Inside Corner Trim .075. Thickness .075. Trim keyed to .075 sheet system. Literature/CAD expansion; gap-check CM_Deploy before create. CM_Deploy catalog target only (do not publish to USISupply). | Thickness: .075 | https://www.c-sgroup.com/product/wall-protection-accessories/in-stock-acrovyn-inside-corner-trims-5-pack,,,,USD,EA
Construction Specialties,CS-ACROVYN-TRIM-OUTSIDE-CORNER-.040,Trim,10 26 00,Acrovyn Outside Corner Trim .040. Thickness .040. Trim keyed to .040 sheet system. Literature/CAD expansion; gap-check CM_Deploy before create. CM_Deploy catalog target only (do not publish to USISupply). | Thickness: .040 | https://www.c-sgroup.com/product/wall-protection-accessories/in-stock-acrovyn-outside-corner-trims-5-pack,,,,USD,EA
Construction Specialties,CS-ACROVYN-TRIM-OUTSIDE-CORNER-.060,Trim,10 26 00,Acrovyn Outside Corner Trim .060. Thickness .060. Trim keyed to .060 sheet system. Literature/CAD expansion; gap-check CM_Deploy before create. CM_Deploy catalog target only (do not publish to USISupply). | Thickness: .060 | https://www.c-sgroup.com/product/wall-protection-accessories/in-stock-acrovyn-outside-corner-trims-5-pack,,,,USD,EA
Construction Specialties,CS-ACROVYN-TRIM-OUTSIDE-CORNER-.075,Trim,10 26 00,Acrovyn Outside Corner Trim .075. Thickness .075. Trim keyed to .075 sheet system. Literature/CAD expansion; gap-check CM_Deploy before create. CM_Deploy catalog target only (do not publish to USISupply). | Thickness: .075 | https://www.c-sgroup.com/product/wall-protection-accessories/in-stock-acrovyn-outside-corner-trims-5-pack,,,,USD,EA
Construction Specialties,CS-ACROVYN-TRIM-SYSTEM-.040,Trim,10 26 00,Acrovyn Trim System .040. Thickness .040. Acrovyn trim system for .040 wall covering. Literature/CAD expansion; gap-check CM_Deploy before create. CM_Deploy catalog target only (do not publish to USISupply). | Thickness: .040 | https://www.c-sgroup.com/product/wall-covering/acrovyn-trim,,,,USD,EA
Construction Specialties,CS-ACROVYN-TRIM-SYSTEM-.060,Trim,10 26 00,Acrovyn Trim System .060. Thickness .060. Acrovyn trim system for .060 wall covering. Literature/CAD expansion; gap-check CM_Deploy before create. CM_Deploy catalog target only (do not publish to USISupply). | Thickness: .060 | https://www.c-sgroup.com/product/wall-covering/acrovyn-trim,,,,USD,EA
Construction Specialties,CS-ACROVYN-TRIM-SYSTEM-.075,Trim,10 26 00,Acrovyn Trim System .075. Thickness .075. Acrovyn trim system for .075 wall covering. Literature/CAD expansion; gap-check CM_Deploy before create. CM_Deploy catalog target only (do not publish to USISupply). | Thickness: .075 | https://www.c-sgroup.com/product/wall-covering/acrovyn-trim,,,,USD,EA
Construction Specialties,CS-ACROVYN-TRIM-VERTICAL-JOINT-.040,Trim,10 26 00,Acrovyn Vertical Joint Trim .040. Thickness .040. Trim keyed to .040 sheet system. Literature/CAD expansion; gap-check CM_Deploy before create. CM_Deploy catalog target only (do not publish to USISupply). | Thickness: .040 | https://www.c-sgroup.com/product/wall-protection-accessories/in-stock-acrovyn-vertical-joint-trims-5-pack,,,,USD,EA
Construction Specialties,CS-ACROVYN-TRIM-VERTICAL-JOINT-.060,Trim,10 26 00,Acrovyn Vertical Joint Trim .060. Thickness .060. Trim keyed to .060 sheet system. Literature/CAD expansion; gap-check CM_Deploy before create. CM_Deploy catalog target only (do not publish to USISupply). | Thickness: .060 | https://www.c-sgroup.com/product/wall-protection-accessories/in-stock-acrovyn-vertical-joint-trims-5-pack,,,,USD,EA
Construction Specialties,CS-ACROVYN-TRIM-VERTICAL-JOINT-.075,Trim,10 26 00,Acrovyn Vertical Joint Trim .075. Thickness .075. Trim keyed to .075 sheet system. Literature/CAD expansion; gap-check CM_Deploy before create. CM_Deploy catalog target only (do not publish to USISupply). | Thickness: .075 | https://www.c-sgroup.com/product/wall-protection-accessories/in-stock-acrovyn-vertical-joint-trims-5-pack,,,,USD,EA
Construction Specialties,CS-ACROVYN-TRIM-WAINSCOT-.040,Trim,10 26 00,Acrovyn Wainscot Trim .040. Thickness .040. Trim keyed to .040 sheet system. Literature/CAD expansion; gap-check CM_Deploy before create. CM_Deploy catalog target only (do not publish to USISupply). | Thickness: .040 | https://www.c-sgroup.com/product/wall-protection-accessories/in-stock-acrovyn-wainscot-trims-5-pack,,,,USD,EA
Construction Specialties,CS-ACROVYN-TRIM-WAINSCOT-.060,Trim,10 26 00,Acrovyn Wainscot Trim .060. Thickness .060. Trim keyed to .060 sheet system. Literature/CAD expansion; gap-check CM_Deploy before create. CM_Deploy catalog target only (do not publish to USISupply). | Thickness: .060 | https://www.c-sgroup.com/product/wall-protection-accessories/in-stock-acrovyn-wainscot-trims-5-pack,,,,USD,EA
Construction Specialties,CS-ACROVYN-TRIM-WAINSCOT-.075,Trim,10 26 00,Acrovyn Wainscot Trim .075. Thickness .075. Trim keyed to .075 sheet system. Literature/CAD expansion; gap-check CM_Deploy before create. CM_Deploy catalog target only (do not publish to USISupply). | Thickness: .075 | https://www.c-sgroup.com/product/wall-protection-accessories/in-stock-acrovyn-wainscot-trims-5-pack,,,,USD,EA
Construction Specialties,CS-ALUMINUM-TRIM-.040,Trim,10 26 00,Aluminum Trim for Acrovyn Wall Covering .040. Thickness .040. Aluminum trim for .040 Acrovyn sheet. Literature/CAD expansion; gap-check CM_Deploy before create. CM_Deploy catalog target only (do not publish to USISupply). | Thickness: .040 | https://www.c-sgroup.com/product/wall-covering/aluminum-trim,,,,USD,EA
Construction Specialties,CS-ALUMINUM-TRIM-.060,Trim,10 26 00,Aluminum Trim for Acrovyn Wall Covering .060. Thickness .060. Aluminum trim for .060 Acrovyn sheet. Literature/CAD expansion; gap-check CM_Deploy before create. CM_Deploy catalog target only (do not publish to USISupply). | Thickness: .060 | https://www.c-sgroup.com/product/wall-covering/aluminum-trim,,,,USD,EA
Construction Specialties,CS-.040-4x10,Rigid Sheet Wall Protection,10 26 00,"Construction Specialties Acrovyn Wall Covering .040 4x10 (.040-4x10). Thickness .040. Panel size 4x10. Confirmed on CS product page: .040 rigid sheet, standard 4' x 10' (imperial notation); size-combination record, not a separate manufacturer part number | Thickness: .040 | Panel size: 4x10 | https://www.c-sgroup.com/product/wall-covering/acrovyn-wall-covering-040",,,,USD,EA
Construction Specialties,CS-.040-4x8,Rigid Sheet Wall Protection,10 26 00,"Construction Specialties Acrovyn Wall Covering .040 4x8 (.040-4x8). Thickness .040. Panel size 4x8. Confirmed on CS product page: .040 rigid sheet, standard 4' x 8' (imperial notation); size-combination record, not a separate manufacturer part number | Thickness: .040 | Panel size: 4x8 | https://www.c-sgroup.com/product/wall-covering/acrovyn-wall-covering-040",,,,USD,EA
Construction Specialties,CS-.060-4x10,Rigid Sheet Wall Protection,10 26 00,"Construction Specialties Acrovyn Wall Covering .060 4x10 (.060-4x10). Thickness .060. Panel size 4x10. Confirmed on CS product page: .060 rigid sheet, standard 4' x 10' (imperial notation); size-combination record, not a separate manufacturer part number | Thickness: .060 | Panel size: 4x10 | https://www.c-sgroup.com/product/wall-covering/acrovyn-wall-covering-060",,,,USD,EA
Construction Specialties,CS-.060-4x8,Rigid Sheet Wall Protection,10 26 00,"Construction Specialties Acrovyn Wall Covering .060 4x8 (.060-4x8). Thickness .060. Panel size 4x8. Confirmed on CS product page: .060 rigid sheet, standard 4' x 8' (imperial notation); size-combination record, not a separate manufacturer part number | Thickness: .060 | Panel size: 4x8 | https://www.c-sgroup.com/product/wall-covering/acrovyn-wall-covering-060",,,,USD,EA
Construction Specialties,CS-.075-4x10,Rigid Sheet Wall Protection,10 26 00,"Construction Specialties Acrovyn Wall Covering .075 4x10 (.075-4x10). Thickness .075. Panel size 4x10. Confirmed on CS product page: .075 rigid sheet, standard 4' x 10' (imperial notation); size-combination record, not a separate manufacturer part number | Thickness: .075 | Panel size: 4x10 | https://www.c-sgroup.com/product/wall-covering/acrovyn-wall-covering-075",,,,USD,EA
Construction Specialties,CS-.075-4x8,Rigid Sheet Wall Protection,10 26 00,"Construction Specialties Acrovyn Wall Covering .075 4x8 (.075-4x8). Thickness .075. Panel size 4x8. Confirmed on CS product page: .075 rigid sheet, standard 4' x 8' (imperial notation); size-combination record, not a separate manufacturer part number | Thickness: .075 | Panel size: 4x8 | https://www.c-sgroup.com/product/wall-covering/acrovyn-wall-covering-075",,,,USD,EA
Construction Specialties,CS-ALUMINUM-TRIM,Wall Covering,10 26 00,Construction Specialties Aluminum Trim for Acrovyn Wall Covering (ALUMINUM-TRIM). normalized from marketing/URL slug for CM_Deploy discrete row | https://www.c-sgroup.com/product/wall-covering/aluminum-trim,,,,USD,EA
Construction Specialties,CS-AcrovynWallCovering.075,Rigid Sheet Wall Protection,10 26 00,"Construction Specialties Acrovyn Wall Covering .075 4x8/4x10 (AcrovynWallCovering.075). Thickness .075. Store listing explicitly states 4ft x 8ft / 10ft, .075in | Thickness: .075 | https://www.thecornerguardstore.com/brands/csgroup.html?page=4",,,,USD,EA
Construction Specialties,CS-STAINLESS-STEEL-WALL-COVERING,Wall Covering,10 26 00,Construction Specialties Stainless Steel Wall Covering (STAINLESS-STEEL-WALL-COVERING). Panel/trim model page; thickness/size matrix not fully exploded. | https://www.c-sgroup.com/product/wall-covering/stainless-steel-wall-covering,,,,USD,EA
Construction Specialties,CS-ACROVYN-WC-.040-3x8,Rigid Sheet Wall Protection,10 26 00,Construction Specialties Acrovyn Wall Covering .040 3x8 solid (ACROVYN-WC-.040-3x8). Thickness .040. Panel size 3x8. Finish solid. NOT on CS standard literature (4x8/4x10). FLAG: may already exist as CM_Deploy size variant — do not treat as invalid; gap-check CM_Deploy before creating. | Thickness: .040 | Panel size: 3x8,,,,USD,EA
Construction Specialties,CS-ACROVYN-WC-.040-43x114-TEXTURE,Rigid Sheet Wall Protection,10 26 00,"Construction Specialties Acrovyn Wall Covering .040 43x114 texture (ACROVYN-WC-.040-43x114-TEXTURE). Thickness .040. Panel size 43x114. Finish texture. Optional textures (e.g. Single Tread): max size 43"" x 114"" at .040 per Acrovyn Textures+Microtextures Color Card CC.ATXR.0523. Units: inches. Finish/type=texture. | Thickness: .040 | Panel size: 43x114 | https://www.c-sgroup.com/product/wall-covering/acrovyn-wall-covering-040",,,,USD,EA
Construction Specialties,CS-ACROVYN-WC-.040-43x90-TEXTURE,Rigid Sheet Wall Protection,10 26 00,"Construction Specialties Acrovyn Wall Covering .040 43x90 texture (ACROVYN-WC-.040-43x90-TEXTURE). Thickness .040. Panel size 43x90. Finish texture. Optional texture alternate size 43"" x 90"" cited in prior CS materials/specs dump; confirm vs current CC.ATXR card (lists 43x114 max). Units: inches. Finish/type=texture. | Thickness: .040 | Panel size: 43x90 | https://www.c-sgroup.com/product/wall-covering/acrovyn-wall-covering-040",,,,USD,EA
Construction Specialties,CS-ACROVYN-WC-.040-4x10,Rigid Sheet Wall Protection,10 26 00,Construction Specialties Acrovyn Wall Covering .040 4x10 solid (ACROVYN-WC-.040-4x10). Thickness .040. Panel size 4x10. Finish solid. CS standard solid Suede: 4x10 confirmed (online size selector + product copy). Pack of 5 sheets. Finish/type=solid. | Thickness: .040 | Panel size: 4x10 | https://www.c-sgroup.com/product/wall-covering/acrovyn-wall-covering-040,,,,USD,EA
Construction Specialties,CS-ACROVYN-WC-.040-4x10-WOODGRAIN,Rigid Sheet Wall Protection,10 26 00,Construction Specialties Acrovyn Wall Covering .040 4x10 woodgrain (ACROVYN-WC-.040-4x10-WOODGRAIN). Thickness .040. Panel size 4x10. Finish woodgrain. CS: woodgrains standard Suede in 4x10 only; pattern runs parallel to 10' edge. Finish/type=woodgrain. | Thickness: .040 | Panel size: 4x10 | https://www.c-sgroup.com/product/wall-covering/acrovyn-wall-covering-040,,,,USD,EA
Construction Specialties,CS-ACROVYN-WC-.040-4x8,Rigid Sheet Wall Protection,10 26 00,Construction Specialties Acrovyn Wall Covering .040 4x8 solid (ACROVYN-WC-.040-4x8). Thickness .040. Panel size 4x8. Finish solid. CS standard solid Suede: 4x8 confirmed (online size selector + product copy). Pack of 5 sheets. Finish/type=solid. | Thickness: .040 | Panel size: 4x8 | https://www.c-sgroup.com/product/wall-covering/acrovyn-wall-covering-040,,,,USD,EA
Construction Specialties,CS-ACROVYN-WC-.040-4x8-MICROTEXTURE,Rigid Sheet Wall Protection,10 26 00,Construction Specialties Acrovyn Wall Covering .040 4x8 microtexture (ACROVYN-WC-.040-4x8-MICROTEXTURE). Thickness .040. Panel size 4x8. Finish microtexture. Microtextures (Barnwood/Leatherlee/Sightline): CC.ATXR lists max 4'x8' at .040 solid colors. Finish/type=microtexture. | Thickness: .040 | Panel size: 4x8 | https://www.c-sgroup.com/product/wall-covering/acrovyn-wall-covering-040,,,,USD,EA
Construction Specialties,CS-ACROVYN-WC-.060-3x8,Rigid Sheet Wall Protection,10 26 00,Construction Specialties Acrovyn Wall Covering .060 3x8 solid (ACROVYN-WC-.060-3x8). Thickness .060. Panel size 3x8. Finish solid. NOT on CS standard literature (4x8/4x10). FLAG: may already exist as CM_Deploy size variant — do not treat as invalid; gap-check CM_Deploy before creating. | Thickness: .060 | Panel size: 3x8,,,,USD,EA
Construction Specialties,CS-ACROVYN-WC-.060-4x10,Rigid Sheet Wall Protection,10 26 00,Construction Specialties Acrovyn Wall Covering .060 4x10 solid (ACROVYN-WC-.060-4x10). Thickness .060. Panel size 4x10. Finish solid. CS standard solid Suede: 4x10 confirmed (online size selector + product copy). Pack of 3 sheets. Finish/type=solid. | Thickness: .060 | Panel size: 4x10 | https://www.c-sgroup.com/product/wall-covering/acrovyn-wall-covering-060,,,,USD,EA
Construction Specialties,CS-ACROVYN-WC-.060-4x10-WOODGRAIN,Rigid Sheet Wall Protection,10 26 00,Construction Specialties Acrovyn Wall Covering .060 4x10 woodgrain (ACROVYN-WC-.060-4x10-WOODGRAIN). Thickness .060. Panel size 4x10. Finish woodgrain. CS: woodgrains standard Suede in 4x10 only; pattern runs parallel to 10' edge. Finish/type=woodgrain. | Thickness: .060 | Panel size: 4x10 | https://www.c-sgroup.com/product/wall-covering/acrovyn-wall-covering-060,,,,USD,EA
Construction Specialties,CS-ACROVYN-WC-.060-4x8,Rigid Sheet Wall Protection,10 26 00,Construction Specialties Acrovyn Wall Covering .060 4x8 solid (ACROVYN-WC-.060-4x8). Thickness .060. Panel size 4x8. Finish solid. CS standard solid Suede: 4x8 confirmed (online size selector + product copy). Pack of 3 sheets. Finish/type=solid. | Thickness: .060 | Panel size: 4x8 | https://www.c-sgroup.com/product/wall-covering/acrovyn-wall-covering-060,,,,USD,EA
Construction Specialties,CS-ACROVYN-WC-.075-3x8,Rigid Sheet Wall Protection,10 26 00,Construction Specialties Acrovyn Wall Covering .075 3x8 solid (ACROVYN-WC-.075-3x8). Thickness .075. Panel size 3x8. Finish solid. NOT on CS standard literature (4x8/4x10). FLAG: may already exist as CM_Deploy size variant — do not treat as invalid; gap-check CM_Deploy before creating. | Thickness: .075 | Panel size: 3x8,,,,USD,EA
Construction Specialties,CS-ACROVYN-WC-.075-4x10,Rigid Sheet Wall Protection,10 26 00,Construction Specialties Acrovyn Wall Covering .075 4x10 solid (ACROVYN-WC-.075-4x10). Thickness .075. Panel size 4x10. Finish solid. CS product copy lists 4x10; no online size UI — confirm stocked vs quote path. Finish/type=solid. | Thickness: .075 | Panel size: 4x10 | https://www.c-sgroup.com/product/wall-covering/acrovyn-wall-covering-075,,,,USD,EA
Construction Specialties,CS-ACROVYN-WC-.075-4x8,Rigid Sheet Wall Protection,10 26 00,Construction Specialties Acrovyn Wall Covering .075 4x8 solid (ACROVYN-WC-.075-4x8). Thickness .075. Panel size 4x8. Finish solid. CS product copy lists 4x8; no online size UI — confirm stocked vs quote path. Finish/type=solid. | Thickness: .075 | Panel size: 4x8 | https://www.c-sgroup.com/product/wall-covering/acrovyn-wall-covering-075,,,,USD,EA
Construction Specialties,CS-ACROVYN-BY-DESIGN-.040-4x10,Rigid Sheet Wall Protection,10 26 00,Construction Specialties Acrovyn by Design .040 4x10 by-design (ACROVYN-BY-DESIGN-.040-4x10). Thickness .040. Panel size 4x10. Finish by-design. Acrovyn by Design: .040 only; pattern sheets 4x8 or 4x10 (FAQ). Finish/type=by-design. | Thickness: .040 | Panel size: 4x10 | https://www.c-sgroup.com/product/wall-covering/acrovyn-by-design-wall-covering,,,,USD,EA
Construction Specialties,CS-ACROVYN-BY-DESIGN-.040-4x8,Rigid Sheet Wall Protection,10 26 00,Construction Specialties Acrovyn by Design .040 4x8 by-design (ACROVYN-BY-DESIGN-.040-4x8). Thickness .040. Panel size 4x8. Finish by-design. Acrovyn by Design: .040 only; pattern sheets 4x8 or 4x10 (FAQ). Finish/type=by-design. | Thickness: .040 | Panel size: 4x8 | https://www.c-sgroup.com/product/wall-covering/acrovyn-by-design-wall-covering,,,,USD,EA
Construction Specialties,CS-PANEL-PICTURE-FRAME-.040-3x8,Wall Panel,10 26 00,Acrovyn Wall Panel Picture Frame Trim .040 3x8. Thickness .040. Panel size 3x8. Panel face .040; max size depends on relief depth (PS.AWP). Literature/CAD expansion; gap-check CM_Deploy before create. CM_Deploy catalog target only (do not publish to USISupply). | Thickness: .040 | Panel size: 3x8 | https://www.c-sgroup.com/product/wall-covering/acrovyn-wall-panel-with-picture-frame-trim,,,,USD,EA
Construction Specialties,CS-PANEL-PICTURE-FRAME-.040-4x10,Wall Panel,10 26 00,Acrovyn Wall Panel Picture Frame Trim .040 4x10. Thickness .040. Panel size 4x10. Panel face .040; max size depends on relief depth (PS.AWP). Literature/CAD expansion; gap-check CM_Deploy before create. CM_Deploy catalog target only (do not publish to USISupply). | Thickness: .040 | Panel size: 4x10 | https://www.c-sgroup.com/product/wall-covering/acrovyn-wall-panel-with-picture-frame-trim,,,,USD,EA
Construction Specialties,CS-PANEL-PICTURE-FRAME-.040-4x8,Wall Panel,10 26 00,Acrovyn Wall Panel Picture Frame Trim .040 4x8. Thickness .040. Panel size 4x8. Panel face .040; max size depends on relief depth (PS.AWP). Literature/CAD expansion; gap-check CM_Deploy before create. CM_Deploy catalog target only (do not publish to USISupply). | Thickness: .040 | Panel size: 4x8 | https://www.c-sgroup.com/product/wall-covering/acrovyn-wall-panel-with-picture-frame-trim,,,,USD,EA
Construction Specialties,CS-PANEL-PICTURE-FRAME-TRIM,Wall Panel,10 26 00,Construction Specialties Acrovyn Wall Panel — Picture Frame Trim (PANEL-PICTURE-FRAME-TRIM). Edge/mount config; sheet size/thickness still to capture; Panel/trim model page; thickness/size matrix not fully exploded. | https://www.c-sgroup.com/product/wall-covering/acrovyn-wall-panel-with-picture-frame-trim,,,,USD,EA
Construction Specialties,CS-PANEL-THIN-TRIM,Wall Panel,10 26 00,Construction Specialties Acrovyn Wall Panel — Thin Trim (PANEL-THIN-TRIM). Edge/mount config; sheet size/thickness still to capture; Panel/trim model page; thickness/size matrix not fully exploded. | https://www.c-sgroup.com/product/wall-covering/acrovyn-wall-panel-with-thin-trim,,,,USD,EA
Construction Specialties,CS-PANEL-THIN-TRIM-.040-3x8,Wall Panel,10 26 00,Acrovyn Wall Panel Thin Trim .040 3x8. Thickness .040. Panel size 3x8. Panel face .040; max size depends on relief depth (PS.AWP). Literature/CAD expansion; gap-check CM_Deploy before create. CM_Deploy catalog target only (do not publish to USISupply). | Thickness: .040 | Panel size: 3x8 | https://www.c-sgroup.com/product/wall-covering/acrovyn-wall-panel-with-thin-trim,,,,USD,EA
Construction Specialties,CS-PANEL-THIN-TRIM-.040-4x10,Wall Panel,10 26 00,Acrovyn Wall Panel Thin Trim .040 4x10. Thickness .040. Panel size 4x10. Panel face .040; max size depends on relief depth (PS.AWP). Literature/CAD expansion; gap-check CM_Deploy before create. CM_Deploy catalog target only (do not publish to USISupply). | Thickness: .040 | Panel size: 4x10 | https://www.c-sgroup.com/product/wall-covering/acrovyn-wall-panel-with-thin-trim,,,,USD,EA
Construction Specialties,CS-PANEL-THIN-TRIM-.040-4x8,Wall Panel,10 26 00,Acrovyn Wall Panel Thin Trim .040 4x8. Thickness .040. Panel size 4x8. Panel face .040; max size depends on relief depth (PS.AWP). Literature/CAD expansion; gap-check CM_Deploy before create. CM_Deploy catalog target only (do not publish to USISupply). | Thickness: .040 | Panel size: 4x8 | https://www.c-sgroup.com/product/wall-covering/acrovyn-wall-panel-with-thin-trim,,,,USD,EA
Construction Specialties,CS-PANEL-WRAPPED-BEVELED-.040-3x8,Wall Panel,10 26 00,Acrovyn Wall Panel Wrapped Beveled Edge .040 3x8. Thickness .040. Panel size 3x8. Panel face .040; max size depends on relief depth (PS.AWP). Literature/CAD expansion; gap-check CM_Deploy before create. CM_Deploy catalog target only (do not publish to USISupply). | Thickness: .040 | Panel size: 3x8 | https://www.c-sgroup.com/product/wall-covering/acrovyn-wall-panel-with-wrapped-beveled-edge,,,,USD,EA
Construction Specialties,CS-PANEL-WRAPPED-BEVELED-.040-4x10,Wall Panel,10 26 00,Acrovyn Wall Panel Wrapped Beveled Edge .040 4x10. Thickness .040. Panel size 4x10. Panel face .040; max size depends on relief depth (PS.AWP). Literature/CAD expansion; gap-check CM_Deploy before create. CM_Deploy catalog target only (do not publish to USISupply). | Thickness: .040 | Panel size: 4x10 | https://www.c-sgroup.com/product/wall-covering/acrovyn-wall-panel-with-wrapped-beveled-edge,,,,USD,EA
Construction Specialties,CS-PANEL-WRAPPED-BEVELED-.040-4x8,Wall Panel,10 26 00,Acrovyn Wall Panel Wrapped Beveled Edge .040 4x8. Thickness .040. Panel size 4x8. Panel face .040; max size depends on relief depth (PS.AWP). Literature/CAD expansion; gap-check CM_Deploy before create. CM_Deploy catalog target only (do not publish to USISupply). | Thickness: .040 | Panel size: 4x8 | https://www.c-sgroup.com/product/wall-covering/acrovyn-wall-panel-with-wrapped-beveled-edge,,,,USD,EA
Construction Specialties,CS-PANEL-WRAPPED-BEVELED-EDGE,Wall Panel,10 26 00,Construction Specialties Acrovyn Wall Panel — Wrapped Beveled Edge (PANEL-WRAPPED-BEVELED-EDGE). Edge/mount config; sheet size/thickness still to capture; Panel/trim model page; thickness/size matrix not fully exploded. | https://www.c-sgroup.com/product/wall-covering/acrovyn-wall-panel-with-wrapped-beveled-edge,,,,USD,EA
Construction Specialties,CS-PANEL-WRAPPED-SQUARE-.040-3x8,Wall Panel,10 26 00,Acrovyn Wall Panel Wrapped Square Edge .040 3x8. Thickness .040. Panel size 3x8. Panel face .040; max size depends on relief depth (PS.AWP). Literature/CAD expansion; gap-check CM_Deploy before create. CM_Deploy catalog target only (do not publish to USISupply). | Thickness: .040 | Panel size: 3x8 | https://www.c-sgroup.com/product/wall-covering/acrovyn-wall-panel-with-wrapped-square-edge,,,,USD,EA
Construction Specialties,CS-PANEL-WRAPPED-SQUARE-.040-4x10,Wall Panel,10 26 00,Acrovyn Wall Panel Wrapped Square Edge .040 4x10. Thickness .040. Panel size 4x10. Panel face .040; max size depends on relief depth (PS.AWP). Literature/CAD expansion; gap-check CM_Deploy before create. CM_Deploy catalog target only (do not publish to USISupply). | Thickness: .040 | Panel size: 4x10 | https://www.c-sgroup.com/product/wall-covering/acrovyn-wall-panel-with-wrapped-square-edge,,,,USD,EA
Construction Specialties,CS-PANEL-WRAPPED-SQUARE-.040-4x8,Wall Panel,10 26 00,Acrovyn Wall Panel Wrapped Square Edge .040 4x8. Thickness .040. Panel size 4x8. Panel face .040; max size depends on relief depth (PS.AWP). Literature/CAD expansion; gap-check CM_Deploy before create. CM_Deploy catalog target only (do not publish to USISupply). | Thickness: .040 | Panel size: 4x8 | https://www.c-sgroup.com/product/wall-covering/acrovyn-wall-panel-with-wrapped-square-edge,,,,USD,EA
Construction Specialties,CS-PANEL-WRAPPED-SQUARE-EDGE,Wall Panel,10 26 00,Construction Specialties Acrovyn Wall Panel — Wrapped Square Edge (PANEL-WRAPPED-SQUARE-EDGE). Edge/mount config; sheet size/thickness still to capture; Panel/trim model page; thickness/size matrix not fully exploded. | https://www.c-sgroup.com/product/wall-covering/acrovyn-wall-panel-with-wrapped-square-edge,,,,USD,EA
