manufacturer,item,category,csi_spec_section,description,mounting_type,cost,labor_per,currency,unit_of_measure
Inpro,INPRO-333,Accessory,10 26 00,Inpro Extension Roller 333 | https://www.inprocorp.com/products/extension-roller-333-tools-accessories,,,,USD,EA
Inpro,INPRO-340,Accessory,10 26 00,Inpro Vinyl Removal Tool 340 | https://www.inprocorp.com/products/vinyl-removal-tool-340-tools-accessories,,,,USD,EA
Inpro,INPRO-505,Accessory,10 26 00,Inpro Fastbond 30 Contact Cement 505 | https://www.inprocorp.com/products/fastbond-30-contact-cement-505-tools-accessories,,,,USD,EA
Inpro,INPRO-510,Accessory,10 26 00,Inpro Fastbond 30 Contact Cement 510 | https://www.inprocorp.com/products/fastbond-30-contact-cement-510-tools-accessories,,,,USD,EA
Inpro,INPRO-520,Accessory,10 26 00,Inpro Fastbond 30 Contact Cement 520 | https://www.inprocorp.com/products/fastbond-30-contact-cement-520-tools-accessories,,,,USD,EA
Inpro,INPRO-535-ACCESS,Accessory,10 26 00,Inpro Heavy Duty Construction Adhesive 535 | https://www.inprocorp.com/products/535-heavy-duty-construction-adhesive-535-tools-accessories,Adhesive,,,USD,EA
Inpro,INPRO-545,Accessory,10 26 00,Inpro Notched Trowel 545 | https://www.inprocorp.com/products/notched-trowel-545-tools-accessories,,,,USD,EA
Inpro,INPRO-547,Accessory,10 26 00,Inpro Ssa Porous Wall Substrate Adhesive Ssa 547 | https://www.inprocorp.com/products/547-ssa-porous-wall-substrate-adhesive-547-ssa-tools-accessories,Adhesive,,,USD,EA
Inpro,INPRO-548,Accessory,10 26 00,Inpro Non Porous Wall Substrate Adhesive 548 | https://www.inprocorp.com/products/548-non-porous-wall-substrate-adhesive-548-tools-accessories,Adhesive,,,USD,EA
Inpro,INPRO-585,Accessory,10 26 00,Inpro Fastfill Color Matched Caulk 585 | https://www.inprocorp.com/products/fastfill-color-matched-caulk-585-tools-accessories,,,,USD,EA
Inpro,INPRO-585M,Accessory,10 26 00,Inpro Fastfill Color Matched Caulk 585M | https://www.inprocorp.com/products/fastfill-color-matched-caulk-585m-tools-accessories,,,,USD,EA
Inpro,INPRO-600,Accessory,10 26 00,Inpro Inpro Bond Trowel On Adhesive 600 | https://www.inprocorp.com/products/inpro-bond-trowel-on-adhesive-600-tools-accessories,Adhesive,,,USD,EA
Inpro,INPRO-601,Accessory,10 26 00,Inpro Inpro Bond Trowel On Adhesive 601 | https://www.inprocorp.com/products/inpro-bond-trowel-on-adhesive-601-tools-accessories,Adhesive,,,USD,EA
Inpro,INPRO-602,Accessory,10 26 00,"Water-based repositionable adhesive for Palladium, Aspex, Continuum and rubrails | Panel size: 1 gallon | https://www.inprocorp.com/products/inpro-bond-roll-on-adhesive-602-tools-accessories",Adhesive,,,USD,EA
Inpro,INPRO-603,Accessory,10 26 00,Water-based repositionable adhesive; covers 1000 sq ft per four-gallon pail | Panel size: 4 gallon | https://www.inprocorp.com/products/inpro-bond-roll-on-adhesive-603-tools-accessories,Adhesive,,,USD,EA
Inpro,INPRO-6000,Bed Locator,10 26 00,Inpro Bed Locator 6000 | https://www.inprocorp.com/products/6000-bed-locator-6000-wall-protection,,,,USD,EA
Inpro,INPRO-2500,Chair Rail,10 26 00,"Narrow 2 in chair rail | Thickness: .070"" cover | Panel size: 2 in x 12 ft | https://www.inprocorp.com/products/2500-chair-rail-2500-wall-protection",continuous aluminum retainer,,,USD,EA
Inpro,INPRO-2500A,Chair Rail,10 26 00,Inpro 2500 Chair Rail P 2500A | https://www.inprocorp.com/products/2500-chair-rail-2500a-p-wall-protection,,,,USD,EA
Inpro,INPRO-2500FV,Chair Rail,10 26 00,Inpro 2500 Chair Rail 2500FV | https://www.inprocorp.com/products/2500-chair-rail-2500fv-wall-protection,,,,USD,EA
Inpro,INPRO-2500V,Chair Rail,10 26 00,"Inpro 2500 Chair Rail 2500V | Thickness: .070"" | Panel size: 12 ft x 2 in | https://www.inprocorp.com/products/2500-chair-rail-2500v-wall-protection",vinyl cover,,,USD,EA
Inpro,INPRO-2501,Chair Rail,10 26 00,Inpro 2500 Chair Rail 2501 | Panel size: end cap | https://www.inprocorp.com/products/2500-chair-rail-2501-wall-protection,accessory,,,USD,EA
Inpro,INPRO-2501FV,Chair Rail,10 26 00,Inpro 2500 Chair Rail 2501FV | https://www.inprocorp.com/products/2500-chair-rail-2501fv-wall-protection,,,,USD,EA
Inpro,INPRO-2502,Chair Rail,10 26 00,Inpro 2500 Chair Rail 2502 | Panel size: outside corner | https://www.inprocorp.com/products/2500-chair-rail-2502-wall-protection,accessory,,,USD,EA
Inpro,INPRO-2502FV,Chair Rail,10 26 00,Inpro 2500 Chair Rail 2502FV | https://www.inprocorp.com/products/2500-chair-rail-2502fv-wall-protection,,,,USD,EA
Inpro,INPRO-2503,Chair Rail,10 26 00,Inpro 2500 Chair Rail 2503 | Panel size: inside corner | https://www.inprocorp.com/products/2500-chair-rail-2503-wall-protection,accessory,,,USD,EA
Inpro,INPRO-2503FV,Chair Rail,10 26 00,Inpro 2500 Chair Rail 2503FV | https://www.inprocorp.com/products/2500-chair-rail-2503fv-wall-protection,,,,USD,EA
Inpro,INPRO-2504,Chair Rail,10 26 00,Inpro 2500 Chair Rail 2504 | Panel size: picture frame corner | https://www.inprocorp.com/products/2500-chair-rail-2504-wall-protection,accessory,,,USD,EA
Inpro,INPRO-2700,Chair Rail,10 26 00,"Stylish 3 in chair rail | Thickness: .070"" cover | Panel size: 3 in x 12 ft | https://www.inprocorp.com/products/2700-chair-rail-2700-wall-protection",continuous aluminum retainer,,,USD,EA
Inpro,INPRO-2700FV,Chair Rail,10 26 00,Inpro 2700 Chair Rail 2700FV | https://www.inprocorp.com/products/2700-chair-rail-2700fv-wall-protection,,,,USD,EA
Inpro,INPRO-2700FVV,Chair Rail,10 26 00,Inpro 2700 Chair Rail 2700FVV | https://www.inprocorp.com/products/2700-chair-rail-2700fvv-wall-protection,,,,USD,EA
Inpro,INPRO-2700V,Chair Rail,10 26 00,"Inpro 2700 Chair Rail 2700V | Thickness: .070"" | Panel size: 12 ft x 3 in | https://www.inprocorp.com/products/2700-chair-rail-2700v-wall-protection",vinyl cover,,,USD,EA
Inpro,INPRO-2701L,Chair Rail,10 26 00,Inpro 2700 Chair Rail 2701L | Panel size: left end cap | https://www.inprocorp.com/products/2700-chair-rail-2701l-wall-protection,accessory,,,USD,EA
Inpro,INPRO-2701LFV,Chair Rail,10 26 00,Inpro 2700 Chair Rail 2701LFV | https://www.inprocorp.com/products/2700-chair-rail-2701lfv-wall-protection,,,,USD,EA
Inpro,INPRO-2701R,Chair Rail,10 26 00,Inpro 2700 Chair Rail 2701R | Panel size: right end cap | https://www.inprocorp.com/products/2700-chair-rail-2701r-wall-protection,accessory,,,USD,EA
Inpro,INPRO-2701RFV,Chair Rail,10 26 00,Inpro 2700 Chair Rail 2701RFV | https://www.inprocorp.com/products/2700-chair-rail-2701rfv-wall-protection,,,,USD,EA
Inpro,INPRO-2702,Chair Rail,10 26 00,Inpro 2700 Chair Rail 2702 | Panel size: outside corner | https://www.inprocorp.com/products/2700-chair-rail-2702-wall-protection,accessory,,,USD,EA
Inpro,INPRO-2702FV,Chair Rail,10 26 00,Inpro 2700 Chair Rail 2702FV | https://www.inprocorp.com/products/2700-chair-rail-2702fv-wall-protection,,,,USD,EA
Inpro,INPRO-2703,Chair Rail,10 26 00,Inpro 2700 Chair Rail 2703 | Panel size: inside corner | https://www.inprocorp.com/products/2700-chair-rail-2703-wall-protection,accessory,,,USD,EA
Inpro,INPRO-10-CORNER,Corner Guard,10 26 00,Inpro Heavy Duty Rubber Corner Guards Dw Cgnr075 10 | https://www.inprocorp.com/products/heavy-duty-rubber-corner-guards-dw-cgnr075-10-wall-protection,,,,USD,EA
Inpro,INPRO-11-CORNER,Corner Guard,10 26 00,Inpro Nutree Corner Guards Nt Cg31508 11 | https://www.inprocorp.com/products/nutree-corner-guards-nt-cg31508-11-wall-protection,,,,USD,EA
Inpro,INPRO-11209,Corner Guard,10 26 00,Inpro Tape On Corner Guards 11209 | https://www.inprocorp.com/products/tape-on-corner-guards-11209-wall-protection,Tape-On,,,USD,EA
Inpro,INPRO-11209E,Corner Guard,10 26 00,Inpro Tape On Corner Guards 11209E | https://www.inprocorp.com/products/tape-on-corner-guards-11209e-wall-protection,Tape-On,,,USD,EA
Inpro,INPRO-11209F,Corner Guard,10 26 00,Inpro Flexible Corner Guards 11209F | https://www.inprocorp.com/products/flexible-corner-guards-11209f-wall-protection,,,,USD,EA
Inpro,INPRO-11209FV,Corner Guard,10 26 00,Inpro Tape On Corner Guards 11209FV | https://www.inprocorp.com/products/tape-on-corner-guards-11209fv-wall-protection,Tape-On,,,USD,EA
Inpro,INPRO-11209N,Corner Guard,10 26 00,Inpro Tape On Corner Guards Without Tape 11209N | https://www.inprocorp.com/products/tape-on-corner-guards-without-tape-11209n-wall-protection,Tape-On,,,USD,EA
Inpro,INPRO-11209NE,Corner Guard,10 26 00,Inpro Tape On Corner Guards Without Tape 11209NE | https://www.inprocorp.com/products/tape-on-corner-guards-without-tape-11209ne-wall-protection,Tape-On,,,USD,EA
Inpro,INPRO-11209NFV,Corner Guard,10 26 00,Inpro Tape On Corner Guards Without Tape 11209NFV | https://www.inprocorp.com/products/tape-on-corner-guards-without-tape-11209nfv-wall-protection,Tape-On,,,USD,EA
Inpro,INPRO-11209VL,Corner Guard,10 26 00,Inpro Tape On Corner Guards 11209VL | https://www.inprocorp.com/products/tape-on-corner-guards-11209vl-wall-protection,Tape-On,,,USD,EA
Inpro,INPRO-11209VLN,Corner Guard,10 26 00,Inpro Tape On Corner Guards Without Tape 11209VLN | https://www.inprocorp.com/products/tape-on-corner-guards-without-tape-11209vln-wall-protection,Tape-On,,,USD,EA
Inpro,INPRO-11212,Corner Guard,10 26 00,Inpro Tape On Corner Guards 11212 | https://www.inprocorp.com/products/tape-on-corner-guards-11212-wall-protection,Tape-On,,,USD,EA
Inpro,INPRO-11212E,Corner Guard,10 26 00,Inpro Tape On Corner Guards 11212E | https://www.inprocorp.com/products/tape-on-corner-guards-11212e-wall-protection,Tape-On,,,USD,EA
Inpro,INPRO-11212F,Corner Guard,10 26 00,Inpro Flexible Corner Guards 11212F | https://www.inprocorp.com/products/flexible-corner-guards-11212f-wall-protection,,,,USD,EA
Inpro,INPRO-11212FV,Corner Guard,10 26 00,Inpro Tape On Corner Guards 11212FV | https://www.inprocorp.com/products/tape-on-corner-guards-11212fv-wall-protection,Tape-On,,,USD,EA
Inpro,INPRO-11212N,Corner Guard,10 26 00,Inpro Tape On Corner Guards Without Tape 11212N | https://www.inprocorp.com/products/tape-on-corner-guards-without-tape-11212n-wall-protection,Tape-On,,,USD,EA
Inpro,INPRO-11212NE,Corner Guard,10 26 00,Inpro Tape On Corner Guards Without Tape 11212NE | https://www.inprocorp.com/products/tape-on-corner-guards-without-tape-11212ne-wall-protection,Tape-On,,,USD,EA
Inpro,INPRO-11212NFV,Corner Guard,10 26 00,Inpro Tape On Corner Guards Without Tape 11212NFV | https://www.inprocorp.com/products/tape-on-corner-guards-without-tape-11212nfv-wall-protection,Tape-On,,,USD,EA
Inpro,INPRO-11212VL,Corner Guard,10 26 00,Inpro Tape On Corner Guards 11212VL | https://www.inprocorp.com/products/tape-on-corner-guards-11212vl-wall-protection,Tape-On,,,USD,EA
Inpro,INPRO-11212VLN,Corner Guard,10 26 00,Inpro Tape On Corner Guards Without Tape 11212VLN | https://www.inprocorp.com/products/tape-on-corner-guards-without-tape-11212vln-wall-protection,Tape-On,,,USD,EA
Inpro,INPRO-11248,Corner Guard,10 26 00,Inpro Tape On Corner Guards 11248 | https://www.inprocorp.com/products/tape-on-corner-guards-11248-wall-protection,Tape-On,,,USD,EA
Inpro,INPRO-11248E,Corner Guard,10 26 00,Inpro Tape On Corner Guards 11248E | https://www.inprocorp.com/products/tape-on-corner-guards-11248e-wall-protection,Tape-On,,,USD,EA
Inpro,INPRO-11248F,Corner Guard,10 26 00,Inpro Flexible Corner Guards 11248F | https://www.inprocorp.com/products/flexible-corner-guards-11248f-wall-protection,,,,USD,EA
Inpro,INPRO-11248FV,Corner Guard,10 26 00,Inpro Tape On Corner Guards 11248FV | https://www.inprocorp.com/products/tape-on-corner-guards-11248fv-wall-protection,Tape-On,,,USD,EA
Inpro,INPRO-11248N,Corner Guard,10 26 00,Inpro Tape On Corner Guards Without Tape 11248N | https://www.inprocorp.com/products/tape-on-corner-guards-without-tape-11248n-wall-protection,Tape-On,,,USD,EA
Inpro,INPRO-11248NE,Corner Guard,10 26 00,Inpro Tape On Corner Guards Without Tape 11248NE | https://www.inprocorp.com/products/tape-on-corner-guards-without-tape-11248ne-wall-protection,Tape-On,,,USD,EA
Inpro,INPRO-11248NFV,Corner Guard,10 26 00,Inpro Tape On Corner Guards Without Tape 11248NFV | https://www.inprocorp.com/products/tape-on-corner-guards-without-tape-11248nfv-wall-protection,Tape-On,,,USD,EA
Inpro,INPRO-11248VL,Corner Guard,10 26 00,Inpro Tape On Corner Guards 11248VL | https://www.inprocorp.com/products/tape-on-corner-guards-11248vl-wall-protection,Tape-On,,,USD,EA
Inpro,INPRO-11248VLN,Corner Guard,10 26 00,Inpro Tape On Corner Guards Without Tape 11248VLN | https://www.inprocorp.com/products/tape-on-corner-guards-without-tape-11248vln-wall-protection,Tape-On,,,USD,EA
Inpro,INPRO-11296,Corner Guard,10 26 00,Inpro Tape On Corner Guards 11296 | https://www.inprocorp.com/products/tape-on-corner-guards-11296-wall-protection,Tape-On,,,USD,EA
Inpro,INPRO-11296E,Corner Guard,10 26 00,Inpro Tape On Corner Guards 11296E | https://www.inprocorp.com/products/tape-on-corner-guards-11296e-wall-protection,Tape-On,,,USD,EA
Inpro,INPRO-11296F,Corner Guard,10 26 00,Inpro Flexible Corner Guards 11296F | https://www.inprocorp.com/products/flexible-corner-guards-11296f-wall-protection,,,,USD,EA
Inpro,INPRO-11296FV,Corner Guard,10 26 00,Inpro Tape On Corner Guards 11296FV | https://www.inprocorp.com/products/tape-on-corner-guards-11296fv-wall-protection,Tape-On,,,USD,EA
Inpro,INPRO-11296N,Corner Guard,10 26 00,Inpro Tape On Corner Guards Without Tape 11296N | https://www.inprocorp.com/products/tape-on-corner-guards-without-tape-11296n-wall-protection,Tape-On,,,USD,EA
Inpro,INPRO-11296NE,Corner Guard,10 26 00,Inpro Tape On Corner Guards Without Tape 11296NE | https://www.inprocorp.com/products/tape-on-corner-guards-without-tape-11296ne-wall-protection,Tape-On,,,USD,EA
Inpro,INPRO-11296NFV,Corner Guard,10 26 00,Inpro Tape On Corner Guards Without Tape 11296NFV | https://www.inprocorp.com/products/tape-on-corner-guards-without-tape-11296nfv-wall-protection,Tape-On,,,USD,EA
Inpro,INPRO-11296VL,Corner Guard,10 26 00,Inpro Tape On Corner Guards 11296VL | https://www.inprocorp.com/products/tape-on-corner-guards-11296vl-wall-protection,Tape-On,,,USD,EA
Inpro,INPRO-11296VLN,Corner Guard,10 26 00,Inpro Tape On Corner Guards Without Tape 11296VLN | https://www.inprocorp.com/products/tape-on-corner-guards-without-tape-11296vln-wall-protection,Tape-On,,,USD,EA
Inpro,INPRO-121TC,Corner Guard,10 26 00,Inpro 130 High Impact Corner Guard 121TC | Panel size: 3 in top cap | https://www.inprocorp.com/products/130-high-impact-corner-guard-121tc-wall-protection,top cap,,,USD,EA
Inpro,INPRO-121TCFV,Corner Guard,10 26 00,Inpro 130 High Impact Corner Guard 121TCFV | https://www.inprocorp.com/products/130-high-impact-corner-guard-121tcfv-wall-protection,,,,USD,EA
Inpro,INPRO-121TCM,Corner Guard,10 26 00,Inpro 130 High Impact Corner Guard 121TCM | https://www.inprocorp.com/products/130-high-impact-corner-guard-121tcm-wall-protection,,,,USD,EA
Inpro,INPRO-1312,Corner Guard,10 26 00,Inpro 130 High Impact Corner Guard 1312 | https://www.inprocorp.com/products/130-high-impact-corner-guard-1312-wall-protection,,,,USD,EA
Inpro,INPRO-1312A,Corner Guard,10 26 00,Inpro 130 High Impact Corner Guard Pp 1312A | https://www.inprocorp.com/products/130-high-impact-corner-guard-1312a-pp-wall-protection,,,,USD,EA
Inpro,INPRO-1312BN,Corner Guard,10 26 00,Inpro 130bn Blunose High Impact Corner Guard 1312BN | https://www.inprocorp.com/products/130bn-blunose-high-impact-corner-guard-1312bn-wall-protection,,,,USD,EA
Inpro,INPRO-1312BNR,Corner Guard,10 26 00,Inpro 130bn Blunose High Impact Corner Guard M 1312BNR | https://www.inprocorp.com/products/130bn-blunose-high-impact-corner-guard-1312bnr-m-wall-protection,,,,USD,EA
Inpro,INPRO-1312F,Corner Guard,10 26 00,Inpro 130f Flush Mount Corner Guard 1312F | https://www.inprocorp.com/products/130f-flush-mount-corner-guard-1312f-wall-protection,Flush Mount,,,USD,EA
Inpro,INPRO-1312FFV,Corner Guard,10 26 00,Inpro 130f Flush Mount Corner Guard 1312FFV | https://www.inprocorp.com/products/130f-flush-mount-corner-guard-1312ffv-wall-protection,Flush Mount,,,USD,EA
Inpro,INPRO-1312FM,Corner Guard,10 26 00,Inpro 130f Flush Mount Corner Guard 1312FM | https://www.inprocorp.com/products/130f-flush-mount-corner-guard-1312fm-wall-protection,Flush Mount,,,USD,EA
Inpro,INPRO-1312FR1,Corner Guard,10 26 00,"Inpro 130fr Fire Rated Corner Guard 1312FR1 | Thickness: .080"" cover | Panel size: 12 ft x 3 in | https://www.inprocorp.com/products/130fr-fire-rated-corner-guard-1312fr1-wall-protection",fire-rated aluminum retainer,,,USD,EA
Inpro,INPRO-1312FR1FV,Corner Guard,10 26 00,Inpro 130fr Fire Rated Corner Guard 1312FR1FV | https://www.inprocorp.com/products/130fr-fire-rated-corner-guard-1312fr1fv-wall-protection,,,,USD,EA
Inpro,INPRO-1312FR2,Corner Guard,10 26 00,"Inpro 130fr Fire Rated Corner Guard 1312FR2 | Thickness: .080"" cover | Panel size: 12 ft x 3 in | https://www.inprocorp.com/products/130fr-fire-rated-corner-guard-1312fr2-wall-protection",fire-rated aluminum retainer,,,USD,EA
Inpro,INPRO-1312FR2FV,Corner Guard,10 26 00,Inpro 130fr Fire Rated Corner Guard 1312FR2FV | https://www.inprocorp.com/products/130fr-fire-rated-corner-guard-1312fr2fv-wall-protection,,,,USD,EA
Inpro,INPRO-1312FRA1,Corner Guard,10 26 00,Inpro 130fr Fire Rated Corner Guard 1312FRA1 | Panel size: 12 ft x 3 in | https://www.inprocorp.com/products/130fr-fire-rated-corner-guard-1312fra1-wall-protection,fire-rated aluminum,,,USD,EA
Inpro,INPRO-1312FRA2,Corner Guard,10 26 00,Inpro 130fr Fire Rated Corner Guard 1312FRA2 | Panel size: 12 ft x 3 in | https://www.inprocorp.com/products/130fr-fire-rated-corner-guard-1312fra2-wall-protection,fire-rated aluminum,,,USD,EA
Inpro,INPRO-1312FRM1,Corner Guard,10 26 00,Inpro 130fr Fire Rated Corner Guard 1312FRM1 | https://www.inprocorp.com/products/130fr-fire-rated-corner-guard-1312frm1-wall-protection,,,,USD,EA
Inpro,INPRO-1312FRM2,Corner Guard,10 26 00,Inpro 130fr Fire Rated Corner Guard 1312FRM2 | https://www.inprocorp.com/products/130fr-fire-rated-corner-guard-1312frm2-wall-protection,,,,USD,EA
Inpro,INPRO-1312FV,Corner Guard,10 26 00,Inpro 130 High Impact Corner Guard 1312FV | https://www.inprocorp.com/products/130-high-impact-corner-guard-1312fv-wall-protection,,,,USD,EA
Inpro,INPRO-1312FVBN,Corner Guard,10 26 00,Inpro 130bn Blunose High Impact Corner Guard 1312FVBN | https://www.inprocorp.com/products/130bn-blunose-high-impact-corner-guard-1312fvbn-wall-protection,,,,USD,EA
Inpro,INPRO-1312FVV,Corner Guard,10 26 00,Inpro 130 High Impact Corner Guard 1312FVV | https://www.inprocorp.com/products/130-high-impact-corner-guard-1312fvv-wall-protection,,,,USD,EA
Inpro,INPRO-1312M,Corner Guard,10 26 00,Inpro 130 High Impact Corner Guard 1312M | https://www.inprocorp.com/products/130-high-impact-corner-guard-1312m-wall-protection,,,,USD,EA
Inpro,INPRO-1312MBN,Corner Guard,10 26 00,Inpro 130bn Blunose High Impact Corner Guard 1312MBN | https://www.inprocorp.com/products/130bn-blunose-high-impact-corner-guard-1312mbn-wall-protection,,,,USD,EA
Inpro,INPRO-1312V,Corner Guard,10 26 00,"Inpro 130 High Impact Corner Guard 1312V | Thickness: .080"" | Panel size: 12 ft x 3 in | https://www.inprocorp.com/products/130-high-impact-corner-guard-1312v-wall-protection",vinyl cover,,,USD,EA
Inpro,INPRO-134,Corner Guard,10 26 00,"135° surface-mount corner guard; aluminum retainer + vinyl cover | Thickness: .080"" cover | Panel size: 4 ft x 3 in | https://www.inprocorp.com/products/130-high-impact-corner-guard-134-wall-protection",retainer with hardware,,,USD,EA
Inpro,INPRO-134A,Corner Guard,10 26 00,Inpro 130 High Impact Corner Guard P 134A | https://www.inprocorp.com/products/130-high-impact-corner-guard-134a-p-wall-protection,,,,USD,EA
Inpro,INPRO-134BN,Corner Guard,10 26 00,"Inpro 130bn Blunose High Impact Corner Guard 134BN | Thickness: .080"" cover | Panel size: 4 ft x 3 in | https://www.inprocorp.com/products/130bn-blunose-high-impact-corner-guard-134bn-wall-protection",BluNose vinyl retainer,,,USD,EA
Inpro,INPRO-134BNR,Corner Guard,10 26 00,Inpro 130bn Blunose High Impact Corner Guard M 134BNR | https://www.inprocorp.com/products/130bn-blunose-high-impact-corner-guard-134bnr-m-wall-protection,,,,USD,EA
Inpro,INPRO-134F,Corner Guard,10 26 00,"Inpro 130f Flush Mount Corner Guard 134F | Thickness: .080"" cover | Panel size: 4 ft x 3 in | https://www.inprocorp.com/products/130f-flush-mount-corner-guard-134f-wall-protection",Flush Mount,,,USD,EA
Inpro,INPRO-134FFV,Corner Guard,10 26 00,Inpro 130f Flush Mount Corner Guard 134FFV | https://www.inprocorp.com/products/130f-flush-mount-corner-guard-134ffv-wall-protection,Flush Mount,,,USD,EA
Inpro,INPRO-134FM,Corner Guard,10 26 00,Inpro 130f Flush Mount Corner Guard 134FM | https://www.inprocorp.com/products/130f-flush-mount-corner-guard-134fm-wall-protection,Flush Mount,,,USD,EA
Inpro,INPRO-134FV,Corner Guard,10 26 00,Inpro 130 High Impact Corner Guard 134FV | https://www.inprocorp.com/products/130-high-impact-corner-guard-134fv-wall-protection,,,,USD,EA
Inpro,INPRO-134FVBN,Corner Guard,10 26 00,Inpro 130bn Blunose High Impact Corner Guard 134FVBN | https://www.inprocorp.com/products/130bn-blunose-high-impact-corner-guard-134fvbn-wall-protection,,,,USD,EA
Inpro,INPRO-134FVV,Corner Guard,10 26 00,Inpro 130 High Impact Corner Guard 134FVV | https://www.inprocorp.com/products/130-high-impact-corner-guard-134fvv-wall-protection,,,,USD,EA
Inpro,INPRO-134M,Corner Guard,10 26 00,Inpro 130 High Impact Corner Guard 134M | https://www.inprocorp.com/products/130-high-impact-corner-guard-134m-wall-protection,,,,USD,EA
Inpro,INPRO-134MBN,Corner Guard,10 26 00,Inpro 130bn Blunose High Impact Corner Guard 134MBN | https://www.inprocorp.com/products/130bn-blunose-high-impact-corner-guard-134mbn-wall-protection,,,,USD,EA
Inpro,INPRO-134V,Corner Guard,10 26 00,"Inpro 130bn Blunose High Impact Corner Guard 134V | Thickness: .080"" cover | Panel size: 4 ft x 3 in | https://www.inprocorp.com/products/130bn-blunose-high-impact-corner-guard-134v-wall-protection",vinyl cover,,,USD,EA
Inpro,INPRO-134VM,Corner Guard,10 26 00,Inpro 130f Flush Mount Corner Guard 134VM | https://www.inprocorp.com/products/130f-flush-mount-corner-guard-134vm-wall-protection,Flush Mount,,,USD,EA
Inpro,INPRO-138,Corner Guard,10 26 00,Inpro 130 High Impact Corner Guard 138 | https://www.inprocorp.com/products/130-high-impact-corner-guard-138-wall-protection,,,,USD,EA
Inpro,INPRO-138A,Corner Guard,10 26 00,Inpro 130 High Impact Corner Guard P 138A | https://www.inprocorp.com/products/130-high-impact-corner-guard-138a-p-wall-protection,,,,USD,EA
Inpro,INPRO-138BN,Corner Guard,10 26 00,Inpro 130bn Blunose High Impact Corner Guard 138BN | https://www.inprocorp.com/products/130bn-blunose-high-impact-corner-guard-138bn-wall-protection,,,,USD,EA
Inpro,INPRO-138BNR,Corner Guard,10 26 00,Inpro 130bn Blunose High Impact Corner Guard M 138BNR | https://www.inprocorp.com/products/130bn-blunose-high-impact-corner-guard-138bnr-m-wall-protection,,,,USD,EA
Inpro,INPRO-138F,Corner Guard,10 26 00,Inpro 130f Flush Mount Corner Guard 138F | https://www.inprocorp.com/products/130f-flush-mount-corner-guard-138f-wall-protection,Flush Mount,,,USD,EA
Inpro,INPRO-138FFV,Corner Guard,10 26 00,Inpro 130f Flush Mount Corner Guard 138FFV | https://www.inprocorp.com/products/130f-flush-mount-corner-guard-138ffv-wall-protection,Flush Mount,,,USD,EA
Inpro,INPRO-138FM,Corner Guard,10 26 00,Inpro 130f Flush Mount Corner Guard 138FM | https://www.inprocorp.com/products/130f-flush-mount-corner-guard-138fm-wall-protection,Flush Mount,,,USD,EA
Inpro,INPRO-138FR1,Corner Guard,10 26 00,Inpro 130fr Fire Rated Corner Guard 138FR1 | https://www.inprocorp.com/products/130fr-fire-rated-corner-guard-138fr1-wall-protection,,,,USD,EA
Inpro,INPRO-138FR1FV,Corner Guard,10 26 00,Inpro 130fr Fire Rated Corner Guard 138FR1FV | https://www.inprocorp.com/products/130fr-fire-rated-corner-guard-138fr1fv-wall-protection,,,,USD,EA
Inpro,INPRO-138FR2,Corner Guard,10 26 00,Inpro 130fr Fire Rated Corner Guard 138FR2 | https://www.inprocorp.com/products/130fr-fire-rated-corner-guard-138fr2-wall-protection,,,,USD,EA
Inpro,INPRO-138FR2FV,Corner Guard,10 26 00,Inpro 130fr Fire Rated Corner Guard 138FR2FV | https://www.inprocorp.com/products/130fr-fire-rated-corner-guard-138fr2fv-wall-protection,,,,USD,EA
Inpro,INPRO-138FRA1,Corner Guard,10 26 00,Inpro 130fr Fire Rated Corner Guard 138FRA1 | https://www.inprocorp.com/products/130fr-fire-rated-corner-guard-138fra1-wall-protection,,,,USD,EA
Inpro,INPRO-138FRA2,Corner Guard,10 26 00,Inpro 130fr Fire Rated Corner Guard 138FRA2 | https://www.inprocorp.com/products/130fr-fire-rated-corner-guard-138fra2-wall-protection,,,,USD,EA
Inpro,INPRO-138FRM1,Corner Guard,10 26 00,Inpro 130fr Fire Rated Corner Guard 138FRM1 | https://www.inprocorp.com/products/130fr-fire-rated-corner-guard-138frm1-wall-protection,,,,USD,EA
Inpro,INPRO-138FRM2,Corner Guard,10 26 00,Inpro 130fr Fire Rated Corner Guard 138FRM2 | https://www.inprocorp.com/products/130fr-fire-rated-corner-guard-138frm2-wall-protection,,,,USD,EA
Inpro,INPRO-138FV,Corner Guard,10 26 00,Inpro 130 High Impact Corner Guard 138FV | https://www.inprocorp.com/products/130-high-impact-corner-guard-138fv-wall-protection,,,,USD,EA
Inpro,INPRO-138FVBN,Corner Guard,10 26 00,Inpro 130bn Blunose High Impact Corner Guard 138FVBN | https://www.inprocorp.com/products/130bn-blunose-high-impact-corner-guard-138fvbn-wall-protection,,,,USD,EA
Inpro,INPRO-138FVV,Corner Guard,10 26 00,Inpro 130 High Impact Corner Guard 138FVV | https://www.inprocorp.com/products/130-high-impact-corner-guard-138fvv-wall-protection,,,,USD,EA
Inpro,INPRO-138M,Corner Guard,10 26 00,Inpro 130 High Impact Corner Guard 138M | https://www.inprocorp.com/products/130-high-impact-corner-guard-138m-wall-protection,,,,USD,EA
Inpro,INPRO-138MBN,Corner Guard,10 26 00,Inpro 130bn Blunose High Impact Corner Guard 138MBN | https://www.inprocorp.com/products/130bn-blunose-high-impact-corner-guard-138mbn-wall-protection,,,,USD,EA
Inpro,INPRO-138V,Corner Guard,10 26 00,Inpro 130bn Blunose High Impact Corner Guard 138V | https://www.inprocorp.com/products/130bn-blunose-high-impact-corner-guard-138v-wall-protection,,,,USD,EA
Inpro,INPRO-138VM,Corner Guard,10 26 00,Inpro 130 High Impact Corner Guard 138VM | https://www.inprocorp.com/products/130-high-impact-corner-guard-138vm-wall-protection,,,,USD,EA
Inpro,INPRO-139,Corner Guard,10 26 00,Inpro 130 High Impact Corner Guard 139 | https://www.inprocorp.com/products/130-high-impact-corner-guard-139-wall-protection,,,,USD,EA
Inpro,INPRO-139A,Corner Guard,10 26 00,Inpro 130 High Impact Corner Guard P 139A | https://www.inprocorp.com/products/130-high-impact-corner-guard-139a-p-wall-protection,,,,USD,EA
Inpro,INPRO-139BN,Corner Guard,10 26 00,Inpro 130bn Blunose High Impact Corner Guard 139BN | https://www.inprocorp.com/products/130bn-blunose-high-impact-corner-guard-139bn-wall-protection,,,,USD,EA
Inpro,INPRO-139BNR,Corner Guard,10 26 00,Inpro 130bn Blunose High Impact Corner Guard M 139BNR | https://www.inprocorp.com/products/130bn-blunose-high-impact-corner-guard-139bnr-m-wall-protection,,,,USD,EA
Inpro,INPRO-139F,Corner Guard,10 26 00,Inpro 130f Flush Mount Corner Guard 139F | https://www.inprocorp.com/products/130f-flush-mount-corner-guard-139f-wall-protection,Flush Mount,,,USD,EA
Inpro,INPRO-139FFV,Corner Guard,10 26 00,Inpro 130f Flush Mount Corner Guard 139FFV | https://www.inprocorp.com/products/130f-flush-mount-corner-guard-139ffv-wall-protection,Flush Mount,,,USD,EA
Inpro,INPRO-139FM,Corner Guard,10 26 00,Inpro 130f Flush Mount Corner Guard 139FM | https://www.inprocorp.com/products/130f-flush-mount-corner-guard-139fm-wall-protection,Flush Mount,,,USD,EA
Inpro,INPRO-139FR1,Corner Guard,10 26 00,Inpro 130fr Fire Rated Corner Guard 139FR1 | https://www.inprocorp.com/products/130fr-fire-rated-corner-guard-139fr1-wall-protection,,,,USD,EA
Inpro,INPRO-139FR1FV,Corner Guard,10 26 00,Inpro 130fr Fire Rated Corner Guard 139FR1FV | https://www.inprocorp.com/products/130fr-fire-rated-corner-guard-139fr1fv-wall-protection,,,,USD,EA
Inpro,INPRO-139FR2,Corner Guard,10 26 00,Inpro 130fr Fire Rated Corner Guard 139FR2 | https://www.inprocorp.com/products/130fr-fire-rated-corner-guard-139fr2-wall-protection,,,,USD,EA
Inpro,INPRO-139FR2FV,Corner Guard,10 26 00,Inpro 130fr Fire Rated Corner Guard 139FR2FV | https://www.inprocorp.com/products/130fr-fire-rated-corner-guard-139fr2fv-wall-protection,,,,USD,EA
Inpro,INPRO-139FRA1,Corner Guard,10 26 00,Inpro 130fr Fire Rated Corner Guard 139FRA1 | https://www.inprocorp.com/products/130fr-fire-rated-corner-guard-139fra1-wall-protection,,,,USD,EA
Inpro,INPRO-139FRA2,Corner Guard,10 26 00,Inpro 130fr Fire Rated Corner Guard 139FRA2 | https://www.inprocorp.com/products/130fr-fire-rated-corner-guard-139fra2-wall-protection,,,,USD,EA
Inpro,INPRO-139FRM1,Corner Guard,10 26 00,Inpro 130fr Fire Rated Corner Guard 139FRM1 | https://www.inprocorp.com/products/130fr-fire-rated-corner-guard-139frm1-wall-protection,,,,USD,EA
Inpro,INPRO-139FRM2,Corner Guard,10 26 00,Inpro 130fr Fire Rated Corner Guard 139FRM2 | https://www.inprocorp.com/products/130fr-fire-rated-corner-guard-139frm2-wall-protection,,,,USD,EA
Inpro,INPRO-139FV,Corner Guard,10 26 00,Inpro 130 High Impact Corner Guard 139FV | https://www.inprocorp.com/products/130-high-impact-corner-guard-139fv-wall-protection,,,,USD,EA
Inpro,INPRO-139FVBN,Corner Guard,10 26 00,Inpro 130bn Blunose High Impact Corner Guard 139FVBN | https://www.inprocorp.com/products/130bn-blunose-high-impact-corner-guard-139fvbn-wall-protection,,,,USD,EA
Inpro,INPRO-139FVV,Corner Guard,10 26 00,Inpro 130 High Impact Corner Guard 139FVV | https://www.inprocorp.com/products/130-high-impact-corner-guard-139fvv-wall-protection,,,,USD,EA
Inpro,INPRO-139M,Corner Guard,10 26 00,Inpro 130 High Impact Corner Guard 139M | https://www.inprocorp.com/products/130-high-impact-corner-guard-139m-wall-protection,,,,USD,EA
Inpro,INPRO-139MBN,Corner Guard,10 26 00,Inpro 130bn Blunose High Impact Corner Guard 139MBN | https://www.inprocorp.com/products/130bn-blunose-high-impact-corner-guard-139mbn-wall-protection,,,,USD,EA
Inpro,INPRO-139V,Corner Guard,10 26 00,Inpro 130bn Blunose High Impact Corner Guard 139V | https://www.inprocorp.com/products/130bn-blunose-high-impact-corner-guard-139v-wall-protection,,,,USD,EA
Inpro,INPRO-139VM,Corner Guard,10 26 00,Inpro 130f Flush Mount Corner Guard 139VM | https://www.inprocorp.com/products/130f-flush-mount-corner-guard-139vm-wall-protection,Flush Mount,,,USD,EA
Inpro,INPRO-150F,Corner Guard,10 26 00,Inpro Flush Mount Corner Guard Cap 150F | https://www.inprocorp.com/products/150f-flush-mount-corner-guard-150f-cap-wall-protection,Flush Mount,,,USD,EA
Inpro,INPRO-1512,Corner Guard,10 26 00,Inpro 150 High Impact Corner Guard 1512 | https://www.inprocorp.com/products/150-high-impact-corner-guard-1512-wall-protection,,,,USD,EA
Inpro,INPRO-1512A,Corner Guard,10 26 00,Inpro 150 High Impact Corner Guard P 1512A | https://www.inprocorp.com/products/150-high-impact-corner-guard-1512a-p-wall-protection,,,,USD,EA
Inpro,INPRO-1512BN,Corner Guard,10 26 00,Inpro 150bn Blunose High Impact Corner Guard 1512BN | https://www.inprocorp.com/products/150bn-blunose-high-impact-corner-guard-1512bn-wall-protection,,,,USD,EA
Inpro,INPRO-1512BNR,Corner Guard,10 26 00,Inpro 150bn Blunose High Impact Corner Guard M 1512BNR | https://www.inprocorp.com/products/150bn-blunose-high-impact-corner-guard-1512bnr-m-wall-protection,,,,USD,EA
Inpro,INPRO-1512F,Corner Guard,10 26 00,Inpro 150f Flush Mount Corner Guard 1512F | https://www.inprocorp.com/products/150f-flush-mount-corner-guard-1512f-wall-protection,Flush Mount,,,USD,EA
Inpro,INPRO-1512FA,Corner Guard,10 26 00,Inpro 150bn Blunose High Impact Corner Guard Pp 1512FA | https://www.inprocorp.com/products/150bn-blunose-high-impact-corner-guard-1512fa-pp-wall-protection,,,,USD,EA
Inpro,INPRO-1512FFV,Corner Guard,10 26 00,Inpro 150f Flush Mount Corner Guard 1512FFV | https://www.inprocorp.com/products/150f-flush-mount-corner-guard-1512ffv-wall-protection,Flush Mount,,,USD,EA
Inpro,INPRO-1512FM,Corner Guard,10 26 00,Inpro 150f Flush Mount Corner Guard 1512FM | https://www.inprocorp.com/products/150f-flush-mount-corner-guard-1512fm-wall-protection,Flush Mount,,,USD,EA
Inpro,INPRO-1512FR1,Corner Guard,10 26 00,"Inpro 150fr Fire Rated Corner Guard 1512FR1 | Thickness: .080"" cover | Panel size: 12 ft x 3 in | https://www.inprocorp.com/products/150fr-fire-rated-corner-guard-1512fr1-wall-protection",fire-rated aluminum retainer,,,USD,EA
Inpro,INPRO-1512FR1FV,Corner Guard,10 26 00,Inpro 150fr Fire Rated Corner Guard 1512FR1FV | https://www.inprocorp.com/products/150fr-fire-rated-corner-guard-1512fr1fv-wall-protection,,,,USD,EA
Inpro,INPRO-1512FR2,Corner Guard,10 26 00,"Inpro 150fr Fire Rated Corner Guard 1512FR2 | Thickness: .080"" cover | Panel size: 12 ft x 3 in | https://www.inprocorp.com/products/150fr-fire-rated-corner-guard-1512fr2-wall-protection",fire-rated aluminum retainer,,,USD,EA
Inpro,INPRO-1512FR2FV,Corner Guard,10 26 00,Inpro 150fr Fire Rated Corner Guard 1512FR2FV | https://www.inprocorp.com/products/150fr-fire-rated-corner-guard-1512fr2fv-wall-protection,,,,USD,EA
Inpro,INPRO-1512FRA1,Corner Guard,10 26 00,Inpro 150fr Fire Rated Corner Guard 1512FRA1 | Panel size: 12 ft x 3 in | https://www.inprocorp.com/products/150fr-fire-rated-corner-guard-1512fra1-wall-protection,fire-rated aluminum,,,USD,EA
Inpro,INPRO-1512FRA2,Corner Guard,10 26 00,Inpro 150fr Fire Rated Corner Guard 1512FRA2 | Panel size: 12 ft x 3 in | https://www.inprocorp.com/products/150fr-fire-rated-corner-guard-1512fra2-wall-protection,fire-rated aluminum,,,USD,EA
Inpro,INPRO-1512FRM1,Corner Guard,10 26 00,Inpro 150fr Fire Rated Corner Guard 1512FRM1 | https://www.inprocorp.com/products/150fr-fire-rated-corner-guard-1512frm1-wall-protection,,,,USD,EA
Inpro,INPRO-1512FRM2,Corner Guard,10 26 00,Inpro 150fr Fire Rated Corner Guard 1512FRM2 | https://www.inprocorp.com/products/150fr-fire-rated-corner-guard-1512frm2-wall-protection,,,,USD,EA
Inpro,INPRO-1512FV,Corner Guard,10 26 00,Inpro 150 High Impact Corner Guard 1512FV | https://www.inprocorp.com/products/150-high-impact-corner-guard-1512fv-wall-protection,,,,USD,EA
Inpro,INPRO-1512FVBN,Corner Guard,10 26 00,Inpro 150bn Blunose High Impact Corner Guard 1512FVBN | https://www.inprocorp.com/products/150bn-blunose-high-impact-corner-guard-1512fvbn-wall-protection,,,,USD,EA
Inpro,INPRO-1512FVV,Corner Guard,10 26 00,Inpro 150bn Blunose High Impact Corner Guard 1512FVV | https://www.inprocorp.com/products/150bn-blunose-high-impact-corner-guard-1512fvv-wall-protection,,,,USD,EA
Inpro,INPRO-1512M,Corner Guard,10 26 00,Inpro 150 High Impact Corner Guard 1512M | https://www.inprocorp.com/products/150-high-impact-corner-guard-1512m-wall-protection,,,,USD,EA
Inpro,INPRO-1512MBN,Corner Guard,10 26 00,Inpro 150bn Blunose High Impact Corner Guard 1512MBN | https://www.inprocorp.com/products/150bn-blunose-high-impact-corner-guard-1512mbn-wall-protection,,,,USD,EA
Inpro,INPRO-1512V,Corner Guard,10 26 00,"Inpro 150 High Impact Corner Guard 1512V | Thickness: .080"" | Panel size: 12 ft x 3 in | https://www.inprocorp.com/products/150-high-impact-corner-guard-1512v-wall-protection",vinyl cover,,,USD,EA
Inpro,INPRO-1512VM,Corner Guard,10 26 00,Inpro 150f Flush Mount Corner Guard 1512VM | https://www.inprocorp.com/products/150f-flush-mount-corner-guard-1512vm-wall-protection,Flush Mount,,,USD,EA
Inpro,INPRO-151TC,Corner Guard,10 26 00,Inpro 150 High Impact Corner Guard 151TC | https://www.inprocorp.com/products/150-high-impact-corner-guard-151tc-wall-protection,,,,USD,EA
Inpro,INPRO-154,Corner Guard,10 26 00,Inpro 150 High Impact Corner Guard 154 | https://www.inprocorp.com/products/150-high-impact-corner-guard-154-wall-protection,,,,USD,EA
Inpro,INPRO-154A,Corner Guard,10 26 00,Inpro 150 High Impact Corner Guard P 154A | https://www.inprocorp.com/products/150-high-impact-corner-guard-154a-p-wall-protection,,,,USD,EA
Inpro,INPRO-154BN,Corner Guard,10 26 00,Inpro 150bn Blunose High Impact Corner Guard 154BN | https://www.inprocorp.com/products/150bn-blunose-high-impact-corner-guard-154bn-wall-protection,,,,USD,EA
Inpro,INPRO-154BNR,Corner Guard,10 26 00,Inpro 150bn Blunose High Impact Corner Guard M 154BNR | https://www.inprocorp.com/products/150bn-blunose-high-impact-corner-guard-154bnr-m-wall-protection,,,,USD,EA
Inpro,INPRO-154F,Corner Guard,10 26 00,Inpro 150f Flush Mount Corner Guard 154F | https://www.inprocorp.com/products/150f-flush-mount-corner-guard-154f-wall-protection,Flush Mount,,,USD,EA
Inpro,INPRO-154FFV,Corner Guard,10 26 00,Inpro 150f Flush Mount Corner Guard 154FFV | https://www.inprocorp.com/products/150f-flush-mount-corner-guard-154ffv-wall-protection,Flush Mount,,,USD,EA
Inpro,INPRO-154FM,Corner Guard,10 26 00,Inpro 150f Flush Mount Corner Guard 154FM | https://www.inprocorp.com/products/150f-flush-mount-corner-guard-154fm-wall-protection,Flush Mount,,,USD,EA
Inpro,INPRO-154FV,Corner Guard,10 26 00,Inpro 150 High Impact Corner Guard 154FV | https://www.inprocorp.com/products/150-high-impact-corner-guard-154fv-wall-protection,,,,USD,EA
Inpro,INPRO-154FVBN,Corner Guard,10 26 00,Inpro 150bn Blunose High Impact Corner Guard 154FVBN | https://www.inprocorp.com/products/150bn-blunose-high-impact-corner-guard-154fvbn-wall-protection,,,,USD,EA
Inpro,INPRO-154FVV,Corner Guard,10 26 00,Inpro 150bn Blunose High Impact Corner Guard 154FVV | https://www.inprocorp.com/products/150bn-blunose-high-impact-corner-guard-154fvv-wall-protection,,,,USD,EA
Inpro,INPRO-154M,Corner Guard,10 26 00,Inpro 150 High Impact Corner Guard 154M | https://www.inprocorp.com/products/150-high-impact-corner-guard-154m-wall-protection,,,,USD,EA
Inpro,INPRO-154MBN,Corner Guard,10 26 00,Inpro 150bn Blunose High Impact Corner Guard 154MBN | https://www.inprocorp.com/products/150bn-blunose-high-impact-corner-guard-154mbn-wall-protection,,,,USD,EA
Inpro,INPRO-154V,Corner Guard,10 26 00,Inpro 150bn Blunose High Impact Corner Guard 154V | https://www.inprocorp.com/products/150bn-blunose-high-impact-corner-guard-154v-wall-protection,,,,USD,EA
Inpro,INPRO-154VM,Corner Guard,10 26 00,Inpro 150 High Impact Corner Guard 154VM | https://www.inprocorp.com/products/150-high-impact-corner-guard-154vm-wall-protection,,,,USD,EA
Inpro,INPRO-158,Corner Guard,10 26 00,Inpro 150 High Impact Corner Guard 158 | https://www.inprocorp.com/products/150-high-impact-corner-guard-158-wall-protection,,,,USD,EA
Inpro,INPRO-158A,Corner Guard,10 26 00,Inpro 150 High Impact Corner Guard P 158A | https://www.inprocorp.com/products/150-high-impact-corner-guard-158a-p-wall-protection,,,,USD,EA
Inpro,INPRO-158BN,Corner Guard,10 26 00,Inpro 150bn Blunose High Impact Corner Guard 158BN | https://www.inprocorp.com/products/150bn-blunose-high-impact-corner-guard-158bn-wall-protection,,,,USD,EA
Inpro,INPRO-158BNR,Corner Guard,10 26 00,Inpro 150bn Blunose High Impact Corner Guard M 158BNR | https://www.inprocorp.com/products/150bn-blunose-high-impact-corner-guard-158bnr-m-wall-protection,,,,USD,EA
Inpro,INPRO-158F,Corner Guard,10 26 00,Inpro 150f Flush Mount Corner Guard 158F | https://www.inprocorp.com/products/150f-flush-mount-corner-guard-158f-wall-protection,Flush Mount,,,USD,EA
Inpro,INPRO-158FFV,Corner Guard,10 26 00,Inpro 150f Flush Mount Corner Guard 158FFV | https://www.inprocorp.com/products/150f-flush-mount-corner-guard-158ffv-wall-protection,Flush Mount,,,USD,EA
Inpro,INPRO-158FM,Corner Guard,10 26 00,Inpro 150f Flush Mount Corner Guard 158FM | https://www.inprocorp.com/products/150f-flush-mount-corner-guard-158fm-wall-protection,Flush Mount,,,USD,EA
Inpro,INPRO-158FR1,Corner Guard,10 26 00,Inpro 150fr Fire Rated Corner Guard 158FR1 | https://www.inprocorp.com/products/150fr-fire-rated-corner-guard-158fr1-wall-protection,,,,USD,EA
Inpro,INPRO-158FR1FV,Corner Guard,10 26 00,Inpro 150fr Fire Rated Corner Guard 158FR1FV | https://www.inprocorp.com/products/150fr-fire-rated-corner-guard-158fr1fv-wall-protection,,,,USD,EA
Inpro,INPRO-158FR2,Corner Guard,10 26 00,Inpro 150fr Fire Rated Corner Guard 158FR2 | https://www.inprocorp.com/products/150fr-fire-rated-corner-guard-158fr2-wall-protection,,,,USD,EA
Inpro,INPRO-158FR2FV,Corner Guard,10 26 00,Inpro 150fr Fire Rated Corner Guard 158FR2FV | https://www.inprocorp.com/products/150fr-fire-rated-corner-guard-158fr2fv-wall-protection,,,,USD,EA
Inpro,INPRO-158FRA1,Corner Guard,10 26 00,Inpro 150fr Fire Rated Corner Guard 158FRA1 | https://www.inprocorp.com/products/150fr-fire-rated-corner-guard-158fra1-wall-protection,,,,USD,EA
Inpro,INPRO-158FRA2,Corner Guard,10 26 00,Inpro 150fr Fire Rated Corner Guard 158FRA2 | https://www.inprocorp.com/products/150fr-fire-rated-corner-guard-158fra2-wall-protection,,,,USD,EA
Inpro,INPRO-158FRM1,Corner Guard,10 26 00,Inpro 150fr Fire Rated Corner Guard 158FRM1 | https://www.inprocorp.com/products/150fr-fire-rated-corner-guard-158frm1-wall-protection,,,,USD,EA
Inpro,INPRO-158FRM2,Corner Guard,10 26 00,Inpro 150fr Fire Rated Corner Guard 158FRM2 | https://www.inprocorp.com/products/150fr-fire-rated-corner-guard-158frm2-wall-protection,,,,USD,EA
Inpro,INPRO-158FV,Corner Guard,10 26 00,Inpro 150 High Impact Corner Guard 158FV | https://www.inprocorp.com/products/150-high-impact-corner-guard-158fv-wall-protection,,,,USD,EA
Inpro,INPRO-158FVBN,Corner Guard,10 26 00,Inpro 150bn Blunose High Impact Corner Guard 158FVBN | https://www.inprocorp.com/products/150bn-blunose-high-impact-corner-guard-158fvbn-wall-protection,,,,USD,EA
Inpro,INPRO-158M,Corner Guard,10 26 00,Inpro 150 High Impact Corner Guard 158M | https://www.inprocorp.com/products/150-high-impact-corner-guard-158m-wall-protection,,,,USD,EA
Inpro,INPRO-158MBN,Corner Guard,10 26 00,Inpro 150bn Blunose High Impact Corner Guard 158MBN | https://www.inprocorp.com/products/150bn-blunose-high-impact-corner-guard-158mbn-wall-protection,,,,USD,EA
Inpro,INPRO-158V,Corner Guard,10 26 00,Inpro 150bn Blunose High Impact Corner Guard 158V | https://www.inprocorp.com/products/150bn-blunose-high-impact-corner-guard-158v-wall-protection,,,,USD,EA
Inpro,INPRO-158VM,Corner Guard,10 26 00,Inpro 150 High Impact Corner Guard 158VM | https://www.inprocorp.com/products/150-high-impact-corner-guard-158vm-wall-protection,,,,USD,EA
Inpro,INPRO-159,Corner Guard,10 26 00,Inpro 150 High Impact Corner Guard 159 | https://www.inprocorp.com/products/150-high-impact-corner-guard-159-wall-protection,,,,USD,EA
Inpro,INPRO-159A,Corner Guard,10 26 00,Inpro 150 High Impact Corner Guard P 159A | https://www.inprocorp.com/products/150-high-impact-corner-guard-159a-p-wall-protection,,,,USD,EA
Inpro,INPRO-159BN,Corner Guard,10 26 00,Inpro 150bn Blunose High Impact Corner Guard 159BN | https://www.inprocorp.com/products/150bn-blunose-high-impact-corner-guard-159bn-wall-protection,,,,USD,EA
Inpro,INPRO-159BNR,Corner Guard,10 26 00,Inpro 150bn Blunose High Impact Corner Guard M 159BNR | https://www.inprocorp.com/products/150bn-blunose-high-impact-corner-guard-159bnr-m-wall-protection,,,,USD,EA
Inpro,INPRO-159F,Corner Guard,10 26 00,Inpro 150f Flush Mount Corner Guard 159F | https://www.inprocorp.com/products/150f-flush-mount-corner-guard-159f-wall-protection,Flush Mount,,,USD,EA
Inpro,INPRO-159FA,Corner Guard,10 26 00,Inpro 150 High Impact Corner Guard Pp 159FA | https://www.inprocorp.com/products/150-high-impact-corner-guard-159fa-pp-wall-protection,,,,USD,EA
Inpro,INPRO-159FFV,Corner Guard,10 26 00,Inpro 150f Flush Mount Corner Guard 159FFV | https://www.inprocorp.com/products/150f-flush-mount-corner-guard-159ffv-wall-protection,Flush Mount,,,USD,EA
Inpro,INPRO-159FM,Corner Guard,10 26 00,Inpro 150f Flush Mount Corner Guard 159FM | https://www.inprocorp.com/products/150f-flush-mount-corner-guard-159fm-wall-protection,Flush Mount,,,USD,EA
Inpro,INPRO-159FR1,Corner Guard,10 26 00,Inpro 150fr Fire Rated Corner Guard 159FR1 | https://www.inprocorp.com/products/150fr-fire-rated-corner-guard-159fr1-wall-protection,,,,USD,EA
Inpro,INPRO-159FR1FV,Corner Guard,10 26 00,Inpro 150fr Fire Rated Corner Guard 159FR1FV | https://www.inprocorp.com/products/150fr-fire-rated-corner-guard-159fr1fv-wall-protection,,,,USD,EA
Inpro,INPRO-159FR2,Corner Guard,10 26 00,Inpro 150fr Fire Rated Corner Guard 159FR2 | https://www.inprocorp.com/products/150fr-fire-rated-corner-guard-159fr2-wall-protection,,,,USD,EA
Inpro,INPRO-159FR2FV,Corner Guard,10 26 00,Inpro 150fr Fire Rated Corner Guard 159FR2FV | https://www.inprocorp.com/products/150fr-fire-rated-corner-guard-159fr2fv-wall-protection,,,,USD,EA
Inpro,INPRO-159FRA1,Corner Guard,10 26 00,Inpro 150fr Fire Rated Corner Guard 159FRA1 | https://www.inprocorp.com/products/150fr-fire-rated-corner-guard-159fra1-wall-protection,,,,USD,EA
Inpro,INPRO-159FRA2,Corner Guard,10 26 00,Inpro 150fr Fire Rated Corner Guard 159FRA2 | https://www.inprocorp.com/products/150fr-fire-rated-corner-guard-159fra2-wall-protection,,,,USD,EA
Inpro,INPRO-159FRM1,Corner Guard,10 26 00,Inpro 150fr Fire Rated Corner Guard 159FRM1 | https://www.inprocorp.com/products/150fr-fire-rated-corner-guard-159frm1-wall-protection,,,,USD,EA
Inpro,INPRO-159FRM2,Corner Guard,10 26 00,Inpro 150fr Fire Rated Corner Guard 159FRM2 | https://www.inprocorp.com/products/150fr-fire-rated-corner-guard-159frm2-wall-protection,,,,USD,EA
Inpro,INPRO-159FV,Corner Guard,10 26 00,Inpro 150 High Impact Corner Guard 159FV | https://www.inprocorp.com/products/150-high-impact-corner-guard-159fv-wall-protection,,,,USD,EA
Inpro,INPRO-159FVBN,Corner Guard,10 26 00,Inpro 150bn Blunose High Impact Corner Guard 159FVBN | https://www.inprocorp.com/products/150bn-blunose-high-impact-corner-guard-159fvbn-wall-protection,,,,USD,EA
Inpro,INPRO-159FVV,Corner Guard,10 26 00,Inpro 150bn Blunose High Impact Corner Guard 159FVV | https://www.inprocorp.com/products/150bn-blunose-high-impact-corner-guard-159fvv-wall-protection,,,,USD,EA
Inpro,INPRO-159M,Corner Guard,10 26 00,Inpro 150 High Impact Corner Guard 159M | https://www.inprocorp.com/products/150-high-impact-corner-guard-159m-wall-protection,,,,USD,EA
Inpro,INPRO-159MBN,Corner Guard,10 26 00,Inpro 150bn Blunose High Impact Corner Guard 159MBN | https://www.inprocorp.com/products/150bn-blunose-high-impact-corner-guard-159mbn-wall-protection,,,,USD,EA
Inpro,INPRO-159V,Corner Guard,10 26 00,Inpro 150bn Blunose High Impact Corner Guard 159V | https://www.inprocorp.com/products/150bn-blunose-high-impact-corner-guard-159v-wall-protection,,,,USD,EA
Inpro,INPRO-159VM,Corner Guard,10 26 00,Inpro 150 High Impact Corner Guard 159VM | https://www.inprocorp.com/products/150-high-impact-corner-guard-159vm-wall-protection,,,,USD,EA
Inpro,INPRO-160DBN,Corner Guard,10 26 00,Inpro Blunose High Impact End Wall Protector 160DBN | https://www.inprocorp.com/products/160dbn-blunose-high-impact-end-wall-protector-wall-protection,,,,USD,EA
Inpro,INPRO-160F,Corner Guard,10 26 00,Inpro Flush Mount Corner Guard Cap 160F | https://www.inprocorp.com/products/160f-flush-mount-corner-guard-160f-cap-wall-protection,Flush Mount,,,USD,EA
Inpro,INPRO-1612,Corner Guard,10 26 00,Inpro 160 High Impact Corner Guard 1612 | https://www.inprocorp.com/products/160-high-impact-corner-guard-1612-wall-protection,,,,USD,EA
Inpro,INPRO-1612A,Corner Guard,10 26 00,Inpro 160 High Impact Corner Guard P 1612A | https://www.inprocorp.com/products/160-high-impact-corner-guard-1612a-p-wall-protection,,,,USD,EA
Inpro,INPRO-1612BN,Corner Guard,10 26 00,Inpro 160bn Blunose Surface Mount Corner Guard 1612BN | https://www.inprocorp.com/products/160bn-blunose-surface-mount-corner-guard-1612bn-wall-protection,Surface Mount,,,USD,EA
Inpro,INPRO-1612BNR,Corner Guard,10 26 00,Inpro 160bn Blunose Surface Mount Corner Guard M 1612BNR | https://www.inprocorp.com/products/160bn-blunose-surface-mount-corner-guard-1612bnr-m-wall-protection,Surface Mount,,,USD,EA
Inpro,INPRO-1612F,Corner Guard,10 26 00,Inpro 160f Flush Mount Corner Guard 1612F | https://www.inprocorp.com/products/160f-flush-mount-corner-guard-1612f-wall-protection,Flush Mount,,,USD,EA
Inpro,INPRO-1612FFV,Corner Guard,10 26 00,Inpro 160f Flush Mount Corner Guard 1612FFV | https://www.inprocorp.com/products/160f-flush-mount-corner-guard-1612ffv-wall-protection,Flush Mount,,,USD,EA
Inpro,INPRO-1612FR1,Corner Guard,10 26 00,"Inpro 160fr Fire Rated Corner Guard 1612FR1 | Thickness: .080"" cover | Panel size: 12 ft x 2 in | https://www.inprocorp.com/products/160fr-fire-rated-corner-guard-1612fr1-wall-protection",fire-rated aluminum retainer,,,USD,EA
Inpro,INPRO-1612FR1FV,Corner Guard,10 26 00,Inpro 160fr Fire Rated Corner Guard 1612FR1FV | https://www.inprocorp.com/products/160fr-fire-rated-corner-guard-1612fr1fv-wall-protection,,,,USD,EA
Inpro,INPRO-1612FR2,Corner Guard,10 26 00,"Inpro 160fr Fire Rated Corner Guard 1612FR2 | Thickness: .080"" cover | Panel size: 12 ft x 2 in | https://www.inprocorp.com/products/160fr-fire-rated-corner-guard-1612fr2-wall-protection",fire-rated aluminum retainer,,,USD,EA
Inpro,INPRO-1612FR2FV,Corner Guard,10 26 00,Inpro 160fr Fire Rated Corner Guard 1612FR2FV | https://www.inprocorp.com/products/160fr-fire-rated-corner-guard-1612fr2fv-wall-protection,,,,USD,EA
Inpro,INPRO-1612FRA1,Corner Guard,10 26 00,Inpro 160fr Fire Rated Corner Guard 1612FRA1 | Panel size: 12 ft x 2 in | https://www.inprocorp.com/products/160fr-fire-rated-corner-guard-1612fra1-wall-protection,fire-rated aluminum,,,USD,EA
Inpro,INPRO-1612FRA2,Corner Guard,10 26 00,Inpro 160fr Fire Rated Corner Guard 1612FRA2 | Panel size: 12 ft x 2 in | https://www.inprocorp.com/products/160fr-fire-rated-corner-guard-1612fra2-wall-protection,fire-rated aluminum,,,USD,EA
Inpro,INPRO-1612FRM1,Corner Guard,10 26 00,Inpro 160fr Fire Rated Corner Guard 1612FRM1 | https://www.inprocorp.com/products/160fr-fire-rated-corner-guard-1612frm1-wall-protection,,,,USD,EA
Inpro,INPRO-1612FRM2,Corner Guard,10 26 00,Inpro 160fr Fire Rated Corner Guard 1612FRM2 | https://www.inprocorp.com/products/160fr-fire-rated-corner-guard-1612frm2-wall-protection,,,,USD,EA
Inpro,INPRO-1612FV,Corner Guard,10 26 00,Inpro 160 High Impact Corner Guard 1612FV | https://www.inprocorp.com/products/160-high-impact-corner-guard-1612fv-wall-protection,,,,USD,EA
Inpro,INPRO-1612FVBN,Corner Guard,10 26 00,Inpro 160bn Blunose Surface Mount Corner Guard 1612FVBN | https://www.inprocorp.com/products/160bn-blunose-surface-mount-corner-guard-1612fvbn-wall-protection,Surface Mount,,,USD,EA
Inpro,INPRO-1612FVV,Corner Guard,10 26 00,Inpro 160bn Blunose Surface Mount Corner Guard 1612FVV | https://www.inprocorp.com/products/160bn-blunose-surface-mount-corner-guard-1612fvv-wall-protection,Surface Mount,,,USD,EA
Inpro,INPRO-1612M,Corner Guard,10 26 00,Inpro 160 High Impact Corner Guard 1612M | https://www.inprocorp.com/products/160-high-impact-corner-guard-1612m-wall-protection,,,,USD,EA
Inpro,INPRO-1612MBN,Corner Guard,10 26 00,Inpro 160bn Blunose Surface Mount Corner Guard 1612MBN | https://www.inprocorp.com/products/160bn-blunose-surface-mount-corner-guard-1612mbn-wall-protection,Surface Mount,,,USD,EA
Inpro,INPRO-1612V,Corner Guard,10 26 00,"Inpro 160 High Impact Corner Guard 1612V | Thickness: .080"" | Panel size: 12 ft x 2 in | https://www.inprocorp.com/products/160-high-impact-corner-guard-1612v-wall-protection",vinyl cover,,,USD,EA
Inpro,INPRO-1612VM,Corner Guard,10 26 00,Inpro 160 High Impact Corner Guard 1612VM | https://www.inprocorp.com/products/160-high-impact-corner-guard-1612vm-wall-protection,,,,USD,EA
Inpro,INPRO-161TC,Corner Guard,10 26 00,Inpro 160 High Impact Corner Guard 161TC | https://www.inprocorp.com/products/160-high-impact-corner-guard-161tc-wall-protection,,,,USD,EA
Inpro,INPRO-161TCFV,Corner Guard,10 26 00,Inpro 160 High Impact Corner Guard 161TCFV | https://www.inprocorp.com/products/160-high-impact-corner-guard-161tcfv-wall-protection,,,,USD,EA
Inpro,INPRO-161TCM,Corner Guard,10 26 00,Inpro 160 High Impact Corner Guard 161TCM | https://www.inprocorp.com/products/160-high-impact-corner-guard-161tcm-wall-protection,,,,USD,EA
Inpro,INPRO-164,Corner Guard,10 26 00,Inpro 160 High Impact Corner Guard 164 | https://www.inprocorp.com/products/160-high-impact-corner-guard-164-wall-protection,,,,USD,EA
Inpro,INPRO-164A,Corner Guard,10 26 00,Inpro 160 High Impact Corner Guard P 164A | https://www.inprocorp.com/products/160-high-impact-corner-guard-164a-p-wall-protection,,,,USD,EA
Inpro,INPRO-164BN,Corner Guard,10 26 00,Inpro 160bn Blunose Surface Mount Corner Guard 164BN | https://www.inprocorp.com/products/160bn-blunose-surface-mount-corner-guard-164bn-wall-protection,Surface Mount,,,USD,EA
Inpro,INPRO-164BNR,Corner Guard,10 26 00,Inpro 160bn Blunose Surface Mount Corner Guard M 164BNR | https://www.inprocorp.com/products/160bn-blunose-surface-mount-corner-guard-164bnr-m-wall-protection,Surface Mount,,,USD,EA
Inpro,INPRO-164F,Corner Guard,10 26 00,"Inpro 160f Flush Mount Corner Guard 164F | Thickness: .080"" cover | Panel size: 4 ft x 2 in | https://www.inprocorp.com/products/160f-flush-mount-corner-guard-164f-wall-protection",Flush Mount,,,USD,EA
Inpro,INPRO-164FFV,Corner Guard,10 26 00,Inpro 160f Flush Mount Corner Guard 164FFV | https://www.inprocorp.com/products/160f-flush-mount-corner-guard-164ffv-wall-protection,Flush Mount,,,USD,EA
Inpro,INPRO-164FM,Corner Guard,10 26 00,Inpro 160f Flush Mount Corner Guard 164FM | https://www.inprocorp.com/products/160f-flush-mount-corner-guard-164fm-wall-protection,Flush Mount,,,USD,EA
Inpro,INPRO-164FV,Corner Guard,10 26 00,Inpro 160 High Impact Corner Guard 164FV | https://www.inprocorp.com/products/160-high-impact-corner-guard-164fv-wall-protection,,,,USD,EA
Inpro,INPRO-164FVBN,Corner Guard,10 26 00,Inpro 160bn Blunose Surface Mount Corner Guard 164FVBN | https://www.inprocorp.com/products/160bn-blunose-surface-mount-corner-guard-164fvbn-wall-protection,Surface Mount,,,USD,EA
Inpro,INPRO-164FVV,Corner Guard,10 26 00,Inpro 160 High Impact Corner Guard 164FVV | https://www.inprocorp.com/products/160-high-impact-corner-guard-164fvv-wall-protection,,,,USD,EA
Inpro,INPRO-164M,Corner Guard,10 26 00,Inpro 160 High Impact Corner Guard 164M | https://www.inprocorp.com/products/160-high-impact-corner-guard-164m-wall-protection,,,,USD,EA
Inpro,INPRO-164MBN,Corner Guard,10 26 00,Inpro 160bn Blunose Surface Mount Corner Guard 164MBN | https://www.inprocorp.com/products/160bn-blunose-surface-mount-corner-guard-164mbn-wall-protection,Surface Mount,,,USD,EA
Inpro,INPRO-164V,Corner Guard,10 26 00,"Inpro 160bn Blunose Surface Mount Corner Guard 164V | Thickness: .080"" | Panel size: 4 ft x 2 in | https://www.inprocorp.com/products/160bn-blunose-surface-mount-corner-guard-164v-wall-protection",Surface Mount,,,USD,EA
Inpro,INPRO-164VM,Corner Guard,10 26 00,Inpro 160 High Impact Corner Guard 164VM | https://www.inprocorp.com/products/160-high-impact-corner-guard-164vm-wall-protection,,,,USD,EA
Inpro,INPRO-168,Corner Guard,10 26 00,Inpro 160 High Impact Corner Guard 168 | https://www.inprocorp.com/products/160-high-impact-corner-guard-168-wall-protection,,,,USD,EA
Inpro,INPRO-168A,Corner Guard,10 26 00,Inpro 160 High Impact Corner Guard P 168A | https://www.inprocorp.com/products/160-high-impact-corner-guard-168a-p-wall-protection,,,,USD,EA
Inpro,INPRO-168BN,Corner Guard,10 26 00,Inpro 160bn Blunose Surface Mount Corner Guard 168BN | https://www.inprocorp.com/products/160bn-blunose-surface-mount-corner-guard-168bn-wall-protection,Surface Mount,,,USD,EA
Inpro,INPRO-168BNR,Corner Guard,10 26 00,Inpro 160bn Blunose Surface Mount Corner Guard M 168BNR | https://www.inprocorp.com/products/160bn-blunose-surface-mount-corner-guard-168bnr-m-wall-protection,Surface Mount,,,USD,EA
Inpro,INPRO-168F,Corner Guard,10 26 00,Inpro 160f Flush Mount Corner Guard 168F | https://www.inprocorp.com/products/160f-flush-mount-corner-guard-168f-wall-protection,Flush Mount,,,USD,EA
Inpro,INPRO-168FFV,Corner Guard,10 26 00,Inpro 160f Flush Mount Corner Guard 168FFV | https://www.inprocorp.com/products/160f-flush-mount-corner-guard-168ffv-wall-protection,Flush Mount,,,USD,EA
Inpro,INPRO-168FM,Corner Guard,10 26 00,Inpro 160f Flush Mount Corner Guard 168FM | https://www.inprocorp.com/products/160f-flush-mount-corner-guard-168fm-wall-protection,Flush Mount,,,USD,EA
Inpro,INPRO-168FR1,Corner Guard,10 26 00,Inpro 160fr Fire Rated Corner Guard 168FR1 | https://www.inprocorp.com/products/160fr-fire-rated-corner-guard-168fr1-wall-protection,,,,USD,EA
Inpro,INPRO-168FR1FV,Corner Guard,10 26 00,Inpro 160fr Fire Rated Corner Guard 168FR1FV | https://www.inprocorp.com/products/160fr-fire-rated-corner-guard-168fr1fv-wall-protection,,,,USD,EA
Inpro,INPRO-168FR2,Corner Guard,10 26 00,Inpro 160fr Fire Rated Corner Guard 168FR2 | https://www.inprocorp.com/products/160fr-fire-rated-corner-guard-168fr2-wall-protection,,,,USD,EA
Inpro,INPRO-168FR2FV,Corner Guard,10 26 00,Inpro 160fr Fire Rated Corner Guard 168FR2FV | https://www.inprocorp.com/products/160fr-fire-rated-corner-guard-168fr2fv-wall-protection,,,,USD,EA
Inpro,INPRO-168FRA1,Corner Guard,10 26 00,Inpro 160fr Fire Rated Corner Guard 168FRA1 | https://www.inprocorp.com/products/160fr-fire-rated-corner-guard-168fra1-wall-protection,,,,USD,EA
Inpro,INPRO-168FRA2,Corner Guard,10 26 00,Inpro 160fr Fire Rated Corner Guard 168FRA2 | https://www.inprocorp.com/products/160fr-fire-rated-corner-guard-168fra2-wall-protection,,,,USD,EA
Inpro,INPRO-168FRM1,Corner Guard,10 26 00,Inpro 160fr Fire Rated Corner Guard 168FRM1 | https://www.inprocorp.com/products/160fr-fire-rated-corner-guard-168frm1-wall-protection,,,,USD,EA
Inpro,INPRO-168FRM2,Corner Guard,10 26 00,Inpro 160fr Fire Rated Corner Guard 168FRM2 | https://www.inprocorp.com/products/160fr-fire-rated-corner-guard-168frm2-wall-protection,,,,USD,EA
Inpro,INPRO-168FV,Corner Guard,10 26 00,Inpro 160 High Impact Corner Guard 168FV | https://www.inprocorp.com/products/160-high-impact-corner-guard-168fv-wall-protection,,,,USD,EA
Inpro,INPRO-168FVBN,Corner Guard,10 26 00,Inpro 160bn Blunose Surface Mount Corner Guard 168FVBN | https://www.inprocorp.com/products/160bn-blunose-surface-mount-corner-guard-168fvbn-wall-protection,Surface Mount,,,USD,EA
Inpro,INPRO-168FVV,Corner Guard,10 26 00,Inpro 160 High Impact Corner Guard 168FVV | https://www.inprocorp.com/products/160-high-impact-corner-guard-168fvv-wall-protection,,,,USD,EA
Inpro,INPRO-168M,Corner Guard,10 26 00,Inpro 160 High Impact Corner Guard 168M | https://www.inprocorp.com/products/160-high-impact-corner-guard-168m-wall-protection,,,,USD,EA
Inpro,INPRO-168MBN,Corner Guard,10 26 00,Inpro 160bn Blunose Surface Mount Corner Guard 168MBN | https://www.inprocorp.com/products/160bn-blunose-surface-mount-corner-guard-168mbn-wall-protection,Surface Mount,,,USD,EA
Inpro,INPRO-168V,Corner Guard,10 26 00,Inpro 160bn Blunose Surface Mount Corner Guard 168V | https://www.inprocorp.com/products/160bn-blunose-surface-mount-corner-guard-168v-wall-protection,Surface Mount,,,USD,EA
Inpro,INPRO-168VM,Corner Guard,10 26 00,Inpro 160 High Impact Corner Guard 168VM | https://www.inprocorp.com/products/160-high-impact-corner-guard-168vm-wall-protection,,,,USD,EA
Inpro,INPRO-169,Corner Guard,10 26 00,Inpro 160 High Impact Corner Guard 169 | https://www.inprocorp.com/products/160-high-impact-corner-guard-169-wall-protection,,,,USD,EA
Inpro,INPRO-169A,Corner Guard,10 26 00,Inpro 160 High Impact Corner Guard P 169A | https://www.inprocorp.com/products/160-high-impact-corner-guard-169a-p-wall-protection,,,,USD,EA
Inpro,INPRO-169BN,Corner Guard,10 26 00,Inpro 160bn Blunose Surface Mount Corner Guard 169BN | https://www.inprocorp.com/products/160bn-blunose-surface-mount-corner-guard-169bn-wall-protection,Surface Mount,,,USD,EA
Inpro,INPRO-169BNR,Corner Guard,10 26 00,Inpro 160bn Blunose Surface Mount Corner Guard M 169BNR | https://www.inprocorp.com/products/160bn-blunose-surface-mount-corner-guard-169bnr-m-wall-protection,Surface Mount,,,USD,EA
Inpro,INPRO-169F,Corner Guard,10 26 00,Inpro 160f Flush Mount Corner Guard 169F | https://www.inprocorp.com/products/160f-flush-mount-corner-guard-169f-wall-protection,Flush Mount,,,USD,EA
Inpro,INPRO-169FFV,Corner Guard,10 26 00,Inpro 160f Flush Mount Corner Guard 169FFV | https://www.inprocorp.com/products/160f-flush-mount-corner-guard-169ffv-wall-protection,Flush Mount,,,USD,EA
Inpro,INPRO-169FM,Corner Guard,10 26 00,Inpro 160f Flush Mount Corner Guard 169FM | https://www.inprocorp.com/products/160f-flush-mount-corner-guard-169fm-wall-protection,Flush Mount,,,USD,EA
Inpro,INPRO-169FR1,Corner Guard,10 26 00,Inpro 160fr Fire Rated Corner Guard 169FR1 | https://www.inprocorp.com/products/160fr-fire-rated-corner-guard-169fr1-wall-protection,,,,USD,EA
Inpro,INPRO-169FR1FV,Corner Guard,10 26 00,Inpro 160fr Fire Rated Corner Guard 169FR1FV | https://www.inprocorp.com/products/160fr-fire-rated-corner-guard-169fr1fv-wall-protection,,,,USD,EA
Inpro,INPRO-169FR2,Corner Guard,10 26 00,Inpro 160fr Fire Rated Corner Guard 169FR2 | https://www.inprocorp.com/products/160fr-fire-rated-corner-guard-169fr2-wall-protection,,,,USD,EA
Inpro,INPRO-169FR2FV,Corner Guard,10 26 00,Inpro 160fr Fire Rated Corner Guard 169FR2FV | https://www.inprocorp.com/products/160fr-fire-rated-corner-guard-169fr2fv-wall-protection,,,,USD,EA
Inpro,INPRO-169FRM1,Corner Guard,10 26 00,Inpro 160fr Fire Rated Corner Guard 169FRM1 | https://www.inprocorp.com/products/160fr-fire-rated-corner-guard-169frm1-wall-protection,,,,USD,EA
Inpro,INPRO-169FRM2,Corner Guard,10 26 00,Inpro 160fr Fire Rated Corner Guard 169FRM2 | https://www.inprocorp.com/products/160fr-fire-rated-corner-guard-169frm2-wall-protection,,,,USD,EA
Inpro,INPRO-169FV,Corner Guard,10 26 00,Inpro 160 High Impact Corner Guard 169FV | https://www.inprocorp.com/products/160-high-impact-corner-guard-169fv-wall-protection,,,,USD,EA
Inpro,INPRO-169FVBN,Corner Guard,10 26 00,Inpro 160bn Blunose Surface Mount Corner Guard 169FVBN | https://www.inprocorp.com/products/160bn-blunose-surface-mount-corner-guard-169fvbn-wall-protection,Surface Mount,,,USD,EA
Inpro,INPRO-169FVV,Corner Guard,10 26 00,Inpro 160bn Blunose Surface Mount Corner Guard 169FVV | https://www.inprocorp.com/products/160bn-blunose-surface-mount-corner-guard-169fvv-wall-protection,Surface Mount,,,USD,EA
Inpro,INPRO-169M,Corner Guard,10 26 00,Inpro 160 High Impact Corner Guard 169M | https://www.inprocorp.com/products/160-high-impact-corner-guard-169m-wall-protection,,,,USD,EA
Inpro,INPRO-169MBN,Corner Guard,10 26 00,Inpro 160bn Blunose Surface Mount Corner Guard 169MBN | https://www.inprocorp.com/products/160bn-blunose-surface-mount-corner-guard-169mbn-wall-protection,Surface Mount,,,USD,EA
Inpro,INPRO-169V,Corner Guard,10 26 00,Inpro 160bn Blunose Surface Mount Corner Guard 169V | https://www.inprocorp.com/products/160bn-blunose-surface-mount-corner-guard-169v-wall-protection,Surface Mount,,,USD,EA
Inpro,INPRO-169VM,Corner Guard,10 26 00,Inpro 160f Flush Mount Corner Guard 169VM | https://www.inprocorp.com/products/160f-flush-mount-corner-guard-169vm-wall-protection,Flush Mount,,,USD,EA
Inpro,INPRO-1712,Corner Guard,10 26 00,Inpro 170 Bullnose High Impact Corner Guard 1712 | https://www.inprocorp.com/products/170-bullnose-high-impact-corner-guard-1712-wall-protection,,,,USD,EA
Inpro,INPRO-1712A,Corner Guard,10 26 00,Inpro 170 Bullnose High Impact Corner Guard Pp 1712A | https://www.inprocorp.com/products/170-bullnose-high-impact-corner-guard-1712a-pp-wall-protection,,,,USD,EA
Inpro,INPRO-1712BN,Corner Guard,10 26 00,Inpro 170bn Bullnose Blunose High Impact Corner Guard 1712BN | https://www.inprocorp.com/products/170bn-bullnose-blunose-high-impact-corner-guard-1712bn-wall-protection,,,,USD,EA
Inpro,INPRO-1712BNR,Corner Guard,10 26 00,Inpro 170bn Bullnose Blunose High Impact Corner Guard M 1712BNR | https://www.inprocorp.com/products/170bn-bullnose-blunose-high-impact-corner-guard-1712bnr-m-wall-protection,,,,USD,EA
Inpro,INPRO-1712F,Corner Guard,10 26 00,Inpro 170f Bullnose Flush Mount Corner Guard 1712F | https://www.inprocorp.com/products/170f-bullnose-flush-mount-corner-guard-1712f-wall-protection,Flush Mount,,,USD,EA
Inpro,INPRO-1712FFV,Corner Guard,10 26 00,Inpro 170f Bullnose Flush Mount Corner Guard 1712FFV | https://www.inprocorp.com/products/170f-bullnose-flush-mount-corner-guard-1712ffv-wall-protection,Flush Mount,,,USD,EA
Inpro,INPRO-1712FR1,Corner Guard,10 26 00,"Inpro 170fr Bullnose Fire Rated Corner Guard 1712FR1 | Thickness: .080"" cover | Panel size: 12 ft x 3 in | https://www.inprocorp.com/products/170fr-bullnose-fire-rated-corner-guard-1712fr1-wall-protection",fire-rated aluminum retainer,,,USD,EA
Inpro,INPRO-1712FR1FV,Corner Guard,10 26 00,Inpro 170fr Bullnose Fire Rated Corner Guard 1712FR1FV | https://www.inprocorp.com/products/170fr-bullnose-fire-rated-corner-guard-1712fr1fv-wall-protection,,,,USD,EA
Inpro,INPRO-1712FR2,Corner Guard,10 26 00,"Inpro 170fr Bullnose Fire Rated Corner Guard 1712FR2 | Thickness: .080"" cover | Panel size: 12 ft x 3 in | https://www.inprocorp.com/products/170fr-bullnose-fire-rated-corner-guard-1712fr2-wall-protection",fire-rated aluminum retainer,,,USD,EA
Inpro,INPRO-1712FR2FV,Corner Guard,10 26 00,Inpro 170fr Bullnose Fire Rated Corner Guard 1712FR2FV | https://www.inprocorp.com/products/170fr-bullnose-fire-rated-corner-guard-1712fr2fv-wall-protection,,,,USD,EA
Inpro,INPRO-1712FRA1,Corner Guard,10 26 00,Inpro 170fr Bullnose Fire Rated Corner Guard 1712FRA1 | Panel size: 12 ft x 3 in | https://www.inprocorp.com/products/170fr-bullnose-fire-rated-corner-guard-1712fra1-wall-protection,fire-rated aluminum,,,USD,EA
Inpro,INPRO-1712FRA2,Corner Guard,10 26 00,Inpro 170fr Bullnose Fire Rated Corner Guard 1712FRA2 | Panel size: 12 ft x 3 in | https://www.inprocorp.com/products/170fr-bullnose-fire-rated-corner-guard-1712fra2-wall-protection,fire-rated aluminum,,,USD,EA
Inpro,INPRO-1712FRM1,Corner Guard,10 26 00,Inpro 170fr Bullnose Fire Rated Corner Guard 1712FRM1 | https://www.inprocorp.com/products/170fr-bullnose-fire-rated-corner-guard-1712frm1-wall-protection,,,,USD,EA
Inpro,INPRO-1712FRM2,Corner Guard,10 26 00,Inpro 170fr Bullnose Fire Rated Corner Guard 1712FRM2 | https://www.inprocorp.com/products/170fr-bullnose-fire-rated-corner-guard-1712frm2-wall-protection,,,,USD,EA
Inpro,INPRO-1712FV,Corner Guard,10 26 00,Inpro 170 Bullnose High Impact Corner Guard 1712FV | https://www.inprocorp.com/products/170-bullnose-high-impact-corner-guard-1712fv-wall-protection,,,,USD,EA
Inpro,INPRO-1712FVBN,Corner Guard,10 26 00,Inpro 170bn Bullnose Blunose High Impact Corner Guard 1712FVBN | https://www.inprocorp.com/products/170bn-bullnose-blunose-high-impact-corner-guard-1712fvbn-wall-protection,,,,USD,EA
Inpro,INPRO-1712FVV,Corner Guard,10 26 00,Inpro 170 Bullnose High Impact Corner Guard 1712FVV | https://www.inprocorp.com/products/170-bullnose-high-impact-corner-guard-1712fvv-wall-protection,,,,USD,EA
Inpro,INPRO-1712M,Corner Guard,10 26 00,Inpro 170 Bullnose High Impact Corner Guard 1712M | https://www.inprocorp.com/products/170-bullnose-high-impact-corner-guard-1712m-wall-protection,,,,USD,EA
Inpro,INPRO-1712MBN,Corner Guard,10 26 00,Inpro 170bn Bullnose Blunose High Impact Corner Guard 1712MBN | https://www.inprocorp.com/products/170bn-bullnose-blunose-high-impact-corner-guard-1712mbn-wall-protection,,,,USD,EA
Inpro,INPRO-1712VM,Corner Guard,10 26 00,Inpro 170 Bullnose High Impact Corner Guard 1712VM | https://www.inprocorp.com/products/170-bullnose-high-impact-corner-guard-1712vm-wall-protection,,,,USD,EA
Inpro,INPRO-171TC,Corner Guard,10 26 00,Inpro 170bn Bullnose Blunose High Impact Corner Guard 171TC | Panel size: 3 in top cap | https://www.inprocorp.com/products/170bn-bullnose-blunose-high-impact-corner-guard-171tc-wall-protection,top cap,,,USD,EA
Inpro,INPRO-171TCM,Corner Guard,10 26 00,Inpro 170bn Bullnose Blunose High Impact Corner Guard 171TCM | https://www.inprocorp.com/products/170bn-bullnose-blunose-high-impact-corner-guard-171tcm-wall-protection,,,,USD,EA
Inpro,INPRO-174,Corner Guard,10 26 00,"Inpro 170 Bullnose High Impact Corner Guard 174 | Thickness: .080"" cover | Panel size: 4 ft x 3 in | https://www.inprocorp.com/products/170-bullnose-high-impact-corner-guard-174-wall-protection",aluminum retainer,,,USD,EA
Inpro,INPRO-174A,Corner Guard,10 26 00,Inpro 170 Bullnose High Impact Corner Guard M 174A | https://www.inprocorp.com/products/170-bullnose-high-impact-corner-guard-174a-m-wall-protection,,,,USD,EA
Inpro,INPRO-174BN,Corner Guard,10 26 00,"Inpro 170bn Bullnose Blunose High Impact Corner Guard 174BN | Thickness: .080"" cover | Panel size: 4 ft x 3 in | https://www.inprocorp.com/products/170bn-bullnose-blunose-high-impact-corner-guard-174bn-wall-protection",BluNose retainer,,,USD,EA
Inpro,INPRO-174BNR,Corner Guard,10 26 00,Inpro 170bn Bullnose Blunose High Impact Corner Guard M 174BNR | https://www.inprocorp.com/products/170bn-bullnose-blunose-high-impact-corner-guard-174bnr-m-wall-protection,,,,USD,EA
Inpro,INPRO-174F,Corner Guard,10 26 00,"Inpro 170f Bullnose Flush Mount Corner Guard 174F | Thickness: .080"" cover | Panel size: 4 ft x 3 in | https://www.inprocorp.com/products/170f-bullnose-flush-mount-corner-guard-174f-wall-protection",Flush Mount,,,USD,EA
Inpro,INPRO-174FFV,Corner Guard,10 26 00,Inpro 170f Bullnose Flush Mount Corner Guard 174FFV | https://www.inprocorp.com/products/170f-bullnose-flush-mount-corner-guard-174ffv-wall-protection,Flush Mount,,,USD,EA
Inpro,INPRO-174FM,Corner Guard,10 26 00,Inpro 170f Bullnose Flush Mount Corner Guard 174FM | https://www.inprocorp.com/products/170f-bullnose-flush-mount-corner-guard-174fm-wall-protection,Flush Mount,,,USD,EA
Inpro,INPRO-174FV,Corner Guard,10 26 00,Inpro 170 Bullnose High Impact Corner Guard 174FV | https://www.inprocorp.com/products/170-bullnose-high-impact-corner-guard-174fv-wall-protection,,,,USD,EA
Inpro,INPRO-174FVBN,Corner Guard,10 26 00,Inpro 170bn Bullnose Blunose High Impact Corner Guard 174FVBN | https://www.inprocorp.com/products/170bn-bullnose-blunose-high-impact-corner-guard-174fvbn-wall-protection,,,,USD,EA
Inpro,INPRO-174FVV,Corner Guard,10 26 00,Inpro 170 Bullnose High Impact Corner Guard 174FVV | https://www.inprocorp.com/products/170-bullnose-high-impact-corner-guard-174fvv-wall-protection,,,,USD,EA
Inpro,INPRO-174M,Corner Guard,10 26 00,Inpro 170 Bullnose High Impact Corner Guard 174M | https://www.inprocorp.com/products/170-bullnose-high-impact-corner-guard-174m-wall-protection,,,,USD,EA
Inpro,INPRO-174MBN,Corner Guard,10 26 00,Inpro 170bn Bullnose Blunose High Impact Corner Guard 174MBN | https://www.inprocorp.com/products/170bn-bullnose-blunose-high-impact-corner-guard-174mbn-wall-protection,,,,USD,EA
Inpro,INPRO-174V,Corner Guard,10 26 00,"Inpro 170 Bullnose High Impact Corner Guard 174V | Thickness: .080"" | Panel size: 4 ft x 3 in | https://www.inprocorp.com/products/170-bullnose-high-impact-corner-guard-174v-wall-protection",vinyl cover,,,USD,EA
Inpro,INPRO-174VM,Corner Guard,10 26 00,Inpro 170 Bullnose High Impact Corner Guard 174VM | https://www.inprocorp.com/products/170-bullnose-high-impact-corner-guard-174vm-wall-protection,,,,USD,EA
Inpro,INPRO-178,Corner Guard,10 26 00,Inpro 170 Bullnose High Impact Corner Guard 178 | https://www.inprocorp.com/products/170-bullnose-high-impact-corner-guard-178-wall-protection,,,,USD,EA
Inpro,INPRO-178A,Corner Guard,10 26 00,Inpro 170 Bullnose High Impact Corner Guard M 178A | https://www.inprocorp.com/products/170-bullnose-high-impact-corner-guard-178a-m-wall-protection,,,,USD,EA
Inpro,INPRO-178BN,Corner Guard,10 26 00,Inpro 170bn Bullnose Blunose High Impact Corner Guard 178BN | https://www.inprocorp.com/products/170bn-bullnose-blunose-high-impact-corner-guard-178bn-wall-protection,,,,USD,EA
Inpro,INPRO-178BNR,Corner Guard,10 26 00,Inpro 170bn Bullnose Blunose High Impact Corner Guard M 178BNR | https://www.inprocorp.com/products/170bn-bullnose-blunose-high-impact-corner-guard-178bnr-m-wall-protection,,,,USD,EA
Inpro,INPRO-178F,Corner Guard,10 26 00,Inpro 170f Bullnose Flush Mount Corner Guard 178F | https://www.inprocorp.com/products/170f-bullnose-flush-mount-corner-guard-178f-wall-protection,Flush Mount,,,USD,EA
Inpro,INPRO-178FFV,Corner Guard,10 26 00,Inpro 170f Bullnose Flush Mount Corner Guard 178FFV | https://www.inprocorp.com/products/170f-bullnose-flush-mount-corner-guard-178ffv-wall-protection,Flush Mount,,,USD,EA
Inpro,INPRO-178FM,Corner Guard,10 26 00,Inpro 170f Bullnose Flush Mount Corner Guard 178FM | https://www.inprocorp.com/products/170f-bullnose-flush-mount-corner-guard-178fm-wall-protection,Flush Mount,,,USD,EA
Inpro,INPRO-178FR1,Corner Guard,10 26 00,Inpro 170fr Bullnose Fire Rated Corner Guard 178FR1 | https://www.inprocorp.com/products/170fr-bullnose-fire-rated-corner-guard-178fr1-wall-protection,,,,USD,EA
Inpro,INPRO-178FR1FV,Corner Guard,10 26 00,Inpro 170fr Bullnose Fire Rated Corner Guard 178FR1FV | https://www.inprocorp.com/products/170fr-bullnose-fire-rated-corner-guard-178fr1fv-wall-protection,,,,USD,EA
Inpro,INPRO-178FR2,Corner Guard,10 26 00,Inpro 170fr Bullnose Fire Rated Corner Guard 178FR2 | https://www.inprocorp.com/products/170fr-bullnose-fire-rated-corner-guard-178fr2-wall-protection,,,,USD,EA
Inpro,INPRO-178FR2FV,Corner Guard,10 26 00,Inpro 170fr Bullnose Fire Rated Corner Guard 178FR2FV | https://www.inprocorp.com/products/170fr-bullnose-fire-rated-corner-guard-178fr2fv-wall-protection,,,,USD,EA
Inpro,INPRO-178FRA1,Corner Guard,10 26 00,Inpro 170fr Bullnose Fire Rated Corner Guard 178FRA1 | https://www.inprocorp.com/products/170fr-bullnose-fire-rated-corner-guard-178fra1-wall-protection,,,,USD,EA
Inpro,INPRO-178FRA2,Corner Guard,10 26 00,Inpro 170fr Bullnose Fire Rated Corner Guard 178FRA2 | https://www.inprocorp.com/products/170fr-bullnose-fire-rated-corner-guard-178fra2-wall-protection,,,,USD,EA
Inpro,INPRO-178FRM1,Corner Guard,10 26 00,Inpro 170fr Bullnose Fire Rated Corner Guard 178FRM1 | https://www.inprocorp.com/products/170fr-bullnose-fire-rated-corner-guard-178frm1-wall-protection,,,,USD,EA
Inpro,INPRO-178FRM2,Corner Guard,10 26 00,Inpro 170fr Bullnose Fire Rated Corner Guard 178FRM2 | https://www.inprocorp.com/products/170fr-bullnose-fire-rated-corner-guard-178frm2-wall-protection,,,,USD,EA
Inpro,INPRO-178FV,Corner Guard,10 26 00,Inpro 170 Bullnose High Impact Corner Guard 178FV | https://www.inprocorp.com/products/170-bullnose-high-impact-corner-guard-178fv-wall-protection,,,,USD,EA
Inpro,INPRO-178FVBN,Corner Guard,10 26 00,Inpro 170bn Bullnose Blunose High Impact Corner Guard 178FVBN | https://www.inprocorp.com/products/170bn-bullnose-blunose-high-impact-corner-guard-178fvbn-wall-protection,,,,USD,EA
Inpro,INPRO-178FVV,Corner Guard,10 26 00,Inpro 170 Bullnose High Impact Corner Guard 178FVV | https://www.inprocorp.com/products/170-bullnose-high-impact-corner-guard-178fvv-wall-protection,,,,USD,EA
Inpro,INPRO-178M,Corner Guard,10 26 00,Inpro 170 Bullnose High Impact Corner Guard 178M | https://www.inprocorp.com/products/170-bullnose-high-impact-corner-guard-178m-wall-protection,,,,USD,EA
Inpro,INPRO-178MBN,Corner Guard,10 26 00,Inpro 170bn Bullnose Blunose High Impact Corner Guard 178MBN | https://www.inprocorp.com/products/170bn-bullnose-blunose-high-impact-corner-guard-178mbn-wall-protection,,,,USD,EA
Inpro,INPRO-178V,Corner Guard,10 26 00,Inpro 170 Bullnose High Impact Corner Guard 178V | https://www.inprocorp.com/products/170-bullnose-high-impact-corner-guard-178v-wall-protection,,,,USD,EA
Inpro,INPRO-178VM,Corner Guard,10 26 00,Inpro 170 Bullnose High Impact Corner Guard 178VM | https://www.inprocorp.com/products/170-bullnose-high-impact-corner-guard-178vm-wall-protection,,,,USD,EA
Inpro,INPRO-179,Corner Guard,10 26 00,Inpro 170 Bullnose High Impact Corner Guard 179 | https://www.inprocorp.com/products/170-bullnose-high-impact-corner-guard-179-wall-protection,,,,USD,EA
Inpro,INPRO-179A,Corner Guard,10 26 00,Inpro 170 Bullnose High Impact Corner Guard M 179A | https://www.inprocorp.com/products/170-bullnose-high-impact-corner-guard-179a-m-wall-protection,,,,USD,EA
Inpro,INPRO-179BN,Corner Guard,10 26 00,Inpro 170bn Bullnose Blunose High Impact Corner Guard 179BN | https://www.inprocorp.com/products/170bn-bullnose-blunose-high-impact-corner-guard-179bn-wall-protection,,,,USD,EA
Inpro,INPRO-179BNR,Corner Guard,10 26 00,Inpro 170bn Bullnose Blunose High Impact Corner Guard M 179BNR | https://www.inprocorp.com/products/170bn-bullnose-blunose-high-impact-corner-guard-179bnr-m-wall-protection,,,,USD,EA
Inpro,INPRO-179F,Corner Guard,10 26 00,Inpro 170f Bullnose Flush Mount Corner Guard 179F | https://www.inprocorp.com/products/170f-bullnose-flush-mount-corner-guard-179f-wall-protection,Flush Mount,,,USD,EA
Inpro,INPRO-179FFV,Corner Guard,10 26 00,Inpro 170f Bullnose Flush Mount Corner Guard 179FFV | https://www.inprocorp.com/products/170f-bullnose-flush-mount-corner-guard-179ffv-wall-protection,Flush Mount,,,USD,EA
Inpro,INPRO-179FM,Corner Guard,10 26 00,Inpro 170f Bullnose Flush Mount Corner Guard 179FM | https://www.inprocorp.com/products/170f-bullnose-flush-mount-corner-guard-179fm-wall-protection,Flush Mount,,,USD,EA
Inpro,INPRO-179FR1,Corner Guard,10 26 00,Inpro 170fr Bullnose Fire Rated Corner Guard 179FR1 | https://www.inprocorp.com/products/170fr-bullnose-fire-rated-corner-guard-179fr1-wall-protection,,,,USD,EA
Inpro,INPRO-179FR1FV,Corner Guard,10 26 00,Inpro 170fr Bullnose Fire Rated Corner Guard 179FR1FV | https://www.inprocorp.com/products/170fr-bullnose-fire-rated-corner-guard-179fr1fv-wall-protection,,,,USD,EA
Inpro,INPRO-179FR2,Corner Guard,10 26 00,Inpro 170fr Bullnose Fire Rated Corner Guard 179FR2 | https://www.inprocorp.com/products/170fr-bullnose-fire-rated-corner-guard-179fr2-wall-protection,,,,USD,EA
Inpro,INPRO-179FR2FV,Corner Guard,10 26 00,Inpro 170fr Bullnose Fire Rated Corner Guard 179FR2FV | https://www.inprocorp.com/products/170fr-bullnose-fire-rated-corner-guard-179fr2fv-wall-protection,,,,USD,EA
Inpro,INPRO-179FRA1,Corner Guard,10 26 00,Inpro 170fr Bullnose Fire Rated Corner Guard 179FRA1 | https://www.inprocorp.com/products/170fr-bullnose-fire-rated-corner-guard-179fra1-wall-protection,,,,USD,EA
Inpro,INPRO-179FRA2,Corner Guard,10 26 00,Inpro 170fr Bullnose Fire Rated Corner Guard 179FRA2 | https://www.inprocorp.com/products/170fr-bullnose-fire-rated-corner-guard-179fra2-wall-protection,,,,USD,EA
Inpro,INPRO-179FRM1,Corner Guard,10 26 00,Inpro 170fr Bullnose Fire Rated Corner Guard 179FRM1 | https://www.inprocorp.com/products/170fr-bullnose-fire-rated-corner-guard-179frm1-wall-protection,,,,USD,EA
Inpro,INPRO-179FRM2,Corner Guard,10 26 00,Inpro 170fr Bullnose Fire Rated Corner Guard 179FRM2 | https://www.inprocorp.com/products/170fr-bullnose-fire-rated-corner-guard-179frm2-wall-protection,,,,USD,EA
Inpro,INPRO-179FV,Corner Guard,10 26 00,Inpro 170 Bullnose High Impact Corner Guard 179FV | https://www.inprocorp.com/products/170-bullnose-high-impact-corner-guard-179fv-wall-protection,,,,USD,EA
Inpro,INPRO-179FVBN,Corner Guard,10 26 00,Inpro 170bn Bullnose Blunose High Impact Corner Guard 179FVBN | https://www.inprocorp.com/products/170bn-bullnose-blunose-high-impact-corner-guard-179fvbn-wall-protection,,,,USD,EA
Inpro,INPRO-179FVV,Corner Guard,10 26 00,Inpro 170bn Bullnose Blunose High Impact Corner Guard 179FVV | https://www.inprocorp.com/products/170bn-bullnose-blunose-high-impact-corner-guard-179fvv-wall-protection,,,,USD,EA
Inpro,INPRO-179M,Corner Guard,10 26 00,Inpro 170 Bullnose High Impact Corner Guard 179M | https://www.inprocorp.com/products/170-bullnose-high-impact-corner-guard-179m-wall-protection,,,,USD,EA
Inpro,INPRO-179MBN,Corner Guard,10 26 00,Inpro 170bn Bullnose Blunose High Impact Corner Guard 179MBN | https://www.inprocorp.com/products/170bn-bullnose-blunose-high-impact-corner-guard-179mbn-wall-protection,,,,USD,EA
Inpro,INPRO-179V,Corner Guard,10 26 00,Inpro 170bn Bullnose Blunose High Impact Corner Guard 179V | https://www.inprocorp.com/products/170bn-bullnose-blunose-high-impact-corner-guard-179v-wall-protection,,,,USD,EA
Inpro,INPRO-179VM,Corner Guard,10 26 00,Inpro 170 Bullnose High Impact Corner Guard 179VM | https://www.inprocorp.com/products/170-bullnose-high-impact-corner-guard-179vm-wall-protection,,,,USD,EA
Inpro,INPRO-209135,Corner Guard,10 26 00,Inpro Tape On Corner Guards 209135 | https://www.inprocorp.com/products/tape-on-corner-guards-209135-wall-protection,Tape-On,,,USD,EA
Inpro,INPRO-209135E,Corner Guard,10 26 00,Inpro Tape On Corner Guards 209135E | https://www.inprocorp.com/products/tape-on-corner-guards-209135e-wall-protection,Tape-On,,,USD,EA
Inpro,INPRO-209135F,Corner Guard,10 26 00,Inpro Flexible Corner Guards 209135F | https://www.inprocorp.com/products/flexible-corner-guards-209135f-wall-protection,,,,USD,EA
Inpro,INPRO-209135FV,Corner Guard,10 26 00,Inpro Tape On Corner Guards 209135FV | https://www.inprocorp.com/products/tape-on-corner-guards-209135fv-wall-protection,Tape-On,,,USD,EA
Inpro,INPRO-209135N,Corner Guard,10 26 00,Inpro Tape On Corner Guards Without Tape 209135N | https://www.inprocorp.com/products/tape-on-corner-guards-without-tape-209135n-wall-protection,Tape-On,,,USD,EA
Inpro,INPRO-209135NE,Corner Guard,10 26 00,Inpro Tape On Corner Guards Without Tape 209135NE | https://www.inprocorp.com/products/tape-on-corner-guards-without-tape-209135ne-wall-protection,Tape-On,,,USD,EA
Inpro,INPRO-209135NFV,Corner Guard,10 26 00,Inpro Tape On Corner Guards Without Tape 209135NFV | https://www.inprocorp.com/products/tape-on-corner-guards-without-tape-209135nfv-wall-protection,Tape-On,,,USD,EA
Inpro,INPRO-209135VLN,Corner Guard,10 26 00,Inpro Tape On Corner Guards Without Tape 209135VLN | https://www.inprocorp.com/products/tape-on-corner-guards-without-tape-209135vln-wall-protection,Tape-On,,,USD,EA
Inpro,INPRO-212135,Corner Guard,10 26 00,Inpro Tape On Corner Guards 212135 | https://www.inprocorp.com/products/tape-on-corner-guards-212135-wall-protection,Tape-On,,,USD,EA
Inpro,INPRO-212135F,Corner Guard,10 26 00,Inpro Flexible Corner Guards 212135F | https://www.inprocorp.com/products/flexible-corner-guards-212135f-wall-protection,,,,USD,EA
Inpro,INPRO-212135FV,Corner Guard,10 26 00,Inpro Tape On Corner Guards 212135FV | https://www.inprocorp.com/products/tape-on-corner-guards-212135fv-wall-protection,Tape-On,,,USD,EA
Inpro,INPRO-212135N,Corner Guard,10 26 00,Inpro Tape On Corner Guards Without Tape 212135N | https://www.inprocorp.com/products/tape-on-corner-guards-without-tape-212135n-wall-protection,Tape-On,,,USD,EA
Inpro,INPRO-212135NE,Corner Guard,10 26 00,Inpro Tape On Corner Guards Without Tape 212135NE | https://www.inprocorp.com/products/tape-on-corner-guards-without-tape-212135ne-wall-protection,Tape-On,,,USD,EA
Inpro,INPRO-212135NFV,Corner Guard,10 26 00,Inpro Tape On Corner Guards Without Tape 212135NFV | https://www.inprocorp.com/products/tape-on-corner-guards-without-tape-212135nfv-wall-protection,Tape-On,,,USD,EA
Inpro,INPRO-212135VLN,Corner Guard,10 26 00,Inpro Tape On Corner Guards Without Tape 212135VLN | https://www.inprocorp.com/products/tape-on-corner-guards-without-tape-212135vln-wall-protection,Tape-On,,,USD,EA
Inpro,INPRO-221712,Corner Guard,10 26 00,Inpro Bullnose Textured Tape On Corner Guards 221712 | https://www.inprocorp.com/products/bullnose-textured-tape-on-corner-guards-221712-wall-protection,Tape-On,,,USD,EA
Inpro,INPRO-221712FV,Corner Guard,10 26 00,Inpro Bullnose Textured Tape On Corner Guards 221712FV | https://www.inprocorp.com/products/bullnose-textured-tape-on-corner-guards-221712fv-wall-protection,Tape-On,,,USD,EA
Inpro,INPRO-221712M,Corner Guard,10 26 00,Inpro Bullnose Textured Tape On Corner Guards 221712M | https://www.inprocorp.com/products/bullnose-textured-tape-on-corner-guards-221712m-wall-protection,Tape-On,,,USD,EA
Inpro,INPRO-221712N,Corner Guard,10 26 00,Inpro Bullnose Textured Corner Guard Without Tape 221712N | https://www.inprocorp.com/products/bullnose-textured-corner-guard-without-tape-221712n-wall-protection,,,,USD,EA
Inpro,INPRO-221712NFV,Corner Guard,10 26 00,Inpro Bullnose Textured Corner Guard Without Tape 221712NFV | https://www.inprocorp.com/products/bullnose-textured-corner-guard-without-tape-221712nfv-wall-protection,,,,USD,EA
Inpro,INPRO-22174,Corner Guard,10 26 00,Inpro Bullnose Textured Tape On Corner Guards 22174 | https://www.inprocorp.com/products/bullnose-textured-tape-on-corner-guards-22174-wall-protection,Tape-On,,,USD,EA
Inpro,INPRO-22174FV,Corner Guard,10 26 00,Inpro Bullnose Textured Corner Guard Without Tape 22174FV | https://www.inprocorp.com/products/bullnose-textured-corner-guard-without-tape-22174fv-wall-protection,,,,USD,EA
Inpro,INPRO-22174M,Corner Guard,10 26 00,Inpro Bullnose Textured Tape On Corner Guards 22174M | https://www.inprocorp.com/products/bullnose-textured-tape-on-corner-guards-22174m-wall-protection,Tape-On,,,USD,EA
Inpro,INPRO-22174N,Corner Guard,10 26 00,Inpro Bullnose Textured Corner Guard Without Tape 22174N | https://www.inprocorp.com/products/bullnose-textured-corner-guard-without-tape-22174n-wall-protection,,,,USD,EA
Inpro,INPRO-22174NFV,Corner Guard,10 26 00,Inpro Bullnose Textured Corner Guard Without Tape 22174NFV | https://www.inprocorp.com/products/bullnose-textured-corner-guard-without-tape-22174nfv-wall-protection,,,,USD,EA
Inpro,INPRO-22178,Corner Guard,10 26 00,Inpro Bullnose Textured Tape On Corner Guards 22178 | https://www.inprocorp.com/products/bullnose-textured-tape-on-corner-guards-22178-wall-protection,Tape-On,,,USD,EA
Inpro,INPRO-22178FV,Corner Guard,10 26 00,Inpro Bullnose Textured Corner Guard Without Tape 22178FV | https://www.inprocorp.com/products/bullnose-textured-corner-guard-without-tape-22178fv-wall-protection,,,,USD,EA
Inpro,INPRO-22178M,Corner Guard,10 26 00,Inpro Bullnose Textured Tape On Corner Guards 22178M | https://www.inprocorp.com/products/bullnose-textured-tape-on-corner-guards-22178m-wall-protection,Tape-On,,,USD,EA
Inpro,INPRO-22178N,Corner Guard,10 26 00,Inpro Bullnose Textured Corner Guard Without Tape 22178N | https://www.inprocorp.com/products/bullnose-textured-corner-guard-without-tape-22178n-wall-protection,,,,USD,EA
Inpro,INPRO-22178NFV,Corner Guard,10 26 00,Inpro Bullnose Textured Corner Guard Without Tape 22178NFV | https://www.inprocorp.com/products/bullnose-textured-corner-guard-without-tape-22178nfv-wall-protection,,,,USD,EA
Inpro,INPRO-22179,Corner Guard,10 26 00,Inpro Bullnose Textured Tape On Corner Guards 22179 | https://www.inprocorp.com/products/bullnose-textured-tape-on-corner-guards-22179-wall-protection,Tape-On,,,USD,EA
Inpro,INPRO-22179FV,Corner Guard,10 26 00,Inpro Bullnose Textured Corner Guard Without Tape 22179FV | https://www.inprocorp.com/products/bullnose-textured-corner-guard-without-tape-22179fv-wall-protection,,,,USD,EA
Inpro,INPRO-22179M,Corner Guard,10 26 00,Inpro Bullnose Textured Tape On Corner Guards 22179M | https://www.inprocorp.com/products/bullnose-textured-tape-on-corner-guards-22179m-wall-protection,Tape-On,,,USD,EA
Inpro,INPRO-22179N,Corner Guard,10 26 00,Inpro Bullnose Textured Corner Guard Without Tape 22179N | https://www.inprocorp.com/products/bullnose-textured-corner-guard-without-tape-22179n-wall-protection,,,,USD,EA
Inpro,INPRO-22179NFV,Corner Guard,10 26 00,Inpro Bullnose Textured Corner Guard Without Tape 22179NFV | https://www.inprocorp.com/products/bullnose-textured-corner-guard-without-tape-22179nfv-wall-protection,,,,USD,EA
Inpro,INPRO-248135,Corner Guard,10 26 00,Inpro Tape On Corner Guards 248135 | https://www.inprocorp.com/products/tape-on-corner-guards-248135-wall-protection,Tape-On,,,USD,EA
Inpro,INPRO-248135E,Corner Guard,10 26 00,Inpro Tape On Corner Guards 248135E | https://www.inprocorp.com/products/tape-on-corner-guards-248135e-wall-protection,Tape-On,,,USD,EA
Inpro,INPRO-248135F,Corner Guard,10 26 00,Inpro Flexible Corner Guards 248135F | https://www.inprocorp.com/products/flexible-corner-guards-248135f-wall-protection,,,,USD,EA
Inpro,INPRO-248135FV,Corner Guard,10 26 00,Inpro Tape On Corner Guards 248135FV | https://www.inprocorp.com/products/tape-on-corner-guards-248135fv-wall-protection,Tape-On,,,USD,EA
Inpro,INPRO-248135N,Corner Guard,10 26 00,Inpro Tape On Corner Guards Without Tape 248135N | https://www.inprocorp.com/products/tape-on-corner-guards-without-tape-248135n-wall-protection,Tape-On,,,USD,EA
Inpro,INPRO-248135NE,Corner Guard,10 26 00,Inpro Tape On Corner Guards Without Tape 248135NE | https://www.inprocorp.com/products/tape-on-corner-guards-without-tape-248135ne-wall-protection,Tape-On,,,USD,EA
Inpro,INPRO-248135NFV,Corner Guard,10 26 00,Inpro Tape On Corner Guards Without Tape 248135NFV | https://www.inprocorp.com/products/tape-on-corner-guards-without-tape-248135nfv-wall-protection,Tape-On,,,USD,EA
Inpro,INPRO-248135VL,Corner Guard,10 26 00,Inpro Tape On Corner Guards 248135VL | https://www.inprocorp.com/products/tape-on-corner-guards-248135vl-wall-protection,Tape-On,,,USD,EA
Inpro,INPRO-248135VLN,Corner Guard,10 26 00,Inpro Tape On Corner Guards Without Tape 248135VLN | https://www.inprocorp.com/products/tape-on-corner-guards-without-tape-248135vln-wall-protection,Tape-On,,,USD,EA
Inpro,INPRO-296135,Corner Guard,10 26 00,Inpro Tape On Corner Guards 296135 | https://www.inprocorp.com/products/tape-on-corner-guards-296135-wall-protection,Tape-On,,,USD,EA
Inpro,INPRO-296135E,Corner Guard,10 26 00,Inpro Tape On Corner Guards 296135E | https://www.inprocorp.com/products/tape-on-corner-guards-296135e-wall-protection,Tape-On,,,USD,EA
Inpro,INPRO-296135F,Corner Guard,10 26 00,Inpro Flexible Corner Guards 296135F | https://www.inprocorp.com/products/flexible-corner-guards-296135f-wall-protection,,,,USD,EA
Inpro,INPRO-296135FV,Corner Guard,10 26 00,Inpro Tape On Corner Guards 296135FV | https://www.inprocorp.com/products/tape-on-corner-guards-296135fv-wall-protection,Tape-On,,,USD,EA
Inpro,INPRO-296135N,Corner Guard,10 26 00,Inpro Tape On Corner Guards Without Tape 296135N | https://www.inprocorp.com/products/tape-on-corner-guards-without-tape-296135n-wall-protection,Tape-On,,,USD,EA
Inpro,INPRO-296135NE,Corner Guard,10 26 00,Inpro Tape On Corner Guards Without Tape 296135NE | https://www.inprocorp.com/products/tape-on-corner-guards-without-tape-296135ne-wall-protection,Tape-On,,,USD,EA
Inpro,INPRO-296135NFV,Corner Guard,10 26 00,Inpro Tape On Corner Guards Without Tape 296135NFV | https://www.inprocorp.com/products/tape-on-corner-guards-without-tape-296135nfv-wall-protection,Tape-On,,,USD,EA
Inpro,INPRO-296135VLN,Corner Guard,10 26 00,Inpro Tape On Corner Guards Without Tape 296135VLN | https://www.inprocorp.com/products/tape-on-corner-guards-without-tape-296135vln-wall-protection,Tape-On,,,USD,EA
Inpro,INPRO-304,Corner Guard,10 26 00,Inpro Surface Mount Stainless Steel Corner Guard Sas 181124c 304 | https://www.inprocorp.com/products/surface-mount-stainless-steel-corner-guard-sas-181124c-304-wall-protection,Surface Mount,,,USD,EA
Inpro,INPRO-309135,Corner Guard,10 26 00,Inpro Tape On Corner Guards 309135 | https://www.inprocorp.com/products/tape-on-corner-guards-309135-wall-protection,Tape-On,,,USD,EA
Inpro,INPRO-309135E,Corner Guard,10 26 00,Inpro Tape On Corner Guards 309135E | https://www.inprocorp.com/products/tape-on-corner-guards-309135e-wall-protection,Tape-On,,,USD,EA
Inpro,INPRO-309135FV,Corner Guard,10 26 00,Inpro Tape On Corner Guards 309135FV | https://www.inprocorp.com/products/tape-on-corner-guards-309135fv-wall-protection,Tape-On,,,USD,EA
Inpro,INPRO-309135N,Corner Guard,10 26 00,Inpro Tape On Corner Guards Without Tape 309135N | https://www.inprocorp.com/products/tape-on-corner-guards-without-tape-309135n-wall-protection,Tape-On,,,USD,EA
Inpro,INPRO-309135NE,Corner Guard,10 26 00,Inpro Tape On Corner Guards Without Tape 309135NE | https://www.inprocorp.com/products/tape-on-corner-guards-without-tape-309135ne-wall-protection,Tape-On,,,USD,EA
Inpro,INPRO-309135NFV,Corner Guard,10 26 00,Inpro Tape On Corner Guards Without Tape 309135NFV | https://www.inprocorp.com/products/tape-on-corner-guards-without-tape-309135nfv-wall-protection,Tape-On,,,USD,EA
Inpro,INPRO-312135,Corner Guard,10 26 00,Inpro Tape On Corner Guards 312135 | https://www.inprocorp.com/products/tape-on-corner-guards-312135-wall-protection,Tape-On,,,USD,EA
Inpro,INPRO-312135FV,Corner Guard,10 26 00,Inpro Tape On Corner Guards 312135FV | https://www.inprocorp.com/products/tape-on-corner-guards-312135fv-wall-protection,Tape-On,,,USD,EA
Inpro,INPRO-312135N,Corner Guard,10 26 00,Inpro Tape On Corner Guards Without Tape 312135N | https://www.inprocorp.com/products/tape-on-corner-guards-without-tape-312135n-wall-protection,Tape-On,,,USD,EA
Inpro,INPRO-312135NE,Corner Guard,10 26 00,Inpro Tape On Corner Guards Without Tape 312135NE | https://www.inprocorp.com/products/tape-on-corner-guards-without-tape-312135ne-wall-protection,Tape-On,,,USD,EA
Inpro,INPRO-312135NFV,Corner Guard,10 26 00,Inpro Tape On Corner Guards Without Tape 312135NFV | https://www.inprocorp.com/products/tape-on-corner-guards-without-tape-312135nfv-wall-protection,Tape-On,,,USD,EA
Inpro,INPRO-3309,Corner Guard,10 26 00,Inpro Tape On Corner Guards 3309 | https://www.inprocorp.com/products/tape-on-corner-guards-3309-wall-protection,Tape-On,,,USD,EA
Inpro,INPRO-3309E,Corner Guard,10 26 00,Inpro Tape On Corner Guards 3309E | https://www.inprocorp.com/products/tape-on-corner-guards-3309e-wall-protection,Tape-On,,,USD,EA
Inpro,INPRO-3309FV,Corner Guard,10 26 00,Inpro Tape On Corner Guards 3309FV | https://www.inprocorp.com/products/tape-on-corner-guards-3309fv-wall-protection,Tape-On,,,USD,EA
Inpro,INPRO-3309N,Corner Guard,10 26 00,Inpro Tape On Corner Guards Without Tape 3309N | https://www.inprocorp.com/products/tape-on-corner-guards-without-tape-3309n-wall-protection,Tape-On,,,USD,EA
Inpro,INPRO-3309NFV,Corner Guard,10 26 00,Inpro Tape On Corner Guards Without Tape 3309NFV | https://www.inprocorp.com/products/tape-on-corner-guards-without-tape-3309nfv-wall-protection,Tape-On,,,USD,EA
Inpro,INPRO-3312,Corner Guard,10 26 00,Inpro Tape On Corner Guards 3312 | https://www.inprocorp.com/products/tape-on-corner-guards-3312-wall-protection,Tape-On,,,USD,EA
Inpro,INPRO-3312FV,Corner Guard,10 26 00,Inpro Tape On Corner Guards 3312FV | https://www.inprocorp.com/products/tape-on-corner-guards-3312fv-wall-protection,Tape-On,,,USD,EA
Inpro,INPRO-3312N,Corner Guard,10 26 00,Inpro Tape On Corner Guards Without Tape 3312N | https://www.inprocorp.com/products/tape-on-corner-guards-without-tape-3312n-wall-protection,Tape-On,,,USD,EA
Inpro,INPRO-3312NE,Corner Guard,10 26 00,Inpro Tape On Corner Guards Without Tape 3312NE | https://www.inprocorp.com/products/tape-on-corner-guards-without-tape-3312ne-wall-protection,Tape-On,,,USD,EA
Inpro,INPRO-3312NFV,Corner Guard,10 26 00,Inpro Tape On Corner Guards Without Tape 3312NFV | https://www.inprocorp.com/products/tape-on-corner-guards-without-tape-3312nfv-wall-protection,Tape-On,,,USD,EA
Inpro,INPRO-3348,Corner Guard,10 26 00,Inpro Tape On Corner Guards 3348 | https://www.inprocorp.com/products/tape-on-corner-guards-3348-wall-protection,Tape-On,,,USD,EA
Inpro,INPRO-3348E,Corner Guard,10 26 00,Inpro Tape On Corner Guards 3348E | https://www.inprocorp.com/products/tape-on-corner-guards-3348e-wall-protection,Tape-On,,,USD,EA
Inpro,INPRO-3348FV,Corner Guard,10 26 00,Inpro Tape On Corner Guards 3348FV | https://www.inprocorp.com/products/tape-on-corner-guards-3348fv-wall-protection,Tape-On,,,USD,EA
Inpro,INPRO-3348N,Corner Guard,10 26 00,Inpro Tape On Corner Guards Without Tape 3348N | https://www.inprocorp.com/products/tape-on-corner-guards-without-tape-3348n-wall-protection,Tape-On,,,USD,EA
Inpro,INPRO-3348NFV,Corner Guard,10 26 00,Inpro Tape On Corner Guards Without Tape 3348NFV | https://www.inprocorp.com/products/tape-on-corner-guards-without-tape-3348nfv-wall-protection,Tape-On,,,USD,EA
Inpro,INPRO-3396,Corner Guard,10 26 00,Inpro Tape On Corner Guards 3396 | https://www.inprocorp.com/products/tape-on-corner-guards-3396-wall-protection,Tape-On,,,USD,EA
Inpro,INPRO-3396E,Corner Guard,10 26 00,Inpro Tape On Corner Guards 3396E | https://www.inprocorp.com/products/tape-on-corner-guards-3396e-wall-protection,Tape-On,,,USD,EA
Inpro,INPRO-3396FV,Corner Guard,10 26 00,Inpro Tape On Corner Guards 3396FV | https://www.inprocorp.com/products/tape-on-corner-guards-3396fv-wall-protection,Tape-On,,,USD,EA
Inpro,INPRO-3396N,Corner Guard,10 26 00,Inpro Tape On Corner Guards Without Tape 3396N | https://www.inprocorp.com/products/tape-on-corner-guards-without-tape-3396n-wall-protection,Tape-On,,,USD,EA
Inpro,INPRO-3396NE,Corner Guard,10 26 00,Inpro Tape On Corner Guards Without Tape 3396NE | https://www.inprocorp.com/products/tape-on-corner-guards-without-tape-3396ne-wall-protection,Tape-On,,,USD,EA
Inpro,INPRO-3396NFV,Corner Guard,10 26 00,Inpro Tape On Corner Guards Without Tape 3396NFV | https://www.inprocorp.com/products/tape-on-corner-guards-without-tape-3396nfv-wall-protection,Tape-On,,,USD,EA
Inpro,INPRO-3409,Corner Guard,10 26 00,Inpro Tape On Corner Guards 3409 | https://www.inprocorp.com/products/tape-on-corner-guards-3409-wall-protection,Tape-On,,,USD,EA
Inpro,INPRO-3409E,Corner Guard,10 26 00,Inpro Tape On Corner Guards 3409E | https://www.inprocorp.com/products/tape-on-corner-guards-3409e-wall-protection,Tape-On,,,USD,EA
Inpro,INPRO-3409F,Corner Guard,10 26 00,Inpro Flexible Corner Guards 3409F | https://www.inprocorp.com/products/flexible-corner-guards-3409f-wall-protection,,,,USD,EA
Inpro,INPRO-3409FV,Corner Guard,10 26 00,Inpro Tape On Corner Guards 3409FV | https://www.inprocorp.com/products/tape-on-corner-guards-3409fv-wall-protection,Tape-On,,,USD,EA
Inpro,INPRO-3409N,Corner Guard,10 26 00,Inpro Tape On Corner Guards Without Tape 3409N | https://www.inprocorp.com/products/tape-on-corner-guards-without-tape-3409n-wall-protection,Tape-On,,,USD,EA
Inpro,INPRO-3409NE,Corner Guard,10 26 00,Inpro Tape On Corner Guards Without Tape 3409NE | https://www.inprocorp.com/products/tape-on-corner-guards-without-tape-3409ne-wall-protection,Tape-On,,,USD,EA
Inpro,INPRO-3409NFV,Corner Guard,10 26 00,Inpro Tape On Corner Guards Without Tape 3409NFV | https://www.inprocorp.com/products/tape-on-corner-guards-without-tape-3409nfv-wall-protection,Tape-On,,,USD,EA
Inpro,INPRO-3409VL,Corner Guard,10 26 00,Inpro Tape On Corner Guards 3409VL | https://www.inprocorp.com/products/tape-on-corner-guards-3409vl-wall-protection,Tape-On,,,USD,EA
Inpro,INPRO-3409VLN,Corner Guard,10 26 00,Inpro Tape On Corner Guards Without Tape 3409VLN | https://www.inprocorp.com/products/tape-on-corner-guards-without-tape-3409vln-wall-protection,Tape-On,,,USD,EA
Inpro,INPRO-3412,Corner Guard,10 26 00,Inpro Tape On Corner Guards 3412 | https://www.inprocorp.com/products/tape-on-corner-guards-3412-wall-protection,Tape-On,,,USD,EA
Inpro,INPRO-3412E,Corner Guard,10 26 00,Inpro Tape On Corner Guards 3412E | https://www.inprocorp.com/products/tape-on-corner-guards-3412e-wall-protection,Tape-On,,,USD,EA
Inpro,INPRO-3412F,Corner Guard,10 26 00,Inpro Flexible Corner Guards 3412F | https://www.inprocorp.com/products/flexible-corner-guards-3412f-wall-protection,,,,USD,EA
Inpro,INPRO-3412FV,Corner Guard,10 26 00,Inpro Tape On Corner Guards 3412FV | https://www.inprocorp.com/products/tape-on-corner-guards-3412fv-wall-protection,Tape-On,,,USD,EA
Inpro,INPRO-3412N,Corner Guard,10 26 00,Inpro Tape On Corner Guards Without Tape 3412N | https://www.inprocorp.com/products/tape-on-corner-guards-without-tape-3412n-wall-protection,Tape-On,,,USD,EA
Inpro,INPRO-3412NE,Corner Guard,10 26 00,Inpro Tape On Corner Guards Without Tape 3412NE | https://www.inprocorp.com/products/tape-on-corner-guards-without-tape-3412ne-wall-protection,Tape-On,,,USD,EA
Inpro,INPRO-3412NFV,Corner Guard,10 26 00,Inpro Tape On Corner Guards Without Tape 3412NFV | https://www.inprocorp.com/products/tape-on-corner-guards-without-tape-3412nfv-wall-protection,Tape-On,,,USD,EA
Inpro,INPRO-3412VLN,Corner Guard,10 26 00,Inpro Tape On Corner Guards Without Tape 3412VLN | https://www.inprocorp.com/products/tape-on-corner-guards-without-tape-3412vln-wall-protection,Tape-On,,,USD,EA
Inpro,INPRO-3448,Corner Guard,10 26 00,Inpro Tape On Corner Guards 3448 | https://www.inprocorp.com/products/tape-on-corner-guards-3448-wall-protection,Tape-On,,,USD,EA
Inpro,INPRO-3448E,Corner Guard,10 26 00,Inpro Tape On Corner Guards 3448E | https://www.inprocorp.com/products/tape-on-corner-guards-3448e-wall-protection,Tape-On,,,USD,EA
Inpro,INPRO-3448F,Corner Guard,10 26 00,Inpro Flexible Corner Guards 3448F | https://www.inprocorp.com/products/flexible-corner-guards-3448f-wall-protection,,,,USD,EA
Inpro,INPRO-3448FV,Corner Guard,10 26 00,Inpro Tape On Corner Guards 3448FV | https://www.inprocorp.com/products/tape-on-corner-guards-3448fv-wall-protection,Tape-On,,,USD,EA
Inpro,INPRO-3448N,Corner Guard,10 26 00,Inpro Tape On Corner Guards Without Tape 3448N | https://www.inprocorp.com/products/tape-on-corner-guards-without-tape-3448n-wall-protection,Tape-On,,,USD,EA
Inpro,INPRO-3448NE,Corner Guard,10 26 00,Inpro Tape On Corner Guards Without Tape 3448NE | https://www.inprocorp.com/products/tape-on-corner-guards-without-tape-3448ne-wall-protection,Tape-On,,,USD,EA
Inpro,INPRO-3448NFV,Corner Guard,10 26 00,Inpro Tape On Corner Guards Without Tape 3448NFV | https://www.inprocorp.com/products/tape-on-corner-guards-without-tape-3448nfv-wall-protection,Tape-On,,,USD,EA
Inpro,INPRO-3448VL,Corner Guard,10 26 00,Inpro Tape On Corner Guards 3448VL | https://www.inprocorp.com/products/tape-on-corner-guards-3448vl-wall-protection,Tape-On,,,USD,EA
Inpro,INPRO-3448VLN,Corner Guard,10 26 00,Inpro Tape On Corner Guards Without Tape 3448VLN | https://www.inprocorp.com/products/tape-on-corner-guards-without-tape-3448vln-wall-protection,Tape-On,,,USD,EA
Inpro,INPRO-348135,Corner Guard,10 26 00,Inpro Tape On Corner Guards 348135 | https://www.inprocorp.com/products/tape-on-corner-guards-348135-wall-protection,Tape-On,,,USD,EA
Inpro,INPRO-348135E,Corner Guard,10 26 00,Inpro Tape On Corner Guards 348135E | https://www.inprocorp.com/products/tape-on-corner-guards-348135e-wall-protection,Tape-On,,,USD,EA
Inpro,INPRO-348135FV,Corner Guard,10 26 00,Inpro Tape On Corner Guards 348135FV | https://www.inprocorp.com/products/tape-on-corner-guards-348135fv-wall-protection,Tape-On,,,USD,EA
Inpro,INPRO-348135N,Corner Guard,10 26 00,Inpro Tape On Corner Guards Without Tape 348135N | https://www.inprocorp.com/products/tape-on-corner-guards-without-tape-348135n-wall-protection,Tape-On,,,USD,EA
Inpro,INPRO-348135NE,Corner Guard,10 26 00,Inpro Tape On Corner Guards Without Tape 348135NE | https://www.inprocorp.com/products/tape-on-corner-guards-without-tape-348135ne-wall-protection,Tape-On,,,USD,EA
Inpro,INPRO-348135NFV,Corner Guard,10 26 00,Inpro Tape On Corner Guards Without Tape 348135NFV | https://www.inprocorp.com/products/tape-on-corner-guards-without-tape-348135nfv-wall-protection,Tape-On,,,USD,EA
Inpro,INPRO-3496,Corner Guard,10 26 00,Inpro Tape On Corner Guards 3496 | https://www.inprocorp.com/products/tape-on-corner-guards-3496-wall-protection,Tape-On,,,USD,EA
Inpro,INPRO-3496E,Corner Guard,10 26 00,Inpro Tape On Corner Guards 3496E | https://www.inprocorp.com/products/tape-on-corner-guards-3496e-wall-protection,Tape-On,,,USD,EA
Inpro,INPRO-3496F,Corner Guard,10 26 00,Inpro Flexible Corner Guards 3496F | https://www.inprocorp.com/products/flexible-corner-guards-3496f-wall-protection,,,,USD,EA
Inpro,INPRO-3496FV,Corner Guard,10 26 00,Inpro Tape On Corner Guards 3496FV | https://www.inprocorp.com/products/tape-on-corner-guards-3496fv-wall-protection,Tape-On,,,USD,EA
Inpro,INPRO-3496N,Corner Guard,10 26 00,Inpro Tape On Corner Guards Without Tape 3496N | https://www.inprocorp.com/products/tape-on-corner-guards-without-tape-3496n-wall-protection,Tape-On,,,USD,EA
Inpro,INPRO-3496NE,Corner Guard,10 26 00,Inpro Tape On Corner Guards Without Tape 3496NE | https://www.inprocorp.com/products/tape-on-corner-guards-without-tape-3496ne-wall-protection,Tape-On,,,USD,EA
Inpro,INPRO-3496NFV,Corner Guard,10 26 00,Inpro Tape On Corner Guards Without Tape 3496NFV | https://www.inprocorp.com/products/tape-on-corner-guards-without-tape-3496nfv-wall-protection,Tape-On,,,USD,EA
Inpro,INPRO-3496VL,Corner Guard,10 26 00,Inpro Tape On Corner Guards 3496VL | https://www.inprocorp.com/products/tape-on-corner-guards-3496vl-wall-protection,Tape-On,,,USD,EA
Inpro,INPRO-3496VLN,Corner Guard,10 26 00,Inpro Tape On Corner Guards Without Tape 3496VLN | https://www.inprocorp.com/products/tape-on-corner-guards-without-tape-3496vln-wall-protection,Tape-On,,,USD,EA
Inpro,INPRO-396135,Corner Guard,10 26 00,Inpro Tape On Corner Guards 396135 | https://www.inprocorp.com/products/tape-on-corner-guards-396135-wall-protection,Tape-On,,,USD,EA
Inpro,INPRO-396135E,Corner Guard,10 26 00,Inpro Tape On Corner Guards 396135E | https://www.inprocorp.com/products/tape-on-corner-guards-396135e-wall-protection,Tape-On,,,USD,EA
Inpro,INPRO-396135FV,Corner Guard,10 26 00,Inpro Tape On Corner Guards 396135FV | https://www.inprocorp.com/products/tape-on-corner-guards-396135fv-wall-protection,Tape-On,,,USD,EA
Inpro,INPRO-396135N,Corner Guard,10 26 00,Inpro Tape On Corner Guards Without Tape 396135N | https://www.inprocorp.com/products/tape-on-corner-guards-without-tape-396135n-wall-protection,Tape-On,,,USD,EA
Inpro,INPRO-396135NE,Corner Guard,10 26 00,Inpro Tape On Corner Guards Without Tape 396135NE | https://www.inprocorp.com/products/tape-on-corner-guards-without-tape-396135ne-wall-protection,Tape-On,,,USD,EA
Inpro,INPRO-396135NFV,Corner Guard,10 26 00,Inpro Tape On Corner Guards Without Tape 396135NFV | https://www.inprocorp.com/products/tape-on-corner-guards-without-tape-396135nfv-wall-protection,Tape-On,,,USD,EA
Inpro,INPRO-409135F,Corner Guard,10 26 00,Inpro Flexible Corner Guards 409135F | https://www.inprocorp.com/products/flexible-corner-guards-409135f-wall-protection,,,,USD,EA
Inpro,INPRO-4118,Corner Guard,10 26 00,Inpro Clear Corner Guards 4118 | https://www.inprocorp.com/products/clear-corner-guards-4118-wall-protection,,,,USD,EA
Inpro,INPRO-412135F,Corner Guard,10 26 00,Inpro Flexible Corner Guards 412135F | https://www.inprocorp.com/products/flexible-corner-guards-412135f-wall-protection,,,,USD,EA
Inpro,INPRO-4212135,Corner Guard,10 26 00,Inpro Clear Corner Guards 4212135 | https://www.inprocorp.com/products/clear-corner-guards-4212135-wall-protection,,,,USD,EA
Inpro,INPRO-421290,Corner Guard,10 26 00,Inpro Clear Corner Guards 421290 | https://www.inprocorp.com/products/clear-corner-guards-421290-wall-protection,,,,USD,EA
Inpro,INPRO-430,Corner Guard,10 26 00,Inpro Surface Mount Stainless Steel Corner Guard Sas 181124c 430 | https://www.inprocorp.com/products/surface-mount-stainless-steel-corner-guard-sas-181124c-430-wall-protection,Surface Mount,,,USD,EA
Inpro,INPRO-434,Corner Guard,10 26 00,Inpro Clear Corner Guards 434 | https://www.inprocorp.com/products/clear-corner-guards-434-wall-protection,,,,USD,EA
Inpro,INPRO-448135F,Corner Guard,10 26 00,Inpro Flexible Corner Guards 448135F | https://www.inprocorp.com/products/flexible-corner-guards-448135f-wall-protection,,,,USD,EA
Inpro,INPRO-496135F,Corner Guard,10 26 00,Inpro Flexible Corner Guards 496135F | https://www.inprocorp.com/products/flexible-corner-guards-496135f-wall-protection,,,,USD,EA
Inpro,INPRO-8118,Corner Guard,10 26 00,Inpro Clear Corner Guards 8118 | https://www.inprocorp.com/products/clear-corner-guards-8118-wall-protection,,,,USD,EA
Inpro,INPRO-8212135,Corner Guard,10 26 00,Inpro Clear Corner Guards 8212135 | https://www.inprocorp.com/products/clear-corner-guards-8212135-wall-protection,,,,USD,EA
Inpro,INPRO-821290,Corner Guard,10 26 00,Inpro Clear Corner Guards 821290 | https://www.inprocorp.com/products/clear-corner-guards-821290-wall-protection,,,,USD,EA
Inpro,INPRO-834,Corner Guard,10 26 00,Inpro Clear Corner Guards 834 | https://www.inprocorp.com/products/clear-corner-guards-834-wall-protection,,,,USD,EA
Inpro,INPRO-AL01212,Corner Guard,10 26 00,Inpro Aluminum Corner Guard Dw Bla AL01212 | https://www.inprocorp.com/products/aluminum-corner-guard-dw-al01212-bla-wall-protection,,,,USD,EA
Inpro,INPRO-AL03412,Corner Guard,10 26 00,Inpro Aluminum Corner Guard Dw Bla AL03412 | https://www.inprocorp.com/products/aluminum-corner-guard-dw-al03412-bla-wall-protection,,,,USD,EA
Inpro,INPRO-AL11212,Corner Guard,10 26 00,Inpro Aluminum Corner Guard Dw Bla AL11212 | https://www.inprocorp.com/products/aluminum-corner-guard-dw-al11212-bla-wall-protection,,,,USD,EA
Inpro,INPRO-G2,Corner Guard,10 26 00,Inpro 130r Bioblend Retainer High Impact Corner Guard G2 | https://www.inprocorp.com/products/g2-130r-g2-bioblend-retainer-high-impact-corner-guard-wall-protection,,,,USD,EA
Inpro,INPRO-RB0202120,Corner Guard,10 26 00,Inpro Heavy Duty Rubber Corner Guards Dw RB0202120 | https://www.inprocorp.com/products/heavy-duty-rubber-corner-guards-dw-rb0202120-wall-protection,,,,USD,EA
Inpro,INPRO-STAINLESSSTEELFLUSHMOUNTCORNERGUARDS,Corner Guard,10 26 00,Inpro Stainless Steel Flush Mount Corner Guards STAINLESSSTEELFLUSHMOUNTCORNERGUARDS | https://www.inprocorp.com/products/stainless-steel-flush-mount-corner-guards-wall-protection,Flush Mount,,,USD,EA
Inpro,INPRO-04,Crash Rail,10 26 00,Inpro Nutree Wall Guards Nt 140 04 | https://www.inprocorp.com/products/nutree-wall-guards-nt-140-04-wall-protection,,,,USD,EA
Inpro,INPRO-05,Crash Rail,10 26 00,Inpro Nutree Wall Guards Nt 140 05 | https://www.inprocorp.com/products/nutree-wall-guards-nt-140-05-wall-protection,,,,USD,EA
Inpro,INPRO-10-CRASHR,Crash Rail,10 26 00,Inpro Dw Dock075 Rubber Wall Guard Dw Dock075 10 | https://www.inprocorp.com/products/dw-dock075-10-rubber-wall-guard-dw-dock075-10-wall-protection,,,,USD,EA
Inpro,INPRO-10PAK,Crash Rail,10 26 00,Inpro 1600 Wall Guard 1620ai 10PAK | https://www.inprocorp.com/products/1600-wall-guard-1620ai-10pak-wall-protection,,,,USD,EA
Inpro,INPRO-11-CRASHR,Crash Rail,10 26 00,Inpro Nutree Wall Guards Nt 140 11 | https://www.inprocorp.com/products/nutree-wall-guards-nt-140-11-wall-protection,,,,USD,EA
Inpro,INPRO-13,Crash Rail,10 26 00,Inpro Nutree Wall Guards Nt 140 13 | https://www.inprocorp.com/products/nutree-wall-guards-nt-140-13-wall-protection,,,,USD,EA
Inpro,INPRO-1300,Crash Rail,10 26 00,"uPVC wall guard with continuous protection | Thickness: .080"" cover | Panel size: 4-1/16 in x 12 ft | https://www.inprocorp.com/products/1300-wall-guard-1300-wall-protection",continuous aluminum retainer,,,USD,EA
Inpro,INPRO-1300A,Crash Rail,10 26 00,Inpro 1300 Wall Guard 1300A | https://www.inprocorp.com/products/1300-wall-guard-1300a-wall-protection,,,,USD,EA
Inpro,INPRO-1300V,Crash Rail,10 26 00,"Inpro 1300 Wall Guard 1300V | Thickness: .080"" | Panel size: 4-1/16 in x 12 ft | https://www.inprocorp.com/products/1300-wall-guard-1300v-wall-protection",vinyl cover,,,USD,EA
Inpro,INPRO-1300VM,Crash Rail,10 26 00,Inpro 1300 Wall Guard Bed Locator 1300VM | https://www.inprocorp.com/products/1300-wall-guard-bed-locator-1300vm-wall-protection,,,,USD,EA
Inpro,INPRO-1302,Crash Rail,10 26 00,Inpro 1300 Wall Guard 1302 | Panel size: end cap | https://www.inprocorp.com/products/1300-wall-guard-1302-wall-protection,accessory,,,USD,EA
Inpro,INPRO-1303,Crash Rail,10 26 00,Inpro 1300 Wall Guard 1303 | Panel size: outside corner | https://www.inprocorp.com/products/1300-wall-guard-1303-wall-protection,accessory,,,USD,EA
Inpro,INPRO-1307,Crash Rail,10 26 00,Inpro 1300 Wall Guard 1307 | Panel size: inside corner | https://www.inprocorp.com/products/1300-wall-guard-1307-wall-protection,accessory,,,USD,EA
Inpro,INPRO-1400,Crash Rail,10 26 00,"Continuous impact bumper on aluminum retainer | Thickness: .080"" cover | Panel size: 4 in x 12 ft | https://www.inprocorp.com/products/1400-wall-guard-1400-wall-protection",continuous aluminum retainer,,,USD,EA
Inpro,INPRO-1400B,Crash Rail,10 26 00,Inpro 5000 Wall Guard G2 1400B | https://www.inprocorp.com/products/5000-wall-guard-g2-1400b-wall-protection,,,,USD,EA
Inpro,INPRO-1400FV,Crash Rail,10 26 00,Inpro 1400 Wall Guard 1400FV | https://www.inprocorp.com/products/1400-wall-guard-1400fv-wall-protection,,,,USD,EA
Inpro,INPRO-1400FVV,Crash Rail,10 26 00,Inpro 1400 Wall Guard 1400FVV | https://www.inprocorp.com/products/1400-wall-guard-1400fvv-wall-protection,,,,USD,EA
Inpro,INPRO-1400I,Crash Rail,10 26 00,"Inpro 1400 Wall Guard 1400I | Thickness: .080"" cover | Panel size: 4 in x 12 ft | https://www.inprocorp.com/products/1400-wall-guard-1400i-wall-protection",abbreviated retainer,,,USD,EA
Inpro,INPRO-1400IFV,Crash Rail,10 26 00,Inpro 1400 Wall Guard 1400IFV | https://www.inprocorp.com/products/1400-wall-guard-1400ifv-wall-protection,,,,USD,EA
Inpro,INPRO-1400M,Crash Rail,10 26 00,Inpro 1400 Wall Guard 1400M | https://www.inprocorp.com/products/1400-wall-guard-1400m-wall-protection,,,,USD,EA
Inpro,INPRO-1400V,Crash Rail,10 26 00,"Inpro 1400 Wall Guard 1400V | Thickness: .080"" | Panel size: 4 in x 12 ft | https://www.inprocorp.com/products/1400-wall-guard-1400v-wall-protection",vinyl cover,,,USD,EA
Inpro,INPRO-1400VM,Crash Rail,10 26 00,Inpro 1400 Wall Guard 1400VM | https://www.inprocorp.com/products/1400-wall-guard-1400vm-wall-protection,,,,USD,EA
Inpro,INPRO-1402,Crash Rail,10 26 00,Inpro 1400 Wall Guard 1402 | Panel size: end cap | https://www.inprocorp.com/products/1400-wall-guard-1402-wall-protection,accessory,,,USD,EA
Inpro,INPRO-1402FV,Crash Rail,10 26 00,Inpro 1400 Wall Guard 1402FV | https://www.inprocorp.com/products/1400-wall-guard-1402fv-wall-protection,,,,USD,EA
Inpro,INPRO-1402M,Crash Rail,10 26 00,Inpro 1400 Wall Guard 1402M | https://www.inprocorp.com/products/1400-wall-guard-1402m-wall-protection,,,,USD,EA
Inpro,INPRO-1403,Crash Rail,10 26 00,Inpro 1400 Wall Guard 1403 | Panel size: outside corner | https://www.inprocorp.com/products/1400-wall-guard-1403-wall-protection,accessory,,,USD,EA
Inpro,INPRO-1403FV,Crash Rail,10 26 00,Inpro 1400 Wall Guard 1403FV | https://www.inprocorp.com/products/1400-wall-guard-1403fv-wall-protection,,,,USD,EA
Inpro,INPRO-1403M,Crash Rail,10 26 00,Inpro 1400 Wall Guard 1403M | https://www.inprocorp.com/products/1400-wall-guard-1403m-wall-protection,,,,USD,EA
Inpro,INPRO-1407,Crash Rail,10 26 00,Inpro 1400 Wall Guard 1407 | Panel size: inside corner | https://www.inprocorp.com/products/1400-wall-guard-1407-wall-protection,accessory,,,USD,EA
Inpro,INPRO-1407FV,Crash Rail,10 26 00,Inpro 1400 Wall Guard 1407FV | https://www.inprocorp.com/products/1400-wall-guard-1407fv-wall-protection,,,,USD,EA
Inpro,INPRO-1407M,Crash Rail,10 26 00,Inpro 1400 Wall Guard 1407M | https://www.inprocorp.com/products/1400-wall-guard-1407m-wall-protection,,,,USD,EA
Inpro,INPRO-1420A,Crash Rail,10 26 00,Aluminum retainer including bumper | Panel size: 4 in x 12 ft | https://www.inprocorp.com/products/1400-wall-guard-1420a-wall-protection,aluminum retainer,,,USD,EA
Inpro,INPRO-1500,Crash Rail,10 26 00,"Continuous impact bumper wall guard | Thickness: .080"" cover | Panel size: 5 in x 12 ft | https://www.inprocorp.com/products/1500-wall-guard-1500-wall-protection",continuous aluminum retainer,,,USD,EA
Inpro,INPRO-1500A,Crash Rail,10 26 00,Inpro 1500 Wall Guard 1500A | https://www.inprocorp.com/products/1500-wall-guard-1500a-wall-protection,,,,USD,EA
Inpro,INPRO-1500FV,Crash Rail,10 26 00,Inpro 1500 Wall Guard 1500FV | https://www.inprocorp.com/products/1500-wall-guard-1500fv-wall-protection,,,,USD,EA
Inpro,INPRO-1500I,Crash Rail,10 26 00,Inpro 1500 Wall Guard 1500I | https://www.inprocorp.com/products/1500-wall-guard-1500i-wall-protection,,,,USD,EA
Inpro,INPRO-1500V,Crash Rail,10 26 00,"Inpro 1500 Wall Guard 1500V | Thickness: .080"" | Panel size: 5 in x 12 ft | https://www.inprocorp.com/products/1500-wall-guard-1500v-wall-protection",vinyl cover,,,USD,EA
Inpro,INPRO-1501L,Crash Rail,10 26 00,Inpro 1500 Wall Guard 1501L | Panel size: left end cap | https://www.inprocorp.com/products/1500-wall-guard-1501l-wall-protection,accessory,,,USD,EA
Inpro,INPRO-1501LFV,Crash Rail,10 26 00,Inpro 1500 Wall Guard 1501LFV | https://www.inprocorp.com/products/1500-wall-guard-1501lfv-wall-protection,,,,USD,EA
Inpro,INPRO-1501R,Crash Rail,10 26 00,Inpro 1500 Wall Guard 1501R | Panel size: right end cap | https://www.inprocorp.com/products/1500-wall-guard-1501r-wall-protection,accessory,,,USD,EA
Inpro,INPRO-1501RFV,Crash Rail,10 26 00,Inpro 1500 Wall Guard 1501RFV | https://www.inprocorp.com/products/1500-wall-guard-1501rfv-wall-protection,,,,USD,EA
Inpro,INPRO-1502,Crash Rail,10 26 00,Inpro 1500 Wall Guard 1502 | Panel size: outside corner | https://www.inprocorp.com/products/1500-wall-guard-1502-wall-protection,accessory,,,USD,EA
Inpro,INPRO-1502FV,Crash Rail,10 26 00,Inpro 1500 Wall Guard 1502FV | https://www.inprocorp.com/products/1500-wall-guard-1502fv-wall-protection,,,,USD,EA
Inpro,INPRO-1503,Crash Rail,10 26 00,Inpro 1500 Wall Guard 1503 | Panel size: inside corner | https://www.inprocorp.com/products/1500-wall-guard-1503-wall-protection,accessory,,,USD,EA
Inpro,INPRO-1503FV,Crash Rail,10 26 00,Inpro 1500 Wall Guard 1503FV | https://www.inprocorp.com/products/1500-wall-guard-1503fv-wall-protection,,,,USD,EA
Inpro,INPRO-1600,Crash Rail,10 26 00,Inpro Wall Guard 1600 | https://www.inprocorp.com/products/1600-wall-guard-1600-wall-protection,,,,USD,EA
Inpro,INPRO-1600FV,Crash Rail,10 26 00,Inpro 1600 Wall Guard 1600FV | https://www.inprocorp.com/products/1600-wall-guard-1600fv-wall-protection,,,,USD,EA
Inpro,INPRO-1600FVV,Crash Rail,10 26 00,Inpro 1600 Wall Guard 1600FVV | https://www.inprocorp.com/products/1600-wall-guard-1600fvv-wall-protection,,,,USD,EA
Inpro,INPRO-1600I,Crash Rail,10 26 00,Inpro 1600 Wall Guard 1600I | https://www.inprocorp.com/products/1600-wall-guard-1600i-wall-protection,,,,USD,EA
Inpro,INPRO-1600IFV,Crash Rail,10 26 00,Inpro 1600 Wall Guard 1600IFV | https://www.inprocorp.com/products/1600-wall-guard-1600ifv-wall-protection,,,,USD,EA
Inpro,INPRO-1600M,Crash Rail,10 26 00,Inpro 1600 Wall Guard 1600M | https://www.inprocorp.com/products/1600-wall-guard-1600m-wall-protection,,,,USD,EA
Inpro,INPRO-1600V,Crash Rail,10 26 00,Inpro 1600 Wall Guard 1600V | https://www.inprocorp.com/products/1600-wall-guard-1600v-wall-protection,,,,USD,EA
Inpro,INPRO-1600VM,Crash Rail,10 26 00,Inpro 1600 Wall Guard 1600VM | https://www.inprocorp.com/products/1600-wall-guard-1600vm-wall-protection,,,,USD,EA
Inpro,INPRO-1601,Crash Rail,10 26 00,Inpro 1600 Wall Guard 1601 | Panel size: 4 in oval rubber spacer | https://www.inprocorp.com/products/1600-wall-guard-1601-wall-protection,spacer,,,USD,EA
Inpro,INPRO-1606I,Crash Rail,10 26 00,Inpro 1600 Wall Guard 1606I | https://www.inprocorp.com/products/1600-wall-guard-1606i-wall-protection,,,,USD,EA
Inpro,INPRO-1620A,Crash Rail,10 26 00,Inpro 1600 Wall Guard P 1620A | https://www.inprocorp.com/products/1600-wall-guard-1620a-p-wall-protection,,,,USD,EA
Inpro,INPRO-1620AI,Crash Rail,10 26 00,Inpro 1600 Wall Guard P 1620AI | https://www.inprocorp.com/products/1600-wall-guard-1620ai-p-wall-protection,,,,USD,EA
Inpro,INPRO-1622,Crash Rail,10 26 00,Inpro 1600 Wall Guard 1622 | https://www.inprocorp.com/products/1600-wall-guard-1622-wall-protection,,,,USD,EA
Inpro,INPRO-1622FV,Crash Rail,10 26 00,Inpro 1600 Wall Guard 1622FV | https://www.inprocorp.com/products/1600-wall-guard-1622fv-wall-protection,,,,USD,EA
Inpro,INPRO-1622M,Crash Rail,10 26 00,Inpro 1600 Wall Guard 1622M | https://www.inprocorp.com/products/1600-wall-guard-1622m-wall-protection,,,,USD,EA
Inpro,INPRO-1623,Crash Rail,10 26 00,Inpro 1600 Wall Guard 1623 | https://www.inprocorp.com/products/1600-wall-guard-1623-wall-protection,,,,USD,EA
Inpro,INPRO-1623FV,Crash Rail,10 26 00,Inpro 1600 Wall Guard 1623FV | https://www.inprocorp.com/products/1600-wall-guard-1623fv-wall-protection,,,,USD,EA
Inpro,INPRO-1623M,Crash Rail,10 26 00,Inpro 1600 Wall Guard 1623M | https://www.inprocorp.com/products/1600-wall-guard-1623m-wall-protection,,,,USD,EA
Inpro,INPRO-1627,Crash Rail,10 26 00,Inpro 1600 Wall Guard 1627 | https://www.inprocorp.com/products/1600-wall-guard-1627-wall-protection,,,,USD,EA
Inpro,INPRO-1627FV,Crash Rail,10 26 00,Inpro 1600 Wall Guard 1627FV | https://www.inprocorp.com/products/1600-wall-guard-1627fv-wall-protection,,,,USD,EA
Inpro,INPRO-1627M,Crash Rail,10 26 00,Inpro 1600 Wall Guard 1627M | https://www.inprocorp.com/products/1600-wall-guard-1627m-wall-protection,,,,USD,EA
Inpro,INPRO-1800,Crash Rail,10 26 00,"Inpro Wall Guards 1800 | Thickness: .080"" cover | Panel size: 12 ft x 8 in | https://www.inprocorp.com/products/1800-wall-guards-1800-wall-protection",continuous aluminum retainer,,,USD,EA
Inpro,INPRO-1800A,Crash Rail,10 26 00,Inpro 1800 Wall Guards 1800A | Panel size: retainer bumper hardware | https://www.inprocorp.com/products/1800-wall-guards-1800a-wall-protection,wall guard assembly,,,USD,EA
Inpro,INPRO-1800AI,Crash Rail,10 26 00,Inpro 1800 Wall Guards 1800AI | https://www.inprocorp.com/products/1800-wall-guards-1800ai-wall-protection,,,,USD,EA
Inpro,INPRO-1800FV,Crash Rail,10 26 00,Inpro 1800 Wall Guards 1800FV | https://www.inprocorp.com/products/1800-wall-guards-1800fv-wall-protection,,,,USD,EA
Inpro,INPRO-1800FVV,Crash Rail,10 26 00,Inpro 1800 Wall Guards 1800FVV | https://www.inprocorp.com/products/1800-wall-guards-1800fvv-wall-protection,,,,USD,EA
Inpro,INPRO-1800I,Crash Rail,10 26 00,Inpro 1800 Wall Guards 1800I | https://www.inprocorp.com/products/1800-wall-guards-1800i-wall-protection,,,,USD,EA
Inpro,INPRO-1800M,Crash Rail,10 26 00,Inpro 1800 Wall Guards 1800M | https://www.inprocorp.com/products/1800-wall-guards-1800m-wall-protection,,,,USD,EA
Inpro,INPRO-1800V,Crash Rail,10 26 00,"Inpro 1800 Wall Guards 1800V | Thickness: .080"" | Panel size: 12 ft x 8 in | https://www.inprocorp.com/products/1800-wall-guards-1800v-wall-protection",vinyl cover,,,USD,EA
Inpro,INPRO-1801L,Crash Rail,10 26 00,Inpro 1800 Wall Guards 1801L | Panel size: left end cap | https://www.inprocorp.com/products/1800-wall-guards-1801l-wall-protection,accessory,,,USD,EA
Inpro,INPRO-1801LFV,Crash Rail,10 26 00,Inpro 1800 Wall Guards 1801LFV | https://www.inprocorp.com/products/1800-wall-guards-1801lfv-wall-protection,,,,USD,EA
Inpro,INPRO-1801LM,Crash Rail,10 26 00,Inpro 1800 Wall Guards 1801LM | https://www.inprocorp.com/products/1800-wall-guards-1801lm-wall-protection,,,,USD,EA
Inpro,INPRO-1801R,Crash Rail,10 26 00,Inpro 1800 Wall Guards 1801R | Panel size: right end cap | https://www.inprocorp.com/products/1800-wall-guards-1801r-wall-protection,accessory,,,USD,EA
Inpro,INPRO-1801RFV,Crash Rail,10 26 00,Inpro 1800 Wall Guards 1801RFV | https://www.inprocorp.com/products/1800-wall-guards-1801rfv-wall-protection,,,,USD,EA
Inpro,INPRO-1801RM,Crash Rail,10 26 00,Inpro 1800 Wall Guards 1801RM | https://www.inprocorp.com/products/1800-wall-guards-1801rm-wall-protection,,,,USD,EA
Inpro,INPRO-1802,Crash Rail,10 26 00,Inpro 1800 Wall Guards 1802 | Panel size: outside corner | https://www.inprocorp.com/products/1800-wall-guards-1802-wall-protection,accessory,,,USD,EA
Inpro,INPRO-1802FV,Crash Rail,10 26 00,Inpro 1800 Wall Guards 1802FV | https://www.inprocorp.com/products/1800-wall-guards-1802fv-wall-protection,,,,USD,EA
Inpro,INPRO-1803,Crash Rail,10 26 00,Inpro 1800 Wall Guards 1803 | Panel size: inside corner | https://www.inprocorp.com/products/1800-wall-guards-1803-wall-protection,accessory,,,USD,EA
Inpro,INPRO-1803FV,Crash Rail,10 26 00,Inpro 1800 Wall Guards 1803FV | https://www.inprocorp.com/products/1800-wall-guards-1803fv-wall-protection,,,,USD,EA
Inpro,INPRO-1803M,Crash Rail,10 26 00,Inpro 1800 Wall Guards 1803M | https://www.inprocorp.com/products/1800-wall-guards-1803m-wall-protection,,,,USD,EA
Inpro,INPRO-1806I,Crash Rail,10 26 00,Inpro 1800 Wall Guards 1806I | https://www.inprocorp.com/products/1800-wall-guards-1806i-wall-protection,,,,USD,EA
Inpro,INPRO-200,Crash Rail,10 26 00,"Inpro Wall Guard Crash Rail 200 | Thickness: .080"" cover | Panel size: 1-1/8 in x 12 ft | https://www.inprocorp.com/products/200-wall-guard-crash-rail-200-wall-protection",continuous aluminum retainer,,,USD,EA
Inpro,INPRO-200A,Crash Rail,10 26 00,Inpro 200 Wall Guard Crash Rail P 200A | Panel size: 1-1/8 in x 12 ft | https://www.inprocorp.com/products/200-wall-guard-crash-rail-200a-p-wall-protection,aluminum retainer,,,USD,EA
Inpro,INPRO-200V,Crash Rail,10 26 00,"Inpro 200 Wall Guard Crash Rail 200V | Thickness: .080"" | Panel size: 1-1/8 in x 12 ft | https://www.inprocorp.com/products/200-wall-guard-crash-rail-200v-wall-protection",vinyl cover,,,USD,EA
Inpro,INPRO-201,Crash Rail,10 26 00,Inpro 200 Wall Guard Crash Rail 201 | Panel size: end cap | https://www.inprocorp.com/products/200-wall-guard-crash-rail-201-wall-protection,accessory,,,USD,EA
Inpro,INPRO-202,Crash Rail,10 26 00,Inpro 200 Wall Guard Crash Rail 202 | Panel size: outside corner | https://www.inprocorp.com/products/200-wall-guard-crash-rail-202-wall-protection,accessory,,,USD,EA
Inpro,INPRO-202135,Crash Rail,10 26 00,Inpro 200 Wall Guard Crash Rail 202135 | Panel size: outside corner 135° | https://www.inprocorp.com/products/200-wall-guard-crash-rail-202135-wall-protection,accessory,,,USD,EA
Inpro,INPRO-207,Crash Rail,10 26 00,Inpro 200 Wall Guard Crash Rail 207 | Panel size: inside corner | https://www.inprocorp.com/products/200-wall-guard-crash-rail-207-wall-protection,accessory,,,USD,EA
Inpro,INPRO-21SS,Crash Rail,10 26 00,Inpro Stainless Steel Bumper1 21SS | https://www.inprocorp.com/products/21ss-stainless-steel-bumper1-wall-protection,,,,USD,EA
Inpro,INPRO-400,Crash Rail,10 26 00,Inpro Wall Guard Wall Guard 400 | https://www.inprocorp.com/products/400-wall-guard-400-wall-guard-wall-protection,,,,USD,EA
Inpro,INPRO-500,Crash Rail,10 26 00,"Inpro Wall Guard 500 | Thickness: .080"" cover | Panel size: 3 in x 12 ft | https://www.inprocorp.com/products/500-wall-guard-500-wall-protection",continuous aluminum retainer,,,USD,EA
Inpro,INPRO-5000,Crash Rail,10 26 00,"Inpro Wall Guard 5000 | Thickness: .080"" cover | Panel size: 4 in x 12 ft | https://www.inprocorp.com/products/5000-wall-guard-5000-wall-protection",continuous aluminum retainer,,,USD,EA
Inpro,INPRO-5000A,Crash Rail,10 26 00,Inpro 5000 Wall Guard 5000A | https://www.inprocorp.com/products/5000-wall-guard-5000a-wall-protection,,,,USD,EA
Inpro,INPRO-5000I,Crash Rail,10 26 00,"Inpro 5000 Wall Guard 5000I | Thickness: .080"" cover | Panel size: 4 in x 12 ft | https://www.inprocorp.com/products/5000-wall-guard-5000i-wall-protection",abbreviated/Infinity retainer,,,USD,EA
Inpro,INPRO-5000V,Crash Rail,10 26 00,"Inpro 5000 Wall Guard 5000V | Thickness: .080"" | Panel size: 12 ft x 4 in | https://www.inprocorp.com/products/5000-wall-guard-5000v-wall-protection",vinyl cover,,,USD,EA
Inpro,INPRO-5001,Crash Rail,10 26 00,Inpro 5000 Wall Guard 5001 | Panel size: end cap | https://www.inprocorp.com/products/5000-wall-guard-5001-wall-protection,accessory,,,USD,EA
Inpro,INPRO-5002,Crash Rail,10 26 00,Inpro 5000 Wall Guard 5002 | Panel size: outside corner | https://www.inprocorp.com/products/5000-wall-guard-5002-wall-protection,accessory,,,USD,EA
Inpro,INPRO-5007,Crash Rail,10 26 00,Inpro 5000 Wall Guard 5007 | Panel size: inside corner | https://www.inprocorp.com/products/5000-wall-guard-5007-wall-protection,accessory,,,USD,EA
Inpro,INPRO-500A,Crash Rail,10 26 00,Inpro 500 Wall Guard P 500A | https://www.inprocorp.com/products/500-wall-guard-500a-p-wall-protection,,,,USD,EA
Inpro,INPRO-500V,Crash Rail,10 26 00,"Inpro 500 Wall Guard 500V | Thickness: .080"" | Panel size: 12 ft x 3 in | https://www.inprocorp.com/products/500-wall-guard-500v-wall-protection",vinyl cover,,,USD,EA
Inpro,INPRO-501,Crash Rail,10 26 00,Optional rubber spacer for added wall clearance | Thickness: 1/2 in | Panel size: 1/2 in x 2 in rubber spacer | https://www.inprocorp.com/products/500-wall-guard-501-wall-protection,spacer,,,USD,EA
Inpro,INPRO-502,Crash Rail,10 26 00,Inpro 500 Wall Guard 502 | Panel size: end cap | https://www.inprocorp.com/products/500-wall-guard-502-wall-protection,accessory,,,USD,EA
Inpro,INPRO-503,Crash Rail,10 26 00,Inpro 500 Wall Guard 503 | Panel size: outside corner | https://www.inprocorp.com/products/500-wall-guard-503-wall-protection,accessory,,,USD,EA
Inpro,INPRO-507,Crash Rail,10 26 00,Inpro 500 Wall Guard 507 | Panel size: inside corner | https://www.inprocorp.com/products/500-wall-guard-507-wall-protection,accessory,,,USD,EA
Inpro,INPRO-700,Crash Rail,10 26 00,Inpro Wall Guard 700 | https://www.inprocorp.com/products/700-wall-guard-700-wall-protection,,,,USD,EA
Inpro,INPRO-700A,Crash Rail,10 26 00,Inpro 700 Wall Guard P 700A | https://www.inprocorp.com/products/700-wall-guard-700a-p-wall-protection,,,,USD,EA
Inpro,INPRO-700AI,Crash Rail,10 26 00,Inpro 700 Wall Guard P 700AI | https://www.inprocorp.com/products/700-wall-guard-700ai-p-wall-protection,,,,USD,EA
Inpro,INPRO-700B,Crash Rail,10 26 00,Inpro 700 Wall Guard 700B | https://www.inprocorp.com/products/700-wall-guard-700b-wall-protection,,,,USD,EA
Inpro,INPRO-700FV,Crash Rail,10 26 00,Inpro 700 Wall Guard 700FV | https://www.inprocorp.com/products/700-wall-guard-700fv-wall-protection,,,,USD,EA
Inpro,INPRO-700FVV,Crash Rail,10 26 00,Inpro 700 Wall Guard 700FVV | https://www.inprocorp.com/products/700-wall-guard-700fvv-wall-protection,,,,USD,EA
Inpro,INPRO-700I,Crash Rail,10 26 00,Inpro 700 Wall Guard 700I | https://www.inprocorp.com/products/700-wall-guard-700i-wall-protection,,,,USD,EA
Inpro,INPRO-700IFV,Crash Rail,10 26 00,Inpro 700 Wall Guard 700IFV | https://www.inprocorp.com/products/700-wall-guard-700ifv-wall-protection,,,,USD,EA
Inpro,INPRO-700M,Crash Rail,10 26 00,Inpro 700 Wall Guard 700M | https://www.inprocorp.com/products/700-wall-guard-700m-wall-protection,,,,USD,EA
Inpro,INPRO-700V,Crash Rail,10 26 00,Inpro 700 Wall Guard 700V | https://www.inprocorp.com/products/700-wall-guard-700v-wall-protection,,,,USD,EA
Inpro,INPRO-700VM,Crash Rail,10 26 00,Inpro 700 Wall Guard 700VM | https://www.inprocorp.com/products/700-wall-guard-700vm-wall-protection,,,,USD,EA
Inpro,INPRO-701,Crash Rail,10 26 00,Inpro 700 Wall Guard 701 | https://www.inprocorp.com/products/700-wall-guard-701-wall-protection,,,,USD,EA
Inpro,INPRO-701FV,Crash Rail,10 26 00,Inpro 700 Wall Guard 701FV | https://www.inprocorp.com/products/700-wall-guard-701fv-wall-protection,,,,USD,EA
Inpro,INPRO-701M,Crash Rail,10 26 00,Inpro 700 Wall Guard 701M | https://www.inprocorp.com/products/700-wall-guard-701m-wall-protection,,,,USD,EA
Inpro,INPRO-702,Crash Rail,10 26 00,Inpro 700 Wall Guard 702 | https://www.inprocorp.com/products/700-wall-guard-702-wall-protection,,,,USD,EA
Inpro,INPRO-702FV,Crash Rail,10 26 00,Inpro 700 Wall Guard 702FV | https://www.inprocorp.com/products/700-wall-guard-702fv-wall-protection,,,,USD,EA
Inpro,INPRO-702M,Crash Rail,10 26 00,Inpro 700 Wall Guard 702M | https://www.inprocorp.com/products/700-wall-guard-702m-wall-protection,,,,USD,EA
Inpro,INPRO-706A,Crash Rail,10 26 00,Inpro 700 Wall Guard 706A | Panel size: aluminum splice | https://www.inprocorp.com/products/700-wall-guard-706a-wall-protection,accessory,,,USD,EA
Inpro,INPRO-707,Crash Rail,10 26 00,Inpro 700 Wall Guard 707 | https://www.inprocorp.com/products/700-wall-guard-707-wall-protection,,,,USD,EA
Inpro,INPRO-707M,Crash Rail,10 26 00,Inpro 700 Wall Guard 707M | https://www.inprocorp.com/products/700-wall-guard-707m-wall-protection,,,,USD,EA
Inpro,INPRO-83,Crash Rail,10 26 00,Inpro Clear Wall Guards 83 | https://www.inprocorp.com/products/clear-wall-guards-83-wall-protection,,,,USD,EA
Inpro,INPRO-84,Crash Rail,10 26 00,Inpro Clear Wall Guards 84 | https://www.inprocorp.com/products/clear-wall-guards-84-wall-protection,,,,USD,EA
Inpro,INPRO-415,Door Edge Protector,08 14 00,Inpro Palladium Door Edge Protector 415 | https://www.inprocorp.com/products/palladium-door-edge-protector-415-door-protection,,,,USD,EA
Inpro,INPRO-41596,Door Edge Protector,08 14 00,Inpro Palladium Door Edge Protector 41596 | https://www.inprocorp.com/products/palladium-door-edge-protector-41596-door-protection,,,,USD,EA
Inpro,INPRO-41596FV,Door Edge Protector,08 14 00,Inpro Palladium Door Edge Protector 41596FV | https://www.inprocorp.com/products/palladium-door-edge-protector-41596fv-door-protection,,,,USD,EA
Inpro,INPRO-41596N,Door Edge Protector,08 14 00,Inpro Palladium Door Edge Protector 41596N | https://www.inprocorp.com/products/palladium-door-edge-protector-41596n-door-protection,,,,USD,EA
Inpro,INPRO-41596NFV,Door Edge Protector,08 14 00,Inpro Palladium Door Edge Protector 41596NFV | https://www.inprocorp.com/products/palladium-door-edge-protector-41596nfv-door-protection,,,,USD,EA
Inpro,INPRO-415FV,Door Edge Protector,08 14 00,Inpro Palladium Door Edge Protector 415FV | https://www.inprocorp.com/products/palladium-door-edge-protector-415fv-door-protection,,,,USD,EA
Inpro,INPRO-415N,Door Edge Protector,08 14 00,Inpro Palladium Door Edge Protector 415N | https://www.inprocorp.com/products/palladium-door-edge-protector-415n-door-protection,,,,USD,EA
Inpro,INPRO-415NFV,Door Edge Protector,08 14 00,Inpro Palladium Door Edge Protector 415NFV | https://www.inprocorp.com/products/palladium-door-edge-protector-415nfv-door-protection,,,,USD,EA
Inpro,INPRO-41696TC,Door Edge Protector,08 14 00,Inpro Palladium Door Edge Protector 41696TC | https://www.inprocorp.com/products/palladium-door-edge-protector-41696tc-door-protection,,,,USD,EA
Inpro,INPRO-41696TS,Door Edge Protector,08 14 00,Inpro Palladium Door Edge Protector 41696TS | https://www.inprocorp.com/products/palladium-door-edge-protector-41696ts-door-protection,,,,USD,EA
Inpro,INPRO-416TC,Door Edge Protector,08 14 00,Inpro Palladium Door Edge Protector 416TC | https://www.inprocorp.com/products/palladium-door-edge-protector-416tc-door-protection,,,,USD,EA
Inpro,INPRO-416TS,Door Edge Protector,08 14 00,Inpro Palladium Door Edge Protector 416TS | https://www.inprocorp.com/products/palladium-door-edge-protector-416ts-door-protection,,,,USD,EA
Inpro,INPRO-STAINLESSSTEELDOOREDGEPROTECTOR,Door Edge Protector,08 14 00,Inpro Stainless Steel Door Edge Protector STAINLESSSTEELDOOREDGEPROTECTOR | https://www.inprocorp.com/products/stainless-steel-door-edge-protector-door-protection,,,,USD,EA
Inpro,INPRO-1701,Door Frame Guard,08 14 00,Inpro 1700 High Impact Door Frame Guard 1701 | Panel size: bullnose dust cap | https://www.inprocorp.com/products/1700-high-impact-door-frame-guard-1701-door-protection,accessory,,,USD,EA
Inpro,INPRO-1736,Door Frame Guard,08 14 00,"Inpro 1700 High Impact Door Frame Guard 1736 | Thickness: .080"" cover | Panel size: 3 in x 3 in x 3 ft | https://www.inprocorp.com/products/1700-high-impact-door-frame-guard-1736-door-protection",continuous aluminum retainer,,,USD,EA
Inpro,INPRO-1748,Door Frame Guard,08 14 00,"Inpro 1700 High Impact Door Frame Guard 1748 | Thickness: .080"" cover | Panel size: 3 in x 3 in x 4 ft | https://www.inprocorp.com/products/1700-high-impact-door-frame-guard-1748-door-protection",continuous aluminum retainer,,,USD,EA
Inpro,INPRO-1796,Door Frame Guard,08 14 00,"Inpro 1700 High Impact Door Frame Guard 1796 | Thickness: .080"" cover | Panel size: 3 in x 3 in x 8 ft | https://www.inprocorp.com/products/1700-high-impact-door-frame-guard-1796-door-protection",continuous aluminum retainer,,,USD,EA
Inpro,INPRO-36IN,Door Frame Guard,08 14 00,Inpro 1700 High Impact Door Frame Guard Cfdf 1700 Rigi 3in 3in 36IN | https://www.inprocorp.com/products/1700-high-impact-door-frame-guard-cfdf-1700-rigi-3in-3in-36in-door-protection,,,,USD,EA
Inpro,INPRO-48IN,Door Frame Guard,08 14 00,Inpro 1700 High Impact Door Frame Guard Cfdf 1700 Rigi 3in 3in 48IN | https://www.inprocorp.com/products/1700-high-impact-door-frame-guard-cfdf-1700-rigi-3in-3in-48in-door-protection,,,,USD,EA
Inpro,INPRO-96IN,Door Frame Guard,08 14 00,Inpro 1700 High Impact Door Frame Guard Cfdf 1700 Rigi 3in 3in 96IN | https://www.inprocorp.com/products/1700-high-impact-door-frame-guard-cfdf-1700-rigi-3in-3in-96in-door-protection,,,,USD,EA
Inpro,INPRO-PALLADIUMDOORS,Door Protection,08 14 00,Inpro Palladium Doors PALLADIUMDOORS | https://www.inprocorp.com/products/palladium-doors-door-protection,,,,USD,EA
Inpro,INPRO-140D,End Wall Protector,10 26 00,Inpro Flush Mount End Wall Protector 140D | https://www.inprocorp.com/products/140d-flush-mount-end-wall-protector-wall-protection,Flush Mount,,,USD,EA
Inpro,INPRO-160D,End Wall Protector,10 26 00,Inpro High Impact End Wall Protector 160D | https://www.inprocorp.com/products/160d-high-impact-end-wall-protector-wall-protection,,,,USD,EA
Inpro,INPRO-STAINLESSSTEELFLUSHMOUNTENDWALLPROTECTOR,End Wall Protector,10 26 00,Inpro Stainless Steel Flush Mount End Wall Protector STAINLESSSTEELFLUSHMOUNTENDWALLPROTECTOR | https://www.inprocorp.com/products/stainless-steel-flush-mount-end-wall-protector-wall-protection,Flush Mount,,,USD,EA
Inpro,INPRO-SURFACEMOUNTSTAINLESSSTEELENDWALLPROTECT,End Wall Protector,10 26 00,Inpro Surface Mount Stainless Steel End Wall Protectors SURFACEMOUNTSTAINLESSSTEELENDWALLPROTECT | https://www.inprocorp.com/products/surface-mount-stainless-steel-end-wall-protectors-wall-protection,Surface Mount,,,USD,EA
Inpro,INPRO-1000,Handrail,10 26 00,Inpro Series Handrail 1000 | https://www.inprocorp.com/products/1000-series-handrail-1000-wall-protection,,,,USD,EA
Inpro,INPRO-1000A,Handrail,10 26 00,Inpro 1000 Series Handrail 1000A | https://www.inprocorp.com/products/1000-series-handrail-1000a-wall-protection,,,,USD,EA
Inpro,INPRO-1000BH,Handrail,10 26 00,Inpro Handrail 1000BH | https://www.inprocorp.com/products/1000bh-handrail-1000bh-wall-protection,,,,USD,EA
Inpro,INPRO-1000BHA,Handrail,10 26 00,Inpro 1000bh Handrail 1000BHA | https://www.inprocorp.com/products/1000bh-handrail-1000bha-wall-protection,,,,USD,EA
Inpro,INPRO-1000BHFV,Handrail,10 26 00,Inpro 1000bh Handrail 1000BHFV | https://www.inprocorp.com/products/1000bh-handrail-1000bhfv-wall-protection,,,,USD,EA
Inpro,INPRO-1000BHM,Handrail,10 26 00,Inpro 1000bh Handrail 1000BHM | https://www.inprocorp.com/products/1000bh-handrail-1000bhm-wall-protection,,,,USD,EA
Inpro,INPRO-1000FV,Handrail,10 26 00,Inpro 1000 Series Handrail 1000FV | https://www.inprocorp.com/products/1000-series-handrail-1000fv-wall-protection,,,,USD,EA
Inpro,INPRO-1000FVV,Handrail,10 26 00,Inpro 1000 Series Handrail 1000FVV | https://www.inprocorp.com/products/1000-series-handrail-1000fvv-wall-protection,,,,USD,EA
Inpro,INPRO-1000M,Handrail,10 26 00,Inpro 1000 Series Handrail 1000M | https://www.inprocorp.com/products/1000-series-handrail-1000m-wall-protection,,,,USD,EA
Inpro,INPRO-1000V,Handrail,10 26 00,Inpro 1000 Series Handrail 1000V | https://www.inprocorp.com/products/1000-series-handrail-1000v-wall-protection,,,,USD,EA
Inpro,INPRO-1000VM,Handrail,10 26 00,Inpro 1000bh Handrail 1000VM | https://www.inprocorp.com/products/1000bh-handrail-1000vm-wall-protection,,,,USD,EA
Inpro,INPRO-1001,Handrail,10 26 00,Inpro 1000 Series Handrail 1001 | https://www.inprocorp.com/products/1000-series-handrail-1001-wall-protection,,,,USD,EA
Inpro,INPRO-1001M,Handrail,10 26 00,Inpro 800 Handrail 1001M | https://www.inprocorp.com/products/800-handrail-1001m-wall-protection,,,,USD,EA
Inpro,INPRO-1002,Handrail,10 26 00,Inpro 1000 Series Handrail 1002 | https://www.inprocorp.com/products/1000-series-handrail-1002-wall-protection,,,,USD,EA
Inpro,INPRO-1002BH,Handrail,10 26 00,Inpro 1000bh Handrail 1002BH | https://www.inprocorp.com/products/1000bh-handrail-1002bh-wall-protection,,,,USD,EA
Inpro,INPRO-1002BHFV,Handrail,10 26 00,Inpro 1000bh Handrail 1002BHFV | https://www.inprocorp.com/products/1000bh-handrail-1002bhfv-wall-protection,,,,USD,EA
Inpro,INPRO-1002BHM,Handrail,10 26 00,Inpro 1000bh Handrail 1002BHM | https://www.inprocorp.com/products/1000bh-handrail-1002bhm-wall-protection,,,,USD,EA
Inpro,INPRO-1002FV,Handrail,10 26 00,Inpro 1000 Series Handrail 1002FV | https://www.inprocorp.com/products/1000-series-handrail-1002fv-wall-protection,,,,USD,EA
Inpro,INPRO-1002M,Handrail,10 26 00,Inpro 1000 Series Handrail 1002M | https://www.inprocorp.com/products/1000-series-handrail-1002m-wall-protection,,,,USD,EA
Inpro,INPRO-1003,Handrail,10 26 00,Inpro 1000 Series Handrail 1003 | https://www.inprocorp.com/products/1000-series-handrail-1003-wall-protection,,,,USD,EA
Inpro,INPRO-1003BH,Handrail,10 26 00,Inpro 1000bh Handrail 1003BH | https://www.inprocorp.com/products/1000bh-handrail-1003bh-wall-protection,,,,USD,EA
Inpro,INPRO-1003BHFV,Handrail,10 26 00,Inpro 1000bh Handrail 1003BHFV | https://www.inprocorp.com/products/1000bh-handrail-1003bhfv-wall-protection,,,,USD,EA
Inpro,INPRO-1003BHM,Handrail,10 26 00,Inpro 1000bh Handrail 1003BHM | https://www.inprocorp.com/products/1000bh-handrail-1003bhm-wall-protection,,,,USD,EA
Inpro,INPRO-1003FV,Handrail,10 26 00,Inpro 1000 Series Handrail 1003FV | https://www.inprocorp.com/products/1000-series-handrail-1003fv-wall-protection,,,,USD,EA
Inpro,INPRO-1003M,Handrail,10 26 00,Inpro 1000 Series Handrail 1003M | https://www.inprocorp.com/products/1000-series-handrail-1003m-wall-protection,,,,USD,EA
Inpro,INPRO-1004,Handrail,10 26 00,Inpro 1000 Series Handrail 1004 | https://www.inprocorp.com/products/1000-series-handrail-1004-wall-protection,,,,USD,EA
Inpro,INPRO-1004FV,Handrail,10 26 00,Inpro 1000 Series Handrail 1004FV | https://www.inprocorp.com/products/1000-series-handrail-1004fv-wall-protection,,,,USD,EA
Inpro,INPRO-1004M,Handrail,10 26 00,Inpro 1000 Series Handrail 1004M | https://www.inprocorp.com/products/1000-series-handrail-1004m-wall-protection,,,,USD,EA
Inpro,INPRO-1005,Handrail,10 26 00,Inpro 1000 Series Handrail 1005 | https://www.inprocorp.com/products/1000-series-handrail-1005-wall-protection,,,,USD,EA
Inpro,INPRO-1005FV,Handrail,10 26 00,Inpro 1000 Series Handrail 1005FV | https://www.inprocorp.com/products/1000-series-handrail-1005fv-wall-protection,,,,USD,EA
Inpro,INPRO-1005M,Handrail,10 26 00,Inpro 1000 Series Handrail 1005M | https://www.inprocorp.com/products/1000-series-handrail-1005m-wall-protection,,,,USD,EA
Inpro,INPRO-1200,Handrail,10 26 00,Inpro Series Handrail 1200 | https://www.inprocorp.com/products/1200-series-handrail-1200-wall-protection,,,,USD,EA
Inpro,INPRO-1200A,Handrail,10 26 00,Inpro 1200 Series Handrail 1200A | https://www.inprocorp.com/products/1200-series-handrail-1200a-wall-protection,,,,USD,EA
Inpro,INPRO-1200V,Handrail,10 26 00,Inpro 1200 Series Handrail 1200V | https://www.inprocorp.com/products/1200-series-handrail-1200v-wall-protection,,,,USD,EA
Inpro,INPRO-1202,Handrail,10 26 00,Inpro 1200 Series Handrail 1202 | https://www.inprocorp.com/products/1200-series-handrail-1202-wall-protection,,,,USD,EA
Inpro,INPRO-1203,Handrail,10 26 00,Inpro 1200 Series Handrail 1203 | https://www.inprocorp.com/products/1200-series-handrail-1203-wall-protection,,,,USD,EA
Inpro,INPRO-1204,Handrail,10 26 00,Inpro 1200 Series Handrail 1204 | https://www.inprocorp.com/products/1200-series-handrail-1204-wall-protection,,,,USD,EA
Inpro,INPRO-1204135,Handrail,10 26 00,Inpro 1200 Series Handrail 1204135 | https://www.inprocorp.com/products/1200-series-handrail-1204135-wall-protection,,,,USD,EA
Inpro,INPRO-1205,Handrail,10 26 00,Inpro 1200 Series Handrail 1205 | https://www.inprocorp.com/products/1200-series-handrail-1205-wall-protection,,,,USD,EA
Inpro,INPRO-1205135,Handrail,10 26 00,Inpro 1200 Series Handrail 1205135 | https://www.inprocorp.com/products/1200-series-handrail-1205135-wall-protection,,,,USD,EA
Inpro,INPRO-2000,Handrail,10 26 00,"Flat ergonomic handrail | Thickness: .080"" cover | Panel size: 12 ft x 1-1/4 in | https://www.inprocorp.com/products/2000-handrail-2000-wall-protection",aluminum retainer,,,USD,EA
Inpro,INPRO-2000A,Handrail,10 26 00,Inpro 2000 Handrail 2000A | Panel size: 12 ft x 1-1/4 in | https://www.inprocorp.com/products/2000-handrail-2000a-wall-protection,aluminum retainer,,,USD,EA
Inpro,INPRO-2000FV,Handrail,10 26 00,Inpro 2000 Handrail 2000FV | https://www.inprocorp.com/products/2000-handrail-2000fv-wall-protection,,,,USD,EA
Inpro,INPRO-2000V,Handrail,10 26 00,"Inpro 2000 Handrail 2000V | Thickness: .080"" | Panel size: 12 ft x 1-1/4 in | https://www.inprocorp.com/products/2000-handrail-2000v-wall-protection",vinyl cover,,,USD,EA
Inpro,INPRO-2001,Handrail,10 26 00,Inpro 2000 Handrail 2001 | Panel size: mounting bracket | https://www.inprocorp.com/products/2000-handrail-2001-wall-protection,bracket,,,USD,EA
Inpro,INPRO-2001FV,Handrail,10 26 00,Inpro 2000 Handrail 2001FV | https://www.inprocorp.com/products/2000-handrail-2001fv-wall-protection,,,,USD,EA
Inpro,INPRO-2001SS,Handrail,10 26 00,Inpro 2000 Handrail 2001SS | Panel size: stainless steel bracket | https://www.inprocorp.com/products/2000-handrail-2001ss-wall-protection,bracket,,,USD,EA
Inpro,INPRO-2002,Handrail,10 26 00,Inpro 2000 Handrail 2002 | Panel size: left return | https://www.inprocorp.com/products/2000-handrail-2002-wall-protection,return,,,USD,EA
Inpro,INPRO-2002FV,Handrail,10 26 00,Inpro 2000 Handrail 2002FV | https://www.inprocorp.com/products/2000-handrail-2002fv-wall-protection,,,,USD,EA
Inpro,INPRO-2003,Handrail,10 26 00,Inpro 2000 Handrail 2003 | Panel size: right return | https://www.inprocorp.com/products/2000-handrail-2003-wall-protection,return,,,USD,EA
Inpro,INPRO-2003FV,Handrail,10 26 00,Inpro 2000 Handrail 2003FV | https://www.inprocorp.com/products/2000-handrail-2003fv-wall-protection,,,,USD,EA
Inpro,INPRO-2004,Handrail,10 26 00,Inpro 2000 Handrail 2004 | Panel size: inside/outside corner | https://www.inprocorp.com/products/2000-handrail-2004-wall-protection,corner accessory,,,USD,EA
Inpro,INPRO-2004FV,Handrail,10 26 00,Inpro 2000 Handrail 2004FV | https://www.inprocorp.com/products/2000-handrail-2004fv-wall-protection,,,,USD,EA
Inpro,INPRO-3100,Handrail,10 26 00,Inpro Series Handrail Solidwood 3100 | https://www.inprocorp.com/products/3100-series-handrail-3100solidwood-wall-protection,,,,USD,EA
Inpro,INPRO-3500,Handrail,10 26 00,Inpro Handrail Metal Stainless Steel1 3500 | https://www.inprocorp.com/products/3500-handrail-metal-stainless-steel1-wall-protection,,,,USD,EA
Inpro,INPRO-800,Handrail,10 26 00,Inpro Handrail 800 | https://www.inprocorp.com/products/800-handrail-800-wall-protection,,,,USD,EA
Inpro,INPRO-800A,Handrail,10 26 00,Inpro 800 Handrail 800A | https://www.inprocorp.com/products/800-handrail-800a-wall-protection,,,,USD,EA
Inpro,INPRO-800FV,Handrail,10 26 00,Inpro 800 Handrail 800FV | https://www.inprocorp.com/products/800-handrail-800fv-wall-protection,,,,USD,EA
Inpro,INPRO-800FVV,Handrail,10 26 00,Inpro 800 Handrail 800FVV | https://www.inprocorp.com/products/800-handrail-800fvv-wall-protection,,,,USD,EA
Inpro,INPRO-800M,Handrail,10 26 00,Inpro 800 Handrail 800M | https://www.inprocorp.com/products/800-handrail-800m-wall-protection,,,,USD,EA
Inpro,INPRO-800MV,Handrail,10 26 00,Inpro 800 Handrail 800MV | https://www.inprocorp.com/products/800-handrail-800mv-wall-protection,,,,USD,EA
Inpro,INPRO-800V,Handrail,10 26 00,Inpro 800 Handrail 800V | https://www.inprocorp.com/products/800-handrail-800v-wall-protection,,,,USD,EA
Inpro,INPRO-802,Handrail,10 26 00,Inpro 800 Handrail 802 | https://www.inprocorp.com/products/800-handrail-802-wall-protection,,,,USD,EA
Inpro,INPRO-802FV,Handrail,10 26 00,Inpro 800 Handrail 802FV | https://www.inprocorp.com/products/800-handrail-802fv-wall-protection,,,,USD,EA
Inpro,INPRO-802M,Handrail,10 26 00,Inpro 800 Handrail 802M | https://www.inprocorp.com/products/800-handrail-802m-wall-protection,,,,USD,EA
Inpro,INPRO-803,Handrail,10 26 00,Inpro 800 Handrail 803 | https://www.inprocorp.com/products/800-handrail-803-wall-protection,,,,USD,EA
Inpro,INPRO-803135,Handrail,10 26 00,Inpro 800 Handrail 803135 | https://www.inprocorp.com/products/800-handrail-803135-wall-protection,,,,USD,EA
Inpro,INPRO-803135FV,Handrail,10 26 00,Inpro 800 Handrail 803135FV | https://www.inprocorp.com/products/800-handrail-803135fv-wall-protection,,,,USD,EA
Inpro,INPRO-803FV,Handrail,10 26 00,Inpro 800 Handrail 803FV | https://www.inprocorp.com/products/800-handrail-803fv-wall-protection,,,,USD,EA
Inpro,INPRO-803M,Handrail,10 26 00,Inpro 800 Handrail 803M | https://www.inprocorp.com/products/800-handrail-803m-wall-protection,,,,USD,EA
Inpro,INPRO-804,Handrail,10 26 00,Inpro 1200 Series Handrail 804 | https://www.inprocorp.com/products/1200-series-handrail-804-wall-protection,,,,USD,EA
Inpro,INPRO-805,Handrail,10 26 00,Inpro 800 Handrail 805 | https://www.inprocorp.com/products/800-handrail-805-wall-protection,,,,USD,EA
Inpro,INPRO-805135,Handrail,10 26 00,Inpro 800 Handrail 805135 | https://www.inprocorp.com/products/800-handrail-805135-wall-protection,,,,USD,EA
Inpro,INPRO-805135FV,Handrail,10 26 00,Inpro 800 Handrail 805135FV | https://www.inprocorp.com/products/800-handrail-805135fv-wall-protection,,,,USD,EA
Inpro,INPRO-805FV,Handrail,10 26 00,Inpro 800 Handrail 805FV | https://www.inprocorp.com/products/800-handrail-805fv-wall-protection,,,,USD,EA
Inpro,INPRO-805M,Handrail,10 26 00,Inpro 800 Handrail 805M | https://www.inprocorp.com/products/800-handrail-805m-wall-protection,,,,USD,EA
Inpro,INPRO-900,Handrail,10 26 00,Inpro M Series Handrail M 900 | https://www.inprocorp.com/products/900m-series-handrail-900-m-wall-protection,,,,USD,EA
Inpro,INPRO-906,Handrail,10 26 00,Inpro 2000 Handrail 906 | Panel size: splice assembly | https://www.inprocorp.com/products/2000-handrail-906-wall-protection,splice,,,USD,EA
Inpro,INPRO-908,Handrail,10 26 00,Inpro 900 Series Handrail 908 | https://www.inprocorp.com/products/900-series-handrail-908-wall-protection,,,,USD,EA
Inpro,INPRO-908FV,Handrail,10 26 00,Inpro 900 Series Handrail 908FV | https://www.inprocorp.com/products/900-series-handrail-908fv-wall-protection,,,,USD,EA
Inpro,INPRO-908M,Handrail,10 26 00,Inpro 900 Series Handrail 908M | https://www.inprocorp.com/products/900-series-handrail-908m-wall-protection,,,,USD,EA
Inpro,INPRO-909SS,Handrail,10 26 00,Inpro 900 Series Handrail 909SS | https://www.inprocorp.com/products/900-series-handrail-909ss-wall-protection,,,,USD,EA
Inpro,INPRO-910,Handrail,10 26 00,Inpro 900 Series Handrail Spl 910 | https://www.inprocorp.com/products/900-series-handrail-910-spl-wall-protection,,,,USD,EA
Inpro,INPRO-910A,Handrail,10 26 00,Inpro 900 Series Handrail 910A | https://www.inprocorp.com/products/900-series-handrail-910a-wall-protection,,,,USD,EA
Inpro,INPRO-910FV,Handrail,10 26 00,Inpro 900 Series Handrail 910FV | https://www.inprocorp.com/products/900-series-handrail-910fv-wall-protection,,,,USD,EA
Inpro,INPRO-910FVV,Handrail,10 26 00,Inpro 900 Series Handrail 910FVV | https://www.inprocorp.com/products/900-series-handrail-910fvv-wall-protection,,,,USD,EA
Inpro,INPRO-910LED,Handrail,10 26 00,Inpro 910 Led Lighted Handrail 910LED | https://www.inprocorp.com/products/910-led-lighted-handrail-910led-wall-protection,,,,USD,EA
Inpro,INPRO-910M,Handrail,10 26 00,Inpro 900 Series Handrail 910M | https://www.inprocorp.com/products/900-series-handrail-910m-wall-protection,,,,USD,EA
Inpro,INPRO-910V,Handrail,10 26 00,Inpro 900 Series Handrail 910V | https://www.inprocorp.com/products/900-series-handrail-910v-wall-protection,,,,USD,EA
Inpro,INPRO-910VM,Handrail,10 26 00,Inpro 900 Series Handrail 910VM | https://www.inprocorp.com/products/900-series-handrail-910vm-wall-protection,,,,USD,EA
Inpro,INPRO-912,Handrail,10 26 00,Inpro 900 Series Handrail 912 | https://www.inprocorp.com/products/900-series-handrail-912-wall-protection,,,,USD,EA
Inpro,INPRO-912FV,Handrail,10 26 00,Inpro 900 Series Handrail 912FV | https://www.inprocorp.com/products/900-series-handrail-912fv-wall-protection,,,,USD,EA
Inpro,INPRO-912M,Handrail,10 26 00,Inpro 900 Series Handrail 912M | https://www.inprocorp.com/products/900-series-handrail-912m-wall-protection,,,,USD,EA
Inpro,INPRO-913,Handrail,10 26 00,Inpro 900 Series Handrail 913 | https://www.inprocorp.com/products/900-series-handrail-913-wall-protection,,,,USD,EA
Inpro,INPRO-913FV,Handrail,10 26 00,Inpro 900 Series Handrail 913FV | https://www.inprocorp.com/products/900-series-handrail-913fv-wall-protection,,,,USD,EA
Inpro,INPRO-913M,Handrail,10 26 00,Inpro 900 Series Handrail 913M | https://www.inprocorp.com/products/900-series-handrail-913m-wall-protection,,,,USD,EA
Inpro,INPRO-914,Handrail,10 26 00,Inpro 900 Series Handrail 914 | https://www.inprocorp.com/products/900-series-handrail-914-wall-protection,,,,USD,EA
Inpro,INPRO-914FV,Handrail,10 26 00,Inpro 900 Series Handrail 914FV | https://www.inprocorp.com/products/900-series-handrail-914fv-wall-protection,,,,USD,EA
Inpro,INPRO-914M,Handrail,10 26 00,Inpro 900 Series Handrail 914M | https://www.inprocorp.com/products/900-series-handrail-914m-wall-protection,,,,USD,EA
Inpro,INPRO-920,Handrail,10 26 00,Inpro 900 Series Handrail 920 | https://www.inprocorp.com/products/900-series-handrail-920-wall-protection,,,,USD,EA
Inpro,INPRO-920A,Handrail,10 26 00,Inpro 900 Series Handrail 920A | https://www.inprocorp.com/products/900-series-handrail-920a-wall-protection,,,,USD,EA
Inpro,INPRO-920FV,Handrail,10 26 00,Inpro 900 Series Handrail 920FV | https://www.inprocorp.com/products/900-series-handrail-920fv-wall-protection,,,,USD,EA
Inpro,INPRO-920FVV,Handrail,10 26 00,Inpro 900 Series Handrail 920FVV | https://www.inprocorp.com/products/900-series-handrail-920fvv-wall-protection,,,,USD,EA
Inpro,INPRO-920V,Handrail,10 26 00,Inpro 900 Series Handrail 920V | https://www.inprocorp.com/products/900-series-handrail-920v-wall-protection,,,,USD,EA
Inpro,INPRO-922,Handrail,10 26 00,Inpro 900 Series Handrail 922 | https://www.inprocorp.com/products/900-series-handrail-922-wall-protection,,,,USD,EA
Inpro,INPRO-922FV,Handrail,10 26 00,Inpro 900 Series Handrail 922FV | https://www.inprocorp.com/products/900-series-handrail-922fv-wall-protection,,,,USD,EA
Inpro,INPRO-923,Handrail,10 26 00,Inpro 900 Series Handrail 923 | https://www.inprocorp.com/products/900-series-handrail-923-wall-protection,,,,USD,EA
Inpro,INPRO-923FV,Handrail,10 26 00,Inpro 900 Series Handrail 923FV | https://www.inprocorp.com/products/900-series-handrail-923fv-wall-protection,,,,USD,EA
Inpro,INPRO-924,Handrail,10 26 00,Inpro 900 Series Handrail 924 | https://www.inprocorp.com/products/900-series-handrail-924-wall-protection,,,,USD,EA
Inpro,INPRO-924FV,Handrail,10 26 00,Inpro 900 Series Handrail 924FV | https://www.inprocorp.com/products/900-series-handrail-924fv-wall-protection,,,,USD,EA
Inpro,INPRO-BARIATRICHANDRAILBARIATRICPOWDERCOATEDAL,Handrail,10 26 00,Inpro Bariatric Handrail Bariatricpowdercoatedaluminum BARIATRICHANDRAILBARIATRICPOWDERCOATEDAL | https://www.inprocorp.com/products/bariatric-handrail-bariatricpowdercoatedaluminum-wall-protection,,,,USD,EA
Inpro,INPRO-28X12,Kick/Push Plate,08 14 00,Inpro Palladium Kickplate Kp4 S 28X12 | https://www.inprocorp.com/products/palladium-kickplate-kp4-s-28x12-door-protection,,,,USD,EA
Inpro,INPRO-32X12,Kick/Push Plate,08 14 00,Inpro Palladium Kickplate Kp4 S 32X12 | https://www.inprocorp.com/products/palladium-kickplate-kp4-s-32x12-door-protection,,,,USD,EA
Inpro,INPRO-34X12,Kick/Push Plate,08 14 00,Inpro Stainless Steel Kickplates Saskp C 34X12 | https://www.inprocorp.com/products/stainless-steel-kickplates-saskp-c-34x12-door-protection,,,,USD,EA
Inpro,INPRO-34X32,Kick/Push Plate,08 14 00,Inpro Stainless Steel Kickplates Saskp C 34X32 | https://www.inprocorp.com/products/stainless-steel-kickplates-saskp-c-34x32-door-protection,,,,USD,EA
Inpro,INPRO-36X12,Kick/Push Plate,08 14 00,Inpro Palladium Kickplate Kp4 S 36X12 | https://www.inprocorp.com/products/palladium-kickplate-kp4-s-36x12-door-protection,,,,USD,EA
Inpro,INPRO-36X32,Kick/Push Plate,08 14 00,Inpro Palladium Kickplate Kp4 S 36X32 | https://www.inprocorp.com/products/palladium-kickplate-kp4-s-36x32-door-protection,,,,USD,EA
Inpro,INPRO-36X36,Kick/Push Plate,08 14 00,Inpro Palladium Kickplate Kp4 S 36X36 | https://www.inprocorp.com/products/palladium-kickplate-kp4-s-36x36-door-protection,,,,USD,EA
Inpro,INPRO-36X42,Kick/Push Plate,08 14 00,Inpro Palladium Kickplate Kp4 S 36X42 | https://www.inprocorp.com/products/palladium-kickplate-kp4-s-36x42-door-protection,,,,USD,EA
Inpro,INPRO-44X12,Kick/Push Plate,08 14 00,Inpro Palladium Kickplate Kp4 S 44X12 | https://www.inprocorp.com/products/palladium-kickplate-kp4-s-44x12-door-protection,,,,USD,EA
Inpro,INPRO-44X18,Kick/Push Plate,08 14 00,Inpro Palladium Kickplate Kp6 S 44X18 | https://www.inprocorp.com/products/palladium-kickplate-kp6-s-44x18-door-protection,,,,USD,EA
Inpro,INPRO-44X24,Kick/Push Plate,08 14 00,Inpro Palladium Kickplate Kp6 S 44X24 | https://www.inprocorp.com/products/palladium-kickplate-kp6-s-44x24-door-protection,,,,USD,EA
Inpro,INPRO-44X32,Kick/Push Plate,08 14 00,Inpro Palladium Kickplate Kp4 S 44X32 | https://www.inprocorp.com/products/palladium-kickplate-kp4-s-44x32-door-protection,,,,USD,EA
Inpro,INPRO-44X36,Kick/Push Plate,08 14 00,Inpro Palladium Kickplate Kp4 S 44X36 | https://www.inprocorp.com/products/palladium-kickplate-kp4-s-44x36-door-protection,,,,USD,EA
Inpro,INPRO-48X36,Kick/Push Plate,08 14 00,Inpro Palladium Kickplate Kp4 S 48X36 | https://www.inprocorp.com/products/palladium-kickplate-kp4-s-48x36-door-protection,,,,USD,EA
Inpro,INPRO-K41,Kick/Push Plate,08 14 00,Inpro Palladium Designer Kickplates Upvc 040 1mm K41 | Thickness: .040 | https://www.inprocorp.com/products/palladium-designer-kickplates-upvc-040-1mm-k41-door-protection,,,,USD,EA
Inpro,INPRO-K41E,Kick/Push Plate,08 14 00,Inpro Palladium Designer Kickplates Upvc 040 1mm K41E | Thickness: .040 | https://www.inprocorp.com/products/palladium-designer-kickplates-upvc-040-1mm-k41e-door-protection,,,,USD,EA
Inpro,INPRO-K41FV,Kick/Push Plate,08 14 00,Inpro Palladium Designer Kickplates Upvc 040 1mm K41FV | Thickness: .040 | https://www.inprocorp.com/products/palladium-designer-kickplates-upvc-040-1mm-k41fv-door-protection,,,,USD,EA
Inpro,INPRO-K41M,Kick/Push Plate,08 14 00,Inpro Palladium Designer Kickplates Upvc 040 1mm K41M | Thickness: .040 | https://www.inprocorp.com/products/palladium-designer-kickplates-upvc-040-1mm-k41m-door-protection,,,,USD,EA
Inpro,INPRO-K42,Kick/Push Plate,08 14 00,Inpro Palladium Designer Kickplates Upvc 040 1mm K42 | Thickness: .040 | https://www.inprocorp.com/products/palladium-designer-kickplates-upvc-040-1mm-k42-door-protection,,,,USD,EA
Inpro,INPRO-K42E,Kick/Push Plate,08 14 00,Inpro Palladium Designer Kickplates Upvc 040 1mm K42E | Thickness: .040 | https://www.inprocorp.com/products/palladium-designer-kickplates-upvc-040-1mm-k42e-door-protection,,,,USD,EA
Inpro,INPRO-K42FV,Kick/Push Plate,08 14 00,Inpro Palladium Designer Kickplates Upvc 040 1mm K42FV | Thickness: .040 | https://www.inprocorp.com/products/palladium-designer-kickplates-upvc-040-1mm-k42fv-door-protection,,,,USD,EA
Inpro,INPRO-K42M,Kick/Push Plate,08 14 00,Inpro Palladium Designer Kickplates Upvc 040 1mm K42M | Thickness: .040 | https://www.inprocorp.com/products/palladium-designer-kickplates-upvc-040-1mm-k42m-door-protection,,,,USD,EA
Inpro,INPRO-K43,Kick/Push Plate,08 14 00,Inpro Palladium Designer Kickplates Upvc 040 1mm K43 | Thickness: .040 | https://www.inprocorp.com/products/palladium-designer-kickplates-upvc-040-1mm-k43-door-protection,,,,USD,EA
Inpro,INPRO-K43E,Kick/Push Plate,08 14 00,Inpro Palladium Designer Kickplates Upvc 040 1mm K43E | Thickness: .040 | https://www.inprocorp.com/products/palladium-designer-kickplates-upvc-040-1mm-k43e-door-protection,,,,USD,EA
Inpro,INPRO-K43FV,Kick/Push Plate,08 14 00,Inpro Palladium Designer Kickplates Upvc 040 1mm K43FV | Thickness: .040 | https://www.inprocorp.com/products/palladium-designer-kickplates-upvc-040-1mm-k43fv-door-protection,,,,USD,EA
Inpro,INPRO-K43M,Kick/Push Plate,08 14 00,Inpro Palladium Designer Kickplates Upvc 040 1mm K43M | Thickness: .040 | https://www.inprocorp.com/products/palladium-designer-kickplates-upvc-040-1mm-k43m-door-protection,,,,USD,EA
Inpro,INPRO-K61,Kick/Push Plate,08 14 00,Inpro Palladium Designer Kickplates Upvc 060 1 5mm K61 | Thickness: .060 | https://www.inprocorp.com/products/palladium-designer-kickplates-upvc-060-1-5mm-k61-door-protection,,,,USD,EA
Inpro,INPRO-K61E,Kick/Push Plate,08 14 00,Inpro Palladium Designer Kickplates Upvc 060 1 5mm K61E | Thickness: .060 | https://www.inprocorp.com/products/palladium-designer-kickplates-upvc-060-1-5mm-k61e-door-protection,,,,USD,EA
Inpro,INPRO-K61FV,Kick/Push Plate,08 14 00,Inpro Palladium Designer Kickplates Upvc 060 1 5mm K61FV | Thickness: .060 | https://www.inprocorp.com/products/palladium-designer-kickplates-upvc-060-1-5mm-k61fv-door-protection,,,,USD,EA
Inpro,INPRO-K61M,Kick/Push Plate,08 14 00,Inpro Palladium Designer Kickplates Upvc 060 1 5mm K61M | Thickness: .060 | https://www.inprocorp.com/products/palladium-designer-kickplates-upvc-060-1-5mm-k61m-door-protection,,,,USD,EA
Inpro,INPRO-K62,Kick/Push Plate,08 14 00,Inpro Palladium Designer Kickplates Upvc 060 1 5mm K62 | Thickness: .060 | https://www.inprocorp.com/products/palladium-designer-kickplates-upvc-060-1-5mm-k62-door-protection,,,,USD,EA
Inpro,INPRO-K62E,Kick/Push Plate,08 14 00,Inpro Palladium Designer Kickplates Upvc 060 1 5mm K62E | Thickness: .060 | https://www.inprocorp.com/products/palladium-designer-kickplates-upvc-060-1-5mm-k62e-door-protection,,,,USD,EA
Inpro,INPRO-K62FV,Kick/Push Plate,08 14 00,Inpro Palladium Designer Kickplates Upvc 060 1 5mm K62FV | Thickness: .060 | https://www.inprocorp.com/products/palladium-designer-kickplates-upvc-060-1-5mm-k62fv-door-protection,,,,USD,EA
Inpro,INPRO-K62M,Kick/Push Plate,08 14 00,Inpro Palladium Designer Kickplates Upvc 060 1 5mm K62M | Thickness: .060 | https://www.inprocorp.com/products/palladium-designer-kickplates-upvc-060-1-5mm-k62m-door-protection,,,,USD,EA
Inpro,INPRO-K63,Kick/Push Plate,08 14 00,Inpro Palladium Designer Kickplates Upvc 060 1 5mm K63 | Thickness: .060 | https://www.inprocorp.com/products/palladium-designer-kickplates-upvc-060-1-5mm-k63-door-protection,,,,USD,EA
Inpro,INPRO-K63E,Kick/Push Plate,08 14 00,Inpro Palladium Designer Kickplates Upvc 060 1 5mm K63E | Thickness: .060 | https://www.inprocorp.com/products/palladium-designer-kickplates-upvc-060-1-5mm-k63e-door-protection,,,,USD,EA
Inpro,INPRO-K63FV,Kick/Push Plate,08 14 00,Inpro Palladium Designer Kickplates Upvc 060 1 5mm K63FV | Thickness: .060 | https://www.inprocorp.com/products/palladium-designer-kickplates-upvc-060-1-5mm-k63fv-door-protection,,,,USD,EA
Inpro,INPRO-K63M,Kick/Push Plate,08 14 00,Inpro Palladium Designer Kickplates Upvc 060 1 5mm K63M | Thickness: .060 | https://www.inprocorp.com/products/palladium-designer-kickplates-upvc-060-1-5mm-k63m-door-protection,,,,USD,EA
Inpro,INPRO-STAINLESSSTEELCOLUMNCOVERSSPECIALTY,Stainless Wall Protection,10 26 00,Inpro Stainless Steel Column Covers Specialty STAINLESSSTEELCOLUMNCOVERSSPECIALTY | https://www.inprocorp.com/products/stainless-steel-column-covers-specialty-wall-cladding,,,,USD,EA
Inpro,INPRO-STAINLESSSTEELDIAMONDPLATESPECIALTY,Stainless Wall Protection,10 26 00,Inpro Stainless Steel Diamond Plate Specialty STAINLESSSTEELDIAMONDPLATESPECIALTY | https://www.inprocorp.com/products/stainless-steel-diamond-plate-specialty-wall-cladding,,,,USD,EA
Inpro,INPRO-STAINLESSSTEELPREFABRICATEDPANELSSPECIAL,Stainless Wall Protection,10 26 00,Inpro Stainless Steel Pre Fabricated Panels Specialty STAINLESSSTEELPREFABRICATEDPANELSSPECIAL | https://www.inprocorp.com/products/stainless-steel-pre-fabricated-panels-specialty-wall-cladding,,,,USD,EA
Inpro,INPRO-120-TRIM,Trim,10 26 00,Inpro Stainless Steel Trim Sas Ssct Specialty 120 | https://www.inprocorp.com/products/stainless-steel-trim-sas-ssct-120-specialty-wall-cladding,,,,USD,EA
Inpro,INPRO-535-WALLBA,Wall Base,10 26 00,Inpro Stainless Steel Wall Base Sas 535 | https://www.inprocorp.com/products/stainless-steel-wall-base-sas-535-wall-protection,,,,USD,EA
Inpro,INPRO-96,Wall Base,10 26 00,Inpro Stainless Steel Wall Base Sas Cbs4 96 | https://www.inprocorp.com/products/stainless-steel-wall-base-sas-cbs4-96-wall-protection,,,,USD,EA
Inpro,INPRO-CBS4,Wall Base,10 26 00,Inpro Stainless Steel Wall Base Sas Ic CBS4 | https://www.inprocorp.com/products/stainless-steel-wall-base-sas-cbs4-ic-wall-protection,,,,USD,EA
Inpro,INPRO-CBS6,Wall Base,10 26 00,Inpro Stainless Steel Wall Base Sas Ic CBS6 | https://www.inprocorp.com/products/stainless-steel-wall-base-sas-cbs6-ic-wall-protection,,,,USD,EA
Inpro,INPRO-CBT4,Wall Base,10 26 00,Inpro Stainless Steel Wall Base Sas Ic CBT4 | https://www.inprocorp.com/products/stainless-steel-wall-base-sas-cbt4-ic-wall-protection,,,,USD,EA
Inpro,INPRO-CBT6,Wall Base,10 26 00,Inpro Stainless Steel Wall Base Sas Ic CBT6 | https://www.inprocorp.com/products/stainless-steel-wall-base-sas-cbt6-ic-wall-protection,,,,USD,EA
Inpro,INPRO-STAINLESSSTEELWALLBASECOVERISERSANIBASES,Wall Base,10 26 00,Inpro Stainless Steel Wall Base Cove Riser Sani Base Stainless Steel Riser Base STAINLESSSTEELWALLBASECOVERISERSANIBASES | https://www.inprocorp.com/products/stainless-steel-wall-base-cove-riser-sani-base-stainless-steel-riser-base-wall-protection,,,,USD,EA
Inpro,INPRO-STAINLESSSTEELWALLBASEINTEGRATEDCOVESANI,Wall Base,10 26 00,Inpro Stainless Steel Wall Base Integrated Cove Sani Base Stainless Steel Vinyl Base STAINLESSSTEELWALLBASEINTEGRATEDCOVESANI | https://www.inprocorp.com/products/stainless-steel-wall-base-integrated-cove-sani-base-stainless-steel-vinyl-base-wall-protection,,,,USD,EA
Inpro,INPRO-STAINLESSSTEELWALLBASELONGTOESANIBASESTA,Wall Base,10 26 00,Inpro Stainless Steel Wall Base Long Toe Sani Base Stainless Steel Tile Base STAINLESSSTEELWALLBASELONGTOESANIBASESTA | https://www.inprocorp.com/products/stainless-steel-wall-base-long-toe-sani-base-stainless-steel-tile-base-wall-protection,,,,USD,EA
Inpro,INPRO-STAINLESSSTEELWALLBASEPRISMCOVESANIBASES,Wall Base,10 26 00,Inpro Stainless Steel Wall Base Prism Cove Sani Base Stainless Steel Bioprism Base STAINLESSSTEELWALLBASEPRISMCOVESANIBASES | https://www.inprocorp.com/products/stainless-steel-wall-base-prism-cove-sani-base-stainless-steel-bioprism-base-wall-protection,,,,USD,EA
Inpro,INPRO-WB4,Wall Base,10 26 00,Inpro High Impact Wall Base WB4 | https://www.inprocorp.com/products/high-impact-wall-base-wb4-wall-protection,,,,USD,EA
Inpro,INPRO-WB4IC,Wall Base,10 26 00,Inpro High Impact Wall Base WB4IC | https://www.inprocorp.com/products/high-impact-wall-base-wb4ic-wall-protection,,,,USD,EA
Inpro,INPRO-WB4LEC,Wall Base,10 26 00,Inpro High Impact Wall Base WB4LEC | https://www.inprocorp.com/products/high-impact-wall-base-wb4lec-wall-protection,,,,USD,EA
Inpro,INPRO-WB4OC,Wall Base,10 26 00,Inpro High Impact Wall Base WB4OC | https://www.inprocorp.com/products/high-impact-wall-base-wb4oc-wall-protection,,,,USD,EA
Inpro,INPRO-WB4REC,Wall Base,10 26 00,Inpro High Impact Wall Base WB4REC | https://www.inprocorp.com/products/high-impact-wall-base-wb4rec-wall-protection,,,,USD,EA
Inpro,INPRO-100,Rigid Sheet Wall Protection,10 26 00,Inpro Rolled Palladium Rigid Sheet 305 100 | https://www.inprocorp.com/products/rolled-palladium-rigid-sheet-305-100-wall-cladding,,,,USD,EA
Inpro,INPRO-118,Rigid Sheet Wall Protection,10 26 00,Inpro Rolled Palladium Rigid Sheet 4 05e 118 | https://www.inprocorp.com/products/rolled-palladium-rigid-sheet-4-05e-118-wall-cladding,,,,USD,EA
Inpro,INPRO-120-WALLCO,Rigid Sheet Wall Protection,10 26 00,Inpro Rolled Palladium Rigid Sheet 305 120 | https://www.inprocorp.com/products/rolled-palladium-rigid-sheet-305-120-wall-cladding,,,,USD,EA
Inpro,INPRO-1MM,Wall Covering,10 26 00,Inpro Ricochet Bluff Wall Covering 040 Rc Bluff 1MM | Thickness: .040 | https://www.inprocorp.com/products/ricochet-bluff-wall-covering-040-1mm-rc-bluff-wall-cladding,,,,USD,EA
Inpro,INPRO-305,Rigid Sheet Wall Protection,10 26 00,Inpro Palladium Rigid Sheet 305 .040 3x8 | Thickness: .040 | Panel size: 3x8 | https://www.inprocorp.com/products/palladium-rigid-sheet-405-wall-cladding,Adhesive,,,USD,EA
Inpro,INPRO-30510,Rigid Sheet Wall Protection,10 26 00,Inpro Palladium Rigid Sheet 30510 .040 3x10 | Thickness: .040 | Panel size: 3x10 | https://www.inprocorp.com/products/palladium-rigid-sheet-30510-wall-cladding,Adhesive,,,USD,EA
Inpro,INPRO-306,Rigid Sheet Wall Protection,10 26 00,Inpro Palladium Rigid Sheet 306 .060 3x8 | Thickness: .060 | Panel size: 3x8 | https://www.inprocorp.com/products/palladium-rigid-sheet-306-wall-cladding,Adhesive,,,USD,EA
Inpro,INPRO-30610,Rigid Sheet Wall Protection,10 26 00,Inpro Palladium Rigid Sheet 30610 .060 3x10 | Thickness: .060 | Panel size: 3x10 | https://www.inprocorp.com/products/palladium-rigid-sheet-30610-wall-cladding,Adhesive,,,USD,EA
Inpro,INPRO-403,Rigid Sheet Wall Protection,10 26 00,Inpro Palladium Rigid Sheet 403 .030 4x8 | Thickness: .030 | Panel size: 4x8 | https://www.inprocorp.com/products/palladium-rigid-sheet-405-wall-cladding,Adhesive,,,USD,EA
Inpro,INPRO-40310,Rigid Sheet Wall Protection,10 26 00,Inpro Palladium Rigid Sheet 40310 .030 4x10 | Thickness: .030 | Panel size: 4x10 | https://www.inprocorp.com/products/palladium-rigid-sheet-405-wall-cladding,Adhesive,,,USD,EA
Inpro,INPRO-405,Rigid Sheet Wall Protection,10 26 00,Inpro Palladium Rigid Sheet 405 .040 4x8 | Thickness: .040 | Panel size: 4x8 | https://www.inprocorp.com/products/palladium-rigid-sheet-405-wall-cladding,Adhesive,,,USD,EA
Inpro,INPRO-40510,Rigid Sheet Wall Protection,10 26 00,Inpro Palladium Rigid Sheet 40510 .040 4x10 | Thickness: .040 | Panel size: 4x10 | https://www.inprocorp.com/products/palladium-rigid-sheet-40510-wall-cladding,Adhesive,,,USD,EA
Inpro,INPRO-40510E,Rigid Sheet Wall Protection,10 26 00,Inpro Palladium Rigid Sheet 40510E | https://www.inprocorp.com/products/palladium-rigid-sheet-40510e-wall-cladding,,,,USD,EA
Inpro,INPRO-40510FV,Rigid Sheet Wall Protection,10 26 00,Inpro Palladium Rigid Sheet 40510FV | https://www.inprocorp.com/products/palladium-rigid-sheet-40510fv-wall-cladding,,,,USD,EA
Inpro,INPRO-40510M,Rigid Sheet Wall Protection,10 26 00,Inpro Palladium Rigid Sheet 40510M | https://www.inprocorp.com/products/palladium-rigid-sheet-40510m-wall-cladding,,,,USD,EA
Inpro,INPRO-405E,Rigid Sheet Wall Protection,10 26 00,Inpro Palladium Rigid Sheet 405E .040 4x8 | Thickness: .040 | Panel size: 4x8 | https://www.inprocorp.com/products/palladium-rigid-sheet-405e-wall-cladding,Adhesive,,,USD,EA
Inpro,INPRO-405FV,Rigid Sheet Wall Protection,10 26 00,Inpro Palladium Rigid Sheet 405FV | https://www.inprocorp.com/products/palladium-rigid-sheet-405fv-wall-cladding,,,,USD,EA
Inpro,INPRO-405M,Rigid Sheet Wall Protection,10 26 00,Inpro Palladium Rigid Sheet 405M | https://www.inprocorp.com/products/palladium-rigid-sheet-405m-wall-cladding,,,,USD,EA
Inpro,INPRO-406,Rigid Sheet Wall Protection,10 26 00,Inpro Palladium Rigid Sheet 406 .060 4x8 | Thickness: .060 | Panel size: 4x8 | https://www.inprocorp.com/products/palladium-rigid-sheet-406-wall-cladding,Adhesive,,,USD,EA
Inpro,INPRO-40610,Rigid Sheet Wall Protection,10 26 00,Inpro Palladium Rigid Sheet 40610 .060 4x10 | Thickness: .060 | Panel size: 4x10 | https://www.inprocorp.com/products/palladium-rigid-sheet-40610-wall-cladding,Adhesive,,,USD,EA
Inpro,INPRO-40610E,Rigid Sheet Wall Protection,10 26 00,Inpro Palladium Rigid Sheet 40610E | https://www.inprocorp.com/products/palladium-rigid-sheet-40610e-wall-cladding,,,,USD,EA
Inpro,INPRO-40610FC,Wall Covering,10 26 00,Inpro Palladium Grooveline Gvl 40610FC | https://www.inprocorp.com/products/palladium-grooveline-40610fc-gvl-wall-cladding,,,,USD,EA
Inpro,INPRO-40610FV,Rigid Sheet Wall Protection,10 26 00,Inpro Palladium Rigid Sheet 40610FV | https://www.inprocorp.com/products/palladium-rigid-sheet-40610fv-wall-cladding,,,,USD,EA
Inpro,INPRO-40610M,Rigid Sheet Wall Protection,10 26 00,Inpro Palladium Rigid Sheet 40610M | https://www.inprocorp.com/products/palladium-rigid-sheet-40610m-wall-cladding,,,,USD,EA
Inpro,INPRO-406E,Rigid Sheet Wall Protection,10 26 00,Inpro Palladium Rigid Sheet 406E | https://www.inprocorp.com/products/palladium-rigid-sheet-406e-wall-cladding,,,,USD,EA
Inpro,INPRO-406FC,Wall Covering,10 26 00,Inpro Palladium Grooveline Gvl 406FC | https://www.inprocorp.com/products/palladium-grooveline-406fc-gvl-wall-cladding,,,,USD,EA
Inpro,INPRO-406FV,Rigid Sheet Wall Protection,10 26 00,Inpro Palladium Rigid Sheet 406FV | https://www.inprocorp.com/products/palladium-rigid-sheet-406fv-wall-cladding,,,,USD,EA
Inpro,INPRO-406M,Rigid Sheet Wall Protection,10 26 00,Inpro Palladium Rigid Sheet 406M | https://www.inprocorp.com/products/palladium-rigid-sheet-406m-wall-cladding,,,,USD,EA
Inpro,INPRO-406RG,Rigid Sheet Wall Protection,10 26 00,Inpro Palladium Rigid Sheet From Recycled Content Black 406RG | https://www.inprocorp.com/products/palladium-rigid-sheet-from-recycled-content-406rg-black-wall-cladding,,,,USD,EA
Inpro,INPRO-407,Wall Covering,10 26 00,Top cap for Palladium rigid sheet | Panel size: 8 ft length | https://www.inprocorp.com/products/rigid-sheet-trim-407-wall-cladding,accessory trim,,,USD,EA
Inpro,INPRO-40710,Wall Covering,10 26 00,Inpro Rigid Sheet Trim 40710 | https://www.inprocorp.com/products/rigid-sheet-trim-40710-wall-cladding,,,,USD,EA
Inpro,INPRO-40710M,Wall Covering,10 26 00,Inpro Rigid Sheet Trim 40710M | https://www.inprocorp.com/products/rigid-sheet-trim-40710m-wall-cladding,,,,USD,EA
Inpro,INPRO-407A,Wall Covering,10 26 00,Inpro Aluminum Stainless Steel Trim Pieces for Rigid Sheet Cl 407A | https://www.inprocorp.com/products/aluminum-stainless-steel-trim-pieces-for-rigid-sheet-407a-cl-wall-cladding,,,,USD,EA
Inpro,INPRO-407M,Wall Covering,10 26 00,Inpro Rigid Sheet Trim 407M | https://www.inprocorp.com/products/rigid-sheet-trim-407m-wall-cladding,,,,USD,EA
Inpro,INPRO-408,Wall Covering,10 26 00,Vertical divider bar for Palladium rigid sheet | Panel size: 8 ft length | https://www.inprocorp.com/products/rigid-sheet-trim-408-wall-cladding,accessory trim,,,USD,EA
Inpro,INPRO-40810,Wall Covering,10 26 00,Inpro Rigid Sheet Trim 40810 | https://www.inprocorp.com/products/rigid-sheet-trim-40810-wall-cladding,,,,USD,EA
Inpro,INPRO-40810M,Wall Covering,10 26 00,Inpro Rigid Sheet Trim 40810M | https://www.inprocorp.com/products/rigid-sheet-trim-40810m-wall-cladding,,,,USD,EA
Inpro,INPRO-408A,Wall Covering,10 26 00,Inpro Aluminum Stainless Steel Trim Pieces for Rigid Sheet Cl 408A | https://www.inprocorp.com/products/aluminum-stainless-steel-trim-pieces-for-rigid-sheet-408a-cl-wall-cladding,,,,USD,EA
Inpro,INPRO-408M,Wall Covering,10 26 00,Inpro Rigid Sheet Trim 408M | https://www.inprocorp.com/products/rigid-sheet-trim-408m-wall-cladding,,,,USD,EA
Inpro,INPRO-409,Rigid Sheet Wall Protection,10 26 00,Inside corner for Palladium rigid sheet | Panel size: 8 ft length | https://www.inprocorp.com/products/rigid-sheet-trim-409-wall-cladding,accessory trim,,,USD,EA
Inpro,INPRO-40910,Wall Covering,10 26 00,Inpro Rigid Sheet Trim 40910 | https://www.inprocorp.com/products/rigid-sheet-trim-40910-wall-cladding,,,,USD,EA
Inpro,INPRO-40910M,Wall Covering,10 26 00,Inpro Rigid Sheet Trim 40910M | https://www.inprocorp.com/products/rigid-sheet-trim-40910m-wall-cladding,,,,USD,EA
Inpro,INPRO-409A,Wall Covering,10 26 00,Inpro Aluminum Stainless Steel Trim Pieces for Rigid Sheet Cl 409A | https://www.inprocorp.com/products/aluminum-stainless-steel-trim-pieces-for-rigid-sheet-409a-cl-wall-cladding,,,,USD,EA
Inpro,INPRO-409M,Wall Covering,10 26 00,Inpro Rigid Sheet Trim 409M | https://www.inprocorp.com/products/rigid-sheet-trim-409m-wall-cladding,,,,USD,EA
Inpro,INPRO-410,Rigid Sheet Wall Protection,10 26 00,Inpro Palladium Rigid Sheet 410 .080 4x8 | Thickness: .080 | Panel size: 4x8 | https://www.inprocorp.com/products/palladium-rigid-sheet-405-wall-cladding,Adhesive,,,USD,EA
Inpro,INPRO-410RG,Rigid Sheet Wall Protection,10 26 00,Inpro Palladium Rigid Sheet From Recycled Content Black 410RG | https://www.inprocorp.com/products/palladium-rigid-sheet-from-recycled-content-410rg-black-wall-cladding,,,,USD,EA
Inpro,INPRO-420A,Wall Covering,10 26 00,Inpro Aluminum Stainless Steel Trim Pieces for Rigid Sheet Cl 420A | https://www.inprocorp.com/products/aluminum-stainless-steel-trim-pieces-for-rigid-sheet-420a-cl-wall-cladding,,,,USD,EA
Inpro,INPRO-421A,Wall Covering,10 26 00,Inpro Aluminum Stainless Steel Trim Pieces for Rigid Sheet Cl 421A | https://www.inprocorp.com/products/aluminum-stainless-steel-trim-pieces-for-rigid-sheet-421a-cl-wall-cladding,,,,USD,EA
Inpro,INPRO-4408,Wall Covering,10 26 00,Inpro Stainless Steel Sheet Wall Cladding Sas Ss Specialty 4408 | https://www.inprocorp.com/products/stainless-steel-sheet-wall-cladding-sas-ss-4408-specialty-wall-cladding,,,,USD,EA
Inpro,INPRO-48,Rigid Sheet Wall Protection,10 26 00,Inpro Rolled Palladium Rigid Sheet 4 05e 48 | https://www.inprocorp.com/products/rolled-palladium-rigid-sheet-4-05e-48-wall-cladding,,,,USD,EA
Inpro,INPRO-50,Rigid Sheet Wall Protection,10 26 00,Inpro Rolled Palladium Rigid Sheet 305 50 | https://www.inprocorp.com/products/rolled-palladium-rigid-sheet-305-50-wall-cladding,,,,USD,EA
Inpro,INPRO-546,Wall Covering,10 26 00,Inpro Continuum Trowel 546 | https://www.inprocorp.com/products/continuum-trowel-546-wall-cladding,,,,USD,EA
Inpro,INPRO-610,Wall Covering,10 26 00,Inpro Continuum Wall Protection 610 | https://www.inprocorp.com/products/continuum-wall-protection-610-wall-cladding,,,,USD,EA
Inpro,INPRO-61910,Wall Covering,10 26 00,Inpro Continuum Wall Protection Trim 61910 | https://www.inprocorp.com/products/continuum-wall-protection-trim-61910-wall-cladding,,,,USD,EA
Inpro,INPRO-720,Wall Covering,10 26 00,Inpro Palladium Wall Protector 720 | https://www.inprocorp.com/products/palladium-wall-protector-720-wall-cladding,,,,USD,EA
Inpro,INPRO-78,Rigid Sheet Wall Protection,10 26 00,Inpro Rolled Palladium Rigid Sheet 4 05e 78 | https://www.inprocorp.com/products/rolled-palladium-rigid-sheet-4-05e-78-wall-cladding,,,,USD,EA
Inpro,INPRO-80,Rigid Sheet Wall Protection,10 26 00,Inpro Rolled Palladium Rigid Sheet 305 80 | https://www.inprocorp.com/products/rolled-palladium-rigid-sheet-305-80-wall-cladding,,,,USD,EA
Inpro,INPRO-98,Rigid Sheet Wall Protection,10 26 00,Inpro Rolled Palladium Rigid Sheet 4 05e 98 | https://www.inprocorp.com/products/rolled-palladium-rigid-sheet-4-05e-98-wall-cladding,,,,USD,EA
Inpro,INPRO-ALUMINUMDIAMONDPLATESPECIALTY,Wall Covering,10 26 00,Inpro Aluminum Diamond Plate Specialty ALUMINUMDIAMONDPLATESPECIALTY | https://www.inprocorp.com/products/aluminum-diamond-plate-specialty-wall-cladding,,,,USD,EA
Inpro,INPRO-ASPEXPRINTEDWALLPROTECTIONASPWBLOH,Wall Covering,10 26 00,Inpro Aspex Printed Wall Protection Aspw Bloh ASPEXPRINTEDWALLPROTECTIONASPWBLOH | https://www.inprocorp.com/products/aspex-printed-wall-protection-aspw-bloh-printed-wall-protection,,,,USD,EA
Inpro,INPRO-ASPEXPRINTEDWALLPROTECTIONASPWDRIH,Wall Covering,10 26 00,Inpro Aspex Printed Wall Protection Aspw Drih ASPEXPRINTEDWALLPROTECTIONASPWDRIH | https://www.inprocorp.com/products/aspex-printed-wall-protection-aspw-drih-printed-wall-protection,,,,USD,EA
Inpro,INPRO-ASPEXPRINTEDWALLPROTECTIONASPWDRIV,Wall Covering,10 26 00,Inpro Aspex Printed Wall Protection Aspw Driv ASPEXPRINTEDWALLPROTECTIONASPWDRIV | https://www.inprocorp.com/products/aspex-printed-wall-protection-aspw-driv-printed-wall-protection,,,,USD,EA
Inpro,INPRO-ASPEXPRINTEDWALLPROTECTIONASPWENTH,Wall Covering,10 26 00,Inpro Aspex Printed Wall Protection Aspw Enth ASPEXPRINTEDWALLPROTECTIONASPWENTH | https://www.inprocorp.com/products/aspex-printed-wall-protection-aspw-enth-printed-wall-protection,,,,USD,EA
Inpro,INPRO-ASPEXPRINTEDWALLPROTECTIONASPWENTV,Wall Covering,10 26 00,Inpro Aspex Printed Wall Protection Aspw Entv ASPEXPRINTEDWALLPROTECTIONASPWENTV | https://www.inprocorp.com/products/aspex-printed-wall-protection-aspw-entv-printed-wall-protection,,,,USD,EA
Inpro,INPRO-ASPEXPRINTEDWALLPROTECTIONASPWINKH,Wall Covering,10 26 00,Inpro Aspex Printed Wall Protection Aspw Inkh ASPEXPRINTEDWALLPROTECTIONASPWINKH | https://www.inprocorp.com/products/aspex-printed-wall-protection-aspw-inkh-printed-wall-protection,,,,USD,EA
Inpro,INPRO-ASPEXPRINTEDWALLPROTECTIONASPWINKV,Wall Covering,10 26 00,Inpro Aspex Printed Wall Protection Aspw Inkv ASPEXPRINTEDWALLPROTECTIONASPWINKV | https://www.inprocorp.com/products/aspex-printed-wall-protection-aspw-inkv-printed-wall-protection,,,,USD,EA
Inpro,INPRO-ASPEXPRINTEDWALLPROTECTIONASPWLG,Wall Covering,10 26 00,Inpro Aspex Printed Wall Protection Aspw Lg ASPEXPRINTEDWALLPROTECTIONASPWLG | https://www.inprocorp.com/products/aspex-printed-wall-protection-aspw-lg-printed-wall-protection,,,,USD,EA
Inpro,INPRO-ASPEXPRINTEDWALLPROTECTIONASPWLM,Wall Covering,10 26 00,Inpro Aspex Printed Wall Protection Aspw Lm ASPEXPRINTEDWALLPROTECTIONASPWLM | https://www.inprocorp.com/products/aspex-printed-wall-protection-aspw-lm-printed-wall-protection,,,,USD,EA
Inpro,INPRO-ASPEXPRINTEDWALLPROTECTIONASPWLNV,Wall Covering,10 26 00,Inpro Aspex Printed Wall Protection Aspw Lnv ASPEXPRINTEDWALLPROTECTIONASPWLNV | https://www.inprocorp.com/products/aspex-printed-wall-protection-aspw-lnv-printed-wall-protection,,,,USD,EA
Inpro,INPRO-ASPEXPRINTEDWALLPROTECTIONASPWPRAH,Wall Covering,10 26 00,Inpro Aspex Printed Wall Protection Aspw Prah ASPEXPRINTEDWALLPROTECTIONASPWPRAH | https://www.inprocorp.com/products/aspex-printed-wall-protection-aspw-prah-printed-wall-protection,,,,USD,EA
Inpro,INPRO-ASPEXPRINTEDWALLPROTECTIONASPXINTH,Wall Covering,10 26 00,Inpro Aspex Printed Wall Protection Aspx Inth ASPEXPRINTEDWALLPROTECTIONASPXINTH | https://www.inprocorp.com/products/aspex-printed-wall-protection-aspx-inth-printed-wall-protection,,,,USD,EA
Inpro,INPRO-ASPEXSQUAREEDGEWALLPANELSASEWBLOH,Wall Covering,10 26 00,Inpro Aspex Square Edge Wall Panels Asew Bloh ASPEXSQUAREEDGEWALLPANELSASEWBLOH | https://www.inprocorp.com/products/aspex-square-edge-wall-panels-asew-bloh-wall-cladding,,,,USD,EA
Inpro,INPRO-ASPEXSQUAREEDGEWALLPANELSASEWDRIH,Wall Covering,10 26 00,Inpro Aspex Square Edge Wall Panels Asew Drih ASPEXSQUAREEDGEWALLPANELSASEWDRIH | https://www.inprocorp.com/products/aspex-square-edge-wall-panels-asew-drih-wall-cladding,,,,USD,EA
Inpro,INPRO-ASPEXSQUAREEDGEWALLPANELSASEWENTH,Wall Covering,10 26 00,Inpro Aspex Square Edge Wall Panels Asew Enth ASPEXSQUAREEDGEWALLPANELSASEWENTH | https://www.inprocorp.com/products/aspex-square-edge-wall-panels-asew-enth-wall-cladding,,,,USD,EA
Inpro,INPRO-ASPEXSQUAREEDGEWALLPANELSASEWINKH,Wall Covering,10 26 00,Inpro Aspex Square Edge Wall Panels Asew Inkh ASPEXSQUAREEDGEWALLPANELSASEWINKH | https://www.inprocorp.com/products/aspex-square-edge-wall-panels-asew-inkh-wall-cladding,,,,USD,EA
Inpro,INPRO-ASPEXSQUAREEDGEWALLPANELSASEWINTH,Wall Covering,10 26 00,Inpro Aspex Square Edge Wall Panels Asew Inth ASPEXSQUAREEDGEWALLPANELSASEWINTH | https://www.inprocorp.com/products/aspex-square-edge-wall-panels-asew-inth-wall-cladding,,,,USD,EA
Inpro,INPRO-ASPEXSQUAREEDGEWALLPANELSASEWLG,Wall Covering,10 26 00,Inpro Aspex Square Edge Wall Panels Asew Lg ASPEXSQUAREEDGEWALLPANELSASEWLG | https://www.inprocorp.com/products/aspex-square-edge-wall-panels-asew-lg-wall-cladding,,,,USD,EA
Inpro,INPRO-ASPEXSQUAREEDGEWALLPANELSASEWLM,Wall Covering,10 26 00,Inpro Aspex Square Edge Wall Panels Asew Lm ASPEXSQUAREEDGEWALLPANELSASEWLM | https://www.inprocorp.com/products/aspex-square-edge-wall-panels-asew-lm-wall-cladding,,,,USD,EA
Inpro,INPRO-ASPEXSQUAREEDGEWALLPANELSASEWLNV,Wall Covering,10 26 00,Inpro Aspex Square Edge Wall Panels Asew Lnv ASPEXSQUAREEDGEWALLPANELSASEWLNV | https://www.inprocorp.com/products/aspex-square-edge-wall-panels-asew-lnv-wall-cladding,,,,USD,EA
Inpro,INPRO-ASPEXSQUAREEDGEWALLPANELSASEWPRAH,Wall Covering,10 26 00,Inpro Aspex Square Edge Wall Panels Asew Prah ASPEXSQUAREEDGEWALLPANELSASEWPRAH | https://www.inprocorp.com/products/aspex-square-edge-wall-panels-asew-prah-wall-cladding,,,,USD,EA
Inpro,INPRO-BB405EFC,Wall Covering,10 26 00,Inpro Palladium Beadboard Panels BB405EFC | https://www.inprocorp.com/products/palladium-beadboard-panels-bb405efc-wall-cladding,,,,USD,EA
Inpro,INPRO-BB405EFW,Wall Covering,10 26 00,Inpro Palladium Beadboard Panels BB405EFW | https://www.inprocorp.com/products/palladium-beadboard-panels-bb405efw-wall-cladding,,,,USD,EA
Inpro,INPRO-BB405EHW,Wall Covering,10 26 00,Inpro Palladium Beadboard Panels BB405EHW | https://www.inprocorp.com/products/palladium-beadboard-panels-bb405ehw-wall-cladding,,,,USD,EA
Inpro,INPRO-BB405FC,Wall Covering,10 26 00,Inpro Palladium Beadboard Panels BB405FC | https://www.inprocorp.com/products/palladium-beadboard-panels-bb405fc-wall-cladding,,,,USD,EA
Inpro,INPRO-BB405FVFC,Wall Covering,10 26 00,Inpro Palladium Beadboard Panels BB405FVFC | https://www.inprocorp.com/products/palladium-beadboard-panels-bb405fvfc-wall-cladding,,,,USD,EA
Inpro,INPRO-BB405FVHW,Wall Covering,10 26 00,Inpro Palladium Beadboard Panels BB405FVHW | https://www.inprocorp.com/products/palladium-beadboard-panels-bb405fvhw-wall-cladding,,,,USD,EA
Inpro,INPRO-BB405FW,Wall Covering,10 26 00,Inpro Palladium Beadboard Panels BB405FW | https://www.inprocorp.com/products/palladium-beadboard-panels-bb405fw-wall-cladding,,,,USD,EA
Inpro,INPRO-BB405HW,Wall Covering,10 26 00,Inpro Palladium Beadboard Panels BB405HW | https://www.inprocorp.com/products/palladium-beadboard-panels-bb405hw-wall-cladding,,,,USD,EA
Inpro,INPRO-BB405MFC,Wall Covering,10 26 00,Inpro Palladium Beadboard Panels BB405MFC | https://www.inprocorp.com/products/palladium-beadboard-panels-bb405mfc-wall-cladding,,,,USD,EA
Inpro,INPRO-BB405MFW,Wall Covering,10 26 00,Inpro Palladium Beadboard Panels BB405MFW | https://www.inprocorp.com/products/palladium-beadboard-panels-bb405mfw-wall-cladding,,,,USD,EA
Inpro,INPRO-BB405MHW,Wall Covering,10 26 00,Inpro Palladium Beadboard Panels BB405MHW | https://www.inprocorp.com/products/palladium-beadboard-panels-bb405mhw-wall-cladding,,,,USD,EA
Inpro,INPRO-BB406EFC,Wall Covering,10 26 00,Inpro Palladium Beadboard Panels BB406EFC | https://www.inprocorp.com/products/palladium-beadboard-panels-bb406efc-wall-cladding,,,,USD,EA
Inpro,INPRO-BB406EFW,Wall Covering,10 26 00,Inpro Palladium Beadboard Panels BB406EFW | https://www.inprocorp.com/products/palladium-beadboard-panels-bb406efw-wall-cladding,,,,USD,EA
Inpro,INPRO-BB406EHW,Wall Covering,10 26 00,Inpro Palladium Beadboard Panels BB406EHW | https://www.inprocorp.com/products/palladium-beadboard-panels-bb406ehw-wall-cladding,,,,USD,EA
Inpro,INPRO-BB406FC,Wall Covering,10 26 00,Inpro Palladium Beadboard Panels BB406FC | https://www.inprocorp.com/products/palladium-beadboard-panels-bb406fc-wall-cladding,,,,USD,EA
Inpro,INPRO-BB406FVFC,Wall Covering,10 26 00,Inpro Palladium Beadboard Panels BB406FVFC | https://www.inprocorp.com/products/palladium-beadboard-panels-bb406fvfc-wall-cladding,,,,USD,EA
Inpro,INPRO-BB406FVHW,Wall Covering,10 26 00,Inpro Palladium Beadboard Panels BB406FVHW | https://www.inprocorp.com/products/palladium-beadboard-panels-bb406fvhw-wall-cladding,,,,USD,EA
Inpro,INPRO-BB406FW,Wall Covering,10 26 00,Inpro Palladium Beadboard Panels BB406FW | https://www.inprocorp.com/products/palladium-beadboard-panels-bb406fw-wall-cladding,,,,USD,EA
Inpro,INPRO-BB406HW,Wall Covering,10 26 00,Inpro Palladium Beadboard Panels BB406HW | https://www.inprocorp.com/products/palladium-beadboard-panels-bb406hw-wall-cladding,,,,USD,EA
Inpro,INPRO-BB406MFC,Wall Covering,10 26 00,Inpro Palladium Beadboard Panels BB406MFC | https://www.inprocorp.com/products/palladium-beadboard-panels-bb406mfc-wall-cladding,,,,USD,EA
Inpro,INPRO-BB406MFW,Wall Covering,10 26 00,Inpro Palladium Beadboard Panels BB406MFW | https://www.inprocorp.com/products/palladium-beadboard-panels-bb406mfw-wall-cladding,,,,USD,EA
Inpro,INPRO-BB406MHW,Wall Covering,10 26 00,Inpro Palladium Beadboard Panels BB406MHW | https://www.inprocorp.com/products/palladium-beadboard-panels-bb406mhw-wall-cladding,,,,USD,EA
Inpro,INPRO-CONTINUUMWRAPS,Wall Covering,10 26 00,Inpro Continuum Wraps CONTINUUMWRAPS | https://www.inprocorp.com/products/continuum-wraps-wall-cladding,,,,USD,EA
Inpro,INPRO-RICOCHETCLARITYRCCLARITY,Wall Covering,10 26 00,Inpro Ricochet Clarity Rc Clarity RICOCHETCLARITYRCCLARITY | https://www.inprocorp.com/products/ricochet-clarity-rc-clarity-wall-cladding,,,,USD,EA
Inpro,INPRO-RICOCHETDASHRCDASH,Wall Covering,10 26 00,Inpro Ricochet Dash Rc Dash RICOCHETDASHRCDASH | https://www.inprocorp.com/products/ricochet-dash-rc-dash-wall-cladding,,,,USD,EA
Inpro,INPRO-RICOCHETFRESCORCFRESCO,Wall Covering,10 26 00,Inpro Ricochet Fresco Rc Fresco RICOCHETFRESCORCFRESCO | https://www.inprocorp.com/products/ricochet-fresco-rc-fresco-wall-cladding,,,,USD,EA
Inpro,INPRO-RICOCHETHARMONYRCHARMONY,Wall Covering,10 26 00,Inpro Ricochet Harmony Rc Harmony RICOCHETHARMONYRCHARMONY | https://www.inprocorp.com/products/ricochet-harmony-rc-harmony-wall-cladding,,,,USD,EA
Inpro,INPRO-RICOCHETKONARCKONA,Wall Covering,10 26 00,Inpro Ricochet Kona Rc Kona RICOCHETKONARCKONA | https://www.inprocorp.com/products/ricochet-kona-rc-kona-wall-cladding,,,,USD,EA
Inpro,INPRO-RICOCHETMANTRARCMANTRA,Wall Covering,10 26 00,Inpro Ricochet Mantra Rc Mantra RICOCHETMANTRARCMANTRA | https://www.inprocorp.com/products/ricochet-mantra-rc-mantra-wall-cladding,,,,USD,EA
Inpro,INPRO-RICOCHETMETARCMETA,Wall Covering,10 26 00,Inpro Ricochet Meta Rc Meta RICOCHETMETARCMETA | https://www.inprocorp.com/products/ricochet-meta-rc-meta-wall-cladding,,,,USD,EA
Inpro,INPRO-RICOCHETOAKWOODRCOAKWOOD,Wall Covering,10 26 00,Inpro Ricochet Oakwood Rc Oakwood RICOCHETOAKWOODRCOAKWOOD | https://www.inprocorp.com/products/ricochet-oakwood-rc-oakwood-wall-cladding,,,,USD,EA
Inpro,INPRO-RICOCHETPASSAGERCPASSAGE,Wall Covering,10 26 00,Inpro Ricochet Passage Rc Passage RICOCHETPASSAGERCPASSAGE | https://www.inprocorp.com/products/ricochet-passage-rc-passage-wall-cladding,,,,USD,EA
Inpro,INPRO-RICOCHETSCENICRCSCENIC,Wall Covering,10 26 00,Inpro Ricochet Scenic Rc Scenic RICOCHETSCENICRCSCENIC | https://www.inprocorp.com/products/ricochet-scenic-rc-scenic-wall-cladding,,,,USD,EA
Inpro,INPRO-RICOCHETSCREERCSCREE,Wall Covering,10 26 00,Inpro Ricochet Scree Rc Scree RICOCHETSCREERCSCREE | https://www.inprocorp.com/products/ricochet-scree-rc-scree-wall-cladding,,,,USD,EA
Inpro,INPRO-RICOCHETSKETCHRCSKETCH,Wall Covering,10 26 00,Inpro Ricochet Sketch Rc Sketch RICOCHETSKETCHRCSKETCH | https://www.inprocorp.com/products/ricochet-sketch-rc-sketch-wall-cladding,,,,USD,EA
Inpro,INPRO-RICOCHETSPARKRCSPARK,Wall Covering,10 26 00,Inpro Ricochet Spark Rc Spark RICOCHETSPARKRCSPARK | https://www.inprocorp.com/products/ricochet-spark-rc-spark-wall-cladding,,,,USD,EA
Inpro,INPRO-RICOCHETSTRATARCSTRATA,Wall Covering,10 26 00,Inpro Ricochet Strata Rc Strata RICOCHETSTRATARCSTRATA | https://www.inprocorp.com/products/ricochet-strata-rc-strata-wall-cladding,,,,USD,EA
Inpro,INPRO-RICOCHETTEMPORCTEMPO,Wall Covering,10 26 00,Inpro Ricochet Tempo Rc Tempo RICOCHETTEMPORCTEMPO | https://www.inprocorp.com/products/ricochet-tempo-rc-tempo-wall-cladding,,,,USD,EA
Inpro,INPRO-RICOCHETTEMPOTIDERCTEMPOTIDE,Wall Covering,10 26 00,Inpro Ricochet Tempo Tide Rc Tempotide RICOCHETTEMPOTIDERCTEMPOTIDE | https://www.inprocorp.com/products/ricochet-tempo-tide-rc-tempotide-wall-cladding,,,,USD,EA
Inpro,INPRO-RICOCHETTOPCAPTRIMRCTRIM,Wall Covering,10 26 00,Inpro Ricochet Top Cap Trim Rctrim RICOCHETTOPCAPTRIMRCTRIM | https://www.inprocorp.com/products/ricochet-top-cap-trim-rctrim-wall-cladding,,,,USD,EA
Inpro,INPRO-RICOCHETWAYFARERCWAYFARE,Wall Covering,10 26 00,Inpro Ricochet Wayfare Rc Wayfare RICOCHETWAYFARERCWAYFARE | https://www.inprocorp.com/products/ricochet-wayfare-rc-wayfare-wall-cladding,,,,USD,EA
Inpro,INPRO-SSDB08,Wall Covering,10 26 00,Inpro Aluminum Stainless Steel Trim Pieces for Rigid Sheet Dw SSDB08 | https://www.inprocorp.com/products/aluminum-stainless-steel-trim-pieces-for-rigid-sheet-dw-ssdb08-wall-cladding,,,,USD,EA
Inpro,INPRO-SSTC08,Wall Covering,10 26 00,Inpro Aluminum Stainless Steel Trim Pieces for Rigid Sheet Dw SSTC08 | https://www.inprocorp.com/products/aluminum-stainless-steel-trim-pieces-for-rigid-sheet-dw-sstc08-wall-cladding,,,,USD,EA
Inpro,INPRO-X04,Wall Covering,10 26 00,Inpro Palladium Rub Rails R4 S X04 | https://www.inprocorp.com/products/palladium-rub-rails-r4-s-x04-wall-cladding,,,,USD,EA
Inpro,INPRO-X06,Wall Covering,10 26 00,Inpro Palladium Rub Rails R4 S X06 | https://www.inprocorp.com/products/palladium-rub-rails-r4-s-x06-wall-cladding,,,,USD,EA
Inpro,INPRO-X08,Wall Covering,10 26 00,Inpro Palladium Rub Rails R4 S X08 | https://www.inprocorp.com/products/palladium-rub-rails-r4-s-x08-wall-cladding,,,,USD,EA
Inpro,INPRO-X10,Wall Covering,10 26 00,Inpro Palladium Rub Rails R4 S X10 | https://www.inprocorp.com/products/palladium-rub-rails-r4-s-x10-wall-cladding,,,,USD,EA
Inpro,INPRO-X12,Wall Covering,10 26 00,Inpro Palladium Rub Rails R4 S X12 | https://www.inprocorp.com/products/palladium-rub-rails-r4-s-x12-wall-cladding,,,,USD,EA
Inpro,INPRO-X14,Wall Covering,10 26 00,Inpro Palladium Rub Rails R4 S X14 | https://www.inprocorp.com/products/palladium-rub-rails-r4-s-x14-wall-cladding,,,,USD,EA
Inpro,INPRO-X16,Wall Covering,10 26 00,Inpro Palladium Rub Rails R4 S X16 | https://www.inprocorp.com/products/palladium-rub-rails-r4-s-x16-wall-cladding,,,,USD,EA
Inpro,INPRO-X18,Wall Covering,10 26 00,Inpro Palladium Rub Rails R4 S X18 | https://www.inprocorp.com/products/palladium-rub-rails-r4-s-x18-wall-cladding,,,,USD,EA
Inpro,INPRO-X20,Wall Covering,10 26 00,Inpro Palladium Rub Rails R4 S X20 | https://www.inprocorp.com/products/palladium-rub-rails-r4-s-x20-wall-cladding,,,,USD,EA
Inpro,INPRO-X22,Wall Covering,10 26 00,Inpro Palladium Rub Rails R4 S X22 | https://www.inprocorp.com/products/palladium-rub-rails-r4-s-x22-wall-cladding,,,,USD,EA
Inpro,INPRO-X24,Wall Covering,10 26 00,Inpro Palladium Rub Rails R4 S X24 | https://www.inprocorp.com/products/palladium-rub-rails-r4-s-x24-wall-cladding,,,,USD,EA
Inpro,INPRO-3D,Wall Panel,10 26 00,Inpro Palladium Trim Horizontal Base Board Trim Horizontal Base Board 3D | https://www.inprocorp.com/products/palladium-3d-trim-horizontal-base-board-3d-trim-horizontal-base-board-wall-protection,,,,USD,EA
Inpro,INPRO-DP4896,Wall Panel,10 26 00,Inpro Nutree Diamond Plate Nt Blk Specialty DP4896 | https://www.inprocorp.com/products/nutree-diamond-plate-nt-dp4896-blk-specialty-wall-cladding,,,,USD,EA
Inpro,INPRO-PALLADIUMFULLWRAPWALLPANELS,Wall Panel,10 26 00,Inpro Palladium Full Wrap Wall Panels PALLADIUMFULLWRAPWALLPANELS | https://www.inprocorp.com/products/palladium-full-wrap-wall-panels-wall-cladding,,,,USD,EA
Inpro,INPRO-PALLADIUMSQUAREEDGEWALLPANELSYSTEM,Wall Panel,10 26 00,Inpro Palladium Square Edge Wall Panel System PALLADIUMSQUAREEDGEWALLPANELSYSTEM | https://www.inprocorp.com/products/palladium-square-edge-wall-panel-system-wall-cladding,,,,USD,EA
Inpro,INPRO-PRISMSOLIDSURFACETRIMPIECESSPECIALTY,Wall Panel,10 26 00,Inpro Prism Solid Surface Trim Pieces Specialty PRISMSOLIDSURFACETRIMPIECESSPECIALTY | https://www.inprocorp.com/products/prism-solid-surface-trim-pieces-specialty-wall-cladding,,,,USD,EA
Inpro,INPRO-PRISMWALLCLADDINGPANELSSPECIALTY,Wall Panel,10 26 00,Inpro Prism Wall Cladding Panels Specialty PRISMWALLCLADDINGPANELSSPECIALTY | https://www.inprocorp.com/products/prism-wall-cladding-panels-specialty-wall-cladding,,,,USD,EA
Inpro,INPRO-RECYCLEDWOODSTONEWALLPANELS,Wall Panel,10 26 00,Inpro Recycled Woodstone Wall Panels RECYCLEDWOODSTONEWALLPANELS | https://www.inprocorp.com/products/recycled-woodstone-wall-panels-wall-cladding,,,,USD,EA
Inpro,INPRO-TAGXSMARTRAILTAGXCART,Wall Protection,10 26 00,Inpro Tag X Smart Rail Tag X Cart TAGXSMARTRAILTAGXCART | https://www.inprocorp.com/products/tag-x-smart-rail-tag-x-cart-wall-protection,,,,USD,EA
Inpro,INPRO-405-50,Rigid Sheet Wall Protection,10 26 00,"Rolled sheet manufactured to wainscot height; custom/non-returnable | Thickness: .040"" | Panel size: 4' x 50' | https://www.inprocorp.com/products/rolled-palladium-rigid-sheet-405-50-wall-cladding",adhesive mount,,,USD,EA
Inpro,INPRO-R4-S-X04,Rub Strip,10 26 00,"Factory-beveled rub rail; available heights 4–24 in and lengths up to 8 ft | Thickness: .040"" | Panel size: 4 in x 96 in | https://www.inprocorp.com/products/palladium-rub-rails-r4-s-x04-wall-cladding",Inpro Bond or peel-and-stick,,,USD,EA
Inpro,INPRO-SAS-SS-4408,Wall Covering,10 26 00,"304 alloy, brushed #4 finish; sizes listed 4x8 or 4x10; 16/18/20 gauge available | Thickness: 18 gauge | Panel size: 4 ft x 8 ft | https://www.inprocorp.com/products/stainless-steel-sheet-wall-cladding/01tUK000009Glj5YAC",adhesive mount,,,USD,EA
Inpro,INPRO-134A-P,Corner Guard,10 26 00,Aluminum retainer for 130 corner guard | Panel size: 4 ft x 3 in | https://www.inprocorp.com/products/130-high-impact-corner-guard-134-wall-protection,aluminum retainer,,,USD,EA
Inpro,INPRO-1300A-P,Crash Rail,10 26 00,"Aluminum retainer | Thickness: .080"" retainer | Panel size: 4-1/16 in x 12 ft | https://www.inprocorp.com/products/1300-wall-guard-1300-wall-protection",aluminum retainer,,,USD,EA
Inpro,INPRO-134BNR-M,Corner Guard,10 26 00,BluNose retainer | Panel size: 4 ft x 3 in | https://www.inprocorp.com/products/130bn-blunose-high-impact-corner-guard-134bn-wall-protection,BluNose retainer,,,USD,EA
Inpro,INPRO-130B-4,Corner Guard,10 26 00,4 in cove base retainer | Panel size: 4 in cove base retainer | https://www.inprocorp.com/products/130f-flush-mount-corner-guard-134f-wall-protection,cove base retainer,,,USD,EA
Inpro,INPRO-130B-6,Corner Guard,10 26 00,6 in cove base retainer | Panel size: 6 in cove base retainer | https://www.inprocorp.com/products/130f-flush-mount-corner-guard-134f-wall-protection,cove base retainer,,,USD,EA
Inpro,INPRO-G2-1400B,Crash Rail,10 26 00,Impact bumper | Panel size: 12 ft | https://www.inprocorp.com/products/1400-wall-guard-1400-wall-protection,impact bumper,,,USD,EA
Inpro,INPRO-1420A-P,Crash Rail,10 26 00,Aluminum retainer | Panel size: 4 in x 12 ft | https://www.inprocorp.com/products/1400-wall-guard-1400-wall-protection,aluminum retainer,,,USD,EA
Inpro,INPRO-160d-1,End Wall Protector,10 26 00,"Surface-mount end wall protector | Thickness: .080"" corner cover; .060"" middle strip | Panel size: 2 in wing | https://www.inprocorp.com/products/160d-high-impact-end-wall-protector/01tUK00000883CGYAY",continuous aluminum retainer,,,USD,EA
Inpro,INPRO-160dbn-1,End Wall Protector,10 26 00,"BluNose surface-mount end wall protector | Thickness: .080"" corner cover; .060"" middle strip | Panel size: 2 in wing | https://www.inprocorp.com/products/160dbn-blunose-high-impact-end-wall-protector/01tUK00000883CHYAY",BluNose vinyl retainer,,,USD,EA
Inpro,INPRO-160B-4,Corner Guard,10 26 00,4 in cove base retainer | Panel size: 4 in cove base retainer | https://www.inprocorp.com/products/160f-flush-mount-corner-guard-164f-wall-protection,cove base retainer,,,USD,EA
Inpro,INPRO-160B-6,Corner Guard,10 26 00,6 in cove base retainer | Panel size: 6 in cove base retainer | https://www.inprocorp.com/products/160f-flush-mount-corner-guard-164f-wall-protection,cove base retainer,,,USD,EA
Inpro,INPRO-160F-CAP,Corner Guard,10 26 00,Closure cap | Panel size: closure cap | https://www.inprocorp.com/products/160f-flush-mount-corner-guard-164f-wall-protection,accessory,,,USD,EA
Inpro,INPRO-174A-M,Corner Guard,10 26 00,Aluminum retainer | Panel size: 4 ft x 3 in | https://www.inprocorp.com/products/170-bullnose-high-impact-corner-guard-174-wall-protection,aluminum retainer,,,USD,EA
Inpro,INPRO-174BNR-M,Corner Guard,10 26 00,BluNose retainer | Panel size: 4 ft x 3 in | https://www.inprocorp.com/products/170bn-bullnose-blunose-high-impact-corner-guard-174bn-wall-protection,BluNose retainer,,,USD,EA
Inpro,INPRO-G2-700B,Crash Rail,10 26 00,Impact bumper | Panel size: 12 ft | https://www.inprocorp.com/products/1800-wall-guards-1800-wall-protection,impact bumper,,,USD,EA
Inpro,INPRO-200A-P,Crash Rail,10 26 00,Aluminum retainer | Panel size: 1-1/8 in x 12 ft | https://www.inprocorp.com/products/200-wall-guard-crash-rail/01tUK000007vFCwYAM,aluminum retainer,,,USD,EA
Inpro,INPRO-2500A-P,Chair Rail,10 26 00,"Aluminum retainer | Thickness: .060"" retainer | Panel size: 12 ft x 2 in | https://www.inprocorp.com/products/2500-chair-rail-2500-wall-protection",aluminum retainer,,,USD,EA
Inpro,INPRO-2700A-P,Chair Rail,10 26 00,"Aluminum retainer | Thickness: .060"" retainer | Panel size: 12 ft x 3 in | https://www.inprocorp.com/products/2700-chair-rail-2700-wall-protection",aluminum retainer,,,USD,EA
Inpro,INPRO-500A-P,Crash Rail,10 26 00,Aluminum retainer | Panel size: 12 ft x 3 in | https://www.inprocorp.com/products/500-wall-guard/01tUK000007vFDDYA2,aluminum retainer,,,USD,EA
