manufacturer,item,category,csi_spec_section,description,width,depth,height,mounting_type,cost,labor_per,currency,unit_of_measure
Penco,PENCO-6001V,Locker,10 51 13,"Penco Vanguard. Locker. 12""W x 12""D x 13-5/8""H. 1-tier. Cat.No 6001V",12,12,13-5/8,,,,USD,EA
Penco,PENCO-6002V,Locker,10 51 13,"Penco Vanguard. Locker. 15""W x 15""D x 13-5/8""H. 1-tier. Cat.No 6002V",15,15,13-5/8,,,,USD,EA
Penco,PENCO-6003V,Locker,10 51 13,"Penco Vanguard. Locker. 12""W x 18""D x 13-5/8""H. 1-tier. Cat.No 6003V",12,18,13-5/8,,,,USD,EA
Penco,PENCO-6004V,Locker,10 51 13,"Penco Vanguard. Locker. 12""W x 12""D x 13-5/8""H. 1-tier. Cat.No 6004V",12,12,13-5/8,,,,USD,EA
Penco,PENCO-6005V,Locker,10 51 13,"Penco Vanguard. Locker. 18""W x 15""D x 13-5/8""H. 1-tier. Cat.No 6005V",18,15,13-5/8,,,,USD,EA
Penco,PENCO-6006V,Locker,10 51 13,"Penco Vanguard. Locker. 18""W x 18""D x 13-5/8""H. 1-tier. Cat.No 6006V",18,18,13-5/8,,,,USD,EA
Penco,PENCO-6007V,Locker,10 51 13,"Penco Vanguard. Locker. 12""W x 12""D x 36.5""H. 1-tier. Cat.No 6007V",12,12,36.5,,,,USD,EA
Penco,PENCO-6008V,Locker,10 51 13,"Penco Vanguard. Locker. 15""W x 15""D x 36.5""H. 1-tier. Cat.No 6008V",15,15,36.5,,,,USD,EA
Penco,PENCO-6009V,Locker,10 51 13,"Penco Vanguard. Locker. 15""W x 15""D x 36.5""H. 1-tier. Cat.No 6009V",15,15,36.5,,,,USD,EA
Penco,PENCO-6010V,Locker,10 51 13,"Penco Vanguard. Locker. 18""W x 18""D x 36.5""H. 1-tier. Cat.No 6010V",18,18,36.5,,,,USD,EA
Penco,PENCO-6011V,Locker,10 51 13,"Penco Vanguard. Locker. 15""W x 21""D x 36.5""H. 1-tier. Cat.No 6011V",15,21,36.5,,,,USD,EA
Penco,PENCO-6012V,Locker,10 51 13,"Penco Vanguard. Locker. 18""W x 24""D x 36.5""H. 1-tier. Cat.No 6012V",18,24,36.5,,,,USD,EA
Penco,PENCO-6020V,Locker,10 51 13,"Penco Vanguard. Locker. 21""W x 12""D x 36.5""H. 1-tier. Cat.No 6020V",21,12,36.5,,,,USD,EA
Penco,PENCO-6021V,Locker,10 51 13,"Penco Vanguard. Locker. 24""W x 15""D x 36.5""H. 1-tier. Cat.No 6021V",24,15,36.5,,,,USD,EA
Penco,PENCO-6022V,Locker,10 51 13,"Penco Vanguard. Locker. 24""W x 18""D x 36.5""H. 1-tier. Cat.No 6022V",24,18,36.5,,,,USD,EA
Penco,PENCO-6023V,Locker,10 51 13,"Penco Vanguard. Locker. 15""W x 21""D x 36.5""H. 1-tier. Cat.No 6023V",15,21,36.5,,,,USD,EA
Penco,PENCO-6024V,Locker,10 51 13,"Penco Vanguard. Locker. 18""W x 24""D x 36.5""H. 1-tier. Cat.No 6024V",18,24,36.5,,,,USD,EA
Penco,PENCO-6025V,Locker,10 51 13,"Penco Vanguard. Locker. 12""W x 12""D x 48.5""H. 1-tier. Cat.No 6025V",12,12,48.5,,,,USD,EA
Penco,PENCO-6026V,Locker,10 51 13,"Penco Vanguard. Locker. 15""W x 15""D x 48.5""H. 1-tier. Cat.No 6026V",15,15,48.5,,,,USD,EA
Penco,PENCO-6028V,Locker,10 51 13,"Penco Vanguard. Locker. 21""W x 21""D x 48.5""H. 1-tier. Cat.No 6028V",21,21,48.5,,,,USD,EA
Penco,PENCO-6029V,Locker,10 51 13,"Penco Vanguard. Locker. 24""W x 24""D x 48.5""H. 1-tier. Cat.No 6029V",24,24,48.5,,,,USD,EA
Penco,PENCO-6030V,Locker,10 51 13,"Penco Vanguard. Locker. 1""W x 24""D x 36.5""H. 1-tier. Cat.No 6030V",1,24,36.5,,,,USD,EA
Penco,PENCO-6031V,Locker,10 51 13,"Penco Vanguard. Locker. 18""W x 18""D x 48.5""H. 1-tier. Cat.No 6031V",18,18,48.5,,,,USD,EA
Penco,PENCO-6032V,Locker,10 51 13,"Penco Vanguard. Locker. 21""W x 21""D x 48.5""H. 1-tier. Cat.No 6032V",21,21,48.5,,,,USD,EA
Penco,PENCO-6033V,Locker,10 51 13,"Penco Vanguard. Locker. 24""W x 24""D x 48.5""H. 1-tier. Cat.No 6033V",24,24,48.5,,,,USD,EA
Penco,PENCO-6034V,Locker,10 51 13,"Penco Vanguard. Locker. 12""W x 12""D x 48.5""H. 1-tier. Cat.No 6034V",12,12,48.5,,,,USD,EA
Penco,PENCO-6035V,Locker,10 51 13,"Penco Vanguard. Locker. 15""W x 15""D x 48.5""H. 1-tier. Cat.No 6035V",15,15,48.5,,,,USD,EA
Penco,PENCO-6036V,Locker,10 51 13,"Penco Vanguard. Locker. 15""W x 18""D x 48.5""H. 1-tier. Cat.No 6036V",15,18,48.5,,,,USD,EA
Penco,PENCO-6037V,Locker,10 51 13,"Penco Vanguard. Locker. 21""W x 21""D x 48.5""H. 1-tier. Cat.No 6037V",21,21,48.5,,,,USD,EA
Penco,PENCO-6038V,Locker,10 51 13,"Penco Vanguard. Locker. 24""W x 24""D x 48.5""H. 1-tier. Cat.No 6038V",24,24,48.5,,,,USD,EA
Penco,PENCO-6039V,Locker,10 51 13,"Penco Vanguard. Locker. 12""W x 12""D x 48.5""H. 1-tier. Cat.No 6039V",12,12,48.5,,,,USD,EA
Penco,PENCO-6040V,Locker,10 51 13,"Penco Vanguard. Locker. 15""W x 15""D x 48.5""H. 1-tier. Cat.No 6040V",15,15,48.5,,,,USD,EA
Penco,PENCO-6041V,Locker,10 51 13,"Penco Vanguard. Locker. 18""W x 36.5""D x 48.5""H. 1-tier. Cat.No 6041V",18,36.5,48.5,,,,USD,EA
Penco,PENCO-6042V,Locker,10 51 13,"Penco Vanguard. Locker. 21""W x 21""D x 48.5""H. 1-tier. Cat.No 6042V",21,21,48.5,,,,USD,EA
Penco,PENCO-6043V,Locker,10 51 13,"Penco Vanguard. Locker. 24""W x 24""D x 48.5""H. 1-tier. Cat.No 6043V",24,24,48.5,,,,USD,EA
Penco,PENCO-6047V,Locker,10 51 13,"Penco Vanguard. Locker. 21""W x 12""D x 48.5""H. 1-tier. Cat.No 6047V",21,12,48.5,,,,USD,EA
Penco,PENCO-6048V,Locker,10 51 13,"Penco Vanguard. Locker. 24""W x 15""D x 48.5""H. 1-tier. Cat.No 6048V",24,15,48.5,,,,USD,EA
Penco,PENCO-6049V,Locker,10 51 13,"Penco Vanguard. Locker. 12""W x 30.5""D x 48.5""H. 1-tier. Cat.No 6049V",12,30.5,48.5,,,,USD,EA
Penco,PENCO-6050V,Locker,10 51 13,"Penco Vanguard. Locker. 30.5""W x 12""D x 60""H. 1-tier. Cat.No 6050V",30.5,12,60,,,,USD,EA
Penco,PENCO-6051V,Locker,10 51 13,"Penco Vanguard. Locker. 18""W x 24""D x 48.5""H. 1-tier. Cat.No 6051V",18,24,48.5,,,,USD,EA
Penco,PENCO-6052V,Locker,10 51 13,"Penco Vanguard. Locker. 24""W x 24""D x 60""H. 1-tier. Cat.No 6052V",24,24,60,,,,USD,EA
Penco,PENCO-6053V,Locker,10 51 13,"Penco Vanguard. Locker. 12""D x 60""H. 1-tier. Cat.No 6053V",,12,60,,,,USD,EA
Penco,PENCO-6054V,Locker,10 51 13,"Penco Vanguard. Locker. 15""W. 1-tier. Cat.No 6054V",15,,,,,,USD,EA
Penco,PENCO-6056V,Locker,10 51 13,"Penco Vanguard. Locker. 9""W x 21""D x 72""H. 1-tier. Cat.No 6056V",9,21,72,,,,USD,EA
Penco,PENCO-6057V,Locker,10 51 13,"Penco Vanguard. Locker. 24""W x 24""D x 72""H. 1-tier. Cat.No 6057V",24,24,72,,,,USD,EA
Penco,PENCO-6058V,Locker,10 51 13,"Penco Vanguard. Locker. 21""W x 12""D x 72""H. 1-tier. Cat.No 6058V",21,12,72,,,,USD,EA
Penco,PENCO-6059V,Locker,10 51 13,"Penco Vanguard. Locker. 18""W x 15""D x 72""H. 1-tier. Cat.No 6059V",18,15,72,,,,USD,EA
Penco,PENCO-6100V,Locker,10 51 13,"Penco Vanguard. Double Door. 21""W x 12""D x 60""H. 1-tier. Cat.No 6100V",21,12,60,,,,USD,EA
Penco,PENCO-6101V,Locker,10 51 13,"Penco Vanguard. Locker. 30.5""W x 12""D x 60""H. 1-tier. Cat.No 6101V",30.5,12,60,,,,USD,EA
Penco,PENCO-6102V,Locker,10 51 13,"Penco Vanguard. Locker. 18""W x 18""D x 36.5""H. 1-tier. Cat.No 6102V",18,18,36.5,,,,USD,EA
Penco,PENCO-6103V,Locker,10 51 13,"Penco Vanguard. Locker. 15""D x 60""H. 1-tier. Cat.No 6103V",,15,60,,,,USD,EA
Penco,PENCO-6104V,Locker,10 51 13,"Penco Vanguard. Locker. 21""W x 21""D x 36.5""H. 1-tier. Cat.No 6104V",21,21,36.5,,,,USD,EA
Penco,PENCO-6105V,Locker,10 51 13,"Penco Vanguard. Locker. 9""W x 18""D x 60""H. 1-tier. Cat.No 6105V",9,18,60,,,,USD,EA
Penco,PENCO-6106V,Locker,10 51 13,"Penco Vanguard. Locker. 24""W x 24""D x 36.5""H. 1-tier. Cat.No 6106V",24,24,36.5,,,,USD,EA
Penco,PENCO-6107V,Locker,10 51 13,"Penco Vanguard. Locker. 12""W x 12""D x 36.5""H. 1-tier. Cat.No 6107V",12,12,36.5,,,,USD,EA
Penco,PENCO-6108V,Locker,10 51 13,"Penco Vanguard. Locker. 21""W x 21""D x 60""H. 1-tier. Cat.No 6108V",21,21,60,,,,USD,EA
Penco,PENCO-6110V,Locker,10 51 13,"Penco Vanguard. Locker. 24""W x 12""D x 72""H. 1-tier. Cat.No 6110V",24,12,72,,,,USD,EA
Penco,PENCO-6111V,Locker,10 51 13,"Penco Vanguard. Locker. 12""W x 12""D x 60""H. 1-tier. Cat.No 6111V",12,12,60,,,,USD,EA
Penco,PENCO-6113V,Locker,10 51 13,"Penco Vanguard. Locker. 30.5""W x 15""D x 60""H. 1-tier. Cat.No 6113V",30.5,15,60,,,,USD,EA
Penco,PENCO-6115V,Locker,10 51 13,"Penco Vanguard. Locker. 18""W x 30.5""D x 60""H. 1-tier. Cat.No 6115V",18,30.5,60,,,,USD,EA
Penco,PENCO-6117V,Locker,10 51 13,"Penco Vanguard. Locker. 30.5""W x 21""D x 60""H. 1-tier. Cat.No 6117V",30.5,21,60,,,,USD,EA
Penco,PENCO-6118V,Locker,10 51 13,"Penco Vanguard. Locker. 24""D x 60""H. 1-tier. Cat.No 6118V",,24,60,,,,USD,EA
Penco,PENCO-6119V,Locker,10 51 13,"Penco Vanguard. Locker. 12""D x 60""H. 1-tier. Cat.No 6119V",,12,60,,,,USD,EA
Penco,PENCO-6121V,Locker,10 51 13,"Penco Vanguard. Locker. 15""D x 60""H. 1-tier. Cat.No 6121V",,15,60,,,,USD,EA
Penco,PENCO-6123V,Locker,10 51 13,Penco Vanguard. Double Door. 1-tier. Cat.No 6123V,,,,,,,USD,EA
Penco,PENCO-6125V,Locker,10 51 13,"Penco Vanguard. Double Door. 21""D x 60""H. 1-tier. Cat.No 6125V",,21,60,,,,USD,EA
Penco,PENCO-6126V,Locker,10 51 13,"Penco Vanguard. Double Door. 18""W x 60""D x 60""H. 1-tier. Cat.No 6126V",18,60,60,,,,USD,EA
Penco,PENCO-6127V,Locker,10 51 13,"Penco Vanguard. Locker. 15""W x 15""D x 36.5""H. 1-tier. Cat.No 6127V",15,15,36.5,,,,USD,EA
Penco,PENCO-6129V,Locker,10 51 13,"Penco Vanguard. Locker. 18""W x 18""D x 36.5""H. 1-tier. Cat.No 6129V",18,18,36.5,,,,USD,EA
Penco,PENCO-6130V,Locker,10 51 13,"Penco Vanguard. Locker. 12""W x 21""D x 36.5""H. 1-tier. Cat.No 6130V",12,21,36.5,,,,USD,EA
Penco,PENCO-6131V,Locker,10 51 13,"Penco Vanguard. Double Door. 18""W x 18""D x 60""H. 1-tier. Cat.No 6131V",18,18,60,,,,USD,EA
Penco,PENCO-6132V,Locker,10 51 13,"Penco Vanguard. Locker. 15""W x 24""D x 36.5""H. 1-tier. Cat.No 6132V",15,24,36.5,,,,USD,EA
Penco,PENCO-6133V,Locker,10 51 13,"Penco Vanguard. Double Door. 21""D x 60""H. 1-tier. Cat.No 6133V",,21,60,,,,USD,EA
Penco,PENCO-6134V,Locker,10 51 13,"Penco Vanguard. Double Door. 24""W x 15""D x 60""H. 1-tier. Cat.No 6134V",24,15,60,,,,USD,EA
Penco,PENCO-6135V,Locker,10 51 13,"Penco Vanguard. Locker. 1""W x 24""D x 60""H. 1-tier. Cat.No 6135V",1,24,60,,,,USD,EA
Penco,PENCO-6136V,Locker,10 51 13,"Penco Vanguard. Locker. 18""W x 12""D x 36.5""H. 1-tier. Cat.No 6136V",18,12,36.5,,,,USD,EA
Penco,PENCO-6137V,Locker,10 51 13,"Penco Vanguard. Locker. 12""W x 12""D x 30.5""H. 1-tier. Cat.No 6137V",12,12,30.5,,,,USD,EA
Penco,PENCO-6138V,Locker,10 51 13,"Penco Vanguard. Locker. 12""W x 15""D x 36.5""H. 1-tier. Cat.No 6138V",12,15,36.5,,,,USD,EA
Penco,PENCO-6139V,Locker,10 51 13,"Penco Vanguard. Locker. 15""W x 15""D x 30.5""H. 1-tier. Cat.No 6139V",15,15,30.5,,,,USD,EA
Penco,PENCO-6140V,Locker,10 51 13,"Penco Vanguard. Locker. 15""W x 18""D x 36.5""H. 1-tier. Cat.No 6140V",15,18,36.5,,,,USD,EA
Penco,PENCO-6141V,Locker,10 51 13,Penco Vanguard. Double Door. 1-tier. Cat.No 6141V,,,,,,,USD,EA
Penco,PENCO-6142V,Locker,10 51 13,"Penco Vanguard. Locker. 18""W x 21""D x 36.5""H. 1-tier. Cat.No 6142V",18,21,36.5,,,,USD,EA
Penco,PENCO-6143V,Locker,10 51 13,"Penco Vanguard. Double Door. 24""W x 21""D x 60""H. 1-tier. Cat.No 6143V",24,21,60,,,,USD,EA
Penco,PENCO-6145V,Locker,10 51 13,"Penco Vanguard. Double Door. 24""W x 24""D x 60""H. 1-tier. Cat.No 6145V",24,24,60,,,,USD,EA
Penco,PENCO-6146V,Locker,10 51 13,"Penco Vanguard. Locker. 12""W x 12""D x 36.5""H. 1-tier. Cat.No 6146V",12,12,36.5,,,,USD,EA
Penco,PENCO-6147V,Locker,10 51 13,"Penco Vanguard. Locker. 12""W x 18""D x 30.5""H. 1-tier. Cat.No 6147V",12,18,30.5,,,,USD,EA
Penco,PENCO-6148V,Locker,10 51 13,"Penco Vanguard. Locker. 21""W x 21""D x 30.5""H. 1-tier. Cat.No 6148V",21,21,30.5,,,,USD,EA
Penco,PENCO-6149V,Locker,10 51 13,"Penco Vanguard. Locker. 12""W x 18""D x 60""H. 1-tier. Cat.No 6149V",12,18,60,,,,USD,EA
Penco,PENCO-6150V,Locker,10 51 13,"Penco Vanguard. Locker. 24""W x 24""D x 30.5""H. 1-tier. Cat.No 6150V",24,24,30.5,,,,USD,EA
Penco,PENCO-6151V,Locker,10 51 13,"Penco Vanguard. Locker. 15""W x 12""D x 72""H. 1-tier. Cat.No 6151V",15,12,72,,,,USD,EA
Penco,PENCO-6152V,Locker,10 51 13,"Penco Vanguard. Locker. 12""W x 12""D x 30.5""H. 1-tier. Cat.No 6152V",12,12,30.5,,,,USD,EA
Penco,PENCO-6153V,Locker,10 51 13,"Penco Vanguard. Locker. 18""W x 15""D x 72""H. 1-tier. Cat.No 6153V",18,15,72,,,,USD,EA
Penco,PENCO-6154V,Locker,10 51 13,"Penco Vanguard. Locker. 15""W x 15""D x 30.5""H. 1-tier. Cat.No 6154V",15,15,30.5,,,,USD,EA
Penco,PENCO-6155V,Locker,10 51 13,"Penco Vanguard. Locker. 9""W x 18""D x 72""H. 1-tier. Cat.No 6155V",9,18,72,,,,USD,EA
Penco,PENCO-6156V,Locker,10 51 13,"Penco Vanguard. Locker. 15""W x 18""D x 30.5""H. 1-tier. Cat.No 6156V",15,18,30.5,,,,USD,EA
Penco,PENCO-6157V,Locker,10 51 13,"Penco Vanguard. Locker. 12""D x 13-5/8""H. 1-tier. Cat.No 6157V",,12,13-5/8,,,,USD,EA
Penco,PENCO-6158V,Locker,10 51 13,"Penco Vanguard. Locker. 15""W x 21""D x 60""H. 1-tier. Cat.No 6158V",15,21,60,,,,USD,EA
Penco,PENCO-6159V,Locker,10 51 13,"Penco Vanguard. Locker. 12""W x 15""D x 13-5/8""H. 1-tier. Cat.No 6159V",12,15,13-5/8,,,,USD,EA
Penco,PENCO-6160V,Locker,10 51 13,"Penco Vanguard. Locker. 9""W x 24""D x 60""H. 1-tier. Cat.No 6160V",9,24,60,,,,USD,EA
Penco,PENCO-6161V,Locker,10 51 13,"Penco Vanguard. Locker. 12""W x 12""D x 72""H. 1-tier. Cat.No 6161V",12,12,72,,,,USD,EA
Penco,PENCO-6162V,Locker,10 51 13,"Penco Vanguard. Locker. 21""W x 21""D x 30.5""H. 1-tier. Cat.No 6162V",21,21,30.5,,,,USD,EA
Penco,PENCO-6163V,Locker,10 51 13,"Penco Vanguard. Locker. 15""W x 15""D x 72""H. 1-tier. Cat.No 6163V",15,15,72,,,,USD,EA
Penco,PENCO-6164V,Locker,10 51 13,"Penco Vanguard. Locker. 24""W x 24""D x 30.5""H. 1-tier. Cat.No 6164V",24,24,30.5,,,,USD,EA
Penco,PENCO-6165V,Locker,10 51 13,"Penco Vanguard. Double Door. 12""W x 18""D x 72""H. 1-tier. Cat.No 6165V",12,18,72,,,,USD,EA
Penco,PENCO-6166V,Locker,10 51 13,"Penco Vanguard. Locker. 12""W x 12""D x 30.5""H. 1-tier. Cat.No 6166V",12,12,30.5,,,,USD,EA
Penco,PENCO-6167V,Locker,10 51 13,"Penco Vanguard. Double Door. 21""W x 21""D x 72""H. 1-tier. Cat.No 6167V",21,21,72,,,,USD,EA
Penco,PENCO-6168V,Locker,10 51 13,"Penco Vanguard. Double Door. 24""W x 24""D x 72""H. 1-tier. Cat.No 6168V",24,24,72,,,,USD,EA
Penco,PENCO-6169V,Locker,10 51 13,"Penco Vanguard. Double Door. 12""D x 72""H. 1-tier. Cat.No 6169V",,12,72,,,,USD,EA
Penco,PENCO-6170V,Locker,10 51 13,"Penco Vanguard. Locker. 12""W x 30""D x 5""H. 1-tier. Cat.No 6170V",12,30,5,,,,USD,EA
Penco,PENCO-6171V,Locker,10 51 13,"Penco Vanguard. Double Door. 12""W x 15""D x 72""H. 1-tier. Cat.No 6171V",12,15,72,,,,USD,EA
Penco,PENCO-6172V,Locker,10 51 13,"Penco Vanguard. Locker. 18""W x 18""D x 30.5""H. 1-tier. Cat.No 6172V",18,18,30.5,,,,USD,EA
Penco,PENCO-6173V,Locker,10 51 13,"Penco Vanguard. Double Door. 15""W x 18""D x 72""H. 1-tier. Cat.No 6173V",15,18,72,,,,USD,EA
Penco,PENCO-6174V,Locker,10 51 13,"Penco Vanguard. Locker. 21""W x 21""D x 30.5""H. 1-tier. Cat.No 6174V",21,21,30.5,,,,USD,EA
Penco,PENCO-6175V,Locker,10 51 13,"Penco Vanguard. Double Door. 18""W x 21""D x 72""H. 1-tier. Cat.No 6175V",18,21,72,,,,USD,EA
Penco,PENCO-6176V,Locker,10 51 13,"Penco Vanguard. Locker. 12""W x 12""D x 48.5""H. 1-tier. Cat.No 6176V",12,12,48.5,,,,USD,EA
Penco,PENCO-6177V,Locker,10 51 13,"Penco Vanguard. Double Door. 21""W x 24""D x 72""H. 1-tier. Cat.No 6177V",21,24,72,,,,USD,EA
Penco,PENCO-6178V,Locker,10 51 13,"Penco Vanguard. Locker. 24""W x 24""D x 30.5""H. 1-tier. Cat.No 6178V",24,24,30.5,,,,USD,EA
Penco,PENCO-6179V,Locker,10 51 13,"Penco Vanguard. Locker. 12""W x 18""D x 13-5/8""H. 1-tier. Cat.No 6179V",12,18,13-5/8,,,,USD,EA
Penco,PENCO-6180V,Locker,10 51 13,"Penco Vanguard. Locker. 15""W x 15""D x 72""H. 1-tier. Cat.No 6180V",15,15,72,,,,USD,EA
Penco,PENCO-6181V,Locker,10 51 13,"Penco Vanguard. Locker. 18""W x 18""D x 72""H. 1-tier. Cat.No 6181V",18,18,72,,,,USD,EA
Penco,PENCO-6182V,Locker,10 51 13,"Penco Vanguard. Locker. 12""W x 12""D x 30.5""H. 1-tier. Cat.No 6182V",12,12,30.5,,,,USD,EA
Penco,PENCO-6183V,Locker,10 51 13,"Penco Vanguard. Locker. 21""D x 72""H. 1-tier. Cat.No 6183V",,21,72,,,,USD,EA
Penco,PENCO-6184V,Locker,10 51 13,"Penco Vanguard. Locker. 15""W x 15""D x 48.5""H. 1-tier. Cat.No 6184V",15,15,48.5,,,,USD,EA
Penco,PENCO-6185V,Locker,10 51 13,"Penco Vanguard. Locker. 24""D x 72""H. 1-tier. Cat.No 6185V",,24,72,,,,USD,EA
Penco,PENCO-6186V,Locker,10 51 13,"Penco Vanguard. Locker. 12""W x 30""D x 5""H. 1-tier. Cat.No 6186V",12,30,5,,,,USD,EA
Penco,PENCO-6187V,Locker,10 51 13,"Penco Vanguard. Locker. 12""W x 18""D x 48.5""H. 1-tier. Cat.No 6187V",12,18,48.5,,,,USD,EA
Penco,PENCO-6188V,Locker,10 51 13,"Penco Vanguard. Locker. 24""W x 18""D x 30.5""H. 1-tier. Cat.No 6188V",24,18,30.5,,,,USD,EA
Penco,PENCO-6189V,Locker,10 51 13,"Penco Vanguard. Locker. 18""W x 30""D x 5""H. 1-tier. Cat.No 6189V",18,30,5,,,,USD,EA
Penco,PENCO-6190V,Locker,10 51 13,"Penco Vanguard. Locker. 24""W x 24""D x 30.5""H. 1-tier. Cat.No 6190V",24,24,30.5,,,,USD,EA
Penco,PENCO-6196V,Locker,10 51 13,"Penco Vanguard. Locker. 24""W x 18""D x 72""H. 1-tier. Cat.No 6196V",24,18,72,,,,USD,EA
Penco,PENCO-6198V,Locker,10 51 13,"Penco Vanguard. Locker. 24""W x 21""D x 72""H. 1-tier. Cat.No 6198V",24,21,72,,,,USD,EA
Penco,PENCO-6199V,Locker,10 51 13,"Penco Vanguard. Locker. 24""W x 24""D x 72""H. 1-tier. Cat.No 6199V",24,24,72,,,,USD,EA
Penco,PENCO-6013V,Locker,10 51 13,"Penco Vanguard. Locker. 9""W x 12""D x 84""H. 1-tier. Cat.No 6013V",9,12,84,,,,USD,EA
Penco,PENCO-6014V,Locker,10 51 13,"Penco Vanguard. Locker. 9""W x 15""D x 84""H. 1-tier. Cat.No 6014V",9,15,84,,,,USD,EA
Penco,PENCO-6015V,Locker,10 51 13,"Penco Vanguard. Locker. 12""W x 18""D x 84""H. 1-tier. Cat.No 6015V",12,18,84,,,,USD,EA
Penco,PENCO-6016V,Locker,10 51 13,"Penco Vanguard. Locker. 12""W x 12""D x 84""H. 1-tier. Cat.No 6016V",12,12,84,,,,USD,EA
Penco,PENCO-6017V,Locker,10 51 13,"Penco Vanguard. Locker. 12""W x 15""D x 84""H. 1-tier. Cat.No 6017V",12,15,84,,,,USD,EA
Penco,PENCO-6018V,Locker,10 51 13,"Penco Vanguard. Locker. 12""W x 18""D x 84""H. 1-tier. Cat.No 6018V",12,18,84,,,,USD,EA
Penco,PENCO-6019V,Locker,10 51 13,"Penco Vanguard. Locker. 24""W x 48""D x 5""H. 2-tier. Cat.No 6019V",24,48,5,,,,USD,EA
Penco,PENCO-6060V,Locker,10 51 13,"Penco Vanguard. Locker. 12""D x 84""H. 1-tier. Cat.No 6060V",,12,84,,,,USD,EA
Penco,PENCO-6061V,Locker,10 51 13,"Penco Vanguard. Locker. 15""D x 84""H. 1-tier. Cat.No 6061V",,15,84,,,,USD,EA
Penco,PENCO-6062V,Locker,10 51 13,"Penco Vanguard. Locker. 9""W x 18""D x 84""H. 1-tier. Cat.No 6062V",9,18,84,,,,USD,EA
Penco,PENCO-6063V,Locker,10 51 13,"Penco Vanguard. Locker. 9""W x 21""D x 84""H. 1-tier. Cat.No 6063V",9,21,84,,,,USD,EA
Penco,PENCO-6064V,Locker,10 51 13,"Penco Vanguard. Locker. 9""W x 24""D x 84""H. 1-tier. Cat.No 6064V",9,24,84,,,,USD,EA
Penco,PENCO-6065V,Locker,10 51 13,"Penco Vanguard. Locker. 12""W x 21""D x 84""H. 1-tier. Cat.No 6065V",12,21,84,,,,USD,EA
Penco,PENCO-6066V,Locker,10 51 13,"Penco Vanguard. Locker. 12""W x 24""D x 84""H. 1-tier. Cat.No 6066V",12,24,84,,,,USD,EA
Penco,PENCO-6067V,Locker,10 51 13,"Penco Vanguard. Locker. 12""W x 21""D x 84""H. 1-tier. Cat.No 6067V",12,21,84,,,,USD,EA
Penco,PENCO-6068V,Locker,10 51 13,"Penco Vanguard. Locker. 12""W x 24""D x 84""H. 1-tier. Cat.No 6068V",12,24,84,,,,USD,EA
Penco,PENCO-6069V,Locker,10 51 13,"Penco Vanguard. Locker. 12""W x 12""D x 84""H. 1-tier. Cat.No 6069V",12,12,84,,,,USD,EA
Penco,PENCO-6072V,Locker,10 51 13,"Penco Vanguard. Locker. 12""W x 21""D x 84""H. 1-tier. Cat.No 6072V",12,21,84,,,,USD,EA
Penco,PENCO-6073V,Locker,10 51 13,"Penco Vanguard. Locker. 12""W x 12""D x 84""H. 2-tier. Cat.No 6073V",12,12,84,,,,USD,EA
Penco,PENCO-6074V,Locker,10 51 13,"Penco Vanguard. Locker. 12""W x 24""D x 84""H. 1-tier. Cat.No 6074V",12,24,84,,,,USD,EA
Penco,PENCO-6075V,Locker,10 51 13,"Penco Vanguard. Locker. 24""W x 48""D x 5""H. 2-tier. Cat.No 6075V",24,48,5,,,,USD,EA
Penco,PENCO-6076V,Locker,10 51 13,"Penco Vanguard. Locker. 24""W x 12""D x 18""H. 2-tier. Cat.No 6076V",24,12,18,,,,USD,EA
Penco,PENCO-6077V,Locker,10 51 13,"Penco Vanguard. Locker. 24""W x 48""D x 5""H. 2-tier. Cat.No 6077V",24,48,5,,,,USD,EA
Penco,PENCO-6078V,Locker,10 51 13,"Penco Vanguard. Locker. 24""W x 48""D x 5""H. 2-tier. Cat.No 6078V",24,48,5,,,,USD,EA
Penco,PENCO-6079V,Locker,10 51 13,"Penco Vanguard. Locker. 24""W x 48""D x 5""H. 2-tier. Cat.No 6079V",24,48,5,,,,USD,EA
Penco,PENCO-6080V,Locker,10 51 13,"Penco Vanguard. Locker. 24""W x 48""D x 5""H. 2-tier. Cat.No 6080V",24,48,5,,,,USD,EA
Penco,PENCO-6081V,Locker,10 51 13,"Penco Vanguard. Locker. 24""W x 15""D x 18""H. 2-tier. Cat.No 6081V",24,15,18,,,,USD,EA
Penco,PENCO-6082V,Locker,10 51 13,"Penco Vanguard. Locker. 24""W x 48""D x 5""H. 2-tier. Cat.No 6082V",24,48,5,,,,USD,EA
Penco,PENCO-6083V,Locker,10 51 13,"Penco Vanguard. Locker. 24""W x 48""D x 5""H. 2-tier. Cat.No 6083V",24,48,5,,,,USD,EA
Penco,PENCO-6084V,Locker,10 51 13,"Penco Vanguard. Locker. 24""W x 48""D x 5""H. 2-tier. Cat.No 6084V",24,48,5,,,,USD,EA
Penco,PENCO-6085V,Locker,10 51 13,"Penco Vanguard. Locker. 24""W x 48""D x 5""H. 2-tier. Cat.No 6085V",24,48,5,,,,USD,EA
Penco,PENCO-6086V,Locker,10 51 13,"Penco Vanguard. Locker. 24""W x 48""D x 5""H. 2-tier. Cat.No 6086V",24,48,5,,,,USD,EA
Penco,PENCO-6087V,Locker,10 51 13,"Penco Vanguard. Locker. 24""W x 48""D x 5""H. 2-tier. Cat.No 6087V",24,48,5,,,,USD,EA
Penco,PENCO-6088V,Locker,10 51 13,"Penco Vanguard. Locker. 24""W x 48""D x 5""H. 2-tier. Cat.No 6088V",24,48,5,,,,USD,EA
Penco,PENCO-6089V,Locker,10 51 13,"Penco Vanguard. Double Door. 21""W x 21""D x 60""H. 1-tier. Cat.No 6089V",21,21,60,,,,USD,EA
Penco,PENCO-6090V,Locker,10 51 13,"Penco Vanguard. Locker. 1""W x 24""D x 60""H. 1-tier. Cat.No 6090V",1,24,60,,,,USD,EA
Penco,PENCO-6091V,Locker,10 51 13,"Penco Vanguard. Locker. 24""W x 12""D x 60""H. 1-tier. Cat.No 6091V",24,12,60,,,,USD,EA
Penco,PENCO-6092V,Locker,10 51 13,"Penco Vanguard. Locker. 24""W x 12""D x 60""H. 1-tier. Cat.No 6092V",24,12,60,,,,USD,EA
Penco,PENCO-6093V,Locker,10 51 13,"Penco Vanguard. Locker. 12""W x 15""D x 60""H. 1-tier. Cat.No 6093V",12,15,60,,,,USD,EA
Penco,PENCO-6094V,Locker,10 51 13,"Penco Vanguard. Locker. 24""W x 18""D x 60""H. 1-tier. Cat.No 6094V",24,18,60,,,,USD,EA
Penco,PENCO-6095V,Locker,10 51 13,"Penco Vanguard. Locker. 18""W x 21""D x 60""H. 1-tier. Cat.No 6095V",18,21,60,,,,USD,EA
Penco,PENCO-6096V,Locker,10 51 13,"Penco Vanguard. Locker. 21""W x 24""D x 60""H. 1-tier. Cat.No 6096V",21,24,60,,,,USD,EA
Penco,PENCO-6097V,Locker,10 51 13,"Penco Vanguard. Double Door. 21""W x 21""D x 72""H. 1-tier. Cat.No 6097V",21,21,72,,,,USD,EA
Penco,PENCO-6098V,Locker,10 51 13,"Penco Vanguard. Locker. 24""W x 24""D x 72""H. 1-tier. Cat.No 6098V",24,24,72,,,,USD,EA
Penco,PENCO-6099V,Locker,10 51 13,"Penco Vanguard. Locker. 12""W x 12""D x 72""H. 1-tier. Cat.No 6099V",12,12,72,,,,USD,EA
Penco,PENCO-6191V,Locker,10 51 13,"Penco Vanguard. Double Door. 18""D x 72""H. 1-tier. Cat.No 6191V",,18,72,,,,USD,EA
Penco,PENCO-6193V,Locker,10 51 13,"Penco Vanguard. Double Door. 24""W x 21""D x 72""H. 1-tier. Cat.No 6193V",24,21,72,,,,USD,EA
Penco,PENCO-6195V,Locker,10 51 13,"Penco Vanguard. Double Door. 24""W x 24""D x 72""H. 1-tier. Cat.No 6195V",24,24,72,,,,USD,EA
Penco,PENCO-6200V,Locker,10 51 13,"Penco Vanguard. Locker. 21""W x 24""D x 60""H. 1-tier. Cat.No 6200V",21,24,60,,,,USD,EA
Penco,PENCO-6201V,Locker,10 51 13,"Penco Vanguard. Double Door. 18""W x 12""D x 60""H. 1-tier. Cat.No 6201V",18,12,60,,,,USD,EA
Penco,PENCO-6203V,Locker,10 51 13,"Penco Vanguard. Double Door. 21""W x 15""D x 60""H. 1-tier. Cat.No 6203V",21,15,60,,,,USD,EA
Penco,PENCO-6205V,Locker,10 51 13,"Penco Vanguard. Double Door. 9""W x 18""D x 60""H. 1-tier. Cat.No 6205V",9,18,60,,,,USD,EA
Penco,PENCO-6211V,Locker,10 51 13,"Penco Vanguard. Locker. 12""W x 12""D x 60""H. 1-tier. Cat.No 6211V",12,12,60,,,,USD,EA
Penco,PENCO-6213V,Locker,10 51 13,"Penco Vanguard. Locker. 12""W x 15""D x 60""H. 1-tier. Cat.No 6213V",12,15,60,,,,USD,EA
Penco,PENCO-6215V,Locker,10 51 13,"Penco Vanguard. Locker. 18""W x 18""D x 60""H. 1-tier. Cat.No 6215V",18,18,60,,,,USD,EA
Penco,PENCO-6217V,Locker,10 51 13,"Penco Vanguard. Locker. 18""W x 21""D x 60""H. 1-tier. Cat.No 6217V",18,21,60,,,,USD,EA
Penco,PENCO-6218V,Locker,10 51 13,"Penco Vanguard. Locker. 21""W x 21""D x 72""H. 1-tier. Cat.No 6218V",21,21,72,,,,USD,EA
Penco,PENCO-6219V,Locker,10 51 13,"Penco Vanguard. Locker. 12""W x 12""D x 72""H. 1-tier. Cat.No 6219V",12,12,72,,,,USD,EA
Penco,PENCO-6220V,Locker,10 51 13,"Penco Vanguard. Locker. 24""W x 24""D x 72""H. 1-tier. Cat.No 6220V",24,24,72,,,,USD,EA
Penco,PENCO-6221V,Locker,10 51 13,"Penco Vanguard. Double Door. 12""W x 12""D x 72""H. 1-tier. Cat.No 6221V",12,12,72,,,,USD,EA
Penco,PENCO-6223V,Locker,10 51 13,"Penco Vanguard. Double Door. 15""W x 15""D x 72""H. 1-tier. Cat.No 6223V",15,15,72,,,,USD,EA
Penco,PENCO-6225V,Locker,10 51 13,"Penco Vanguard. Double Door. 9""W x 18""D x 72""H. 1-tier. Cat.No 6225V",9,18,72,,,,USD,EA
Penco,PENCO-6227V,Locker,10 51 13,"Penco Vanguard. Locker. 24""W x 12""D x 60""H. 1-tier. Cat.No 6227V",24,12,60,,,,USD,EA
Penco,PENCO-6229V,Locker,10 51 13,"Penco Vanguard. Locker. 12""W x 15""D x 60""H. 1-tier. Cat.No 6229V",12,15,60,,,,USD,EA
Penco,PENCO-6231V,Locker,10 51 13,"Penco Vanguard. Locker. 12""W x 12""D x 72""H. 1-tier. Cat.No 6231V",12,12,72,,,,USD,EA
Penco,PENCO-6233V,Locker,10 51 13,"Penco Vanguard. Locker. 15""W x 15""D x 72""H. 1-tier. Cat.No 6233V",15,15,72,,,,USD,EA
Penco,PENCO-6235V,Locker,10 51 13,"Penco Vanguard. Locker. 18""W x 18""D x 72""H. 1-tier. Cat.No 6235V",18,18,72,,,,USD,EA
Penco,PENCO-6237V,Locker,10 51 13,"Penco Vanguard. Locker. 15""W x 18""D x 60""H. 1-tier. Cat.No 6237V",15,18,60,,,,USD,EA
Penco,PENCO-6239V,Locker,10 51 13,"Penco Vanguard. Locker. 12""W x 12""D x 72""H. 1-tier. Cat.No 6239V",12,12,72,,,,USD,EA
Penco,PENCO-6241V,Locker,10 51 13,"Penco Vanguard. Locker. 15""W x 15""D x 72""H. 1-tier. Cat.No 6241V",15,15,72,,,,USD,EA
Penco,PENCO-6243V,Locker,10 51 13,"Penco Vanguard. Locker. 18""W x 18""D x 72""H. 1-tier. Cat.No 6243V",18,18,72,,,,USD,EA
Penco,PENCO-6245V,Locker,10 51 13,"Penco Vanguard. Locker. 21""W x 21""D x 72""H. 1-tier. Cat.No 6245V",21,21,72,,,,USD,EA
Penco,PENCO-6246V,Locker,10 51 13,"Penco Vanguard. Locker. 24""W x 24""D x 72""H. 1-tier. Cat.No 6246V",24,24,72,,,,USD,EA
Penco,PENCO-6247V,Locker,10 51 13,"Penco Vanguard. Locker. 18""W x 18""D x 72""H. 1-tier. Cat.No 6247V",18,18,72,,,,USD,EA
Penco,PENCO-6249V,Locker,10 51 13,"Penco Vanguard. Locker. 21""W x 21""D x 72""H. 1-tier. Cat.No 6249V",21,21,72,,,,USD,EA
Penco,PENCO-6250V,Locker,10 51 13,"Penco Vanguard. Locker. 24""W x 24""D x 72""H. 1-tier. Cat.No 6250V",24,24,72,,,,USD,EA
Penco,PENCO-6251V,Locker,10 51 13,"Penco Vanguard. Locker. 12""W x 12""D x 84""H. 2-tier. Cat.No 6251V",12,12,84,,,,USD,EA
Penco,PENCO-6253V,Locker,10 51 13,"Penco Vanguard. Locker. 15""W x 15""D x 84""H. 2-tier. Cat.No 6253V",15,15,84,,,,USD,EA
Penco,PENCO-6255V,Locker,10 51 13,"Penco Vanguard. Locker. 12""W x 18""D x 84""H. 2-tier. Cat.No 6255V",12,18,84,,,,USD,EA
Penco,PENCO-6257V,Locker,10 51 13,"Penco Vanguard. Locker. 18""W x 21""D x 60""H. 1-tier. Cat.No 6257V",18,21,60,,,,USD,EA
Penco,PENCO-6258V,Locker,10 51 13,"Penco Vanguard. Locker. 21""W x 24""D x 60""H. 1-tier. Cat.No 6258V",21,24,60,,,,USD,EA
Penco,PENCO-6259V,Locker,10 51 13,"Penco Vanguard. Locker. 15""W x 15""D x 72""H. 1-tier. Cat.No 6259V",15,15,72,,,,USD,EA
Penco,PENCO-6261V,Locker,10 51 13,"Penco Vanguard. Locker. 15""W x 15""D x 84""H. 2-tier. Cat.No 6261V",15,15,84,,,,USD,EA
Penco,PENCO-6263V,Locker,10 51 13,"Penco Vanguard. Locker. 15""W x 18""D x 84""H. 2-tier. Cat.No 6263V",15,18,84,,,,USD,EA
Penco,PENCO-6271V,Locker,10 51 13,"Penco Vanguard. Locker. 24""W x 18""D x 72""H. 1-tier. Cat.No 6271V",24,18,72,,,,USD,EA
Penco,PENCO-6273V,Locker,10 51 13,"Penco Vanguard. Locker. 21""W x 21""D x 72""H. 1-tier. Cat.No 6273V",21,21,72,,,,USD,EA
Penco,PENCO-6274V,Locker,10 51 13,"Penco Vanguard. Locker. 24""W x 24""D x 72""H. 1-tier. Cat.No 6274V",24,24,72,,,,USD,EA
Penco,PENCO-6279V,Locker,10 51 13,"Penco Vanguard. Locker. 12""W x 15""D x 60""H. 1-tier. Cat.No 6279V",12,15,60,,,,USD,EA
Penco,PENCO-6281V,Locker,10 51 13,"Penco Vanguard. Locker. 18""W x 18""D x 60""H. 1-tier. Cat.No 6281V",18,18,60,,,,USD,EA
Penco,PENCO-6283V,Locker,10 51 13,"Penco Vanguard. Locker. 18""W x 21""D x 60""H. 1-tier. Cat.No 6283V",18,21,60,,,,USD,EA
Penco,PENCO-6285V,Locker,10 51 13,"Penco Vanguard. Locker. 21""W x 24""D x 60""H. 1-tier. Cat.No 6285V",21,24,60,,,,USD,EA
Penco,PENCO-6292V,Locker,10 51 13,"Penco Vanguard. Locker. 15""W x 24""D x 60""H. 2-tier. Cat.No 6292V",15,24,60,,,,USD,EA
Penco,PENCO-6308V,Locker,10 51 13,"Penco Vanguard. Locker. 18""W x 12""D x 60""H. 2-tier. Cat.No 6308V",18,12,60,,,,USD,EA
Penco,PENCO-6312V,Locker,10 51 13,"Penco Vanguard. Locker. 15""W x 24""D x 60""H. 2-tier. Cat.No 6312V",15,24,60,,,,USD,EA
Penco,PENCO-6401V,Locker,10 51 13,"Penco Vanguard. Locker. 12""W x 12""D x 60""H. 2-tier. Cat.No 6401V",12,12,60,,,,USD,EA
Penco,PENCO-6403V,Locker,10 51 13,"Penco Vanguard. Locker. 12""W x 15""D x 60""H. 2-tier. Cat.No 6403V",12,15,60,,,,USD,EA
Penco,PENCO-6405V,Locker,10 51 13,"Penco Vanguard. Locker. 15""W x 18""D x 60""H. 2-tier. Cat.No 6405V",15,18,60,,,,USD,EA
Penco,PENCO-6407V,Locker,10 51 13,"Penco Vanguard. Locker. 18""W x 12""D x 60""H. 2-tier. Cat.No 6407V",18,12,60,,,,USD,EA
Penco,PENCO-6409V,Locker,10 51 13,"Penco Vanguard. Locker. 21""W x 15""D x 60""H. 2-tier. Cat.No 6409V",21,15,60,,,,USD,EA
Penco,PENCO-6411V,Locker,10 51 13,"Penco Vanguard. Locker. 24""W x 18""D x 60""H. 2-tier. Cat.No 6411V",24,18,60,,,,USD,EA
Penco,PENCO-6449V,Locker,10 51 13,"Penco Vanguard. Locker. 12""W x 21""D x 60""H. 2-tier. Cat.No 6449V",12,21,60,,,,USD,EA
Penco,PENCO-6451V,Locker,10 51 13,"Penco Vanguard. Locker. 21""W x 15""D x 60""H. 2-tier. Cat.No 6451V",21,15,60,,,,USD,EA
Penco,PENCO-6453V,Locker,10 51 13,"Penco Vanguard. Locker. 24""W x 18""D x 60""H. 2-tier. Cat.No 6453V",24,18,60,,,,USD,EA
Penco,PENCO-6455V,Locker,10 51 13,"Penco Vanguard. Locker. 12""W x 21""D x 60""H. 2-tier. Cat.No 6455V",12,21,60,,,,USD,EA
Penco,PENCO-6701V,Locker,10 51 13,"Penco Vanguard. Locker. 15""W x 15""D x 72""H. 1-tier. Cat.No 6701V",15,15,72,,,,USD,EA
Penco,PENCO-6702V,Locker,10 51 13,"Penco Vanguard. Locker. 21""W x 21""D x 84""H. 2-tier. Cat.No 6702V",21,21,84,,,,USD,EA
Penco,PENCO-6703V,Locker,10 51 13,"Penco Vanguard. Locker. 24""W x 24""D x 84""H. 2-tier. Cat.No 6703V",24,24,84,,,,USD,EA
Penco,PENCO-6704V,Locker,10 51 13,"Penco Vanguard. Locker. 21""W x 21""D x 84""H. 2-tier. Cat.No 6704V",21,21,84,,,,USD,EA
Penco,PENCO-6705V,Locker,10 51 13,"Penco Vanguard. Locker. 24""W x 24""D x 84""H. 2-tier. Cat.No 6705V",24,24,84,,,,USD,EA
Penco,PENCO-6706V,Locker,10 51 13,"Penco Vanguard. Locker. 12""W x 12""D x 84""H. 2-tier. Cat.No 6706V",12,12,84,,,,USD,EA
Penco,PENCO-6707V,Locker,10 51 13,"Penco Vanguard. Locker. 15""W x 15""D x 84""H. 2-tier. Cat.No 6707V",15,15,84,,,,USD,EA
Penco,PENCO-6708V,Locker,10 51 13,"Penco Vanguard. Locker. 18""W x 18""D x 84""H. 2-tier. Cat.No 6708V",18,18,84,,,,USD,EA
Penco,PENCO-6709V,Locker,10 51 13,"Penco Vanguard. Locker. 18""W x 21""D x 84""H. 2-tier. Cat.No 6709V",18,21,84,,,,USD,EA
Penco,PENCO-6710V,Locker,10 51 13,"Penco Vanguard. Locker. 24""W x 24""D x 84""H. 2-tier. Cat.No 6710V",24,24,84,,,,USD,EA
Penco,PENCO-6729V,Locker,10 51 13,"Penco Vanguard. Locker. 18""W x 12""D x 60""H. 2-tier. Cat.No 6729V",18,12,60,,,,USD,EA
Penco,PENCO-6730V,Locker,10 51 13,"Penco Vanguard. Locker. 21""W x 15""D x 60""H. 2-tier. Cat.No 6730V",21,15,60,,,,USD,EA
Penco,PENCO-6731V,Locker,10 51 13,"Penco Vanguard. Locker. 18""W x 18""D x 60""H. 2-tier. Cat.No 6731V",18,18,60,,,,USD,EA
Penco,PENCO-6732V,Locker,10 51 13,"Penco Vanguard. Locker. 073""W x 21""D x 60""H. 2-tier. Cat.No 6732V",073,21,60,,,,USD,EA
Penco,PENCO-6733V,Locker,10 51 13,"Penco Vanguard. Locker. 24""W x 24""D x 60""H. 2-tier. Cat.No 6733V",24,24,60,,,,USD,EA
Penco,PENCO-6788V,Locker,10 51 13,"Penco Vanguard. Locker. 12""W x 15""D x 84""H. 1-tier. Cat.No 6788V",12,15,84,,,,USD,EA
Penco,PENCO-6789V,Locker,10 51 13,"Penco Vanguard. Locker. 18""W x 18""D x 84""H. 1-tier. Cat.No 6789V",18,18,84,,,,USD,EA
Penco,PENCO-6044V,Locker,10 51 13,"Penco Vanguard. 3-Tier Box Locker. 12""W x 12""D x 37""H. 3-tier. Cat.No 6044V",12,12,37,,,,USD,EA
Penco,PENCO-6045V,Locker,10 51 13,"Penco Vanguard. 3-Tier Box Locker. 15""W x 15""D x 37""H. 3-tier. Cat.No 6045V",15,15,37,,,,USD,EA
Penco,PENCO-6046V,Locker,10 51 13,"Penco Vanguard. 3-Tier Box Locker. 12""W x 18""D x 37""H. 3-tier. Cat.No 6046V",12,18,37,,,,USD,EA
Penco,PENCO-6300V,Locker,10 51 13,"Penco Vanguard. 3-Tier Box Locker. 15""W x 12""D x 72""H. 3-tier. Cat.No 6300V",15,12,72,,,,USD,EA
Penco,PENCO-6301V,Locker,10 51 13,"Penco Vanguard. 3-Tier Box Locker. 12""W x 12""D x 60""H. 3-tier. Cat.No 6301V",12,12,60,,,,USD,EA
Penco,PENCO-6303V,Locker,10 51 13,"Penco Vanguard. 3-Tier Box Locker. 9""W x 9""D x 60""H. 3-tier. Cat.No 6303V",9,9,60,,,,USD,EA
Penco,PENCO-6305V,Locker,10 51 13,"Penco Vanguard. 3-Tier Box Locker. 9""W. 3-tier. Cat.No 6305V",9,,,,,,USD,EA
Penco,PENCO-6307V,Locker,10 51 13,"Penco Vanguard. 3-Tier Box Locker. 9""W. 3-tier. Cat.No 6307V",9,,,,,,USD,EA
Penco,PENCO-6309V,Locker,10 51 13,"Penco Vanguard. 3-Tier Box Locker. 9""W. 3-tier. Cat.No 6309V",9,,,,,,USD,EA
Penco,PENCO-6311V,Locker,10 51 13,"Penco Vanguard. 3-Tier Box Locker. 9""W. 3-tier. Cat.No 6311V",9,,,,,,USD,EA
Penco,PENCO-6313V,Locker,10 51 13,"Penco Vanguard. 3-Tier Box Locker. 24""W x 12""D x 72""H. 3-tier. Cat.No 6313V",24,12,72,,,,USD,EA
Penco,PENCO-6315V,Locker,10 51 13,"Penco Vanguard. 3-Tier Box Locker. 12""W x 15""D x 72""H. 3-tier. Cat.No 6315V",12,15,72,,,,USD,EA
Penco,PENCO-6317V,Locker,10 51 13,"Penco Vanguard. 3-Tier Box Locker. 9""W x 18""D x 72""H. 3-tier. Cat.No 6317V",9,18,72,,,,USD,EA
Penco,PENCO-6318V,Locker,10 51 13,"Penco Vanguard. 3-Tier Box Locker. 15""W x 21""D x 72""H. 3-tier. Cat.No 6318V",15,21,72,,,,USD,EA
Penco,PENCO-6319V,Locker,10 51 13,"Penco Vanguard. 3-Tier Box Locker. 12""W x 12""D x 72""H. 3-tier. Cat.No 6319V",12,12,72,,,,USD,EA
Penco,PENCO-6320V,Locker,10 51 13,"Penco Vanguard. 3-Tier Box Locker. 21""W x 24""D x 72""H. 3-tier. Cat.No 6320V",21,24,72,,,,USD,EA
Penco,PENCO-6321V,Locker,10 51 13,"Penco Vanguard. 3-Tier Box Locker. 15""W x 15""D x 72""H. 3-tier. Cat.No 6321V",15,15,72,,,,USD,EA
Penco,PENCO-6322V,Locker,10 51 13,"Penco Vanguard. 4-Tier Box Locker. 9""W x 15""D x 60""H. 4-tier. Cat.No 6322V",9,15,60,,,,USD,EA
Penco,PENCO-6323V,Locker,10 51 13,"Penco Vanguard. 3-Tier Box Locker. 12""W x 18""D x 72""H. 3-tier. Cat.No 6323V",12,18,72,,,,USD,EA
Penco,PENCO-6324V,Locker,10 51 13,"Penco Vanguard. 4-Tier Box Locker. 15""W x 18""D x 60""H. 4-tier. Cat.No 6324V",15,18,60,,,,USD,EA
Penco,PENCO-6325V,Locker,10 51 13,"Penco Vanguard. 4-Tier Box Locker. 18""W x 12""D x 60""H. 4-tier. Cat.No 6325V",18,12,60,,,,USD,EA
Penco,PENCO-6327V,Locker,10 51 13,"Penco Vanguard. 4-Tier Box Locker. 21""W x 15""D x 60""H. 4-tier. Cat.No 6327V",21,15,60,,,,USD,EA
Penco,PENCO-6329V,Locker,10 51 13,"Penco Vanguard. 4-Tier Box Locker. 12""W x 18""D x 60""H. 4-tier. Cat.No 6329V",12,18,60,,,,USD,EA
Penco,PENCO-6331V,Locker,10 51 13,"Penco Vanguard. 3-Tier Box Locker. 21""W x 20/60""D x 72""H. 3-tier. Cat.No 6331V",21,20/60,72,,,,USD,EA
Penco,PENCO-6332V,Locker,10 51 13,"Penco Vanguard. 3-Tier Box Locker. 12""W x 12""D x 60""H. 3-tier. Cat.No 6332V",12,12,60,,,,USD,EA
Penco,PENCO-6333V,Locker,10 51 13,"Penco Vanguard. 3-Tier Box Locker. 15""W x 15""D x 60""H. 3-tier. Cat.No 6333V",15,15,60,,,,USD,EA
Penco,PENCO-6334V,Locker,10 51 13,"Penco Vanguard. 3-Tier Box Locker. 15""W x 18""D x 60""H. 3-tier. Cat.No 6334V",15,18,60,,,,USD,EA
Penco,PENCO-6335V,Locker,10 51 13,"Penco Vanguard. 3-Tier Box Locker. 18""W x 18""D x 72""H. 3-tier. Cat.No 6335V",18,18,72,,,,USD,EA
Penco,PENCO-6336V,Locker,10 51 13,"Penco Vanguard. 3-Tier Box Locker. 18""W x 15""D x 72""H. 3-tier. Cat.No 6336V",18,15,72,,,,USD,EA
Penco,PENCO-6337V,Locker,10 51 13,"Penco Vanguard. 3-Tier Box Locker. 24""W x 15""D x 72""H. 3-tier. Cat.No 6337V",24,15,72,,,,USD,EA
Penco,PENCO-6338V,Locker,10 51 13,"Penco Vanguard. 3-Tier Box Locker. 12""W x 21""D x 60""H. 3-tier. Cat.No 6338V",12,21,60,,,,USD,EA
Penco,PENCO-6339V,Locker,10 51 13,"Penco Vanguard. 3-Tier Box Locker. 15""W x 18""D x 72""H. 3-tier. Cat.No 6339V",15,18,72,,,,USD,EA
Penco,PENCO-6340V,Locker,10 51 13,"Penco Vanguard. 3-Tier Box Locker. 15""W x 24""D x 60""H. 3-tier. Cat.No 6340V",15,24,60,,,,USD,EA
Penco,PENCO-6341V,Locker,10 51 13,"Penco Vanguard. 3-Tier Box Locker. 18""W x 12""D x 60""H. 3-tier. Cat.No 6341V",18,12,60,,,,USD,EA
Penco,PENCO-6342V,Locker,10 51 13,"Penco Vanguard. 3-Tier Box Locker. 21""W x 15""D x 60""H. 3-tier. Cat.No 6342V",21,15,60,,,,USD,EA
Penco,PENCO-6343V,Locker,10 51 13,"Penco Vanguard. 4-Tier Box Locker. 15""W x 12""D x 60""H. 4-tier. Cat.No 6343V",15,12,60,,,,USD,EA
Penco,PENCO-6344V,Locker,10 51 13,"Penco Vanguard. 3-Tier Box Locker. 24""W x 18""D x 60""H. 3-tier. Cat.No 6344V",24,18,60,,,,USD,EA
Penco,PENCO-6345V,Locker,10 51 13,"Penco Vanguard. 4-Tier Box Locker. 18""W x 15""D x 60""H. 4-tier. Cat.No 6345V",18,15,60,,,,USD,EA
Penco,PENCO-6346V,Locker,10 51 13,"Penco Vanguard. 3-Tier Box Locker. 12""W x 21""D x 60""H. 3-tier. Cat.No 6346V",12,21,60,,,,USD,EA
Penco,PENCO-6347V,Locker,10 51 13,"Penco Vanguard. 4-Tier Box Locker. 12""W x 18""D x 60""H. 4-tier. Cat.No 6347V",12,18,60,,,,USD,EA
Penco,PENCO-6348V,Locker,10 51 13,"Penco Vanguard. 3-Tier Box Locker. 15""W x 24""D x 60""H. 3-tier. Cat.No 6348V",15,24,60,,,,USD,EA
Penco,PENCO-6349V,Locker,10 51 13,"Penco Vanguard. 3-Tier Box Locker. 9""W. 3-tier. Cat.No 6349V",9,,,,,,USD,EA
Penco,PENCO-6351V,Locker,10 51 13,"Penco Vanguard. 3-Tier Box Locker. 12""W x 15""D x 60""H. 3-tier. Cat.No 6351V",12,15,60,,,,USD,EA
Penco,PENCO-6356V,Locker,10 51 13,"Penco Vanguard. 3-Tier Box Locker. 24""W x 12""D x 60""H. 3-tier. Cat.No 6356V",24,12,60,,,,USD,EA
Penco,PENCO-6372V,Locker,10 51 13,"Penco Vanguard. 3-Tier Box Locker. 24/72""W x 12""D x 72""H. 3-tier. Cat.No 6372V",24/72,12,72,,,,USD,EA
Penco,PENCO-6393V,Locker,10 51 13,"Penco Vanguard. 3-Tier Box Locker. 18""W x 3""D x 60""H. 3-tier. Cat.No 6393V",18,3,60,,,,USD,EA
Penco,PENCO-6394V,Locker,10 51 13,"Penco Vanguard. 3-Tier Box Locker. 15""W x 15""D x 72""H. 3-tier. Cat.No 6394V",15,15,72,,,,USD,EA
Penco,PENCO-6395V,Locker,10 51 13,"Penco Vanguard. 3-Tier Box Locker. 18""W x 21""D x 72""H. 3-tier. Cat.No 6395V",18,21,72,,,,USD,EA
Penco,PENCO-6396V,Locker,10 51 13,"Penco Vanguard. 3-Tier Box Locker. 18""W x 18""D x 72""H. 3-tier. Cat.No 6396V",18,18,72,,,,USD,EA
Penco,PENCO-6397V,Locker,10 51 13,"Penco Vanguard. 3-Tier Box Locker. 15""W x 18""D x 60""H. 3-tier. Cat.No 6397V",15,18,60,,,,USD,EA
Penco,PENCO-6399V,Locker,10 51 13,"Penco Vanguard. 3-Tier Box Locker. 24/72""W x 21""D x 72""H. 3-tier. Cat.No 6399V",24/72,21,72,,,,USD,EA
Penco,PENCO-6406V,Locker,10 51 13,"Penco Vanguard. 3-Tier Box Locker. 24""W x 24""D x 60""H. 3-tier. Cat.No 6406V",24,24,60,,,,USD,EA
Penco,PENCO-6408V,Locker,10 51 13,"Penco Vanguard. 3-Tier Box Locker. 9""W. 3-tier. Cat.No 6408V",9,,,,,,USD,EA
Penco,PENCO-6413V,Locker,10 51 13,"Penco Vanguard. 3-Tier Box Locker. 12""W x 12""D x 72""H. 3-tier. Cat.No 6413V",12,12,72,,,,USD,EA
Penco,PENCO-6415V,Locker,10 51 13,"Penco Vanguard. 3-Tier Box Locker. 15""W x 15""D x 72""H. 3-tier. Cat.No 6415V",15,15,72,,,,USD,EA
Penco,PENCO-6417V,Locker,10 51 13,"Penco Vanguard. 3-Tier Box Locker. 9""W x 18""D x 72""H. 3-tier. Cat.No 6417V",9,18,72,,,,USD,EA
Penco,PENCO-6418V,Locker,10 51 13,"Penco Vanguard. 3-Tier Box Locker. 21""W x 21""D x 72""H. 3-tier. Cat.No 6418V",21,21,72,,,,USD,EA
Penco,PENCO-6419V,Locker,10 51 13,"Penco Vanguard. 3-Tier Box Locker. 12""W x 12""D x 72""H. 3-tier. Cat.No 6419V",12,12,72,,,,USD,EA
Penco,PENCO-6420V,Locker,10 51 13,"Penco Vanguard. 3-Tier Box Locker. 21""W x 24""D x 72""H. 3-tier. Cat.No 6420V",21,24,72,,,,USD,EA
Penco,PENCO-6421V,Locker,10 51 13,"Penco Vanguard. 3-Tier Box Locker. 15""W x 15""D x 72""H. 3-tier. Cat.No 6421V",15,15,72,,,,USD,EA
Penco,PENCO-6423V,Locker,10 51 13,"Penco Vanguard. 3-Tier Box Locker. 12""W x 18""D x 72""H. 3-tier. Cat.No 6423V",12,18,72,,,,USD,EA
Penco,PENCO-6427V,Locker,10 51 13,"Penco Vanguard. 3-Tier Box Locker. 24/72""W x 24""D x 72""H. 3-tier. Cat.No 6427V",24/72,24,72,,,,USD,EA
Penco,PENCO-6428V,Locker,10 51 13,"Penco Vanguard. 3-Tier Box Locker. 12""W x 12""D x 72""H. 3-tier. Cat.No 6428V",12,12,72,,,,USD,EA
Penco,PENCO-6430V,Locker,10 51 13,"Penco Vanguard. 3-Tier Box Locker. 18""W x 21""D x 72""H. 3-tier. Cat.No 6430V",18,21,72,,,,USD,EA
Penco,PENCO-6431V,Locker,10 51 13,"Penco Vanguard. 3-Tier Box Locker. 24/72""W x 15""D x 72""H. 3-tier. Cat.No 6431V",24/72,15,72,,,,USD,EA
Penco,PENCO-6432V,Locker,10 51 13,"Penco Vanguard. 3-Tier Box Locker. 12""W x 24""D x 72""H. 3-tier. Cat.No 6432V",12,24,72,,,,USD,EA
Penco,PENCO-6433V,Locker,10 51 13,"Penco Vanguard. 3-Tier Box Locker. 15""W x 18""D x 72""H. 3-tier. Cat.No 6433V",15,18,72,,,,USD,EA
Penco,PENCO-6472V,Locker,10 51 13,"Penco Vanguard. 3-Tier Box Locker. 24""D x 72""H. 3-tier. Cat.No 6472V",,24,72,,,,USD,EA
Penco,PENCO-6492V,Locker,10 51 13,"Penco Vanguard. 3-Tier Box Locker. 9""W. 3-tier. Cat.No 6492V",9,,,,,,USD,EA
Penco,PENCO-6494V,Locker,10 51 13,"Penco Vanguard. 3-Tier Box Locker. 24""D x 72""H. 3-tier. Cat.No 6494V",,24,72,,,,USD,EA
Penco,PENCO-6496V,Locker,10 51 13,"Penco Vanguard. 3-Tier Box Locker. 18""W x 18""D x 72""H. 3-tier. Cat.No 6496V",18,18,72,,,,USD,EA
Penco,PENCO-6499V,Locker,10 51 13,"Penco Vanguard. 3-Tier Box Locker. 24""D x 72""H. 3-tier. Cat.No 6499V",,24,72,,,,USD,EA
Penco,PENCO-6530V,Locker,10 51 13,"Penco Vanguard. 4-Tier Box Locker. 21""W x 21""D x 60""H. 4-tier. Cat.No 6530V",21,21,60,,,,USD,EA
Penco,PENCO-6532V,Locker,10 51 13,"Penco Vanguard. 4-Tier Box Locker. 21""W x 24""D x 60""H. 4-tier. Cat.No 6532V",21,24,60,,,,USD,EA
Penco,PENCO-6534V,Locker,10 51 13,"Penco Vanguard. 3-Tier Box Locker. 21""W x 24""D x 60""H. 3-tier. Cat.No 6534V",21,24,60,,,,USD,EA
Penco,PENCO-6612V,Locker,10 51 13,"Penco Vanguard. 3-Tier Box Locker. 24""W x 24""D x 60""H. 3-tier. Cat.No 6612V",24,24,60,,,,USD,EA
Penco,PENCO-6627V,Locker,10 51 13,"Penco Vanguard. 3-Tier Box Locker. 21""W x 24""D x 72""H. 3-tier. Cat.No 6627V",21,24,72,,,,USD,EA
Penco,PENCO-6628V,Locker,10 51 13,"Penco Vanguard. 3-Tier Box Locker. 21""W x 21""D x 72""H. 3-tier. Cat.No 6628V",21,21,72,,,,USD,EA
Penco,PENCO-6629V,Locker,10 51 13,"Penco Vanguard. 3-Tier Box Locker. 12""W x 12""D x 60""H. 3-tier. Cat.No 6629V",12,12,60,,,,USD,EA
Penco,PENCO-6630V,Locker,10 51 13,"Penco Vanguard. 3-Tier Box Locker. 15""W x 15""D x 60""H. 3-tier. Cat.No 6630V",15,15,60,,,,USD,EA
Penco,PENCO-6631V,Locker,10 51 13,"Penco Vanguard. 3-Tier Box Locker. 18""W x 18""D x 60""H. 3-tier. Cat.No 6631V",18,18,60,,,,USD,EA
Penco,PENCO-6632V,Locker,10 51 13,"Penco Vanguard. 3-Tier Box Locker. 21""W x 21""D x 60""H. 3-tier. Cat.No 6632V",21,21,60,,,,USD,EA
Penco,PENCO-6633V,Locker,10 51 13,"Penco Vanguard. 3-Tier Box Locker. 24""W x 24""D x 60""H. 3-tier. Cat.No 6633V",24,24,60,,,,USD,EA
Penco,PENCO-6634V,Locker,10 51 13,"Penco Vanguard. 3-Tier Box Locker. 12""W x 24""D x 72""H. 3-tier. Cat.No 6634V",12,24,72,,,,USD,EA
Penco,PENCO-6638V,Locker,10 51 13,"Penco Vanguard. 3-Tier Box Locker. 24""W x 21""D x 72""H. 3-tier. Cat.No 6638V",24,21,72,,,,USD,EA
Penco,PENCO-6639V,Locker,10 51 13,"Penco Vanguard. 5-Tier Box Locker. 21""W x 24""D x 72""H. 5-tier. Cat.No 6639V",21,24,72,,,,USD,EA
Penco,PENCO-6711V,Locker,10 51 13,"Penco Vanguard. 3-Tier Box Locker. 21""W x 21""D x 37""H. 3-tier. Cat.No 6711V",21,21,37,,,,USD,EA
Penco,PENCO-6712V,Locker,10 51 13,"Penco Vanguard. 3-Tier Box Locker. 24""W x 24""D x 37""H. 3-tier. Cat.No 6712V",24,24,37,,,,USD,EA
Penco,PENCO-6713V,Locker,10 51 13,"Penco Vanguard. 5-Tier Box Locker. 24""W x 12""D x 37""H. 5-tier. Cat.No 6713V",24,12,37,,,,USD,EA
Penco,PENCO-6714V,Locker,10 51 13,"Penco Vanguard. 5-Tier Box Locker. 12""D x 37""H. 5-tier. Cat.No 6714V",,12,37,,,,USD,EA
Penco,PENCO-6715V,Locker,10 51 13,"Penco Vanguard. 4-Tier Box Locker. 12""D x 37""H. 4-tier. Cat.No 6715V",,12,37,,,,USD,EA
Penco,PENCO-6716V,Locker,10 51 13,"Penco Vanguard. 4-Tier Box Locker. 21""W x 21""D x 37""H. 4-tier. Cat.No 6716V",21,21,37,,,,USD,EA
Penco,PENCO-6717V,Locker,10 51 13,"Penco Vanguard. 4-Tier Box Locker. 24""W x 24""D x 37""H. 4-tier. Cat.No 6717V",24,24,37,,,,USD,EA
Penco,PENCO-6718V,Locker,10 51 13,"Penco Vanguard. 4-Tier Box Locker. 24""W x 12""D x 37""H. 4-tier. Cat.No 6718V",24,12,37,,,,USD,EA
Penco,PENCO-6719V,Locker,10 51 13,"Penco Vanguard. 4-Tier Box Locker. 15""W x 15""D x 37""H. 4-tier. Cat.No 6719V",15,15,37,,,,USD,EA
Penco,PENCO-6720V,Locker,10 51 13,"Penco Vanguard. 4-Tier Box Locker. 18""W x 18""D x 37""H. 4-tier. Cat.No 6720V",18,18,37,,,,USD,EA
Penco,PENCO-6721V,Locker,10 51 13,"Penco Vanguard. 4-Tier Box Locker. 21""W x 21""D x 37""H. 4-tier. Cat.No 6721V",21,21,37,,,,USD,EA
Penco,PENCO-6722V,Locker,10 51 13,"Penco Vanguard. 4-Tier Box Locker. 24""W x 24""D x 37""H. 4-tier. Cat.No 6722V",24,24,37,,,,USD,EA
Penco,PENCO-6723V,Locker,10 51 13,"Penco Vanguard. 3-Tier Box Locker. 9""W. 3-tier. Cat.No 6723V",9,,,,,,USD,EA
Penco,PENCO-6724V,Locker,10 51 13,"Penco Vanguard. 3-Tier Box Locker. 15""W x 18""D x 60""H. 3-tier. Cat.No 6724V",15,18,60,,,,USD,EA
Penco,PENCO-6725V,Locker,10 51 13,"Penco Vanguard. 3-Tier Box Locker. 21""W x 21""D x 60""H. 3-tier. Cat.No 6725V",21,21,60,,,,USD,EA
Penco,PENCO-6727V,Locker,10 51 13,"Penco Vanguard. 3-Tier Box Locker. 24""D x 72""H. 3-tier. Cat.No 6727V",,24,72,,,,USD,EA
Penco,PENCO-6728V,Locker,10 51 13,"Penco Vanguard. 3-Tier Box Locker. 18""W x 24""D x 72""H. 3-tier. Cat.No 6728V",18,24,72,,,,USD,EA
Penco,PENCO-6734V,Locker,10 51 13,"Penco Vanguard. 3-Tier Box Locker. 18""W x 24""D x 72""H. 3-tier. Cat.No 6734V",18,24,72,,,,USD,EA
Penco,PENCO-6735V,Locker,10 51 13,"Penco Vanguard. 3-Tier Box Locker. 12""W x 12""D x 72""H. 3-tier. Cat.No 6735V",12,12,72,,,,USD,EA
Penco,PENCO-6736V,Locker,10 51 13,"Penco Vanguard. 3-Tier Box Locker. 12""W. 3-tier. Cat.No 6736V",12,,,,,,USD,EA
Penco,PENCO-6737V,Locker,10 51 13,"Penco Vanguard. 3-Tier Box Locker. 12""W x 18""D x 18""H. 3-tier. Cat.No 6737V",12,18,18,,,,USD,EA
Penco,PENCO-6738V,Locker,10 51 13,"Penco Vanguard. 3-Tier Box Locker. 12""W. 3-tier. Cat.No 6738V",12,,,,,,USD,EA
Penco,PENCO-6739V,Locker,10 51 13,"Penco Vanguard. 3-Tier Box Locker. 12""W. 3-tier. Cat.No 6739V",12,,,,,,USD,EA
Penco,PENCO-6746V,Locker,10 51 13,"Penco Vanguard. 4-Tier Box Locker. 24""W x 12""D x 60""H. 4-tier. Cat.No 6746V",24,12,60,,,,USD,EA
Penco,PENCO-6747V,Locker,10 51 13,"Penco Vanguard. 3-Tier Box Locker. 12""W x 12""D x 72""H. 3-tier. Cat.No 6747V",12,12,72,,,,USD,EA
Penco,PENCO-6748V,Locker,10 51 13,"Penco Vanguard. 3-Tier Box Locker. 9""W x 15""D x 72""H. 3-tier. Cat.No 6748V",9,15,72,,,,USD,EA
Penco,PENCO-6749V,Locker,10 51 13,"Penco Vanguard. 3-Tier Box Locker. 18""W x 18""D x 72""H. 3-tier. Cat.No 6749V",18,18,72,,,,USD,EA
Penco,PENCO-6750V,Locker,10 51 13,"Penco Vanguard. 3-Tier Box Locker. 15""W x 12""D x 72""H. 3-tier. Cat.No 6750V",15,12,72,,,,USD,EA
Penco,PENCO-6751V,Locker,10 51 13,"Penco Vanguard. 3-Tier Box Locker. 18""W x 15""D x 72""H. 3-tier. Cat.No 6751V",18,15,72,,,,USD,EA
Penco,PENCO-6752V,Locker,10 51 13,"Penco Vanguard. 3-Tier Box Locker. 18""W x 18""D x 72""H. 3-tier. Cat.No 6752V",18,18,72,,,,USD,EA
Penco,PENCO-6753V,Locker,10 51 13,"Penco Vanguard. 3-Tier Box Locker. 24""W x 21""D x 72""H. 3-tier. Cat.No 6753V",24,21,72,,,,USD,EA
Penco,PENCO-6754V,Locker,10 51 13,"Penco Vanguard. 3-Tier Box Locker. 24""W x 24""D x 72""H. 3-tier. Cat.No 6754V",24,24,72,,,,USD,EA
Penco,PENCO-6755V,Locker,10 51 13,"Penco Vanguard. 3-Tier Box Locker. 15""W x 12""D x 72""H. 3-tier. Cat.No 6755V",15,12,72,,,,USD,EA
Penco,PENCO-6756V,Locker,10 51 13,"Penco Vanguard. 3-Tier Box Locker. 21""W x 15""D x 72""H. 3-tier. Cat.No 6756V",21,15,72,,,,USD,EA
Penco,PENCO-6757V,Locker,10 51 13,"Penco Vanguard. 3-Tier Box Locker. 24""W x 18""D x 72""H. 3-tier. Cat.No 6757V",24,18,72,,,,USD,EA
Penco,PENCO-6758V,Locker,10 51 13,"Penco Vanguard. 3-Tier Box Locker. 12""W x 21""D x 72""H. 3-tier. Cat.No 6758V",12,21,72,,,,USD,EA
Penco,PENCO-6759V,Locker,10 51 13,"Penco Vanguard. 3-Tier Box Locker. 21""W x 12""D x 60""H. 3-tier. Cat.No 6759V",21,12,60,,,,USD,EA
Penco,PENCO-6760V,Locker,10 51 13,"Penco Vanguard. 4-Tier Box Locker. 18""W x 12""D x 60""H. 4-tier. Cat.No 6760V",18,12,60,,,,USD,EA
Penco,PENCO-6761V,Locker,10 51 13,"Penco Vanguard. 4-Tier Box Locker. 9""W x 15""D x 60""H. 4-tier. Cat.No 6761V",9,15,60,,,,USD,EA
Penco,PENCO-6762V,Locker,10 51 13,"Penco Vanguard. 4-Tier Box Locker. 12""W x 18""D x 60""H. 4-tier. Cat.No 6762V",12,18,60,,,,USD,EA
Penco,PENCO-6763V,Locker,10 51 13,"Penco Vanguard. 3-Tier Box Locker. 18""W x 21""D x 60""H. 3-tier. Cat.No 6763V",18,21,60,,,,USD,EA
Penco,PENCO-6764V,Locker,10 51 13,"Penco Vanguard. 3-Tier Box Locker. 24""W x 12""D x 60""H. 3-tier. Cat.No 6764V",24,12,60,,,,USD,EA
Penco,PENCO-6765V,Locker,10 51 13,"Penco Vanguard. 3-Tier Box Locker. 12""W x 15""D x 60""H. 3-tier. Cat.No 6765V",12,15,60,,,,USD,EA
Penco,PENCO-6766V,Locker,10 51 13,"Penco Vanguard. 3-Tier Box Locker. 18""W x 18""D x 60""H. 3-tier. Cat.No 6766V",18,18,60,,,,USD,EA
Penco,PENCO-6767V,Locker,10 51 13,"Penco Vanguard. 3-Tier Box Locker. 21""W x 21""D x 60""H. 3-tier. Cat.No 6767V",21,21,60,,,,USD,EA
Penco,PENCO-6768V,Locker,10 51 13,"Penco Vanguard. 3-Tier Box Locker. 24""W x 24""D x 60""H. 3-tier. Cat.No 6768V",24,24,60,,,,USD,EA
Penco,PENCO-6070V,Locker,10 51 13,"Penco Vanguard. 5-Tier Box Locker. 12""W x 12""D x 72""H. 5-tier. Cat.No 6070V",12,12,72,,,,USD,EA
Penco,PENCO-6071V,Locker,10 51 13,"Penco Vanguard. 9-Tier Box Locker. 12""W x 12""D x 72""H. 9-tier. Cat.No 6071V",12,12,72,,,,USD,EA
Penco,PENCO-6353V,Locker,10 51 13,"Penco Vanguard. 9-Tier Box Locker. 12""W x 4""D x 72""H. 9-tier. Cat.No 6353V",12,4,72,,,,USD,EA
Penco,PENCO-6355V,Locker,10 51 13,"Penco Vanguard. 9-Tier Box Locker. 12""W x 4""D x 72""H. 9-tier. Cat.No 6355V",12,4,72,,,,USD,EA
Penco,PENCO-6357V,Locker,10 51 13,"Penco Vanguard. 9-Tier Box Locker. 12""W x 4""D x 72""H. 9-tier. Cat.No 6357V",12,4,72,,,,USD,EA
Penco,PENCO-6359V,Locker,10 51 13,"Penco Vanguard. Wall Mount. 12""W x 4""D x 72""H. Cat.No 6359V",12,4,72,,,,USD,EA
Penco,PENCO-6361V,Locker,10 51 13,"Penco Vanguard. Wall Mount. 12""W x 15""D x 18""H. Cat.No 6361V",12,15,18,,,,USD,EA
Penco,PENCO-6363V,Locker,10 51 13,"Penco Vanguard. Box Over. 24""W x 12""D x 72""H. Cat.No 6363V",24,12,72,,,,USD,EA
Penco,PENCO-6365V,Locker,10 51 13,"Penco Vanguard. 7 Person. 18""W x 12""D x 72""H. Cat.No 6365V",18,12,72,,,,USD,EA
Penco,PENCO-6367V,Locker,10 51 13,"Penco Vanguard. 8 Person. 15""W x 15""D x 72""H. Cat.No 6367V",15,15,72,,,,USD,EA
Penco,PENCO-6369V,Locker,10 51 13,"Penco Vanguard. 8 Person. 12""W x 18""D x 72""H. Cat.No 6369V",12,18,72,,,,USD,EA
Penco,PENCO-6371V,Locker,10 51 13,"Penco Vanguard. 8 Person. 21""W x 21""D x 72""H. Cat.No 6371V",21,21,72,,,,USD,EA
Penco,PENCO-6373V,Locker,10 51 13,"Penco Vanguard. Box Over. 15""W x 15""D x 72""H. Cat.No 6373V",15,15,72,,,,USD,EA
Penco,PENCO-6374V,Locker,10 51 13,"Penco Vanguard. Wall Mount. 12""W x 4""D x 72""H. Cat.No 6374V",12,4,72,,,,USD,EA
Penco,PENCO-6375V,Locker,10 51 13,"Penco Vanguard. Box Over. 15""W x 18""D x 72""H. Cat.No 6375V",15,18,72,,,,USD,EA
Penco,PENCO-6377V,Locker,10 51 13,"Penco Vanguard. Box Over. 21""W x 21""D x 72""H. Cat.No 6377V",21,21,72,,,,USD,EA
Penco,PENCO-6378V,Locker,10 51 13,"Penco Vanguard. Box Over. 21""W x 21""D x 72""H. Cat.No 6378V",21,21,72,,,,USD,EA
Penco,PENCO-6379V,Locker,10 51 13,"Penco Vanguard. Box Over. 18""W x 18""D x 72""H. Cat.No 6379V",18,18,72,,,,USD,EA
Penco,PENCO-6435V,Locker,10 51 13,"Penco Vanguard. 2 Person. 12""W x 4""D x 72""H. 1-tier. Cat.No 6435V",12,4,72,,,,USD,EA
Penco,PENCO-6436V,Locker,10 51 13,"Penco Vanguard. Box Over. 21""W x 15""D x 72""H. Cat.No 6436V",21,15,72,,,,USD,EA
Penco,PENCO-6438V,Locker,10 51 13,"Penco Vanguard. Box Over. 15""W x 18""D x 72""H. Cat.No 6438V",15,18,72,,,,USD,EA
Penco,PENCO-6439V,Locker,10 51 13,"Penco Vanguard. Box Over. 18""W x 12""D x 72""H. Cat.No 6439V",18,12,72,,,,USD,EA
Penco,PENCO-6440V,Locker,10 51 13,"Penco Vanguard. Box Over. 21""W x 21""D x 72""H. Cat.No 6440V",21,21,72,,,,USD,EA
Penco,PENCO-6441V,Locker,10 51 13,"Penco Vanguard. Box Over. 21""W x 15""D x 72""H. Cat.No 6441V",21,15,72,,,,USD,EA
Penco,PENCO-6442V,Locker,10 51 13,"Penco Vanguard. Locker. 24""W x 24""D x 72""H. 5-tier. Cat.No 6442V",24,24,72,,,,USD,EA
Penco,PENCO-6443V,Locker,10 51 13,"Penco Vanguard. Box Over. 12""W x 18""D x 72""H. Cat.No 6443V",12,18,72,,,,USD,EA
Penco,PENCO-6444V,Locker,10 51 13,"Penco Vanguard. Box Over. 12""W x 21""D x 72""H. Cat.No 6444V",12,21,72,,,,USD,EA
Penco,PENCO-6445V,Locker,10 51 13,"Penco Vanguard. Locker. 18""W x 18""D x 72""H. 5-tier. Cat.No 6445V",18,18,72,,,,USD,EA
Penco,PENCO-6446V,Locker,10 51 13,"Penco Vanguard. Box Over. 15""W x 24""D x 72""H. Cat.No 6446V",15,24,72,,,,USD,EA
Penco,PENCO-6447V,Locker,10 51 13,"Penco Vanguard. Locker. 21""W x 21""D x 72""H. 5-tier. Cat.No 6447V",21,21,72,,,,USD,EA
Penco,PENCO-6448V,Locker,10 51 13,"Penco Vanguard. Box Over. 18""W x 12""D x 72""H. Cat.No 6448V",18,12,72,,,,USD,EA
Penco,PENCO-6450V,Locker,10 51 13,"Penco Vanguard. Locker. 12""W x 12""D x 72""H. 5-tier. Cat.No 6450V",12,12,72,,,,USD,EA
Penco,PENCO-6452V,Locker,10 51 13,"Penco Vanguard. Locker. 15""W x 15""D x 72""H. 5-tier. Cat.No 6452V",15,15,72,,,,USD,EA
Penco,PENCO-6454V,Locker,10 51 13,"Penco Vanguard. Locker. 24""W x 24""D x 72""H. 5-tier. Cat.No 6454V",24,24,72,,,,USD,EA
Penco,PENCO-6500V,Locker,10 51 13,"Penco Vanguard. Wall Mount. 12""D x 72""H. Cat.No 6500V",,12,72,,,,USD,EA
Penco,PENCO-6501V,Locker,10 51 13,"Penco Vanguard. Wall Mount. 15""D x 72""H. Cat.No 6501V",,15,72,,,,USD,EA
Penco,PENCO-6503V,Locker,10 51 13,"Penco Vanguard. Wall Mount. 18""D x 72""H. Cat.No 6503V",,18,72,,,,USD,EA
Penco,PENCO-6505V,Locker,10 51 13,"Penco Vanguard. Wall Mount. 21""D x 72""H. Cat.No 6505V",,21,72,,,,USD,EA
Penco,PENCO-6527V,Locker,10 51 13,"Penco Vanguard. Wall Mount. 12""W x 4""D x 72""H. Cat.No 6527V",12,4,72,,,,USD,EA
Penco,PENCO-6528V,Locker,10 51 13,"Penco Vanguard. Wall Mount. 12""W x 4""D x 72""H. Cat.No 6528V",12,4,72,,,,USD,EA
Penco,PENCO-6531V,Locker,10 51 13,"Penco Vanguard. Duplex. 21""W x 15""D x 72""H. Cat.No 6531V",21,15,72,,,,USD,EA
Penco,PENCO-6533V,Locker,10 51 13,"Penco Vanguard. Duplex. 15""W x 18""D x 72""H. Cat.No 6533V",15,18,72,,,,USD,EA
Penco,PENCO-6535V,Locker,10 51 13,"Penco Vanguard. Duplex. 15""W x 21""D x 72""H. Cat.No 6535V",15,21,72,,,,USD,EA
Penco,PENCO-6541V,Locker,10 51 13,"Penco Vanguard. Box Over. 24""W x 24""D x 72""H. Cat.No 6541V",24,24,72,,,,USD,EA
Penco,PENCO-6573V,Locker,10 51 13,"Penco Vanguard. 7 Person. 18""D x 72""H. Cat.No 6573V",,18,72,,,,USD,EA
Penco,PENCO-6575V,Locker,10 51 13,"Penco Vanguard. 7 Person. 21""D x 72""H. Cat.No 6575V",,21,72,,,,USD,EA
Penco,PENCO-6577V,Locker,10 51 13,"Penco Vanguard. 8 Person. 54""W x 18""D x 72""H. Cat.No 6577V",54,18,72,,,,USD,EA
Penco,PENCO-6769V,Locker,10 51 13,"Penco Vanguard. 5-Tier Box Locker. 12""W x 4""D x 72""H. 5-tier. Cat.No 6769V",12,4,72,,,,USD,EA
Penco,PENCO-6770V,Locker,10 51 13,"Penco Vanguard. 5-Tier Box Locker. 12""W x 9""D x 15""H. 5-tier. Cat.No 6770V",12,9,15,,,,USD,EA
Penco,PENCO-6771V,Locker,10 51 13,"Penco Vanguard. 9-Tier Box Locker. 12""W x 4""D x 72""H. 9-tier. Cat.No 6771V",12,4,72,,,,USD,EA
Penco,PENCO-6772V,Locker,10 51 13,"Penco Vanguard. Wall Mount. 12""W x 4""D x 72""H. Cat.No 6772V",12,4,72,,,,USD,EA
Penco,PENCO-6773V,Locker,10 51 13,"Penco Vanguard. Wall Mount. 12""W x 4""D x 72""H. Cat.No 6773V",12,4,72,,,,USD,EA
Penco,PENCO-6774V,Locker,10 51 13,"Penco Vanguard. Duplex. 14""W x 4""D x 72""H. Cat.No 6774V",14,4,72,,,,USD,EA
Penco,PENCO-6775V,Locker,10 51 13,"Penco Vanguard. Duplex. 14""W x 4""D x 72""H. Cat.No 6775V",14,4,72,,,,USD,EA
Penco,PENCO-6776V,Locker,10 51 13,"Penco Vanguard. Duplex. 14""W x 4""D x 72""H. Cat.No 6776V",14,4,72,,,,USD,EA
Penco,PENCO-6777V,Locker,10 51 13,"Penco Vanguard. Duplex. 14""W x 4""D x 72""H. Cat.No 6777V",14,4,72,,,,USD,EA
Penco,PENCO-6778V,Locker,10 51 13,"Penco Vanguard. 7 Person. 12""D x 72""H. Cat.No 6778V",,12,72,,,,USD,EA
Penco,PENCO-6779V,Locker,10 51 13,"Penco Vanguard. 7 Person. 9""W x 15""D x 72""H. Cat.No 6779V",9,15,72,,,,USD,EA
Penco,PENCO-6780V,Locker,10 51 13,"Penco Vanguard. 7 Person. 18""W x 18""D x 72""H. Cat.No 6780V",18,18,72,,,,USD,EA
Penco,PENCO-6781V,Locker,10 51 13,"Penco Vanguard. 8 Person. 24""W x 24""D x 72""H. Cat.No 6781V",24,24,72,,,,USD,EA
Penco,PENCO-6782V,Locker,10 51 13,"Penco Vanguard. Box Over. 24""W x 12""D x 72""H. Cat.No 6782V",24,12,72,,,,USD,EA
Penco,PENCO-6783V,Locker,10 51 13,"Penco Vanguard. Box Over. 15""W x 15""D x 72""H. Cat.No 6783V",15,15,72,,,,USD,EA
Penco,PENCO-6784V,Locker,10 51 13,"Penco Vanguard. Box Over. 24""W x 24""D x 72""H. Cat.No 6784V",24,24,72,,,,USD,EA
Penco,PENCO-6LKXX300,Locker,10 51 13,"Penco Vanguard Specialty. 5-Tier Box Locker. 12""W x 18""D x 72""H. 5-tier. Cat.No 6LKXX300",12,18,72,,,,USD,EA
Penco,PENCO-6LKXX548,Locker,10 51 13,"Penco Vanguard Specialty. Wall Mount. 15""W x 18""D x 13-5/8""H. Cat.No 6LKXX548",15,18,13-5/8,,,,USD,EA
Penco,PENCO-6LKXX597,Locker,10 51 13,"Penco Vanguard Specialty. 5-Tier Box Locker. 15""W x 18""D x 72""H. 5-tier. Cat.No 6LKXX597",15,18,72,,,,USD,EA
Penco,PENCO-6LKXX807,Locker,10 51 13,"Penco Vanguard Specialty. 9-Tier Box Locker. 12""W x 18""D x 72""H. 9-tier. Cat.No 6LKXX807",12,18,72,,,,USD,EA
Penco,PENCO-6LKXX863,Locker,10 51 13,"Penco Vanguard Specialty. 9-Tier Box Locker. 12""W x 18""D x 72""H. 9-tier. Cat.No 6LKXX863",12,18,72,,,,USD,EA
Penco,PENCO-6MDB415,Locker,10 51 13,"Penco Vanguard Specialty. Wall Mount. 15""W x 18""D x 13-5/8""H. Cat.No 6MDB415",15,18,13-5/8,,,,USD,EA
Penco,PENCO-6007R,Locker,10 51 13,"Penco Vanguard Recessed Handle. Locker. 36""D x 5""H. 1-tier. Cat.No 6007R",,36,5,,,,USD,EA
Penco,PENCO-6008R,Locker,10 51 13,"Penco Vanguard Recessed Handle. Locker. 36""D x 5""H. 1-tier. Cat.No 6008R",,36,5,,,,USD,EA
Penco,PENCO-6009R,Locker,10 51 13,"Penco Vanguard Recessed Handle. Locker. 24""W x 36""D x 5""H. 1-tier. Cat.No 6009R",24,36,5,,,,USD,EA
Penco,PENCO-6010R,Locker,10 51 13,"Penco Vanguard Recessed Handle. Locker. 24""W x 36""D x 5""H. 1-tier. Cat.No 6010R",24,36,5,,,,USD,EA
Penco,PENCO-6011R,Locker,10 51 13,"Penco Vanguard Recessed Handle. Locker. 24""W x 36""D x 5""H. 1-tier. Cat.No 6011R",24,36,5,,,,USD,EA
Penco,PENCO-6012R,Locker,10 51 13,"Penco Vanguard Recessed Handle. Locker. 24""W x 36""D x 5""H. 1-tier. Cat.No 6012R",24,36,5,,,,USD,EA
Penco,PENCO-6020R,Locker,10 51 13,"Penco Vanguard Recessed Handle. Locker. 24""W x 36""D x 5""H. 1-tier. Cat.No 6020R",24,36,5,,,,USD,EA
Penco,PENCO-6021R,Locker,10 51 13,"Penco Vanguard Recessed Handle. Locker. 15""W x 15""D x 36.5""H. 1-tier. Cat.No 6021R",15,15,36.5,,,,USD,EA
Penco,PENCO-6022R,Locker,10 51 13,"Penco Vanguard Recessed Handle. Locker. 24""W x 18""D x 36.5""H. 1-tier. Cat.No 6022R",24,18,36.5,,,,USD,EA
Penco,PENCO-6023R,Locker,10 51 13,"Penco Vanguard Recessed Handle. Locker. 21""W x 21""D x 36.5""H. 1-tier. Cat.No 6023R",21,21,36.5,,,,USD,EA
Penco,PENCO-6024R,Locker,10 51 13,"Penco Vanguard Recessed Handle. Locker. 24""W x 24""D x 36.5""H. 1-tier. Cat.No 6024R",24,24,36.5,,,,USD,EA
Penco,PENCO-6025R,Locker,10 51 13,"Penco Vanguard Recessed Handle. Locker. 12""W x 12""D x 48.5""H. 1-tier. Cat.No 6025R",12,12,48.5,,,,USD,EA
Penco,PENCO-6026R,Locker,10 51 13,"Penco Vanguard Recessed Handle. Locker. 15""W x 15""D x 48.5""H. 1-tier. Cat.No 6026R",15,15,48.5,,,,USD,EA
Penco,PENCO-6028R,Locker,10 51 13,"Penco Vanguard Recessed Handle. Locker. 21""W x 21""D x 48.5""H. 1-tier. Cat.No 6028R",21,21,48.5,,,,USD,EA
Penco,PENCO-6029R,Locker,10 51 13,"Penco Vanguard Recessed Handle. Locker. 24""W x 24""D x 48.5""H. 1-tier. Cat.No 6029R",24,24,48.5,,,,USD,EA
Penco,PENCO-6030R,Locker,10 51 13,"Penco Vanguard Recessed Handle. Locker. 24""W x 24""D x 36.5""H. 1-tier. Cat.No 6030R",24,24,36.5,,,,USD,EA
Penco,PENCO-6031R,Locker,10 51 13,"Penco Vanguard Recessed Handle. Locker. 9""W x 18""D x 48.5""H. 1-tier. Cat.No 6031R",9,18,48.5,,,,USD,EA
Penco,PENCO-6032R,Locker,10 51 13,"Penco Vanguard Recessed Handle. Locker. 30.5""W x 21""D x 48.5""H. 1-tier. Cat.No 6032R",30.5,21,48.5,,,,USD,EA
Penco,PENCO-6033R,Locker,10 51 13,"Penco Vanguard Recessed Handle. Locker. 30.5""W x 24""D x 48.5""H. 1-tier. Cat.No 6033R",30.5,24,48.5,,,,USD,EA
Penco,PENCO-6035R,Locker,10 51 13,"Penco Vanguard Recessed Handle. Locker. 15""W x 15""D x 48.5""H. 1-tier. Cat.No 6035R",15,15,48.5,,,,USD,EA
Penco,PENCO-6036R,Locker,10 51 13,"Penco Vanguard Recessed Handle. Double Door. 18""W x 18""D x 48.5""H. 1-tier. Cat.No 6036R",18,18,48.5,,,,USD,EA
Penco,PENCO-6037R,Locker,10 51 13,"Penco Vanguard Recessed Handle. Double Door. 21""W x 21""D x 48.5""H. 1-tier. Cat.No 6037R",21,21,48.5,,,,USD,EA
Penco,PENCO-6038R,Locker,10 51 13,"Penco Vanguard Recessed Handle. Double Door. 24""W x 24""D x 48.5""H. 1-tier. Cat.No 6038R",24,24,48.5,,,,USD,EA
Penco,PENCO-6039R,Locker,10 51 13,"Penco Vanguard Recessed Handle. Double Door. 12""W x 12""D x 48.5""H. 1-tier. Cat.No 6039R",12,12,48.5,,,,USD,EA
Penco,PENCO-6040R,Locker,10 51 13,"Penco Vanguard Recessed Handle. Double Door. 15""W x 15""D x 48.5""H. 1-tier. Cat.No 6040R",15,15,48.5,,,,USD,EA
Penco,PENCO-6041R,Locker,10 51 13,"Penco Vanguard Recessed Handle. Double Door. 18""W x 18""D x 48.5""H. 1-tier. Cat.No 6041R",18,18,48.5,,,,USD,EA
Penco,PENCO-6042R,Locker,10 51 13,"Penco Vanguard Recessed Handle. Locker. 21""W x 21""D x 48.5""H. 1-tier. Cat.No 6042R",21,21,48.5,,,,USD,EA
Penco,PENCO-6043R,Locker,10 51 13,"Penco Vanguard Recessed Handle. Locker. 24""W x 24""D x 48.5""H. 1-tier. Cat.No 6043R",24,24,48.5,,,,USD,EA
Penco,PENCO-6047R,Locker,10 51 13,"Penco Vanguard Recessed Handle. Locker. 24""W x 24""D x 48.5""H. 1-tier. Cat.No 6047R",24,24,48.5,,,,USD,EA
Penco,PENCO-6048R,Locker,10 51 13,"Penco Vanguard Recessed Handle. Locker. 24""W x 24""D x 48.5""H. 1-tier. Cat.No 6048R",24,24,48.5,,,,USD,EA
Penco,PENCO-6049R,Locker,10 51 13,"Penco Vanguard Recessed Handle. Locker. 24""W x 24""D x 48.5""H. 1-tier. Cat.No 6049R",24,24,48.5,,,,USD,EA
Penco,PENCO-6050R,Locker,10 51 13,"Penco Vanguard Recessed Handle. Locker. 24""W x 24""D x 48.5""H. 1-tier. Cat.No 6050R",24,24,48.5,,,,USD,EA
Penco,PENCO-6051R,Locker,10 51 13,"Penco Vanguard Recessed Handle. Locker. 12""W x 24""D x 48.5""H. 1-tier. Cat.No 6051R",12,24,48.5,,,,USD,EA
Penco,PENCO-6052R,Locker,10 51 13,"Penco Vanguard Recessed Handle. Locker. 21""W x 24""D x 60""H. 1-tier. Cat.No 6052R",21,24,60,,,,USD,EA
Penco,PENCO-6053R,Locker,10 51 13,"Penco Vanguard Recessed Handle. Locker. 12""W x 12""D x 60""H. 1-tier. Cat.No 6053R",12,12,60,,,,USD,EA
Penco,PENCO-6054R,Locker,10 51 13,"Penco Vanguard Recessed Handle. Locker. 15""W x 15""D x 60""H. 1-tier. Cat.No 6054R",15,15,60,,,,USD,EA
Penco,PENCO-6056R,Locker,10 51 13,"Penco Vanguard Recessed Handle. Locker. 24""W x 21""D x 72""H. 1-tier. Cat.No 6056R",24,21,72,,,,USD,EA
Penco,PENCO-6057R,Locker,10 51 13,"Penco Vanguard Recessed Handle. Locker. 36.5""W x 24""D x 72""H. 1-tier. Cat.No 6057R",36.5,24,72,,,,USD,EA
Penco,PENCO-6058R,Locker,10 51 13,"Penco Vanguard Recessed Handle. Locker. 36.5""W x 12""D x 72""H. 1-tier. Cat.No 6058R",36.5,12,72,,,,USD,EA
Penco,PENCO-6059R,Locker,10 51 13,"Penco Vanguard Recessed Handle. Locker. 36.5""W x 15""D x 72""H. 1-tier. Cat.No 6059R",36.5,15,72,,,,USD,EA
Penco,PENCO-6100R,Locker,10 51 13,"Penco Vanguard Recessed Handle. Locker. 12""W x 12""D x 60""H. 1-tier. Cat.No 6100R",12,12,60,,,,USD,EA
Penco,PENCO-6101R,Locker,10 51 13,"Penco Vanguard Recessed Handle. Locker. 24""W x 12""D x 60""H. 1-tier. Cat.No 6101R",24,12,60,,,,USD,EA
Penco,PENCO-6102R,Locker,10 51 13,"Penco Vanguard Recessed Handle. Locker. 18""W x 18""D x 36.5""H. 1-tier. Cat.No 6102R",18,18,36.5,,,,USD,EA
Penco,PENCO-6103R,Locker,10 51 13,"Penco Vanguard Recessed Handle. Locker. 12""W x 15""D x 60""H. 1-tier. Cat.No 6103R",12,15,60,,,,USD,EA
Penco,PENCO-6104R,Locker,10 51 13,"Penco Vanguard Recessed Handle. Locker. 18""W x 36""D x 5""H. 1-tier. Cat.No 6104R",18,36,5,,,,USD,EA
Penco,PENCO-6105R,Locker,10 51 13,"Penco Vanguard Recessed Handle. Locker. 9""W x 18""D x 60""H. 1-tier. Cat.No 6105R",9,18,60,,,,USD,EA
Penco,PENCO-6106R,Locker,10 51 13,"Penco Vanguard Recessed Handle. Locker. 36""D x 5""H. 1-tier. Cat.No 6106R",,36,5,,,,USD,EA
Penco,PENCO-6107R,Locker,10 51 13,"Penco Vanguard Recessed Handle. Locker. 36""D x 5""H. 1-tier. Cat.No 6107R",,36,5,,,,USD,EA
Penco,PENCO-6108R,Locker,10 51 13,"Penco Vanguard Recessed Handle. Locker. 18""W x 21""D x 60""H. 1-tier. Cat.No 6108R",18,21,60,,,,USD,EA
Penco,PENCO-6110R,Locker,10 51 13,"Penco Vanguard Recessed Handle. Locker. 15""W x 12""D x 72""H. 1-tier. Cat.No 6110R",15,12,72,,,,USD,EA
Penco,PENCO-6111R,Locker,10 51 13,"Penco Vanguard Recessed Handle. Locker. 24""W x 12""D x 60""H. 1-tier. Cat.No 6111R",24,12,60,,,,USD,EA
Penco,PENCO-6113R,Locker,10 51 13,"Penco Vanguard Recessed Handle. Locker. 15""W x 15""D x 60""H. 1-tier. Cat.No 6113R",15,15,60,,,,USD,EA
Penco,PENCO-6115R,Locker,10 51 13,"Penco Vanguard Recessed Handle. Locker. 12""W x 18""D x 60""H. 1-tier. Cat.No 6115R",12,18,60,,,,USD,EA
Penco,PENCO-6117R,Locker,10 51 13,"Penco Vanguard Recessed Handle. Locker. 12""W x 21""D x 60""H. 1-tier. Cat.No 6117R",12,21,60,,,,USD,EA
Penco,PENCO-6118R,Locker,10 51 13,"Penco Vanguard Recessed Handle. Locker. 12""W x 24""D x 60""H. 1-tier. Cat.No 6118R",12,24,60,,,,USD,EA
Penco,PENCO-6119R,Locker,10 51 13,"Penco Vanguard Recessed Handle. Locker. 12""W x 12""D x 60""H. 1-tier. Cat.No 6119R",12,12,60,,,,USD,EA
Penco,PENCO-6121R,Locker,10 51 13,"Penco Vanguard Recessed Handle. Locker. 12""W x 15""D x 60""H. 1-tier. Cat.No 6121R",12,15,60,,,,USD,EA
Penco,PENCO-6123R,Locker,10 51 13,"Penco Vanguard Recessed Handle. Locker. 15""W x 18""D x 60""H. 1-tier. Cat.No 6123R",15,18,60,,,,USD,EA
Penco,PENCO-6125R,Locker,10 51 13,"Penco Vanguard Recessed Handle. Locker. 18""W x 21""D x 60""H. 1-tier. Cat.No 6125R",18,21,60,,,,USD,EA
Penco,PENCO-6126R,Locker,10 51 13,"Penco Vanguard Recessed Handle. Locker. 21""W x 24""D x 60""H. 1-tier. Cat.No 6126R",21,24,60,,,,USD,EA
Penco,PENCO-6127R,Locker,10 51 13,"Penco Vanguard Recessed Handle. Locker. 36""D x 5""H. 1-tier. Cat.No 6127R",,36,5,,,,USD,EA
Penco,PENCO-6129R,Locker,10 51 13,"Penco Vanguard Recessed Handle. Locker. 12""W x 12""D x 36.5""H. 1-tier. Cat.No 6129R",12,12,36.5,,,,USD,EA
Penco,PENCO-6130R,Locker,10 51 13,"Penco Vanguard Recessed Handle. Locker. 12""W x 36""D x 5""H. 1-tier. Cat.No 6130R",12,36,5,,,,USD,EA
Penco,PENCO-6131R,Locker,10 51 13,"Penco Vanguard Recessed Handle. Locker. 18""W x 18""D x 60""H. 1-tier. Cat.No 6131R",18,18,60,,,,USD,EA
Penco,PENCO-6132R,Locker,10 51 13,"Penco Vanguard Recessed Handle. Locker. 12""W x 36""D x 5""H. 1-tier. Cat.No 6132R",12,36,5,,,,USD,EA
Penco,PENCO-6133R,Locker,10 51 13,"Penco Vanguard Recessed Handle. Locker. 21""W x 21""D x 60""H. 1-tier. Cat.No 6133R",21,21,60,,,,USD,EA
Penco,PENCO-6134R,Locker,10 51 13,"Penco Vanguard Recessed Handle. Locker. 15""W x 15""D x 60""H. 1-tier. Cat.No 6134R",15,15,60,,,,USD,EA
Penco,PENCO-6135R,Locker,10 51 13,"Penco Vanguard Recessed Handle. Locker. 24""W x 24""D x 60""H. 1-tier. Cat.No 6135R",24,24,60,,,,USD,EA
Penco,PENCO-6136R,Locker,10 51 13,"Penco Vanguard Recessed Handle. Locker. 12""W x 12""D x 36.5""H. 1-tier. Cat.No 6136R",12,12,36.5,,,,USD,EA
Penco,PENCO-6137R,Locker,10 51 13,"Penco Vanguard Recessed Handle. Locker. 12""W x 12""D x 30.5""H. 1-tier. Cat.No 6137R",12,12,30.5,,,,USD,EA
Penco,PENCO-6138R,Locker,10 51 13,"Penco Vanguard Recessed Handle. Locker. 15""W x 15""D x 36.5""H. 1-tier. Cat.No 6138R",15,15,36.5,,,,USD,EA
Penco,PENCO-6139R,Locker,10 51 13,"Penco Vanguard Recessed Handle. Locker. 12""W x 15""D x 30.5""H. 1-tier. Cat.No 6139R",12,15,30.5,,,,USD,EA
Penco,PENCO-6140R,Locker,10 51 13,"Penco Vanguard Recessed Handle. Locker. 15""W x 18""D x 36.5""H. 1-tier. Cat.No 6140R",15,18,36.5,,,,USD,EA
Penco,PENCO-6141R,Locker,10 51 13,"Penco Vanguard Recessed Handle. Double Door. 24""W x 18""D x 60""H. 1-tier. Cat.No 6141R",24,18,60,,,,USD,EA
Penco,PENCO-6142R,Locker,10 51 13,"Penco Vanguard Recessed Handle. Locker. 21""W x 21""D x 36.5""H. 1-tier. Cat.No 6142R",21,21,36.5,,,,USD,EA
Penco,PENCO-6143R,Locker,10 51 13,"Penco Vanguard Recessed Handle. Double Door. 24""W x 21""D x 60""H. 1-tier. Cat.No 6143R",24,21,60,,,,USD,EA
Penco,PENCO-6145R,Locker,10 51 13,"Penco Vanguard Recessed Handle. Double Door. 15""W x 24""D x 60""H. 1-tier. Cat.No 6145R",15,24,60,,,,USD,EA
Penco,PENCO-6146R,Locker,10 51 13,"Penco Vanguard Recessed Handle. Locker. 24""W x 36""D x 5""H. 1-tier. Cat.No 6146R",24,36,5,,,,USD,EA
Penco,PENCO-6147R,Locker,10 51 13,"Penco Vanguard Recessed Handle. Locker. 18""W x 18""D x 30.5""H. 1-tier. Cat.No 6147R",18,18,30.5,,,,USD,EA
Penco,PENCO-6148R,Locker,10 51 13,"Penco Vanguard Recessed Handle. Locker. 21""W x 21""D x 30.5""H. 1-tier. Cat.No 6148R",21,21,30.5,,,,USD,EA
Penco,PENCO-6149R,Locker,10 51 13,"Penco Vanguard Recessed Handle. Locker. 24""W x 18""D x 60""H. 1-tier. Cat.No 6149R",24,18,60,,,,USD,EA
Penco,PENCO-6150R,Locker,10 51 13,"Penco Vanguard Recessed Handle. Locker. 24""W x 24""D x 30.5""H. 1-tier. Cat.No 6150R",24,24,30.5,,,,USD,EA
Penco,PENCO-6151R,Locker,10 51 13,"Penco Vanguard Recessed Handle. Locker. 21""W x 12""D x 72""H. 1-tier. Cat.No 6151R",21,12,72,,,,USD,EA
Penco,PENCO-6152R,Locker,10 51 13,"Penco Vanguard Recessed Handle. Locker. 24""W. 1-tier. Cat.No 6152R",24,,,,,,USD,EA
Penco,PENCO-6153R,Locker,10 51 13,"Penco Vanguard Recessed Handle. Locker. 24""W x 15""D x 72""H. 1-tier. Cat.No 6153R",24,15,72,,,,USD,EA
Penco,PENCO-6154R,Locker,10 51 13,"Penco Vanguard Recessed Handle. Locker. 24""W x 15""D x 15""H. 1-tier. Cat.No 6154R",24,15,15,,,,USD,EA
Penco,PENCO-6155R,Locker,10 51 13,"Penco Vanguard Recessed Handle. Locker. 9""W x 18""D x 72""H. 1-tier. Cat.No 6155R",9,18,72,,,,USD,EA
Penco,PENCO-6156R,Locker,10 51 13,"Penco Vanguard Recessed Handle. Locker. 18""W x 18""D x 30.5""H. 1-tier. Cat.No 6156R",18,18,30.5,,,,USD,EA
Penco,PENCO-6158R,Locker,10 51 13,"Penco Vanguard Recessed Handle. Locker. 21""W x 21""D x 60""H. 1-tier. Cat.No 6158R",21,21,60,,,,USD,EA
Penco,PENCO-6160R,Locker,10 51 13,"Penco Vanguard Recessed Handle. Locker. 24""W x 24""D x 60""H. 1-tier. Cat.No 6160R",24,24,60,,,,USD,EA
Penco,PENCO-6161R,Locker,10 51 13,"Penco Vanguard Recessed Handle. Locker. 36.5""W x 12""D x 72""H. 1-tier. Cat.No 6161R",36.5,12,72,,,,USD,EA
Penco,PENCO-6162R,Locker,10 51 13,"Penco Vanguard Recessed Handle. Locker. 18""W. 1-tier. Cat.No 6162R",18,,,,,,USD,EA
Penco,PENCO-6163R,Locker,10 51 13,"Penco Vanguard Recessed Handle. Locker. 18""W x 15""D x 72""H. 1-tier. Cat.No 6163R",18,15,72,,,,USD,EA
Penco,PENCO-6164R,Locker,10 51 13,"Penco Vanguard Recessed Handle. Locker. 18""W. 1-tier. Cat.No 6164R",18,,,,,,USD,EA
Penco,PENCO-6165R,Locker,10 51 13,"Penco Vanguard Recessed Handle. Locker. 12""W x 18""D x 72""H. 1-tier. Cat.No 6165R",12,18,72,,,,USD,EA
Penco,PENCO-6166R,Locker,10 51 13,"Penco Vanguard Recessed Handle. Locker. 12""W x 12""D x 30.5""H. 1-tier. Cat.No 6166R",12,12,30.5,,,,USD,EA
Penco,PENCO-6167R,Locker,10 51 13,"Penco Vanguard Recessed Handle. Locker. 36.5""W x 21""D x 72""H. 1-tier. Cat.No 6167R",36.5,21,72,,,,USD,EA
Penco,PENCO-6168R,Locker,10 51 13,"Penco Vanguard Recessed Handle. Locker. 36.5""W x 24""D x 72""H. 1-tier. Cat.No 6168R",36.5,24,72,,,,USD,EA
Penco,PENCO-6169R,Locker,10 51 13,"Penco Vanguard Recessed Handle. Locker. 36.5""W x 12""D x 72""H. 1-tier. Cat.No 6169R",36.5,12,72,,,,USD,EA
Penco,PENCO-6170R,Locker,10 51 13,"Penco Vanguard Recessed Handle. Double Door. 18""W x 15""D x 30.5""H. 1-tier. Cat.No 6170R",18,15,30.5,,,,USD,EA
Penco,PENCO-6171R,Locker,10 51 13,"Penco Vanguard Recessed Handle. Locker. 12""W x 15""D x 72""H. 1-tier. Cat.No 6171R",12,15,72,,,,USD,EA
Penco,PENCO-6172R,Locker,10 51 13,"Penco Vanguard Recessed Handle. Double Door. 18""W x 18""D x 30.5""H. 1-tier. Cat.No 6172R",18,18,30.5,,,,USD,EA
Penco,PENCO-6173R,Locker,10 51 13,"Penco Vanguard Recessed Handle. Locker. 15""W x 18""D x 72""H. 1-tier. Cat.No 6173R",15,18,72,,,,USD,EA
Penco,PENCO-6174R,Locker,10 51 13,"Penco Vanguard Recessed Handle. Double Door. 21""W x 21""D x 30.5""H. 1-tier. Cat.No 6174R",21,21,30.5,,,,USD,EA
Penco,PENCO-6175R,Locker,10 51 13,"Penco Vanguard Recessed Handle. Locker. 36.5""W x 21""D x 72""H. 1-tier. Cat.No 6175R",36.5,21,72,,,,USD,EA
Penco,PENCO-6176R,Locker,10 51 13,"Penco Vanguard Recessed Handle. Locker. 30.5""W x 12""D x 48.5""H. 1-tier. Cat.No 6176R",30.5,12,48.5,,,,USD,EA
Penco,PENCO-6177R,Locker,10 51 13,"Penco Vanguard Recessed Handle. Locker. 12""W x 24""D x 72""H. 1-tier. Cat.No 6177R",12,24,72,,,,USD,EA
Penco,PENCO-6178R,Locker,10 51 13,"Penco Vanguard Recessed Handle. Double Door. 24""W x 24""D x 30.5""H. 1-tier. Cat.No 6178R",24,24,30.5,,,,USD,EA
Penco,PENCO-6180R,Locker,10 51 13,"Penco Vanguard Recessed Handle. Locker. 18""W x 15""D x 72""H. 1-tier. Cat.No 6180R",18,15,72,,,,USD,EA
Penco,PENCO-6181R,Locker,10 51 13,"Penco Vanguard Recessed Handle. Locker. 18""W x 18""D x 72""H. 1-tier. Cat.No 6181R",18,18,72,,,,USD,EA
Penco,PENCO-6182R,Locker,10 51 13,"Penco Vanguard Recessed Handle. Double Door. 12""W x 12""D x 30.5""H. 1-tier. Cat.No 6182R",12,12,30.5,,,,USD,EA
Penco,PENCO-6183R,Locker,10 51 13,"Penco Vanguard Recessed Handle. Locker. 24""W x 21""D x 72""H. 1-tier. Cat.No 6183R",24,21,72,,,,USD,EA
Penco,PENCO-6184R,Locker,10 51 13,"Penco Vanguard Recessed Handle. Locker. 30.5""W x 15""D x 48.5""H. 1-tier. Cat.No 6184R",30.5,15,48.5,,,,USD,EA
Penco,PENCO-6185R,Locker,10 51 13,"Penco Vanguard Recessed Handle. Locker. 36.5""W x 24""D x 72""H. 1-tier. Cat.No 6185R",36.5,24,72,,,,USD,EA
Penco,PENCO-6186R,Locker,10 51 13,"Penco Vanguard Recessed Handle. Locker. 24""W x 15""D x 30.5""H. 1-tier. Cat.No 6186R",24,15,30.5,,,,USD,EA
Penco,PENCO-6187R,Locker,10 51 13,"Penco Vanguard Recessed Handle. Locker. 12""W x 18""D x 48.5""H. 1-tier. Cat.No 6187R",12,18,48.5,,,,USD,EA
Penco,PENCO-6188R,Locker,10 51 13,"Penco Vanguard Recessed Handle. Locker. 18""W x 18""D x 30.5""H. 1-tier. Cat.No 6188R",18,18,30.5,,,,USD,EA
Penco,PENCO-6189R,Locker,10 51 13,"Penco Vanguard Recessed Handle. Locker. 21""W x 21""D x 30.5""H. 1-tier. Cat.No 6189R",21,21,30.5,,,,USD,EA
Penco,PENCO-6190R,Locker,10 51 13,"Penco Vanguard Recessed Handle. Locker. 24""W x 24""D x 30.5""H. 1-tier. Cat.No 6190R",24,24,30.5,,,,USD,EA
Penco,PENCO-6196R,Locker,10 51 13,"Penco Vanguard Recessed Handle. Locker. 24""W x 18""D x 72""H. 1-tier. Cat.No 6196R",24,18,72,,,,USD,EA
Penco,PENCO-6198R,Locker,10 51 13,"Penco Vanguard Recessed Handle. Locker. 36.5""W x 21""D x 72""H. 1-tier. Cat.No 6198R",36.5,21,72,,,,USD,EA
Penco,PENCO-6199R,Locker,10 51 13,"Penco Vanguard Recessed Handle. Locker. 36.5""W x 24""D x 72""H. 1-tier. Cat.No 6199R",36.5,24,72,,,,USD,EA
Penco,PENCO-6013R,Locker,10 51 13,"Penco Vanguard Recessed Handle. Locker. 12""D x 84""H. 2-tier. Cat.No 6013R",,12,84,,,,USD,EA
Penco,PENCO-6014R,Locker,10 51 13,"Penco Vanguard Recessed Handle. Locker. 15""D x 84""H. 2-tier. Cat.No 6014R",,15,84,,,,USD,EA
Penco,PENCO-6015R,Locker,10 51 13,"Penco Vanguard Recessed Handle. Locker. 12""W x 18""D x 84""H. 2-tier. Cat.No 6015R",12,18,84,,,,USD,EA
Penco,PENCO-6016R,Locker,10 51 13,"Penco Vanguard Recessed Handle. Locker. 12""W x 12""D x 84""H. 2-tier. Cat.No 6016R",12,12,84,,,,USD,EA
Penco,PENCO-6017R,Locker,10 51 13,"Penco Vanguard Recessed Handle. Locker. 12""W x 15""D x 84""H. 2-tier. Cat.No 6017R",12,15,84,,,,USD,EA
Penco,PENCO-6018R,Locker,10 51 13,"Penco Vanguard Recessed Handle. Locker. 15""W x 18""D x 84""H. 2-tier. Cat.No 6018R",15,18,84,,,,USD,EA
Penco,PENCO-6019R,Locker,10 51 13,"Penco Vanguard Recessed Handle. Locker. 24""W x 48""D x 5""H. 3-tier. Cat.No 6019R",24,48,5,,,,USD,EA
Penco,PENCO-6060R,Locker,10 51 13,"Penco Vanguard Recessed Handle. Locker. 12""D x 84""H. 1-tier. Cat.No 6060R",,12,84,,,,USD,EA
Penco,PENCO-6061R,Locker,10 51 13,"Penco Vanguard Recessed Handle. Locker. 15""D x 84""H. 1-tier. Cat.No 6061R",,15,84,,,,USD,EA
Penco,PENCO-6062R,Locker,10 51 13,"Penco Vanguard Recessed Handle. Locker. 9""W x 18""D x 84""H. 1-tier. Cat.No 6062R",9,18,84,,,,USD,EA
Penco,PENCO-6063R,Locker,10 51 13,"Penco Vanguard Recessed Handle. Locker. 9""W x 21""D x 84""H. 1-tier. Cat.No 6063R",9,21,84,,,,USD,EA
Penco,PENCO-6064R,Locker,10 51 13,"Penco Vanguard Recessed Handle. Locker. 9""W x 24""D x 84""H. 2-tier. Cat.No 6064R",9,24,84,,,,USD,EA
Penco,PENCO-6065R,Locker,10 51 13,"Penco Vanguard Recessed Handle. Locker. 12""W x 21""D x 84""H. 2-tier. Cat.No 6065R",12,21,84,,,,USD,EA
Penco,PENCO-6066R,Locker,10 51 13,"Penco Vanguard Recessed Handle. Locker. 12""W x 24""D x 84""H. 2-tier. Cat.No 6066R",12,24,84,,,,USD,EA
Penco,PENCO-6067R,Locker,10 51 13,"Penco Vanguard Recessed Handle. Locker. 15""W x 21""D x 84""H. 2-tier. Cat.No 6067R",15,21,84,,,,USD,EA
Penco,PENCO-6068R,Locker,10 51 13,"Penco Vanguard Recessed Handle. Locker. 15""W x 24""D x 84""H. 2-tier. Cat.No 6068R",15,24,84,,,,USD,EA
Penco,PENCO-6069R,Locker,10 51 13,"Penco Vanguard Recessed Handle. Locker. 15""W x 12""D x 84""H. 2-tier. Cat.No 6069R",15,12,84,,,,USD,EA
Penco,PENCO-6072R,Locker,10 51 13,"Penco Vanguard Recessed Handle. Locker. 15""W x 21""D x 84""H. 2-tier. Cat.No 6072R",15,21,84,,,,USD,EA
Penco,PENCO-6073R,Locker,10 51 13,"Penco Vanguard Recessed Handle. Locker. 15""W x 12""D x 84""H. 2-tier. Cat.No 6073R",15,12,84,,,,USD,EA
Penco,PENCO-6074R,Locker,10 51 13,"Penco Vanguard Recessed Handle. Locker. 15""W x 24""D x 84""H. 2-tier. Cat.No 6074R",15,24,84,,,,USD,EA
Penco,PENCO-6075R,Locker,10 51 13,"Penco Vanguard Recessed Handle. Locker. 24""W x 48""D x 5""H. 3-tier. Cat.No 6075R",24,48,5,,,,USD,EA
Penco,PENCO-6076R,Locker,10 51 13,"Penco Vanguard Recessed Handle. Locker. 24""W x 12""D x 18""H. 3-tier. Cat.No 6076R",24,12,18,,,,USD,EA
Penco,PENCO-6077R,Locker,10 51 13,"Penco Vanguard Recessed Handle. Locker. 24""W x 48""D x 5""H. 3-tier. Cat.No 6077R",24,48,5,,,,USD,EA
Penco,PENCO-6078R,Locker,10 51 13,"Penco Vanguard Recessed Handle. Locker. 24""W x 48""D x 5""H. 3-tier. Cat.No 6078R",24,48,5,,,,USD,EA
Penco,PENCO-6079R,Locker,10 51 13,"Penco Vanguard Recessed Handle. Locker. 24""W x 48""D x 5""H. 3-tier. Cat.No 6079R",24,48,5,,,,USD,EA
Penco,PENCO-6080R,Locker,10 51 13,"Penco Vanguard Recessed Handle. Locker. 24""W x 48""D x 5""H. 3-tier. Cat.No 6080R",24,48,5,,,,USD,EA
Penco,PENCO-6081R,Locker,10 51 13,"Penco Vanguard Recessed Handle. Locker. 24""W x 15""D x 18""H. 3-tier. Cat.No 6081R",24,15,18,,,,USD,EA
Penco,PENCO-6082R,Locker,10 51 13,"Penco Vanguard Recessed Handle. Locker. 24""W x 48""D x 5""H. 3-tier. Cat.No 6082R",24,48,5,,,,USD,EA
Penco,PENCO-6083R,Locker,10 51 13,"Penco Vanguard Recessed Handle. Locker. 24""W x 48""D x 5""H. 3-tier. Cat.No 6083R",24,48,5,,,,USD,EA
Penco,PENCO-6084R,Locker,10 51 13,"Penco Vanguard Recessed Handle. Locker. 24""W x 48""D x 5""H. 3-tier. Cat.No 6084R",24,48,5,,,,USD,EA
Penco,PENCO-6085R,Locker,10 51 13,"Penco Vanguard Recessed Handle. Locker. 24""W x 48""D x 5""H. 3-tier. Cat.No 6085R",24,48,5,,,,USD,EA
Penco,PENCO-6086R,Locker,10 51 13,"Penco Vanguard Recessed Handle. Locker. 24""W x 18""D x 18""H. 3-tier. Cat.No 6086R",24,18,18,,,,USD,EA
Penco,PENCO-6087R,Locker,10 51 13,"Penco Vanguard Recessed Handle. Locker. 24""W x 48""D x 5""H. 3-tier. Cat.No 6087R",24,48,5,,,,USD,EA
Penco,PENCO-6088R,Locker,10 51 13,"Penco Vanguard Recessed Handle. Locker. 24""W x 48""D x 5""H. 3-tier. Cat.No 6088R",24,48,5,,,,USD,EA
Penco,PENCO-6097R,Locker,10 51 13,"Penco Vanguard Recessed Handle. Locker. 15""W x 21""D x 72""H. 3-tier. Cat.No 6097R",15,21,72,,,,USD,EA
Penco,PENCO-6098R,Locker,10 51 13,"Penco Vanguard Recessed Handle. Locker. 24""W x 24""D x 72""H. 3-tier. Cat.No 6098R",24,24,72,,,,USD,EA
Penco,PENCO-6099R,Locker,10 51 13,"Penco Vanguard Recessed Handle. Locker. 12""W x 12""D x 72""H. 1-tier. Cat.No 6099R",12,12,72,,,,USD,EA
Penco,PENCO-6191R,Locker,10 51 13,"Penco Vanguard Recessed Handle. Double Door. 18""D x 72""H. 1-tier. Cat.No 6191R",,18,72,,,,USD,EA
Penco,PENCO-6193R,Locker,10 51 13,"Penco Vanguard Recessed Handle. Double Door. 24""W x 21""D x 72""H. 1-tier. Cat.No 6193R",24,21,72,,,,USD,EA
Penco,PENCO-6195R,Locker,10 51 13,"Penco Vanguard Recessed Handle. Double Door. 24""W x 24""D x 72""H. 1-tier. Cat.No 6195R",24,24,72,,,,USD,EA
Penco,PENCO-6218R,Locker,10 51 13,"Penco Vanguard Recessed Handle. Locker. 21""W x 21""D x 72""H. 3-tier. Cat.No 6218R",21,21,72,,,,USD,EA
Penco,PENCO-6219R,Locker,10 51 13,"Penco Vanguard Recessed Handle. Double Door. 12""W x 12""D x 72""H. 1-tier. Cat.No 6219R",12,12,72,,,,USD,EA
Penco,PENCO-6220R,Locker,10 51 13,"Penco Vanguard Recessed Handle. Locker. 24""W x 24""D x 72""H. 3-tier. Cat.No 6220R",24,24,72,,,,USD,EA
Penco,PENCO-6221R,Locker,10 51 13,"Penco Vanguard Recessed Handle. Locker. 12""W x 12""D x 72""H. 3-tier. Cat.No 6221R",12,12,72,,,,USD,EA
Penco,PENCO-6223R,Locker,10 51 13,"Penco Vanguard Recessed Handle. Locker. 15""W x 15""D x 72""H. 3-tier. Cat.No 6223R",15,15,72,,,,USD,EA
Penco,PENCO-6225R,Locker,10 51 13,"Penco Vanguard Recessed Handle. Locker. 12""W x 18""D x 72""H. 3-tier. Cat.No 6225R",12,18,72,,,,USD,EA
Penco,PENCO-6231R,Locker,10 51 13,"Penco Vanguard Recessed Handle. Locker. 12""W x 12""D x 72""H. 3-tier. Cat.No 6231R",12,12,72,,,,USD,EA
Penco,PENCO-6233R,Locker,10 51 13,"Penco Vanguard Recessed Handle. Locker. 15""W x 15""D x 72""H. 3-tier. Cat.No 6233R",15,15,72,,,,USD,EA
Penco,PENCO-6235R,Locker,10 51 13,"Penco Vanguard Recessed Handle. Locker. 12""W x 18""D x 72""H. 3-tier. Cat.No 6235R",12,18,72,,,,USD,EA
Penco,PENCO-6239R,Locker,10 51 13,"Penco Vanguard Recessed Handle. Locker. 12""W x 12""D x 72""H. 3-tier. Cat.No 6239R",12,12,72,,,,USD,EA
Penco,PENCO-6241R,Locker,10 51 13,"Penco Vanguard Recessed Handle. Locker. 15""W x 15""D x 72""H. 3-tier. Cat.No 6241R",15,15,72,,,,USD,EA
Penco,PENCO-6243R,Locker,10 51 13,"Penco Vanguard Recessed Handle. Locker. 15""W x 18""D x 72""H. 3-tier. Cat.No 6243R",15,18,72,,,,USD,EA
Penco,PENCO-6245R,Locker,10 51 13,"Penco Vanguard Recessed Handle. Locker. 21""W x 21""D x 72""H. 3-tier. Cat.No 6245R",21,21,72,,,,USD,EA
Penco,PENCO-6246R,Locker,10 51 13,"Penco Vanguard Recessed Handle. Locker. 24""W x 24""D x 72""H. 3-tier. Cat.No 6246R",24,24,72,,,,USD,EA
Penco,PENCO-6247R,Locker,10 51 13,"Penco Vanguard Recessed Handle. Double Door. 18""W x 18""D x 72""H. 1-tier. Cat.No 6247R",18,18,72,,,,USD,EA
Penco,PENCO-6249R,Locker,10 51 13,"Penco Vanguard Recessed Handle. Double Door. 21""W x 21""D x 72""H. 1-tier. Cat.No 6249R",21,21,72,,,,USD,EA
Penco,PENCO-6250R,Locker,10 51 13,"Penco Vanguard Recessed Handle. Double Door. 24""W x 24""D x 72""H. 1-tier. Cat.No 6250R",24,24,72,,,,USD,EA
Penco,PENCO-6251R,Locker,10 51 13,"Penco Vanguard Recessed Handle. Locker. 15""W x 12""D x 84""H. 2-tier. Cat.No 6251R",15,12,84,,,,USD,EA
Penco,PENCO-6253R,Locker,10 51 13,"Penco Vanguard Recessed Handle. Locker. 18""W x 15""D x 84""H. 2-tier. Cat.No 6253R",18,15,84,,,,USD,EA
Penco,PENCO-6255R,Locker,10 51 13,"Penco Vanguard Recessed Handle. Locker. 12""W x 18""D x 84""H. 2-tier. Cat.No 6255R",12,18,84,,,,USD,EA
Penco,PENCO-6259R,Locker,10 51 13,"Penco Vanguard Recessed Handle. Double Door. 15""W x 15""D x 72""H. 1-tier. Cat.No 6259R",15,15,72,,,,USD,EA
Penco,PENCO-6261R,Locker,10 51 13,"Penco Vanguard Recessed Handle. Locker. 18""W x 15""D x 84""H. 2-tier. Cat.No 6261R",18,15,84,,,,USD,EA
Penco,PENCO-6263R,Locker,10 51 13,"Penco Vanguard Recessed Handle. Locker. 15""W x 18""D x 84""H. 2-tier. Cat.No 6263R",15,18,84,,,,USD,EA
Penco,PENCO-6271R,Locker,10 51 13,"Penco Vanguard Recessed Handle. Locker. 24""W x 18""D x 72""H. 1-tier. Cat.No 6271R",24,18,72,,,,USD,EA
Penco,PENCO-6273R,Locker,10 51 13,"Penco Vanguard Recessed Handle. Locker. 15""W x 21""D x 72""H. 1-tier. Cat.No 6273R",15,21,72,,,,USD,EA
Penco,PENCO-6274R,Locker,10 51 13,"Penco Vanguard Recessed Handle. Locker. 18""W x 24""D x 72""H. 1-tier. Cat.No 6274R",18,24,72,,,,USD,EA
Penco,PENCO-6292R,Locker,10 51 13,"Penco Vanguard Recessed Handle. Locker. 21""W x 24""D x 60""H. 3-tier. Cat.No 6292R",21,24,60,,,,USD,EA
Penco,PENCO-6308R,Locker,10 51 13,"Penco Vanguard Recessed Handle. Locker. 24""W x 12""D x 60""H. 3-tier. Cat.No 6308R",24,12,60,,,,USD,EA
Penco,PENCO-6312R,Locker,10 51 13,"Penco Vanguard Recessed Handle. Locker. 21""W x 24""D x 60""H. 3-tier. Cat.No 6312R",21,24,60,,,,USD,EA
Penco,PENCO-6401R,Locker,10 51 13,"Penco Vanguard Recessed Handle. Locker. 9""W x 12""D x 60""H. 3-tier. Cat.No 6401R",9,12,60,,,,USD,EA
Penco,PENCO-6403R,Locker,10 51 13,"Penco Vanguard Recessed Handle. Locker. 9""W x 15""D x 60""H. 3-tier. Cat.No 6403R",9,15,60,,,,USD,EA
Penco,PENCO-6405R,Locker,10 51 13,"Penco Vanguard Recessed Handle. Locker. 21""W x 18""D x 60""H. 3-tier. Cat.No 6405R",21,18,60,,,,USD,EA
Penco,PENCO-6407R,Locker,10 51 13,"Penco Vanguard Recessed Handle. Locker. 24""W x 12""D x 60""H. 3-tier. Cat.No 6407R",24,12,60,,,,USD,EA
Penco,PENCO-6409R,Locker,10 51 13,"Penco Vanguard Recessed Handle. Locker. 12""W x 15""D x 60""H. 3-tier. Cat.No 6409R",12,15,60,,,,USD,EA
Penco,PENCO-6411R,Locker,10 51 13,"Penco Vanguard Recessed Handle. Locker. 15""W x 18""D x 60""H. 3-tier. Cat.No 6411R",15,18,60,,,,USD,EA
Penco,PENCO-6449R,Locker,10 51 13,"Penco Vanguard Recessed Handle. Locker. 12""W x 21""D x 60""H. 3-tier. Cat.No 6449R",12,21,60,,,,USD,EA
Penco,PENCO-6451R,Locker,10 51 13,"Penco Vanguard Recessed Handle. Locker. 12""W x 15""D x 60""H. 3-tier. Cat.No 6451R",12,15,60,,,,USD,EA
Penco,PENCO-6453R,Locker,10 51 13,"Penco Vanguard Recessed Handle. Locker. 15""W x 18""D x 60""H. 3-tier. Cat.No 6453R",15,18,60,,,,USD,EA
Penco,PENCO-6455R,Locker,10 51 13,"Penco Vanguard Recessed Handle. Locker. 18""W x 21""D x 60""H. 3-tier. Cat.No 6455R",18,21,60,,,,USD,EA
Penco,PENCO-6701R,Locker,10 51 13,"Penco Vanguard Recessed Handle. Locker. 15""W x 15""D x 72""H. 1-tier. Cat.No 6701R",15,15,72,,,,USD,EA
Penco,PENCO-6702R,Locker,10 51 13,"Penco Vanguard Recessed Handle. Locker. 24""W x 21""D x 84""H. 2-tier. Cat.No 6702R",24,21,84,,,,USD,EA
Penco,PENCO-6703R,Locker,10 51 13,"Penco Vanguard Recessed Handle. Locker. 12""W x 24""D x 84""H. 2-tier. Cat.No 6703R",12,24,84,,,,USD,EA
Penco,PENCO-6704R,Locker,10 51 13,"Penco Vanguard Recessed Handle. Locker. 24""W x 21""D x 84""H. 2-tier. Cat.No 6704R",24,21,84,,,,USD,EA
Penco,PENCO-6705R,Locker,10 51 13,"Penco Vanguard Recessed Handle. Locker. 24""W x 24""D x 84""H. 2-tier. Cat.No 6705R",24,24,84,,,,USD,EA
Penco,PENCO-6706R,Locker,10 51 13,"Penco Vanguard Recessed Handle. Locker. 15""W x 12""D x 84""H. 2-tier. Cat.No 6706R",15,12,84,,,,USD,EA
Penco,PENCO-6707R,Locker,10 51 13,"Penco Vanguard Recessed Handle. Locker. 18""W x 15""D x 84""H. 2-tier. Cat.No 6707R",18,15,84,,,,USD,EA
Penco,PENCO-6708R,Locker,10 51 13,"Penco Vanguard Recessed Handle. Locker. 21""W x 18""D x 84""H. 2-tier. Cat.No 6708R",21,18,84,,,,USD,EA
Penco,PENCO-6709R,Locker,10 51 13,"Penco Vanguard Recessed Handle. Locker. 24""W x 21""D x 84""H. 2-tier. Cat.No 6709R",24,21,84,,,,USD,EA
Penco,PENCO-6710R,Locker,10 51 13,"Penco Vanguard Recessed Handle. Locker. 24""W x 24""D x 84""H. 2-tier. Cat.No 6710R",24,24,84,,,,USD,EA
Penco,PENCO-6788R,Locker,10 51 13,"Penco Vanguard Recessed Handle. Locker. 15""W x 15""D x 84""H. 2-tier. Cat.No 6788R",15,15,84,,,,USD,EA
Penco,PENCO-6789R,Locker,10 51 13,"Penco Vanguard Recessed Handle. Locker. 18""W x 18""D x 84""H. 2-tier. Cat.No 6789R",18,18,84,,,,USD,EA
Penco,PENCO-6335R,Locker,10 51 13,"Penco Vanguard Recessed Handle. Locker. 18""W x 18""D x 72""H. 2-tier. Cat.No 6335R",18,18,72,,,,USD,EA
Penco,PENCO-6413R,Locker,10 51 13,"Penco Vanguard Recessed Handle. Box Over. 12""W x 12""D x 72""H. Cat.No 6413R",12,12,72,,,,USD,EA
Penco,PENCO-6415R,Locker,10 51 13,"Penco Vanguard Recessed Handle. Box Over. 15""W x 15""D x 72""H. Cat.No 6415R",15,15,72,,,,USD,EA
Penco,PENCO-6417R,Locker,10 51 13,"Penco Vanguard Recessed Handle. Box Over. 18""W x 18""D x 72""H. Cat.No 6417R",18,18,72,,,,USD,EA
Penco,PENCO-6418R,Locker,10 51 13,"Penco Vanguard Recessed Handle. Box Over. 21""W x 21""D x 72""H. Cat.No 6418R",21,21,72,,,,USD,EA
Penco,PENCO-6419R,Locker,10 51 13,"Penco Vanguard Recessed Handle. Box Over. 12""W x 12""D x 72""H. Cat.No 6419R",12,12,72,,,,USD,EA
Penco,PENCO-6420R,Locker,10 51 13,"Penco Vanguard Recessed Handle. Box Over. 21""W x 24""D x 72""H. Cat.No 6420R",21,24,72,,,,USD,EA
Penco,PENCO-6421R,Locker,10 51 13,"Penco Vanguard Recessed Handle. Box Over. 15""W x 15""D x 72""H. Cat.No 6421R",15,15,72,,,,USD,EA
Penco,PENCO-6423R,Locker,10 51 13,"Penco Vanguard Recessed Handle. Box Over. 18""W x 18""D x 72""H. Cat.No 6423R",18,18,72,,,,USD,EA
Penco,PENCO-6436R,Locker,10 51 13,"Penco Vanguard Recessed Handle. Box Over. 18""W x 15""D x 72""H. Cat.No 6436R",18,15,72,,,,USD,EA
Penco,PENCO-6438R,Locker,10 51 13,"Penco Vanguard Recessed Handle. Box Over. 15""W x 18""D x 72""H. Cat.No 6438R",15,18,72,,,,USD,EA
Penco,PENCO-6439R,Locker,10 51 13,"Penco Vanguard Recessed Handle. Box Over. 15""W x 12""D x 72""H. Cat.No 6439R",15,12,72,,,,USD,EA
Penco,PENCO-6440R,Locker,10 51 13,"Penco Vanguard Recessed Handle. Box Over. 24""W x 21""D x 72""H. Cat.No 6440R",24,21,72,,,,USD,EA
Penco,PENCO-6441R,Locker,10 51 13,"Penco Vanguard Recessed Handle. Box Over. 18""W x 15""D x 72""H. Cat.No 6441R",18,15,72,,,,USD,EA
Penco,PENCO-6442R,Locker,10 51 13,"Penco Vanguard Recessed Handle. Box Over. 12""W x 24""D x 72""H. Cat.No 6442R",12,24,72,,,,USD,EA
Penco,PENCO-6443R,Locker,10 51 13,"Penco Vanguard Recessed Handle. Box Over. 12""W x 18""D x 72""H. Cat.No 6443R",12,18,72,,,,USD,EA
Penco,PENCO-6444R,Locker,10 51 13,"Penco Vanguard Recessed Handle. Box Over. 24""W x 21""D x 72""H. Cat.No 6444R",24,21,72,,,,USD,EA
Penco,PENCO-6445R,Locker,10 51 13,"Penco Vanguard Recessed Handle. Box Over. 18""W x 18""D x 72""H. Cat.No 6445R",18,18,72,,,,USD,EA
Penco,PENCO-6446R,Locker,10 51 13,"Penco Vanguard Recessed Handle. Box Over. 12""W x 24""D x 72""H. Cat.No 6446R",12,24,72,,,,USD,EA
Penco,PENCO-6447R,Locker,10 51 13,"Penco Vanguard Recessed Handle. Box Over. 24""W x 21""D x 72""H. Cat.No 6447R",24,21,72,,,,USD,EA
Penco,PENCO-6448R,Locker,10 51 13,"Penco Vanguard Recessed Handle. Box Over. 15""W x 12""D x 72""H. Cat.No 6448R",15,12,72,,,,USD,EA
Penco,PENCO-6450R,Locker,10 51 13,"Penco Vanguard Recessed Handle. Box Over. 15""W x 12""D x 72""H. Cat.No 6450R",15,12,72,,,,USD,EA
Penco,PENCO-6452R,Locker,10 51 13,"Penco Vanguard Recessed Handle. Box Over. 18""W x 15""D x 72""H. Cat.No 6452R",18,15,72,,,,USD,EA
Penco,PENCO-6454R,Locker,10 51 13,"Penco Vanguard Recessed Handle. Locker. 12""W x 24""D x 72""H. 2-tier. Cat.No 6454R",12,24,72,,,,USD,EA
Penco,PENCO-6472R,Locker,10 51 13,"Penco Vanguard Recessed Handle. Box Over. 12""W x 12""D x 72""H. Cat.No 6472R",12,12,72,,,,USD,EA
Penco,PENCO-6494R,Locker,10 51 13,"Penco Vanguard Recessed Handle. Box Over. 15""W x 15""D x 72""H. Cat.No 6494R",15,15,72,,,,USD,EA
Penco,PENCO-6496R,Locker,10 51 13,"Penco Vanguard Recessed Handle. Box Over. 18""W x 18""D x 72""H. Cat.No 6496R",18,18,72,,,,USD,EA
Penco,PENCO-6499R,Locker,10 51 13,"Penco Vanguard Recessed Handle. Box Over. 21""W x 21""D x 72""H. Cat.No 6499R",21,21,72,,,,USD,EA
Penco,PENCO-6500R,Locker,10 51 13,"Penco Vanguard Recessed Handle. 2 Person. 12""D x 72""H. 1-tier. Cat.No 6500R",,12,72,,,,USD,EA
Penco,PENCO-6501R,Locker,10 51 13,"Penco Vanguard Recessed Handle. 2 Person. 15""D x 72""H. 1-tier. Cat.No 6501R",,15,72,,,,USD,EA
Penco,PENCO-6503R,Locker,10 51 13,"Penco Vanguard Recessed Handle. 2 Person. 18""D x 72""H. 1-tier. Cat.No 6503R",,18,72,,,,USD,EA
Penco,PENCO-6505R,Locker,10 51 13,"Penco Vanguard Recessed Handle. 2 Person. 21""D x 72""H. 1-tier. Cat.No 6505R",,21,72,,,,USD,EA
Penco,PENCO-6531R,Locker,10 51 13,"Penco Vanguard Recessed Handle. Duplex. 15""D x 72""H. Cat.No 6531R",,15,72,,,,USD,EA
Penco,PENCO-6533R,Locker,10 51 13,"Penco Vanguard Recessed Handle. Duplex. 15""W x 18""D x 72""H. Cat.No 6533R",15,18,72,,,,USD,EA
Penco,PENCO-6535R,Locker,10 51 13,"Penco Vanguard Recessed Handle. Duplex. 15""W x 21""D x 72""H. Cat.No 6535R",15,21,72,,,,USD,EA
Penco,PENCO-6573R,Locker,10 51 13,"Penco Vanguard Recessed Handle. 7 Person. 12""W x 18""D x 72""H. 3-tier. Cat.No 6573R",12,18,72,,,,USD,EA
Penco,PENCO-6575R,Locker,10 51 13,"Penco Vanguard Recessed Handle. 7 Person. 15""W x 21""D x 72""H. 3-tier. Cat.No 6575R",15,21,72,,,,USD,EA
Penco,PENCO-6577R,Locker,10 51 13,"Penco Vanguard Recessed Handle. 8 Person. 54""W x 18""D x 72""H. Cat.No 6577R",54,18,72,,,,USD,EA
Penco,PENCO-6727R,Locker,10 51 13,"Penco Vanguard Recessed Handle. Box Over. 21""W x 24""D x 72""H. Cat.No 6727R",21,24,72,,,,USD,EA
Penco,PENCO-6728R,Locker,10 51 13,"Penco Vanguard Recessed Handle. Box Over. 21""W x 21""D x 72""H. Cat.No 6728R",21,21,72,,,,USD,EA
Penco,PENCO-6729R,Locker,10 51 13,"Penco Vanguard Recessed Handle. 7 Person. 12""W x 12""D x 60""H. 3-tier. Cat.No 6729R",12,12,60,,,,USD,EA
Penco,PENCO-6730R,Locker,10 51 13,"Penco Vanguard Recessed Handle. 7 Person. 15""W x 15""D x 60""H. 3-tier. Cat.No 6730R",15,15,60,,,,USD,EA
Penco,PENCO-6731R,Locker,10 51 13,"Penco Vanguard Recessed Handle. 7 Person. 18""W x 18""D x 60""H. 3-tier. Cat.No 6731R",18,18,60,,,,USD,EA
Penco,PENCO-6732R,Locker,10 51 13,"Penco Vanguard Recessed Handle. 8 Person. 21""W x 21""D x 60""H. Cat.No 6732R",21,21,60,,,,USD,EA
Penco,PENCO-6733R,Locker,10 51 13,"Penco Vanguard Recessed Handle. 8 Person. 24""W x 24""D x 60""H. Cat.No 6733R",24,24,60,,,,USD,EA
Penco,PENCO-6734R,Locker,10 51 13,"Penco Vanguard Recessed Handle. Box Over. 21""W x 24""D x 72""H. Cat.No 6734R",21,24,72,,,,USD,EA
Penco,PENCO-6735R,Locker,10 51 13,"Penco Vanguard Recessed Handle. Locker. 12""W x 12""D x 72""H. 2-tier. Cat.No 6735R",12,12,72,,,,USD,EA
Penco,PENCO-6736R,Locker,10 51 13,"Penco Vanguard Recessed Handle. Locker. 15""W x 15""D x 72""H. 2-tier. Cat.No 6736R",15,15,72,,,,USD,EA
Penco,PENCO-6738R,Locker,10 51 13,"Penco Vanguard Recessed Handle. Locker. 21""W x 21""D x 72""H. 2-tier. Cat.No 6738R",21,21,72,,,,USD,EA
Penco,PENCO-6739R,Locker,10 51 13,"Penco Vanguard Recessed Handle. Locker. 21""W x 24""D x 72""H. 2-tier. Cat.No 6739R",21,24,72,,,,USD,EA
Penco,PENCO-6579V,Locker,10 51 13,"Penco Vanguard Specialty. 16 Person Locker. 69""W x 18""D x 72""H. Cat.No 6579V",69,18,72,,,,USD,EA
Penco,PENCO-68242,Locker,10 51 13,"Penco Vanguard Specialty. Wall Mounted Locker with Coat Rod. 45""W x 18""D x 13-5/8""H. Cat.No 68242",45,18,13-5/8,,,,USD,EA
Penco,PENCO-68001R,Locker,10 51 13,"Penco QuickShip Vanguard. QuickShip Locker. 12""W x 12""D x 60""H. 1-tier. 1-wide. Cat.No 68001R",12,12,60,,,,USD,EA
Penco,PENCO-68002R,Locker,10 51 13,"Penco QuickShip Vanguard. QuickShip Locker. 12""W x 12""D x 60""H. 1-tier. 2-wide. Cat.No 68002R",12,12,60,,,,USD,EA
Penco,PENCO-68003R,Locker,10 51 13,"Penco QuickShip Vanguard. QuickShip Locker. 12""W x 12""D x 60""H. 5-tier. 3-wide. Cat.No 68003R",12,12,60,,,,USD,EA
Penco,PENCO-68011R,Locker,10 51 13,"Penco QuickShip Vanguard. QuickShip Locker. 12""W x 15""D x 60""H. 1-tier. 1-wide. Cat.No 68011R",12,15,60,,,,USD,EA
Penco,PENCO-68012R,Locker,10 51 13,"Penco QuickShip Vanguard. QuickShip Locker. 12""W x 15""D x 60""H. 1-tier. 2-wide. Cat.No 68012R",12,15,60,,,,USD,EA
Penco,PENCO-68013R,Locker,10 51 13,"Penco QuickShip Vanguard. QuickShip Locker. 12""W x 15""D x 60""H. 5-tier. 3-wide. Cat.No 68013R",12,15,60,,,,USD,EA
Penco,PENCO-68021R,Locker,10 51 13,"Penco QuickShip Vanguard. QuickShip Locker. 12""W x 18""D x 60""H. 1-tier. 1-wide. Cat.No 68021R",12,18,60,,,,USD,EA
Penco,PENCO-68022R,Locker,10 51 13,"Penco QuickShip Vanguard. QuickShip Locker. 12""W x 18""D x 60""H. 5-tier. 2-wide. Cat.No 68022R",12,18,60,,,,USD,EA
Penco,PENCO-68023R,Locker,10 51 13,"Penco QuickShip Vanguard. QuickShip Locker. 12""W x 18""D x 60""H. 5-tier. 3-wide. Cat.No 68023R",12,18,60,,,,USD,EA
Penco,PENCO-68031R,Locker,10 51 13,"Penco QuickShip Vanguard. QuickShip Locker. 12""W x 15""D x 30""H. 6-tier. 1-wide. Cat.No 68031R",12,15,30,,,,USD,EA
Penco,PENCO-68032R,Locker,10 51 13,"Penco QuickShip Vanguard. QuickShip Locker. 12""W x 15""D x 30""H. 6-tier. 2-wide. Cat.No 68032R",12,15,30,,,,USD,EA
Penco,PENCO-68033R,Locker,10 51 13,"Penco QuickShip Vanguard. QuickShip Locker. 12""W x 15""D x 30""H. 6-tier. 3-wide. Cat.No 68033R",12,15,30,,,,USD,EA
Penco,PENCO-68041R,Locker,10 51 13,"Penco QuickShip Vanguard. QuickShip Locker. 12""W x 18""D x 30""H. 6-tier. 1-wide. Cat.No 68041R",12,18,30,,,,USD,EA
Penco,PENCO-68042R,Locker,10 51 13,"Penco QuickShip Vanguard. QuickShip Locker. 12""W x 18""D x 30""H. 6-tier. 2-wide. Cat.No 68042R",12,18,30,,,,USD,EA
Penco,PENCO-68043R,Locker,10 51 13,"Penco QuickShip Vanguard. QuickShip Locker. 12""W x 18""D x 30""H. 6-tier. 3-wide. Cat.No 68043R",12,18,30,,,,USD,EA
Penco,PENCO-68051R,Locker,10 51 13,"Penco QuickShip Vanguard. QuickShip Locker. 12""W x 12""D x 72""H. 1-tier. 1-wide. Cat.No 68051R",12,12,72,,,,USD,EA
Penco,PENCO-68052R,Locker,10 51 13,"Penco QuickShip Vanguard. QuickShip Locker. 12""W x 12""D x 72""H. 5-tier. 2-wide. Cat.No 68052R",12,12,72,,,,USD,EA
Penco,PENCO-68053R,Locker,10 51 13,"Penco QuickShip Vanguard. QuickShip Locker. 12""W x 12""D x 72""H. 5-tier. 3-wide. Cat.No 68053R",12,12,72,,,,USD,EA
Penco,PENCO-68061R,Locker,10 51 13,"Penco QuickShip Vanguard. QuickShip Locker. 12""W x 15""D x 72""H. 1-tier. 1-wide. Cat.No 68061R",12,15,72,,,,USD,EA
Penco,PENCO-68062R,Locker,10 51 13,"Penco QuickShip Vanguard. QuickShip Locker. 12""W x 15""D x 72""H. 5-tier. 2-wide. Cat.No 68062R",12,15,72,,,,USD,EA
Penco,PENCO-68063R,Locker,10 51 13,"Penco QuickShip Vanguard. QuickShip Locker. 12""W x 15""D x 72""H. 5-tier. 3-wide. Cat.No 68063R",12,15,72,,,,USD,EA
Penco,PENCO-68071R,Locker,10 51 13,"Penco QuickShip Vanguard. QuickShip Locker. 12""W x 18""D x 72""H. 1-tier. 1-wide. Cat.No 68071R",12,18,72,,,,USD,EA
Penco,PENCO-68072R,Locker,10 51 13,"Penco QuickShip Vanguard. QuickShip Locker. 12""W x 18""D x 72""H. 5-tier. 2-wide. Cat.No 68072R",12,18,72,,,,USD,EA
Penco,PENCO-68073R,Locker,10 51 13,"Penco QuickShip Vanguard. QuickShip Locker. 12""W x 18""D x 72""H. 5-tier. 3-wide. Cat.No 68073R",12,18,72,,,,USD,EA
Penco,PENCO-68091R,Locker,10 51 13,"Penco QuickShip Vanguard. QuickShip Locker. 15""W x 18""D x 72""H. 1-tier. 1-wide. Cat.No 68091R",15,18,72,,,,USD,EA
Penco,PENCO-68092R,Locker,10 51 13,"Penco QuickShip Vanguard. QuickShip Locker. 15""W x 18""D x 72""H. 5-tier. 2-wide. Cat.No 68092R",15,18,72,,,,USD,EA
Penco,PENCO-68093R,Locker,10 51 13,"Penco QuickShip Vanguard. QuickShip Locker. 15""W x 18""D x 72""H. 5-tier. 3-wide. Cat.No 68093R",15,18,72,,,,USD,EA
Penco,PENCO-68101R,Locker,10 51 13,"Penco QuickShip Vanguard. QuickShip Locker. 18""W x 18""D x 72""H. 1-tier. 1-wide. Cat.No 68101R",18,18,72,,,,USD,EA
Penco,PENCO-68102R,Locker,10 51 13,"Penco QuickShip Vanguard. QuickShip Locker. 18""W x 18""D x 72""H. 5-tier. 2-wide. Cat.No 68102R",18,18,72,,,,USD,EA
Penco,PENCO-68103R,Locker,10 51 13,"Penco QuickShip Vanguard. QuickShip Locker. 18""W x 18""D x 72""H. 5-tier. 3-wide. Cat.No 68103R",18,18,72,,,,USD,EA
Penco,PENCO-68111R,Locker,10 51 13,"Penco QuickShip Vanguard. QuickShip Locker. 12""W x 12""D x 30""H. 6-tier. 1-wide. Cat.No 68111R",12,12,30,,,,USD,EA
Penco,PENCO-68112R,Locker,10 51 13,"Penco QuickShip Vanguard. QuickShip Locker. 12""W x 12""D x 30""H. 6-tier. 2-wide. Cat.No 68112R",12,12,30,,,,USD,EA
Penco,PENCO-68113R,Locker,10 51 13,"Penco QuickShip Vanguard. QuickShip Locker. 12""W x 12""D x 30""H. 6-tier. 3-wide. Cat.No 68113R",12,12,30,,,,USD,EA
Penco,PENCO-68121R,Locker,10 51 13,"Penco QuickShip Vanguard. QuickShip Locker. 12""W x 12""D x 36""H. 6-tier. 1-wide. Cat.No 68121R",12,12,36,,,,USD,EA
Penco,PENCO-68122R,Locker,10 51 13,"Penco QuickShip Vanguard. QuickShip Locker. 12""W x 12""D x 36""H. 6-tier. 2-wide. Cat.No 68122R",12,12,36,,,,USD,EA
Penco,PENCO-68123R,Locker,10 51 13,"Penco QuickShip Vanguard. QuickShip Locker. 12""W x 12""D x 36""H. 6-tier. 3-wide. Cat.No 68123R",12,12,36,,,,USD,EA
Penco,PENCO-68131R,Locker,10 51 13,"Penco QuickShip Vanguard. QuickShip Locker. 12""W x 15""D x 36""H. 6-tier. 1-wide. Cat.No 68131R",12,15,36,,,,USD,EA
Penco,PENCO-68132R,Locker,10 51 13,"Penco QuickShip Vanguard. QuickShip Locker. 12""W x 15""D x 36""H. 6-tier. 2-wide. Cat.No 68132R",12,15,36,,,,USD,EA
Penco,PENCO-68133R,Locker,10 51 13,"Penco QuickShip Vanguard. QuickShip Locker. 12""W x 15""D x 36""H. 6-tier. 3-wide. Cat.No 68133R",12,15,36,,,,USD,EA
Penco,PENCO-68141R,Locker,10 51 13,"Penco QuickShip Vanguard. QuickShip Locker. 12""W x 18""D x 36""H. 6-tier. 1-wide. Cat.No 68141R",12,18,36,,,,USD,EA
Penco,PENCO-68142R,Locker,10 51 13,"Penco QuickShip Vanguard. QuickShip Locker. 12""W x 18""D x 36""H. 6-tier. 2-wide. Cat.No 68142R",12,18,36,,,,USD,EA
Penco,PENCO-68143R,Locker,10 51 13,"Penco QuickShip Vanguard. 16 Person Specialty. 12""W x 18""D x 36""H. Cat.No 68143R",12,18,36,,,,USD,EA
Penco,PENCO-68161X,Locker,10 51 13,"Penco QuickShip Vanguard. QuickShip Locker. 12""W x 12""D x 12""H. 5-tier. 1-wide. Cat.No 68161X",12,12,12,,,,USD,EA
Penco,PENCO-68162X,Locker,10 51 13,"Penco QuickShip Vanguard. QuickShip Locker. 12""W x 12""D x 12""H. 5-tier. 2-wide. Cat.No 68162X",12,12,12,,,,USD,EA
Penco,PENCO-68163X,Locker,10 51 13,"Penco QuickShip Vanguard. QuickShip Locker. 12""W x 12""D x 12""H. 5-tier. 3-wide. Cat.No 68163X",12,12,12,,,,USD,EA
Penco,PENCO-68171X,Locker,10 51 13,"Penco QuickShip Vanguard. QuickShip Locker. 12""W x 15""D x 12""H. 5-tier. 1-wide. Cat.No 68171X",12,15,12,,,,USD,EA
Penco,PENCO-68172X,Locker,10 51 13,"Penco QuickShip Vanguard. QuickShip Locker. 12""W x 15""D x 12""H. 5-tier. 2-wide. Cat.No 68172X",12,15,12,,,,USD,EA
Penco,PENCO-68173X,Locker,10 51 13,"Penco QuickShip Vanguard. QuickShip Locker. 12""W x 15""D x 12""H. 5-tier. 3-wide. Cat.No 68173X",12,15,12,,,,USD,EA
Penco,PENCO-68191X,Locker,10 51 13,"Penco QuickShip Vanguard. QuickShip Locker. 12""W x 12""D x 12""H. 6-tier. 1-wide. Cat.No 68191X",12,12,12,,,,USD,EA
Penco,PENCO-68192X,Locker,10 51 13,"Penco QuickShip Vanguard. QuickShip Locker. 12""W x 12""D x 12""H. 6-tier. 2-wide. Cat.No 68192X",12,12,12,,,,USD,EA
Penco,PENCO-68193X,Locker,10 51 13,"Penco QuickShip Vanguard. QuickShip Locker. 12""W x 12""D x 12""H. 6-tier. 3-wide. Cat.No 68193X",12,12,12,,,,USD,EA
Penco,PENCO-68201X,Locker,10 51 13,"Penco QuickShip Vanguard. QuickShip Locker. 12""W x 15""D x 12""H. 6-tier. 1-wide. Cat.No 68201X",12,15,12,,,,USD,EA
Penco,PENCO-68202X,Locker,10 51 13,"Penco QuickShip Vanguard. QuickShip Locker. 12""W x 15""D x 12""H. 6-tier. 2-wide. Cat.No 68202X",12,15,12,,,,USD,EA
Penco,PENCO-68203X,Locker,10 51 13,"Penco QuickShip Vanguard. QuickShip Locker. 12""W x 15""D x 12""H. 6-tier. 3-wide. Cat.No 68203X",12,15,12,,,,USD,EA
Penco,PENCO-68211X,Locker,10 51 13,"Penco QuickShip Vanguard. QuickShip Locker. 12""W x 18""D x 12""H. 6-tier. 1-wide. Cat.No 68211X",12,18,12,,,,USD,EA
Penco,PENCO-68212X,Locker,10 51 13,"Penco QuickShip Vanguard. QuickShip Locker. 12""W x 18""D x 12""H. 6-tier. 2-wide. Cat.No 68212X",12,18,12,,,,USD,EA
Penco,PENCO-68213X,Locker,10 51 13,"Penco QuickShip Vanguard. QuickShip Locker. 12""W x 18""D x 12""H. 6-tier. 3-wide. Cat.No 68213X",12,18,12,,,,USD,EA
Penco,PENCO-68231X,Locker,10 51 13,"Penco QuickShip Vanguard. 16 Person Specialty. 69""W x 18""D x 72""H. Cat.No 68231X",69,18,72,,,,USD,EA
Penco,PENCO-68242X,Locker,10 51 13,"Penco QuickShip Vanguard. Wall Mount Specialty. 45""W x 18""D x 13-5/8""H. Cat.No 68242X",45,18,13-5/8,,,,USD,EA
Penco,PENCO-68261R,Locker,10 51 13,"Penco QuickShip Vanguard. QuickShip Locker. 15""W x 18""D x 36""H. 6-tier. 1-wide. Cat.No 68261R",15,18,36,,,,USD,EA
Penco,PENCO-68262R,Locker,10 51 13,"Penco QuickShip Vanguard. QuickShip Locker. 15""W x 18""D x 36""H. 6-tier. 2-wide. Cat.No 68262R",15,18,36,,,,USD,EA
Penco,PENCO-68263R,Locker,10 51 13,"Penco QuickShip Vanguard. 16 Person Specialty. 15""W x 18""D x 36""H. Cat.No 68263R",15,18,36,,,,USD,EA
Penco,PENCO-68331R,Locker,10 51 13,"Penco QuickShip Vanguard. QuickShip Locker. 12""W x 12""D x 24""H. 3-tier. 1-wide. Cat.No 68331R",12,12,24,,,,USD,EA
Penco,PENCO-68332R,Locker,10 51 13,"Penco QuickShip Vanguard. Wall Mount Specialty. 12""W x 12""D x 24""H. 3-tier. Cat.No 68332R",12,12,24,,,,USD,EA
Penco,PENCO-68333R,Locker,10 51 13,"Penco QuickShip Vanguard. Wall Mount Specialty. 12""W x 12""D x 24""H. 3-tier. Cat.No 68333R",12,12,24,,,,USD,EA
Penco,PENCO-68341R,Locker,10 51 13,"Penco QuickShip Vanguard. QuickShip Locker. 12""W x 15""D x 24""H. 3-tier. 1-wide. Cat.No 68341R",12,15,24,,,,USD,EA
Penco,PENCO-68342R,Locker,10 51 13,"Penco QuickShip Vanguard. Wall Mount Specialty. 12""W x 15""D x 24""H. 3-tier. Cat.No 68342R",12,15,24,,,,USD,EA
Penco,PENCO-68343R,Locker,10 51 13,"Penco QuickShip Vanguard. Wall Mount Specialty. 12""W x 15""D x 24""H. 3-tier. Cat.No 68343R",12,15,24,,,,USD,EA
Penco,PENCO-68351R,Locker,10 51 13,"Penco QuickShip Vanguard. Wall Mount Specialty. 12""W x 18""D x 24""H. 3-tier. Cat.No 68351R",12,18,24,,,,USD,EA
Penco,PENCO-68352R,Locker,10 51 13,"Penco QuickShip Vanguard. Wall Mount Specialty. 12""W x 18""D x 24""H. 3-tier. Cat.No 68352R",12,18,24,,,,USD,EA
Penco,PENCO-68353R,Locker,10 51 13,"Penco QuickShip Vanguard. Wall Mount Specialty. 12""W x 18""D x 24""H. 3-tier. Cat.No 68353R",12,18,24,,,,USD,EA
Penco,PENCO-60229HQS,Locker Accessory,10 51 13,"Penco QuickShip Accessories. Locker Accessory. 12""W x 12""D x 4""H. Cat.No 60229HQS",12,12,4,,,,USD,EA
Penco,PENCO-60230HQS,Locker Accessory,10 51 13,"Penco QuickShip Accessories. Locker Accessory. 12""W x 12""D x 4""H. Cat.No 60230HQS",12,12,4,,,,USD,EA
Penco,PENCO-60231HQS,Locker Accessory,10 51 13,"Penco QuickShip Accessories. Locker Accessory. 12""W x 15""D x 5""H. Cat.No 60231HQS",12,15,5,,,,USD,EA
Penco,PENCO-60232HQS,Locker Accessory,10 51 13,"Penco QuickShip Accessories. Locker Accessory. 12""W x 15""D x 5""H. Cat.No 60232HQS",12,15,5,,,,USD,EA
Penco,PENCO-60233HQS,Locker Accessory,10 51 13,"Penco QuickShip Accessories. Locker Accessory. 12""W x 18""D x 6""H. Cat.No 60233HQS",12,18,6,,,,USD,EA
Penco,PENCO-60234HQS,Locker Accessory,10 51 13,"Penco QuickShip Accessories. Locker Accessory. 12""W x 18""D x 6""H. Cat.No 60234HQS",12,18,6,,,,USD,EA
Penco,PENCO-60239HQS,Locker Accessory,10 51 13,"Penco QuickShip Accessories. Locker Accessory. 15""W x 18""D x 6""H. Cat.No 60239HQS",15,18,6,,,,USD,EA
Penco,PENCO-60240HQS,Locker Accessory,10 51 13,"Penco QuickShip Accessories. Locker Accessory. 15""W x 18""D x 6""H. Cat.No 60240HQS",15,18,6,,,,USD,EA
Penco,PENCO-60243HQS,Locker Accessory,10 51 13,"Penco QuickShip Accessories. Locker Accessory. 18""W x 18""D x 6""H. Cat.No 60243HQS",18,18,6,,,,USD,EA
Penco,PENCO-60244HQS,Locker Accessory,10 51 13,"Penco QuickShip Accessories. Locker Accessory. 18""W x 18""D x 6""H. Cat.No 60244HQS",18,18,6,,,,USD,EA
Penco,PENCO-66070QS,Locker Accessory,10 51 13,Penco QuickShip Accessories. Width    Depth   Height      073 Champagne               Universal Hood Support. Cat.No 66070QS,,,,,,,USD,EA
Penco,PENCO-66100-KITQS,Locker Accessory,10 51 13,"Penco QuickShip Accessories. Locker Accessory. 12""W x 12""D. Cat.No 66100-KITQS",12,12,,,,,USD,EA
Penco,PENCO-66101-KITQS,Locker Accessory,10 51 13,"Penco QuickShip Accessories. Locker Accessory. 15""W x 15""D. Cat.No 66101-KITQS",15,15,,,,,USD,EA
Penco,PENCO-66102-KITQS,Locker Accessory,10 51 13,"Penco QuickShip Accessories. Locker Accessory. 18""W x 18""D. Cat.No 66102-KITQS",18,18,,,,,USD,EA
Penco,PENCO-661371QS,Locker Accessory,10 51 13,"Penco QuickShip Accessories. Locker Accessory. 15""W x 12""D. Cat.No 661371QS",15,12,,,,,USD,EA
Penco,PENCO-661372QS,Locker Accessory,10 51 13,"Penco QuickShip Accessories. Locker Accessory. 15""W x 15""D. Cat.No 661372QS",15,15,,,,,USD,EA
Penco,PENCO-661373QS,Locker Accessory,10 51 13,"Penco QuickShip Accessories. Locker Accessory. 15""W x 18""D. Cat.No 661373QS",15,18,,,,,USD,EA
Penco,PENCO-66144HQS,Locker Accessory,10 51 13,"Penco QuickShip Accessories. Locker Accessory. 72""W x 12""D x 5""H. Cat.No 66144HQS",72,12,5,,,,USD,EA
Penco,PENCO-66147HQS,Locker Accessory,10 51 13,"Penco QuickShip Accessories. Locker Accessory. 72""W x 15""D x 6""H. Cat.No 66147HQS",72,15,6,,,,USD,EA
Penco,PENCO-66150HQS,Locker Accessory,10 51 13,"Penco QuickShip Accessories. Locker Accessory. 72""W x 18""D x 7""H. Cat.No 66150HQS",72,18,7,,,,USD,EA
Penco,PENCO-66158HQS,Locker Accessory,10 51 13,"Penco QuickShip Accessories. Locker Accessory. 12""D. Cat.No 66158HQS",,12,,,,,USD,EA
Penco,PENCO-66159HQS,Locker Accessory,10 51 13,"Penco QuickShip Accessories. Locker Accessory. 12""D. Cat.No 66159HQS",,12,,,,,USD,EA
Penco,PENCO-66160HQS,Locker Accessory,10 51 13,"Penco QuickShip Accessories. Locker Accessory. 15""D. Cat.No 66160HQS",,15,,,,,USD,EA
Penco,PENCO-66161HQS,Locker Accessory,10 51 13,"Penco QuickShip Accessories. Locker Accessory. 15""D. Cat.No 66161HQS",,15,,,,,USD,EA
Penco,PENCO-66162HQS,Locker Accessory,10 51 13,"Penco QuickShip Accessories. Locker Accessory. 18""D. Cat.No 66162HQS",,18,,,,,USD,EA
Penco,PENCO-66163HQS,Locker Accessory,10 51 13,"Penco QuickShip Accessories. Locker Accessory. 18""D. Cat.No 66163HQS",,18,,,,,USD,EA
Penco,PENCO-66168QS,Locker Accessory,10 51 13,"Penco QuickShip Accessories. Locker Accessory. 12""D. Cat.No 66168QS",,12,,,,,USD,EA
Penco,PENCO-66169QS,Locker Accessory,10 51 13,"Penco QuickShip Accessories. Locker Accessory. 15""D. Cat.No 66169QS",,15,,,,,USD,EA
Penco,PENCO-66170QS,Locker Accessory,10 51 13,"Penco QuickShip Accessories. Locker Accessory. 18""D. Cat.No 66170QS",,18,,,,,USD,EA
Penco,PENCO-601660QS,Locker Accessory,10 51 13,"Penco QuickShip Accessories. Locker Accessory. 12""D x 60""H. Cat.No 601660QS",,12,60,,,,USD,EA
Penco,PENCO-601670QS,Locker Accessory,10 51 13,"Penco QuickShip Accessories. Locker Accessory. 15""D x 60""H. Cat.No 601670QS",,15,60,,,,USD,EA
Penco,PENCO-601680QS,Locker Accessory,10 51 13,"Penco QuickShip Accessories. Locker Accessory. 18""D x 60""H. Cat.No 601680QS",,18,60,,,,USD,EA
Penco,PENCO-601760QS,Locker Accessory,10 51 13,"Penco QuickShip Accessories. Locker Accessory. 028""W x 12""D x 72""H. Cat.No 601760QS",028,12,72,,,,USD,EA
Penco,PENCO-601790QS,Locker Accessory,10 51 13,"Penco QuickShip Accessories. Locker Accessory. 15""D x 72""H. Cat.No 601790QS",,15,72,,,,USD,EA
Penco,PENCO-601800QS,Locker Accessory,10 51 13,"Penco QuickShip Accessories. Locker Accessory. 028""W x 18""D x 72""H. Cat.No 601800QS",028,18,72,,,,USD,EA
Penco,PENCO-60204QS,Locker Accessory,10 51 13,"Penco QuickShip Accessories. Locker Accessory. 12""D x 6""H. Cat.No 60204QS",,12,6,,,,USD,EA
Penco,PENCO-60205QS,Locker Accessory,10 51 13,"Penco QuickShip Accessories. Locker Accessory. 15""D x 6""H. Cat.No 60205QS",,15,6,,,,USD,EA
Penco,PENCO-60206QS,Locker Accessory,10 51 13,"Penco QuickShip Accessories. Locker Accessory. 18""D x 6""H. Cat.No 60206QS",,18,6,,,,USD,EA
Penco,PENCO-60217QS,Locker Accessory,10 51 13,"Penco QuickShip Accessories. Locker Accessory. 12""W x 6""H. Cat.No 60217QS",12,,6,,,,USD,EA
Penco,PENCO-60218QS,Locker Accessory,10 51 13,"Penco QuickShip Accessories. Locker Accessory. 15""W x 6""H. Cat.No 60218QS",15,,6,,,,USD,EA
Penco,PENCO-60219QS,Locker Accessory,10 51 13,"Penco QuickShip Accessories. Locker Accessory. 18""W x 6""H. Cat.No 60219QS",18,,6,,,,USD,EA
Penco,PENCO-661321CQS,Locker Accessory,10 51 13,"Penco QuickShip Accessories. Locker Accessory. 15""W x 12""D. Cat.No 661321CQS",15,12,,,,,USD,EA
Penco,PENCO-661322CQS,Locker Accessory,10 51 13,"Penco QuickShip Accessories. Locker Accessory. 15""W x 15""D. Cat.No 661322CQS",15,15,,,,,USD,EA
Penco,PENCO-661323CQS,Locker Accessory,10 51 13,"Penco QuickShip Accessories. Locker Accessory. 15""W x 18""D. Cat.No 661323CQS",15,18,,,,,USD,EA
Penco,PENCO-66138QS,Locker Accessory,10 51 13,"Penco QuickShip Accessories. Locker Accessory. 12""W x 12""D. Cat.No 66138QS",12,12,,,,,USD,EA
Penco,PENCO-66139QS,Locker Accessory,10 51 13,"Penco QuickShip Accessories. Locker Accessory. 15""W x 15""D. Cat.No 66139QS",15,15,,,,,USD,EA
Penco,PENCO-66140QS,Locker Accessory,10 51 13,"Penco QuickShip Accessories. Locker Accessory. 18""W x 18""D. Cat.No 66140QS",18,18,,,,,USD,EA
Penco,PENCO-66113-KITQS,Locker Accessory,10 51 13,"Penco QuickShip Accessories. Locker Accessory. 12""W x 60""H. Cat.No 66113-KITQS",12,,60,,,,USD,EA
Penco,PENCO-66113QS,Locker Accessory,10 51 13,"Penco QuickShip Accessories. Lock. 12""W x 60""H. Cat.No 66113QS",12,,60,,,,USD,EA
Penco,PENCO-661141-KITQS,Locker Accessory,10 51 13,"Penco QuickShip Accessories. Locker Accessory. 12""W x 72""H. Cat.No 661141-KITQS",12,,72,,,,USD,EA
Penco,PENCO-661141QS,Locker Accessory,10 51 13,"Penco QuickShip Accessories. Lock. 12""W x 72""H. Cat.No 661141QS",12,,72,,,,USD,EA
Penco,PENCO-66116-KITQS,Locker Accessory,10 51 13,"Penco QuickShip Accessories. Locker Accessory. 12""W x 78""H. Cat.No 66116-KITQS",12,,78,,,,USD,EA
Penco,PENCO-66116QS,Locker Accessory,10 51 13,"Penco QuickShip Accessories. Lock. 12""W x 78""H. Cat.No 66116QS",12,,78,,,,USD,EA
Penco,PENCO-66118QS,Locker Accessory,10 51 13,"Penco QuickShip Accessories. Locker Accessory. 60""H. Cat.No 66118QS",,,60,,,,USD,EA
Penco,PENCO-66119QS,Locker Accessory,10 51 13,"Penco QuickShip Accessories. Locker Accessory. 72""H. Cat.No 66119QS",,,72,,,,USD,EA
Penco,PENCO-66120QS,Locker Accessory,10 51 13,"Penco QuickShip Accessories. Locker Accessory. 66""H. Cat.No 66120QS",,,66,,,,USD,EA
Penco,PENCO-66121QS,Locker Accessory,10 51 13,"Penco QuickShip Accessories. Locker Accessory. 78""H. Cat.No 66121QS",,,78,,,,USD,EA
Penco,PENCO-661221-KITQS,Locker Accessory,10 51 13,"Penco QuickShip Accessories. Locker Accessory. 12""W x 66""H. Cat.No 661221-KITQS",12,,66,,,,USD,EA
Penco,PENCO-661221QS,Locker Accessory,10 51 13,"Penco QuickShip Accessories. Lock. 12""W x 66""H. Cat.No 661221QS",12,,66,,,,USD,EA
Penco,PENCO-66700HQS,Locker Accessory,10 51 13,"Penco QuickShip Accessories. Lock. 72""W x 4""H. Cat.No 66700HQS",72,,4,,,,USD,EA
Penco,PENCO-66701HQS,Locker Accessory,10 51 13,"Penco QuickShip Accessories. Locker Accessory. 12""D x 4""H. Cat.No 66701HQS",,12,4,,,,USD,EA
Penco,PENCO-66702HQS,Locker Accessory,10 51 13,"Penco QuickShip Accessories. Locker Accessory. 15""D x 4""H. Cat.No 66702HQS",,15,4,,,,USD,EA
Penco,PENCO-66703HQS,Locker Accessory,10 51 13,"Penco QuickShip Accessories. Locker Accessory. 18""D x 4""H. Cat.No 66703HQS",,18,4,,,,USD,EA
Penco,PENCO-97028ZQS,Locker Accessory,10 51 13,"Penco QuickShip Accessories. lockers, shelving, or. Cat.No 97028ZQS",,,,,,,USD,EA
Penco,PENCO-97073ZQS,Locker Accessory,10 51 13,"Penco QuickShip Accessories. lockers, shelving, or. Cat.No 97073ZQS",,,,,,,USD,EA
Penco,PENCO-60822H,Locker Bench,10 51 13,"Penco QuickShip Accessories. Locker Accessory. 073""W x 16-1/4""D. Cat.No 60822H",073,16-1/4,,,,,USD,EA
Penco,PENCO-60827HQS,Locker Bench,10 51 13,Penco QuickShip Accessories. to fasten to bench.. Cat.No 60827HQS,,,,,,,USD,EA
Penco,PENCO-66709H,Locker Accessory,10 51 13,"Penco QuickShip Accessories. Locker Accessory. 4""W x 12""D x 4""H. Cat.No 66709H",4,12,4,,,,USD,EA
Penco,PENCO-68420QS,Locker Accessory,10 51 13,Penco QuickShip Accessories. to fasten to bench.. Cat.No 68420QS,,,,,,,USD,EA
Penco,PENCO-6ACXHP61H,Locker Bench,10 51 13,"Penco QuickShip Accessories. Bench / Pedestal. 6""W x 20""D x 20""H. Cat.No 6ACXHP61H",6,20,20,,,,USD,EA
Penco,PENCO-8690QS,Locker Bench,10 51 13,Penco QuickShip Accessories. Stainless Steel Pedestal. Cat.No 8690QS,,,,,,,USD,EA
Penco,PENCO-9600QS,Locker Bench,10 51 13,"Penco QuickShip Accessories. on right             Rear Leg (for use with 4” high Zee Base). 48""W x 9-1/2""D x 1-1/4""H. Cat.No 9600QS",48,9/1/2002,1/1/2004,,,,USD,EA
Penco,PENCO-9602QS,Locker Bench,10 51 13,"Penco QuickShip Accessories. on right             Rear Leg (for use with 4” high Zee Base). 72""W x 9-1/2""D x 1-1/4""H. Cat.No 9602QS",72,9/1/2002,1/1/2004,,,,USD,EA
Penco,PENCO-9604QS,Locker Bench,10 51 13,"Penco QuickShip Accessories. on right             Rear Leg (for use with 4” high Zee Base). 96""W x 9-1/2""D x 1-1/4""H. Cat.No 9604QS",96,9/1/2002,1/1/2004,,,,USD,EA
Penco,PENCO-9611QS,Locker Bench,10 51 13,"Penco QuickShip Accessories. on right             Rear Leg (for use with 4” high Zee Base). 36""W x 9-1/2""D x 1-1/4""H. Cat.No 9611QS",36,9/1/2002,1/1/2004,,,,USD,EA
Penco,PENCO-96171QS,Locker Bench,10 51 13,Penco QuickShip Accessories. Master Key for Dead Bolt Flat Key Lock                      96171QS. Cat.No 96171QS,,,,,,,USD,EA
Penco,PENCO-9617QS,Locker Bench,10 51 13,"Penco QuickShip Accessories. set per pedestal.. 2""D x 9680""H. Cat.No 9617QS",,2,9680,,,,USD,EA
Penco,PENCO-9623QS,Locker Bench,10 51 13,"Penco QuickShip Accessories. on right             Rear Leg (for use with 4” high Zee Base). 48""W x 24""D x 1-1/4""H. Cat.No 9623QS",48,24,1/1/2004,,,,USD,EA
Penco,PENCO-9624QS,Locker Bench,10 51 13,"Penco QuickShip Accessories. on right             Rear Leg (for use with 4” high Zee Base). 42""W x 24""D x 1-1/4""H. Cat.No 9624QS",42,24,1/1/2004,,,,USD,EA
Penco,PENCO-9625QS,Locker Bench,10 51 13,"Penco QuickShip Accessories. on right             Rear Leg (for use with 4” high Zee Base). 42""W x 18""D x 1-1/4""H. Cat.No 9625QS",42,18,1/1/2004,,,,USD,EA
Penco,PENCO-9628QS,Locker Bench,10 51 13,"Penco QuickShip Accessories. on right             Rear Leg (for use with 4” high Zee Base). 48""W x 18""D x 1-1/4""H. Cat.No 9628QS",48,18,1/1/2004,,,,USD,EA
Penco,PENCO-9680QS,Locker Accessory,10 51 13,Penco QuickShip Accessories. set per pedestal.. Cat.No 9680QS,,,,,,,USD,EA
Penco,PENCO-6007G,Locker,10 51 13,"Penco Guardian Classic III. Locker. 12""W x 12""D x 36.5""H. 1-tier. Cat.No 6007G",12,12,36.5,,,,USD,EA
Penco,PENCO-6008G,Locker,10 51 13,"Penco Guardian Classic III. Locker. 15""W x 15""D x 36.5""H. 1-tier. Cat.No 6008G",15,15,36.5,,,,USD,EA
Penco,PENCO-6009G,Locker,10 51 13,"Penco Guardian Classic III. Locker. 15""W x 15""D x 36.5""H. 1-tier. Cat.No 6009G",15,15,36.5,,,,USD,EA
Penco,PENCO-6010G,Locker,10 51 13,"Penco Guardian Classic III. Locker. 18""W x 18""D x 36.5""H. 1-tier. Cat.No 6010G",18,18,36.5,,,,USD,EA
Penco,PENCO-6011G,Locker,10 51 13,"Penco Guardian Classic III. Locker. 21""W x 21""D x 36.5""H. 1-tier. Cat.No 6011G",21,21,36.5,,,,USD,EA
Penco,PENCO-6012G,Locker,10 51 13,"Penco Guardian Classic III. Locker. 24""W x 24""D x 36.5""H. 1-tier. Cat.No 6012G",24,24,36.5,,,,USD,EA
Penco,PENCO-6020G,Locker,10 51 13,"Penco Guardian Classic III. Locker. 12""W x 12""D x 36.5""H. 1-tier. Cat.No 6020G",12,12,36.5,,,,USD,EA
Penco,PENCO-6021G,Locker,10 51 13,"Penco Guardian Classic III. Locker. 15""W x 15""D x 36.5""H. 1-tier. Cat.No 6021G",15,15,36.5,,,,USD,EA
Penco,PENCO-6022G,Locker,10 51 13,"Penco Guardian Classic III. Locker. 24""W x 18""D x 36.5""H. 1-tier. Cat.No 6022G",24,18,36.5,,,,USD,EA
Penco,PENCO-6023G,Locker,10 51 13,"Penco Guardian Classic III. Locker. 21""W x 21""D x 36.5""H. 1-tier. Cat.No 6023G",21,21,36.5,,,,USD,EA
Penco,PENCO-6024G,Locker,10 51 13,"Penco Guardian Classic III. Locker. 24""W x 24""D x 36.5""H. 1-tier. Cat.No 6024G",24,24,36.5,,,,USD,EA
Penco,PENCO-6025G,Locker,10 51 13,"Penco Guardian Classic III. Locker. 21""W x 12""D x 48.5""H. 1-tier. Cat.No 6025G",21,12,48.5,,,,USD,EA
Penco,PENCO-6026G,Locker,10 51 13,"Penco Guardian Classic III. Locker. 24""W x 15""D x 48.5""H. 1-tier. Cat.No 6026G",24,15,48.5,,,,USD,EA
Penco,PENCO-6028G,Locker,10 51 13,"Penco Guardian Classic III. Locker. 15""W x 21""D x 48.5""H. 1-tier. Cat.No 6028G",15,21,48.5,,,,USD,EA
Penco,PENCO-6029G,Locker,10 51 13,"Penco Guardian Classic III. Locker. 18""W x 24""D x 48.5""H. 1-tier. Cat.No 6029G",18,24,48.5,,,,USD,EA
Penco,PENCO-6030G,Locker,10 51 13,"Penco Guardian Classic III. Locker. 24""W x 24""D x 36.5""H. 1-tier. Cat.No 6030G",24,24,36.5,,,,USD,EA
Penco,PENCO-6031G,Locker,10 51 13,"Penco Guardian Classic III. Locker. 9""W x 18""D x 48.5""H. 1-tier. Cat.No 6031G",9,18,48.5,,,,USD,EA
Penco,PENCO-6032G,Locker,10 51 13,"Penco Guardian Classic III. Locker. 15""W x 21""D x 48.5""H. 1-tier. Cat.No 6032G",15,21,48.5,,,,USD,EA
Penco,PENCO-6033G,Locker,10 51 13,"Penco Guardian Classic III. Locker. 18""W x 24""D x 48.5""H. 1-tier. Cat.No 6033G",18,24,48.5,,,,USD,EA
Penco,PENCO-6034G,Locker,10 51 13,"Penco Guardian Classic III. Locker. 21""W x 12""D x 48.5""H. 1-tier. Cat.No 6034G",21,12,48.5,,,,USD,EA
Penco,PENCO-6035G,Locker,10 51 13,"Penco Guardian Classic III. Locker. 24""W x 15""D x 48.5""H. 1-tier. Cat.No 6035G",24,15,48.5,,,,USD,EA
Penco,PENCO-6036G,Locker,10 51 13,"Penco Guardian Classic III. Locker. 15""W x 18""D x 48.5""H. 1-tier. Cat.No 6036G",15,18,48.5,,,,USD,EA
Penco,PENCO-6037G,Locker,10 51 13,"Penco Guardian Classic III. Locker. 1""W x 21""D x 48.5""H. 1-tier. Cat.No 6037G",1,21,48.5,,,,USD,EA
Penco,PENCO-6038G,Locker,10 51 13,"Penco Guardian Classic III. Locker. 24""W x 24""D x 48.5""H. 1-tier. Cat.No 6038G",24,24,48.5,,,,USD,EA
Penco,PENCO-6039G,Locker,10 51 13,"Penco Guardian Classic III. Locker. 12""W x 12""D x 48.5""H. 1-tier. Cat.No 6039G",12,12,48.5,,,,USD,EA
Penco,PENCO-6040G,Locker,10 51 13,"Penco Guardian Classic III. Locker. 15""W x 15""D x 48.5""H. 1-tier. Cat.No 6040G",15,15,48.5,,,,USD,EA
Penco,PENCO-6041G,Locker,10 51 13,"Penco Guardian Classic III. Locker. 18""W x 18""D x 48.5""H. 1-tier. Cat.No 6041G",18,18,48.5,,,,USD,EA
Penco,PENCO-6042G,Locker,10 51 13,"Penco Guardian Classic III. Locker. 21""W x 21""D x 48.5""H. 1-tier. Cat.No 6042G",21,21,48.5,,,,USD,EA
Penco,PENCO-6043G,Locker,10 51 13,"Penco Guardian Classic III. Locker. 24""W x 24""D x 48.5""H. 1-tier. Cat.No 6043G",24,24,48.5,,,,USD,EA
Penco,PENCO-6047G,Locker,10 51 13,"Penco Guardian Classic III. Locker. 12""W x 12""D x 48.5""H. 1-tier. Cat.No 6047G",12,12,48.5,,,,USD,EA
Penco,PENCO-6048G,Locker,10 51 13,"Penco Guardian Classic III. Locker. 15""W x 15""D x 48.5""H. 1-tier. Cat.No 6048G",15,15,48.5,,,,USD,EA
Penco,PENCO-6049G,Locker,10 51 13,"Penco Guardian Classic III. Locker. 24""W x 18""D x 48.5""H. 1-tier. Cat.No 6049G",24,18,48.5,,,,USD,EA
Penco,PENCO-6050G,Locker,10 51 13,"Penco Guardian Classic III. Locker. 21""W x 21""D x 48.5""H. 1-tier. Cat.No 6050G",21,21,48.5,,,,USD,EA
Penco,PENCO-6051G,Locker,10 51 13,"Penco Guardian Classic III. Locker. 24""W x 24""D x 48.5""H. 1-tier. Cat.No 6051G",24,24,48.5,,,,USD,EA
Penco,PENCO-6052G,Locker,10 51 13,"Penco Guardian Classic III. Locker. 21""W x 24""D x 60""H. 1-tier. Cat.No 6052G",21,24,60,,,,USD,EA
Penco,PENCO-6053G,Locker,10 51 13,"Penco Guardian Classic III. Locker. 18""W x 12""D x 60""H. 1-tier. Cat.No 6053G",18,12,60,,,,USD,EA
Penco,PENCO-6054G,Locker,10 51 13,"Penco Guardian Classic III. Locker. 21""W x 15""D x 60""H. 1-tier. Cat.No 6054G",21,15,60,,,,USD,EA
Penco,PENCO-6055G,Locker,10 51 13,"Penco Guardian Classic III. Locker. 24""W x 18""D x 60""H. 1-tier. Cat.No 6055G",24,18,60,,,,USD,EA
Penco,PENCO-6056G,Locker,10 51 13,"Penco Guardian Classic III. Locker. 21""W x 21""D x 72""H. 1-tier. Cat.No 6056G",21,21,72,,,,USD,EA
Penco,PENCO-6057G,Locker,10 51 13,"Penco Guardian Classic III. Locker. 24""W x 24""D x 72""H. 1-tier. Cat.No 6057G",24,24,72,,,,USD,EA
Penco,PENCO-6100G,Locker,10 51 13,"Penco Guardian Classic III. Locker. 18""W x 12""D x 60""H. 1-tier. Cat.No 6100G",18,12,60,,,,USD,EA
Penco,PENCO-6101G,Locker,10 51 13,"Penco Guardian Classic III. Locker. 24""W x 12""D x 60""H. 1-tier. Cat.No 6101G",24,12,60,,,,USD,EA
Penco,PENCO-6102G,Locker,10 51 13,"Penco Guardian Classic III. Locker. 9""W x 18""D x 36.5""H. 1-tier. Cat.No 6102G",9,18,36.5,,,,USD,EA
Penco,PENCO-6103G,Locker,10 51 13,"Penco Guardian Classic III. Locker. 12""W x 15""D x 60""H. 1-tier. Cat.No 6103G",12,15,60,,,,USD,EA
Penco,PENCO-6104G,Locker,10 51 13,"Penco Guardian Classic III. Locker. 21""W x 21""D x 36.5""H. 1-tier. Cat.No 6104G",21,21,36.5,,,,USD,EA
Penco,PENCO-6105G,Locker,10 51 13,"Penco Guardian Classic III. Locker. 9""W x 18""D x 60""H. 1-tier. Cat.No 6105G",9,18,60,,,,USD,EA
Penco,PENCO-6106G,Locker,10 51 13,"Penco Guardian Classic III. Locker. 24""W x 24""D x 36.5""H. 1-tier. Cat.No 6106G",24,24,36.5,,,,USD,EA
Penco,PENCO-6107G,Locker,10 51 13,"Penco Guardian Classic III. Locker. 12""W x 12""D x 36.5""H. 1-tier. Cat.No 6107G",12,12,36.5,,,,USD,EA
Penco,PENCO-6108G,Locker,10 51 13,"Penco Guardian Classic III. Locker. 18""W x 21""D x 60""H. 1-tier. Cat.No 6108G",18,21,60,,,,USD,EA
Penco,PENCO-6111G,Locker,10 51 13,"Penco Guardian Classic III. Locker. 12""W x 12""D x 60""H. 1-tier. Cat.No 6111G",12,12,60,,,,USD,EA
Penco,PENCO-6113G,Locker,10 51 13,"Penco Guardian Classic III. Locker. 15""W x 15""D x 60""H. 1-tier. Cat.No 6113G",15,15,60,,,,USD,EA
Penco,PENCO-6115G,Locker,10 51 13,"Penco Guardian Classic III. Locker. 12""W x 18""D x 60""H. 1-tier. Cat.No 6115G",12,18,60,,,,USD,EA
Penco,PENCO-6117G,Locker,10 51 13,"Penco Guardian Classic III. Locker. 21""W x 21""D x 60""H. 1-tier. Cat.No 6117G",21,21,60,,,,USD,EA
Penco,PENCO-6119G,Locker,10 51 13,"Penco Guardian Classic III. Locker. 12""W x 12""D x 60""H. 1-tier. Cat.No 6119G",12,12,60,,,,USD,EA
Penco,PENCO-6121G,Locker,10 51 13,"Penco Guardian Classic III. Locker. 15""W x 15""D x 60""H. 1-tier. Cat.No 6121G",15,15,60,,,,USD,EA
Penco,PENCO-6123G,Locker,10 51 13,"Penco Guardian Classic III. Locker. 15""W x 18""D x 60""H. 1-tier. Cat.No 6123G",15,18,60,,,,USD,EA
Penco,PENCO-6125G,Locker,10 51 13,"Penco Guardian Classic III. Locker. 12""W x 21""D x 60""H. 1-tier. Cat.No 6125G",12,21,60,,,,USD,EA
Penco,PENCO-6126G,Locker,10 51 13,"Penco Guardian Classic III. Locker. 15""W x 24""D x 60""H. 1-tier. Cat.No 6126G",15,24,60,,,,USD,EA
Penco,PENCO-6127G,Locker,10 51 13,"Penco Guardian Classic III. Locker. 15""W x 15""D x 36.5""H. 1-tier. Cat.No 6127G",15,15,36.5,,,,USD,EA
Penco,PENCO-6129G,Locker,10 51 13,"Penco Guardian Classic III. Locker. 12""W x 18""D x 36.5""H. 1-tier. Cat.No 6129G",12,18,36.5,,,,USD,EA
Penco,PENCO-6130G,Locker,10 51 13,"Penco Guardian Classic III. Locker. 21""W x 21""D x 36.5""H. 1-tier. Cat.No 6130G",21,21,36.5,,,,USD,EA
Penco,PENCO-6131G,Locker,10 51 13,"Penco Guardian Classic III. Locker. 18""W x 18""D x 60""H. 1-tier. Cat.No 6131G",18,18,60,,,,USD,EA
Penco,PENCO-6132G,Locker,10 51 13,"Penco Guardian Classic III. Locker. 24""W x 24""D x 36.5""H. 1-tier. Cat.No 6132G",24,24,36.5,,,,USD,EA
Penco,PENCO-6133G,Locker,10 51 13,"Penco Guardian Classic III. Locker. 12""W x 21""D x 60""H. 1-tier. Cat.No 6133G",12,21,60,,,,USD,EA
Penco,PENCO-6135G,Locker,10 51 13,"Penco Guardian Classic III. Locker. 15""W x 24""D x 60""H. 1-tier. Cat.No 6135G",15,24,60,,,,USD,EA
Penco,PENCO-6136G,Locker,10 51 13,"Penco Guardian Classic III. Locker. 12""W x 12""D x 36.5""H. 1-tier. Cat.No 6136G",12,12,36.5,,,,USD,EA
Penco,PENCO-6137G,Locker,10 51 13,"Penco Guardian Classic III. Locker. 12""W x 12""D x 30.5""H. 1-tier. Cat.No 6137G",12,12,30.5,,,,USD,EA
Penco,PENCO-6138G,Locker,10 51 13,"Penco Guardian Classic III. Locker. 15""W x 15""D x 36.5""H. 1-tier. Cat.No 6138G",15,15,36.5,,,,USD,EA
Penco,PENCO-6139G,Locker,10 51 13,"Penco Guardian Classic III. Locker. 15""W x 15""D x 30.5""H. 1-tier. Cat.No 6139G",15,15,30.5,,,,USD,EA
Penco,PENCO-6140G,Locker,10 51 13,"Penco Guardian Classic III. Locker. 15""W x 18""D x 36.5""H. 1-tier. Cat.No 6140G",15,18,36.5,,,,USD,EA
Penco,PENCO-6142G,Locker,10 51 13,"Penco Guardian Classic III. Locker. 21""W x 21""D x 36.5""H. 1-tier. Cat.No 6142G",21,21,36.5,,,,USD,EA
Penco,PENCO-6144G,Locker,10 51 13,"Penco Guardian Classic III. Locker. 24""W x 24""D x 60""H. 1-tier. Cat.No 6144G",24,24,60,,,,USD,EA
Penco,PENCO-6146G,Locker,10 51 13,"Penco Guardian Classic III. Locker. 12""W x 12""D x 36.5""H. 1-tier. Cat.No 6146G",12,12,36.5,,,,USD,EA
Penco,PENCO-6147G,Locker,10 51 13,"Penco Guardian Classic III. Locker. 12""W x 18""D x 30.5""H. 1-tier. Cat.No 6147G",12,18,30.5,,,,USD,EA
Penco,PENCO-6148G,Locker,10 51 13,"Penco Guardian Classic III. Locker. 21""W x 21""D x 30.5""H. 1-tier. Cat.No 6148G",21,21,30.5,,,,USD,EA
Penco,PENCO-6149G,Locker,10 51 13,"Penco Guardian Classic III. Locker. 21""W x 15""D x 60""H. 1-tier. Cat.No 6149G",21,15,60,,,,USD,EA
Penco,PENCO-6150G,Locker,10 51 13,"Penco Guardian Classic III. Locker. 24""W x 24""D x 30.5""H. 1-tier. Cat.No 6150G",24,24,30.5,,,,USD,EA
Penco,PENCO-6151G,Locker,10 51 13,"Penco Guardian Classic III. Locker. 12""W x 12""D x 72""H. 1-tier. Cat.No 6151G",12,12,72,,,,USD,EA
Penco,PENCO-6152G,Locker,10 51 13,"Penco Guardian Classic III. Locker. 12""W x 12""D x 30.5""H. 1-tier. Cat.No 6152G",12,12,30.5,,,,USD,EA
Penco,PENCO-6153G,Locker,10 51 13,"Penco Guardian Classic III. Locker. 15""W x 15""D x 72""H. 1-tier. Cat.No 6153G",15,15,72,,,,USD,EA
Penco,PENCO-6154G,Locker,10 51 13,"Penco Guardian Classic III. Locker. 15""W x 15""D x 30.5""H. 1-tier. Cat.No 6154G",15,15,30.5,,,,USD,EA
Penco,PENCO-6155G,Locker,10 51 13,"Penco Guardian Classic III. Locker. 9""W x 18""D x 72""H. 1-tier. Cat.No 6155G",9,18,72,,,,USD,EA
Penco,PENCO-6156G,Locker,10 51 13,"Penco Guardian Classic III. Locker. 15""W x 18""D x 30.5""H. 1-tier. Cat.No 6156G",15,18,30.5,,,,USD,EA
Penco,PENCO-6158G,Locker,10 51 13,"Penco Guardian Classic III. Locker. 12""W x 21""D x 60""H. 1-tier. Cat.No 6158G",12,21,60,,,,USD,EA
Penco,PENCO-6160G,Locker,10 51 13,"Penco Guardian Classic III. Locker. 15""W x 24""D x 60""H. 1-tier. Cat.No 6160G",15,24,60,,,,USD,EA
Penco,PENCO-6161G,Locker,10 51 13,"Penco Guardian Classic III. Locker. 12""W x 12""D x 72""H. 1-tier. Cat.No 6161G",12,12,72,,,,USD,EA
Penco,PENCO-6162G,Locker,10 51 13,"Penco Guardian Classic III. Locker. 21""W x 21""D x 30.5""H. 1-tier. Cat.No 6162G",21,21,30.5,,,,USD,EA
Penco,PENCO-6163G,Locker,10 51 13,"Penco Guardian Classic III. Locker. 15""W x 15""D x 72""H. 1-tier. Cat.No 6163G",15,15,72,,,,USD,EA
Penco,PENCO-6164G,Locker,10 51 13,"Penco Guardian Classic III. Locker. 24""W x 24""D x 30.5""H. 1-tier. Cat.No 6164G",24,24,30.5,,,,USD,EA
Penco,PENCO-6165G,Locker,10 51 13,"Penco Guardian Classic III. Locker. 12""W x 18""D x 72""H. 1-tier. Cat.No 6165G",12,18,72,,,,USD,EA
Penco,PENCO-6166G,Locker,10 51 13,"Penco Guardian Classic III. Locker. 12""W x 12""D x 30.5""H. 1-tier. Cat.No 6166G",12,12,30.5,,,,USD,EA
Penco,PENCO-6167G,Locker,10 51 13,"Penco Guardian Classic III. Locker. 21""W x 21""D x 72""H. 1-tier. Cat.No 6167G",21,21,72,,,,USD,EA
Penco,PENCO-6168G,Locker,10 51 13,"Penco Guardian Classic III. Locker. 24""W x 24""D x 72""H. 1-tier. Cat.No 6168G",24,24,72,,,,USD,EA
Penco,PENCO-6169G,Locker,10 51 13,"Penco Guardian Classic III. Locker. 12""W x 12""D x 72""H. 1-tier. Cat.No 6169G",12,12,72,,,,USD,EA
Penco,PENCO-6170G,Locker,10 51 13,"Penco Guardian Classic III. Locker. 15""W x 15""D x 30.5""H. 1-tier. Cat.No 6170G",15,15,30.5,,,,USD,EA
Penco,PENCO-6171G,Locker,10 51 13,"Penco Guardian Classic III. Locker. 15""W x 15""D x 72""H. 1-tier. Cat.No 6171G",15,15,72,,,,USD,EA
Penco,PENCO-6172G,Locker,10 51 13,"Penco Guardian Classic III. Locker. 18""W x 18""D x 30.5""H. 1-tier. Cat.No 6172G",18,18,30.5,,,,USD,EA
Penco,PENCO-6173G,Locker,10 51 13,"Penco Guardian Classic III. Locker. 15""W x 18""D x 72""H. 1-tier. Cat.No 6173G",15,18,72,,,,USD,EA
Penco,PENCO-6174G,Locker,10 51 13,"Penco Guardian Classic III. Locker. 21""W x 21""D x 30.5""H. 1-tier. Cat.No 6174G",21,21,30.5,,,,USD,EA
Penco,PENCO-6175G,Locker,10 51 13,"Penco Guardian Classic III. Locker. 21""W x 21""D x 72""H. 1-tier. Cat.No 6175G",21,21,72,,,,USD,EA
Penco,PENCO-6176G,Locker,10 51 13,"Penco Guardian Classic III. Locker. 21""W x 12""D x 48.5""H. 1-tier. Cat.No 6176G",21,12,48.5,,,,USD,EA
Penco,PENCO-6177G,Locker,10 51 13,"Penco Guardian Classic III. Locker. 12""W x 24""D x 72""H. 1-tier. Cat.No 6177G",12,24,72,,,,USD,EA
Penco,PENCO-6178G,Locker,10 51 13,"Penco Guardian Classic III. Locker. 24""W x 24""D x 30.5""H. 1-tier. Cat.No 6178G",24,24,30.5,,,,USD,EA
Penco,PENCO-6182G,Locker,10 51 13,"Penco Guardian Classic III. Locker. 12""W x 12""D x 30.5""H. 1-tier. Cat.No 6182G",12,12,30.5,,,,USD,EA
Penco,PENCO-6184G,Locker,10 51 13,"Penco Guardian Classic III. Locker. 24""W x 15""D x 48.5""H. 1-tier. Cat.No 6184G",24,15,48.5,,,,USD,EA
Penco,PENCO-6186G,Locker,10 51 13,"Penco Guardian Classic III. Locker. 15""W x 15""D x 30.5""H. 1-tier. Cat.No 6186G",15,15,30.5,,,,USD,EA
Penco,PENCO-6187G,Locker,10 51 13,"Penco Guardian Classic III. Locker. 12""W x 18""D x 48.5""H. 1-tier. Cat.No 6187G",12,18,48.5,,,,USD,EA
Penco,PENCO-6188G,Locker,10 51 13,"Penco Guardian Classic III. Locker. 24""W x 18""D x 30.5""H. 1-tier. Cat.No 6188G",24,18,30.5,,,,USD,EA
Penco,PENCO-6189G,Locker,10 51 13,"Penco Guardian Classic III. Locker. 21""W x 21""D x 30.5""H. 1-tier. Cat.No 6189G",21,21,30.5,,,,USD,EA
Penco,PENCO-6190G,Locker,10 51 13,"Penco Guardian Classic III. Locker. 24""W x 24""D x 30.5""H. 1-tier. Cat.No 6190G",24,24,30.5,,,,USD,EA
Penco,PENCO-6013G,Locker,10 51 13,"Penco Guardian Classic III. Locker. 12""D x 84""H. 2-tier. Cat.No 6013G",,12,84,,,,USD,EA
Penco,PENCO-6014G,Locker,10 51 13,"Penco Guardian Classic III. Locker. 15""D x 84""H. 2-tier. Cat.No 6014G",,15,84,,,,USD,EA
Penco,PENCO-6015G,Locker,10 51 13,"Penco Guardian Classic III. Locker. 12""W x 18""D x 84""H. 2-tier. Cat.No 6015G",12,18,84,,,,USD,EA
Penco,PENCO-6016G,Locker,10 51 13,"Penco Guardian Classic III. Locker. 12""W. 2-tier. Cat.No 6016G",12,,,,,,USD,EA
Penco,PENCO-6017G,Locker,10 51 13,"Penco Guardian Classic III. Locker. 12""W. 2-tier. Cat.No 6017G",12,,,,,,USD,EA
Penco,PENCO-6018G,Locker,10 51 13,"Penco Guardian Classic III. Locker. 12""W. 2-tier. Cat.No 6018G",12,,,,,,USD,EA
Penco,PENCO-6019G,Locker,10 51 13,"Penco Guardian Classic III. Locker. 12""W. 3-tier. Cat.No 6019G",12,,,,,,USD,EA
Penco,PENCO-6027G,Locker,10 51 13,"Penco Guardian Classic III. Locker. 12""W x 12""D x 72""H. 1-tier. Cat.No 6027G",12,12,72,,,,USD,EA
Penco,PENCO-6058G,Locker,10 51 13,"Penco Guardian Classic III. Locker. 12""D x 72""H. 2-tier. Cat.No 6058G",,12,72,,,,USD,EA
Penco,PENCO-6059G,Locker,10 51 13,"Penco Guardian Classic III. Locker. 15""D x 72""H. 2-tier. Cat.No 6059G",,15,72,,,,USD,EA
Penco,PENCO-6060G,Locker,10 51 13,"Penco Guardian Classic III. Locker. 12""D x 84""H. 1-tier. Cat.No 6060G",,12,84,,,,USD,EA
Penco,PENCO-6061G,Locker,10 51 13,"Penco Guardian Classic III. Locker. 15""D x 84""H. 1-tier. Cat.No 6061G",,15,84,,,,USD,EA
Penco,PENCO-6062G,Locker,10 51 13,"Penco Guardian Classic III. Locker. 9""W x 18""D x 84""H. 1-tier. Cat.No 6062G",9,18,84,,,,USD,EA
Penco,PENCO-6063G,Locker,10 51 13,"Penco Guardian Classic III. Locker. 9""W x 21""D x 84""H. 1-tier. Cat.No 6063G",9,21,84,,,,USD,EA
Penco,PENCO-6064G,Locker,10 51 13,"Penco Guardian Classic III. Locker. 9""W x 24""D x 84""H. 2-tier. Cat.No 6064G",9,24,84,,,,USD,EA
Penco,PENCO-6065G,Locker,10 51 13,"Penco Guardian Classic III. Locker. 12""W x 21""D x 84""H. 2-tier. Cat.No 6065G",12,21,84,,,,USD,EA
Penco,PENCO-6066G,Locker,10 51 13,"Penco Guardian Classic III. Locker. 12""W. 2-tier. Cat.No 6066G",12,,,,,,USD,EA
Penco,PENCO-6067G,Locker,10 51 13,"Penco Guardian Classic III. Locker. 12""W. 2-tier. Cat.No 6067G",12,,,,,,USD,EA
Penco,PENCO-6068G,Locker,10 51 13,"Penco Guardian Classic III. Locker. 12""W. 2-tier. Cat.No 6068G",12,,,,,,USD,EA
Penco,PENCO-6069G,Locker,10 51 13,"Penco Guardian Classic III. Locker. 12""W. 2-tier. Cat.No 6069G",12,,,,,,USD,EA
Penco,PENCO-6072G,Locker,10 51 13,"Penco Guardian Classic III. Locker. 12""W x 21""D x 84""H. 2-tier. Cat.No 6072G",12,21,84,,,,USD,EA
Penco,PENCO-6073G,Locker,10 51 13,"Penco Guardian Classic III. Locker. 84""W x 12""D x 84""H. 2-tier. Cat.No 6073G",84,12,84,,,,USD,EA
Penco,PENCO-6074G,Locker,10 51 13,"Penco Guardian Classic III. Locker. 12""W x 24""D x 84""H. 2-tier. Cat.No 6074G",12,24,84,,,,USD,EA
Penco,PENCO-6075G,Locker,10 51 13,"Penco Guardian Classic III. Locker. 12""W. 3-tier. Cat.No 6075G",12,,,,,,USD,EA
Penco,PENCO-6076G,Locker,10 51 13,"Penco Guardian Classic III. Locker. 12""W x 12""D x 18""H. 3-tier. Cat.No 6076G",12,12,18,,,,USD,EA
Penco,PENCO-6077G,Locker,10 51 13,"Penco Guardian Classic III. Locker. 12""W. 3-tier. Cat.No 6077G",12,,,,,,USD,EA
Penco,PENCO-6078G,Locker,10 51 13,"Penco Guardian Classic III. Locker. 12""W. 3-tier. Cat.No 6078G",12,,,,,,USD,EA
Penco,PENCO-6079G,Locker,10 51 13,"Penco Guardian Classic III. Locker. 12""W. 3-tier. Cat.No 6079G",12,,,,,,USD,EA
Penco,PENCO-6080G,Locker,10 51 13,"Penco Guardian Classic III. Locker. 12""W. 3-tier. Cat.No 6080G",12,,,,,,USD,EA
Penco,PENCO-6081G,Locker,10 51 13,"Penco Guardian Classic III. Locker. 12""W x 15""D x 18""H. 3-tier. Cat.No 6081G",12,15,18,,,,USD,EA
Penco,PENCO-6082G,Locker,10 51 13,"Penco Guardian Classic III. Locker. 12""W. 3-tier. Cat.No 6082G",12,,,,,,USD,EA
Penco,PENCO-6083G,Locker,10 51 13,"Penco Guardian Classic III. Locker. 12""W. 3-tier. Cat.No 6083G",12,,,,,,USD,EA
Penco,PENCO-6084G,Locker,10 51 13,"Penco Guardian Classic III. Locker. 24""W x 48""D x 5""H. 1-tier. Cat.No 6084G",24,48,5,,,,USD,EA
Penco,PENCO-6085G,Locker,10 51 13,"Penco Guardian Classic III. Locker. 24""W x 48""D x 5""H. 1-tier. Cat.No 6085G",24,48,5,,,,USD,EA
Penco,PENCO-6086G,Locker,10 51 13,"Penco Guardian Classic III. Locker. 24""W x 18""D x 18""H. 1-tier. Cat.No 6086G",24,18,18,,,,USD,EA
Penco,PENCO-6087G,Locker,10 51 13,"Penco Guardian Classic III. Locker. 24""W x 48""D x 5""H. 1-tier. Cat.No 6087G",24,48,5,,,,USD,EA
Penco,PENCO-6088G,Locker,10 51 13,"Penco Guardian Classic III. Locker. 24""W x 48""D x 5""H. 1-tier. Cat.No 6088G",24,48,5,,,,USD,EA
Penco,PENCO-6089G,Locker,10 51 13,"Penco Guardian Classic III. Locker. 1""W x 21""D x 60""H. 1-tier. Cat.No 6089G",1,21,60,,,,USD,EA
Penco,PENCO-6090G,Locker,10 51 13,"Penco Guardian Classic III. Locker. 24""W x 24""D x 60""H. 1-tier. Cat.No 6090G",24,24,60,,,,USD,EA
Penco,PENCO-6091G,Locker,10 51 13,"Penco Guardian Classic III. Locker. 12""W x 12""D x 60""H. 2-tier. Cat.No 6091G",12,12,60,,,,USD,EA
Penco,PENCO-6092G,Locker,10 51 13,"Penco Guardian Classic III. Locker. 12""W x 12""D x 60""H. 2-tier. Cat.No 6092G",12,12,60,,,,USD,EA
Penco,PENCO-6093G,Locker,10 51 13,"Penco Guardian Classic III. Locker. 15""W x 15""D x 60""H. 2-tier. Cat.No 6093G",15,15,60,,,,USD,EA
Penco,PENCO-6094G,Locker,10 51 13,"Penco Guardian Classic III. Locker. 24""W x 18""D x 60""H. 2-tier. Cat.No 6094G",24,18,60,,,,USD,EA
Penco,PENCO-6095G,Locker,10 51 13,"Penco Guardian Classic III. Locker. 21""W x 21""D x 60""H. 2-tier. Cat.No 6095G",21,21,60,,,,USD,EA
Penco,PENCO-6096G,Locker,10 51 13,"Penco Guardian Classic III. Locker. 24""W x 24""D x 60""H. 2-tier. Cat.No 6096G",24,24,60,,,,USD,EA
Penco,PENCO-6097G,Locker,10 51 13,"Penco Guardian Classic III. Locker. 21""W x 21""D x 72""H. 3-tier. Cat.No 6097G",21,21,72,,,,USD,EA
Penco,PENCO-6098G,Locker,10 51 13,"Penco Guardian Classic III. Locker. 24""W x 24""D x 72""H. 3-tier. Cat.No 6098G",24,24,72,,,,USD,EA
Penco,PENCO-6099G,Locker,10 51 13,"Penco Guardian Classic III. Locker. 18""W x 12""D x 72""H. 2-tier. Cat.No 6099G",18,12,72,,,,USD,EA
Penco,PENCO-6179G,Locker,10 51 13,"Penco Guardian Classic III. Locker. 15""D x 72""H. 1-tier. Cat.No 6179G",,15,72,,,,USD,EA
Penco,PENCO-6181G,Locker,10 51 13,"Penco Guardian Classic III. Locker. 18""W x 18""D x 72""H. 1-tier. Cat.No 6181G",18,18,72,,,,USD,EA
Penco,PENCO-6183G,Locker,10 51 13,"Penco Guardian Classic III. Locker. 21""D x 72""H. 1-tier. Cat.No 6183G",,21,72,,,,USD,EA
Penco,PENCO-6185G,Locker,10 51 13,"Penco Guardian Classic III. Locker. 24""D x 72""H. 1-tier. Cat.No 6185G",,24,72,,,,USD,EA
Penco,PENCO-6196G,Locker,10 51 13,"Penco Guardian Classic III. Locker. 24""W x 18""D x 72""H. 2-tier. Cat.No 6196G",24,18,72,,,,USD,EA
Penco,PENCO-6198G,Locker,10 51 13,"Penco Guardian Classic III. Locker. 24""W x 21""D x 72""H. 2-tier. Cat.No 6198G",24,21,72,,,,USD,EA
Penco,PENCO-6199G,Locker,10 51 13,"Penco Guardian Classic III. Locker. 24""W x 24""D x 72""H. 2-tier. Cat.No 6199G",24,24,72,,,,USD,EA
Penco,PENCO-6200G,Locker,10 51 13,"Penco Guardian Classic III. Locker. 24""W x 24""D x 60""H. 2-tier. Cat.No 6200G",24,24,60,,,,USD,EA
Penco,PENCO-6201G,Locker,10 51 13,"Penco Guardian Classic III. Locker. 18""W x 72""D x 60""H. 2-tier. Cat.No 6201G",18,72,60,,,,USD,EA
Penco,PENCO-6203G,Locker,10 51 13,"Penco Guardian Classic III. Locker. 21""W x 72""D x 60""H. 2-tier. Cat.No 6203G",21,72,60,,,,USD,EA
Penco,PENCO-6205G,Locker,10 51 13,"Penco Guardian Classic III. Locker. 24""W x 9""D x 60""H. 2-tier. Cat.No 6205G",24,9,60,,,,USD,EA
Penco,PENCO-6211G,Locker,10 51 13,"Penco Guardian Classic III. Locker. 12""W x 12""D x 60""H. 1-tier. Cat.No 6211G",12,12,60,,,,USD,EA
Penco,PENCO-6213G,Locker,10 51 13,"Penco Guardian Classic III. Locker. 15""W x 15""D x 60""H. 1-tier. Cat.No 6213G",15,15,60,,,,USD,EA
Penco,PENCO-6215G,Locker,10 51 13,"Penco Guardian Classic III. Locker. 12""W x 18""D x 60""H. 1-tier. Cat.No 6215G",12,18,60,,,,USD,EA
Penco,PENCO-6217G,Locker,10 51 13,"Penco Guardian Classic III. Locker. 21""W x 21""D x 60""H. 1-tier. Cat.No 6217G",21,21,60,,,,USD,EA
Penco,PENCO-6218G,Locker,10 51 13,"Penco Guardian Classic III. Locker. 21""W x 21""D x 72""H. 3-tier. Cat.No 6218G",21,21,72,,,,USD,EA
Penco,PENCO-6219G,Locker,10 51 13,"Penco Guardian Classic III. Locker. 12""D x 72""H. 1-tier. Cat.No 6219G",,12,72,,,,USD,EA
Penco,PENCO-6220G,Locker,10 51 13,"Penco Guardian Classic III. Locker. 24""W x 24""D x 72""H. 3-tier. Cat.No 6220G",24,24,72,,,,USD,EA
Penco,PENCO-6223G,Locker,10 51 13,"Penco Guardian Classic III. Locker. 15""W x 15""D x 72""H. 3-tier. Cat.No 6223G",15,15,72,,,,USD,EA
Penco,PENCO-6225G,Locker,10 51 13,"Penco Guardian Classic III. Locker. 9""W x 18""D x 72""H. 3-tier. Cat.No 6225G",9,18,72,,,,USD,EA
Penco,PENCO-6227G,Locker,10 51 13,"Penco Guardian Classic III. Locker. 12""W x 12""D x 60""H. 2-tier. Cat.No 6227G",12,12,60,,,,USD,EA
Penco,PENCO-6229G,Locker,10 51 13,"Penco Guardian Classic III. Locker. 15""W x 15""D x 60""H. 2-tier. Cat.No 6229G",15,15,60,,,,USD,EA
Penco,PENCO-6230G,Locker,10 51 13,"Penco Guardian Classic III. Locker. 12""W x 12""D x 72""H. 3-tier. Cat.No 6230G",12,12,72,,,,USD,EA
Penco,PENCO-6231G,Locker,10 51 13,"Penco Guardian Classic III. Locker. 12""W x 12""D x 72""H. 3-tier. Cat.No 6231G",12,12,72,,,,USD,EA
Penco,PENCO-6233G,Locker,10 51 13,"Penco Guardian Classic III. Locker. 15""W x 15""D x 72""H. 3-tier. Cat.No 6233G",15,15,72,,,,USD,EA
Penco,PENCO-6235G,Locker,10 51 13,"Penco Guardian Classic III. Locker. 12""W x 18""D x 72""H. 3-tier. Cat.No 6235G",12,18,72,,,,USD,EA
Penco,PENCO-6237G,Locker,10 51 13,"Penco Guardian Classic III. Locker. 15""W x 18""D x 60""H. 2-tier. Cat.No 6237G",15,18,60,,,,USD,EA
Penco,PENCO-6239G,Locker,10 51 13,"Penco Guardian Classic III. Locker. 12""W x 12""D x 72""H. 1-tier. Cat.No 6239G",12,12,72,,,,USD,EA
Penco,PENCO-6241G,Locker,10 51 13,"Penco Guardian Classic III. Locker. 15""W x 15""D x 72""H. 1-tier. Cat.No 6241G",15,15,72,,,,USD,EA
Penco,PENCO-6243G,Locker,10 51 13,"Penco Guardian Classic III. Locker. 18""W x 18""D x 72""H. 1-tier. Cat.No 6243G",18,18,72,,,,USD,EA
Penco,PENCO-6245G,Locker,10 51 13,"Penco Guardian Classic III. Locker. 21""W x 21""D x 72""H. 1-tier. Cat.No 6245G",21,21,72,,,,USD,EA
Penco,PENCO-6246G,Locker,10 51 13,"Penco Guardian Classic III. Locker. 24""W x 24""D x 72""H. 1-tier. Cat.No 6246G",24,24,72,,,,USD,EA
Penco,PENCO-6247G,Locker,10 51 13,"Penco Guardian Classic III. Locker. 18""W x 18""D x 72""H. 2-tier. Cat.No 6247G",18,18,72,,,,USD,EA
Penco,PENCO-6249G,Locker,10 51 13,"Penco Guardian Classic III. Locker. 12""W x 21""D x 72""H. 2-tier. Cat.No 6249G",12,21,72,,,,USD,EA
Penco,PENCO-6250G,Locker,10 51 13,"Penco Guardian Classic III. Locker. 15""W x 24""D x 72""H. 2-tier. Cat.No 6250G",15,24,72,,,,USD,EA
Penco,PENCO-6251G,Locker,10 51 13,"Penco Guardian Classic III. Locker. 12""W x 12""D x 84""H. 2-tier. Cat.No 6251G",12,12,84,,,,USD,EA
Penco,PENCO-6253G,Locker,10 51 13,"Penco Guardian Classic III. Locker. 15""W x 15""D x 84""H. 2-tier. Cat.No 6253G",15,15,84,,,,USD,EA
Penco,PENCO-6255G,Locker,10 51 13,"Penco Guardian Classic III. Locker. 12""W x 18""D x 84""H. 2-tier. Cat.No 6255G",12,18,84,,,,USD,EA
Penco,PENCO-6257G,Locker,10 51 13,"Penco Guardian Classic III. Locker. 21""W x 21""D x 60""H. 2-tier. Cat.No 6257G",21,21,60,,,,USD,EA
Penco,PENCO-6258G,Locker,10 51 13,"Penco Guardian Classic III. Locker. 24""W x 24""D x 60""H. 2-tier. Cat.No 6258G",24,24,60,,,,USD,EA
Penco,PENCO-6259G,Locker,10 51 13,"Penco Guardian Classic III. Locker. 12""W x 15""D x 72""H. 2-tier. Cat.No 6259G",12,15,72,,,,USD,EA
Penco,PENCO-6261G,Locker,10 51 13,"Penco Guardian Classic III. Locker. 84""W x 15""D x 84""H. 2-tier. Cat.No 6261G",84,15,84,,,,USD,EA
Penco,PENCO-6263G,Locker,10 51 13,"Penco Guardian Classic III. Locker. 15""W x 18""D x 84""H. 2-tier. Cat.No 6263G",15,18,84,,,,USD,EA
Penco,PENCO-6271G,Locker,10 51 13,"Penco Guardian Classic III. Locker. 24""W x 18""D x 72""H. 1-tier. Cat.No 6271G",24,18,72,,,,USD,EA
Penco,PENCO-6273G,Locker,10 51 13,"Penco Guardian Classic III. Locker. 12""W x 21""D x 72""H. 1-tier. Cat.No 6273G",12,21,72,,,,USD,EA
Penco,PENCO-6274G,Locker,10 51 13,"Penco Guardian Classic III. Locker. 15""W x 24""D x 72""H. 1-tier. Cat.No 6274G",15,24,72,,,,USD,EA
Penco,PENCO-6279G,Locker,10 51 13,"Penco Guardian Classic III. Locker. 15""W x 15""D x 60""H. 2-tier. Cat.No 6279G",15,15,60,,,,USD,EA
Penco,PENCO-6281G,Locker,10 51 13,"Penco Guardian Classic III. Locker. 18""W x 18""D x 60""H. 2-tier. Cat.No 6281G",18,18,60,,,,USD,EA
Penco,PENCO-6283G,Locker,10 51 13,"Penco Guardian Classic III. Locker. 21""W x 21""D x 60""H. 2-tier. Cat.No 6283G",21,21,60,,,,USD,EA
Penco,PENCO-6285G,Locker,10 51 13,"Penco Guardian Classic III. Locker. 24""W x 24""D x 60""H. 2-tier. Cat.No 6285G",24,24,60,,,,USD,EA
Penco,PENCO-6292G,Locker,10 51 13,"Penco Guardian Classic III. Locker. 21""W x 24""D x 60""H. 3-tier. Cat.No 6292G",21,24,60,,,,USD,EA
Penco,PENCO-6401G,Locker,10 51 13,"Penco Guardian Classic III. Locker. 15""W x 12""D x 60""H. 3-tier. Cat.No 6401G",15,12,60,,,,USD,EA
Penco,PENCO-6403G,Locker,10 51 13,"Penco Guardian Classic III. Locker. 18""W x 15""D x 60""H. 3-tier. Cat.No 6403G",18,15,60,,,,USD,EA
Penco,PENCO-6405G,Locker,10 51 13,"Penco Guardian Classic III. Locker. 21""W x 18""D x 60""H. 3-tier. Cat.No 6405G",21,18,60,,,,USD,EA
Penco,PENCO-6407G,Locker,10 51 13,"Penco Guardian Classic III. Locker. 24""W x 12""D x 60""H. 3-tier. Cat.No 6407G",24,12,60,,,,USD,EA
Penco,PENCO-6409G,Locker,10 51 13,"Penco Guardian Classic III. Locker. 12""W x 15""D x 60""H. 3-tier. Cat.No 6409G",12,15,60,,,,USD,EA
Penco,PENCO-6411G,Locker,10 51 13,"Penco Guardian Classic III. Locker. 15""W x 18""D x 60""H. 3-tier. Cat.No 6411G",15,18,60,,,,USD,EA
Penco,PENCO-6449G,Locker,10 51 13,"Penco Guardian Classic III. Locker. 18""W x 21""D x 60""H. 3-tier. Cat.No 6449G",18,21,60,,,,USD,EA
Penco,PENCO-6701G,Locker,10 51 13,"Penco Guardian Classic III. Locker. 21""W x 15""D x 72""H. 1-tier. Cat.No 6701G",21,15,72,,,,USD,EA
Penco,PENCO-6702G,Locker,10 51 13,"Penco Guardian Classic III. Locker. 21""W x 21""D x 84""H. 2-tier. Cat.No 6702G",21,21,84,,,,USD,EA
Penco,PENCO-6703G,Locker,10 51 13,"Penco Guardian Classic III. Locker. 84""W x 24""D x 84""H. 2-tier. Cat.No 6703G",84,24,84,,,,USD,EA
Penco,PENCO-6704G,Locker,10 51 13,"Penco Guardian Classic III. Locker. 84""W x 21""D x 84""H. 2-tier. Cat.No 6704G",84,21,84,,,,USD,EA
Penco,PENCO-6705G,Locker,10 51 13,"Penco Guardian Classic III. Locker. 84""W x 24""D x 84""H. 2-tier. Cat.No 6705G",84,24,84,,,,USD,EA
Penco,PENCO-6706G,Locker,10 51 13,"Penco Guardian Classic III. Locker. 84""W x 12""D x 84""H. 2-tier. Cat.No 6706G",84,12,84,,,,USD,EA
Penco,PENCO-6707G,Locker,10 51 13,"Penco Guardian Classic III. Locker. 84""W x 15""D x 84""H. 2-tier. Cat.No 6707G",84,15,84,,,,USD,EA
Penco,PENCO-6708G,Locker,10 51 13,"Penco Guardian Classic III. Locker. 18""W x 18""D x 84""H. 2-tier. Cat.No 6708G",18,18,84,,,,USD,EA
Penco,PENCO-6709G,Locker,10 51 13,"Penco Guardian Classic III. Locker. 21""W x 21""D x 84""H. 2-tier. Cat.No 6709G",21,21,84,,,,USD,EA
Penco,PENCO-6710G,Locker,10 51 13,"Penco Guardian Classic III. Locker. 24""W x 24""D x 84""H. 2-tier. Cat.No 6710G",24,24,84,,,,USD,EA
Penco,PENCO-6788G,Locker,10 51 13,"Penco Guardian Classic III. Locker. 12""W. 2-tier. Cat.No 6788G",12,,,,,,USD,EA
Penco,PENCO-6789G,Locker,10 51 13,"Penco Guardian Classic III. Locker. 12""W x 18""D x 84""H. 2-tier. Cat.No 6789G",12,18,84,,,,USD,EA
Penco,PENCO-6308G,Locker,10 51 13,"Penco Guardian Classic III. Duplex. 12""W x 12""D x 60""H. 3-tier. Cat.No 6308G",12,12,60,,,,USD,EA
Penco,PENCO-6312G,Locker,10 51 13,"Penco Guardian Classic III. Duplex. 24""W x 24""D x 60""H. 3-tier. Cat.No 6312G",24,24,60,,,,USD,EA
Penco,PENCO-6413G,Locker,10 51 13,"Penco Guardian Classic III. Locker. 12""W x 12""D x 72""H. 3-tier. Cat.No 6413G",12,12,72,,,,USD,EA
Penco,PENCO-6415G,Locker,10 51 13,"Penco Guardian Classic III. Locker. 15""W x 15""D x 72""H. 3-tier. Cat.No 6415G",15,15,72,,,,USD,EA
Penco,PENCO-6417G,Locker,10 51 13,"Penco Guardian Classic III. Locker. 9""W x 18""D x 72""H. 3-tier. Cat.No 6417G",9,18,72,,,,USD,EA
Penco,PENCO-6418G,Locker,10 51 13,"Penco Guardian Classic III. Locker. 21""W x 21""D x 72""H. 3-tier. Cat.No 6418G",21,21,72,,,,USD,EA
Penco,PENCO-6419G,Locker,10 51 13,"Penco Guardian Classic III. Locker. 12""W x 12""D x 72""H. 3-tier. Cat.No 6419G",12,12,72,,,,USD,EA
Penco,PENCO-6420G,Locker,10 51 13,"Penco Guardian Classic III. Locker. 21""W x 24""D x 72""H. 3-tier. Cat.No 6420G",21,24,72,,,,USD,EA
Penco,PENCO-6421G,Locker,10 51 13,"Penco Guardian Classic III. Locker. 15""W x 15""D x 72""H. 3-tier. Cat.No 6421G",15,15,72,,,,USD,EA
Penco,PENCO-6423G,Locker,10 51 13,"Penco Guardian Classic III. Locker. 12""W x 18""D x 72""H. 3-tier. Cat.No 6423G",12,18,72,,,,USD,EA
Penco,PENCO-6425G,Locker,10 51 13,"Penco Guardian Classic III. Locker. 21""W. 3-tier. Cat.No 6425G",21,,,,,,USD,EA
Penco,PENCO-6427G,Locker,10 51 13,"Penco Guardian Classic III. Locker. 15""W x 15""D x 72""H. 3-tier. Cat.No 6427G",15,15,72,,,,USD,EA
Penco,PENCO-6429G,Locker,10 51 13,"Penco Guardian Classic III. Locker. 15""W x 18""D x 72""H. 3-tier. Cat.No 6429G",15,18,72,,,,USD,EA
Penco,PENCO-6451G,Locker,10 51 13,"Penco Guardian Classic III. Duplex. 15""W x 15""D x 60""H. 3-tier. Cat.No 6451G",15,15,60,,,,USD,EA
Penco,PENCO-6453G,Locker,10 51 13,"Penco Guardian Classic III. Duplex. 15""W x 18""D x 60""H. 3-tier. Cat.No 6453G",15,18,60,,,,USD,EA
Penco,PENCO-6455G,Locker,10 51 13,"Penco Guardian Classic III. Duplex. 21""W x 21""D x 60""H. 3-tier. Cat.No 6455G",21,21,60,,,,USD,EA
Penco,PENCO-6499G,Locker,10 51 13,"Penco Guardian Classic III. Locker. 21""W x 21""D x 72""H. 3-tier. Cat.No 6499G",21,21,72,,,,USD,EA
Penco,PENCO-6500G,Locker,10 51 13,"Penco Guardian Classic III. 2 Person. 12""D x 72""H. 1-tier. Cat.No 6500G",,12,72,,,,USD,EA
Penco,PENCO-6501G,Locker,10 51 13,"Penco Guardian Classic III. 2 Person. 15""D x 72""H. 1-tier. Cat.No 6501G",,15,72,,,,USD,EA
Penco,PENCO-6503G,Locker,10 51 13,"Penco Guardian Classic III. 2 Person. 18""D x 72""H. 1-tier. Cat.No 6503G",,18,72,,,,USD,EA
Penco,PENCO-6505G,Locker,10 51 13,"Penco Guardian Classic III. 2 Person. 21""D x 72""H. 1-tier. Cat.No 6505G",,21,72,,,,USD,EA
Penco,PENCO-6531G,Locker,10 51 13,"Penco Guardian Classic III. Duplex. 15""W x 15""D x 72""H. 3-tier. Cat.No 6531G",15,15,72,,,,USD,EA
Penco,PENCO-6533G,Locker,10 51 13,"Penco Guardian Classic III. Duplex. 15""W x 18""D x 72""H. 3-tier. Cat.No 6533G",15,18,72,,,,USD,EA
Penco,PENCO-6535G,Locker,10 51 13,"Penco Guardian Classic III. Duplex. 21""W x 21""D x 72""H. 3-tier. Cat.No 6535G",21,21,72,,,,USD,EA
Penco,PENCO-6727G,Locker,10 51 13,"Penco Guardian Classic III. Locker. 21""W. 3-tier. Cat.No 6727G",21,,,,,,USD,EA
Penco,PENCO-6728G,Locker,10 51 13,"Penco Guardian Classic III. Locker. 21""W x 21""D x 72""H. 3-tier. Cat.No 6728G",21,21,72,,,,USD,EA
Penco,PENCO-6729G,Locker,10 51 13,"Penco Guardian Classic III. Duplex. 12""W x 12""D x 60""H. 3-tier. Cat.No 6729G",12,12,60,,,,USD,EA
Penco,PENCO-6730G,Locker,10 51 13,"Penco Guardian Classic III. Duplex. 15""W x 15""D x 60""H. 3-tier. Cat.No 6730G",15,15,60,,,,USD,EA
Penco,PENCO-6731G,Locker,10 51 13,"Penco Guardian Classic III. Duplex. 18""W x 18""D x 60""H. 3-tier. Cat.No 6731G",18,18,60,,,,USD,EA
Penco,PENCO-6732G,Locker,10 51 13,"Penco Guardian Classic III. Duplex. 21""W x 21""D x 60""H. 3-tier. Cat.No 6732G",21,21,60,,,,USD,EA
Penco,PENCO-6733G,Locker,10 51 13,"Penco Guardian Classic III. Duplex. 24""W x 24""D x 60""H. 3-tier. Cat.No 6733G",24,24,60,,,,USD,EA
Penco,PENCO-6734G,Locker,10 51 13,"Penco Guardian Classic III. Locker. 21""W x 24""D x 72""H. 3-tier. Cat.No 6734G",21,24,72,,,,USD,EA
Penco,PENCO-6735G,Locker,10 51 13,"Penco Guardian Classic III. Locker. 12""W x 12""D x 72""H. 3-tier. Cat.No 6735G",12,12,72,,,,USD,EA
Penco,PENCO-6736G,Locker,10 51 13,"Penco Guardian Classic III. Locker. 15""W x 15""D x 72""H. 3-tier. Cat.No 6736G",15,15,72,,,,USD,EA
Penco,PENCO-6737G,Locker,10 51 13,"Penco Guardian Classic III. Locker. 18""W x 18""D x 72""H. 3-tier. Cat.No 6737G",18,18,72,,,,USD,EA
Penco,PENCO-6738G,Locker,10 51 13,"Penco Guardian Classic III. Locker. 21""W x 21""D x 72""H. 3-tier. Cat.No 6738G",21,21,72,,,,USD,EA
Penco,PENCO-6739G,Locker,10 51 13,"Penco Guardian Classic III. Locker. 21""W x 24""D x 72""H. 3-tier. Cat.No 6739G",21,24,72,,,,USD,EA
Penco,PENCO-6007M,Locker,10 51 13,"Penco Guardian Medallion. Locker. 12""W x 12""D x 36.5""H. 1-tier. Cat.No 6007M",12,12,36.5,,,,USD,EA
Penco,PENCO-6008M,Locker,10 51 13,"Penco Guardian Medallion. Locker. 15""W x 15""D x 36.5""H. 1-tier. Cat.No 6008M",15,15,36.5,,,,USD,EA
Penco,PENCO-6009M,Locker,10 51 13,"Penco Guardian Medallion. Locker. 15""W x 15""D x 36.5""H. 1-tier. Cat.No 6009M",15,15,36.5,,,,USD,EA
Penco,PENCO-6010M,Locker,10 51 13,"Penco Guardian Medallion. Locker. 15""W. 1-tier. Cat.No 6010M",15,,,,,,USD,EA
Penco,PENCO-6011M,Locker,10 51 13,"Penco Guardian Medallion. Locker. 21""W x 21""D x 36.5""H. 1-tier. Cat.No 6011M",21,21,36.5,,,,USD,EA
Penco,PENCO-6012M,Locker,10 51 13,"Penco Guardian Medallion. Locker. 24""W x 24""D x 36.5""H. 1-tier. Cat.No 6012M",24,24,36.5,,,,USD,EA
Penco,PENCO-6020M,Locker,10 51 13,"Penco Guardian Medallion. Locker. 12""W x 12""D x 36.5""H. 1-tier. Cat.No 6020M",12,12,36.5,,,,USD,EA
Penco,PENCO-6021M,Locker,10 51 13,"Penco Guardian Medallion. Locker. 15""W x 15""D x 36.5""H. 1-tier. Cat.No 6021M",15,15,36.5,,,,USD,EA
Penco,PENCO-6022M,Locker,10 51 13,"Penco Guardian Medallion. Locker. 24""W x 18""D x 36.5""H. 1-tier. Cat.No 6022M",24,18,36.5,,,,USD,EA
Penco,PENCO-6023M,Locker,10 51 13,"Penco Guardian Medallion. Locker. 21""W x 21""D x 36.5""H. 1-tier. Cat.No 6023M",21,21,36.5,,,,USD,EA
Penco,PENCO-6024M,Locker,10 51 13,"Penco Guardian Medallion. Locker. 24""W x 24""D x 36.5""H. 1-tier. Cat.No 6024M",24,24,36.5,,,,USD,EA
Penco,PENCO-6025M,Locker,10 51 13,"Penco Guardian Medallion. Locker. 21""W x 12""D x 48.5""H. 1-tier. Cat.No 6025M",21,12,48.5,,,,USD,EA
Penco,PENCO-6026M,Locker,10 51 13,"Penco Guardian Medallion. Locker. 24""W x 15""D x 48.5""H. 1-tier. Cat.No 6026M",24,15,48.5,,,,USD,EA
Penco,PENCO-6028M,Locker,10 51 13,"Penco Guardian Medallion. Locker. 15""W x 21""D x 48.5""H. 1-tier. Cat.No 6028M",15,21,48.5,,,,USD,EA
Penco,PENCO-6029M,Locker,10 51 13,"Penco Guardian Medallion. Locker. 18""W x 24""D x 48.5""H. 1-tier. Cat.No 6029M",18,24,48.5,,,,USD,EA
Penco,PENCO-6030M,Locker,10 51 13,"Penco Guardian Medallion. Locker. 24""W x 24""D x 36.5""H. 1-tier. Cat.No 6030M",24,24,36.5,,,,USD,EA
Penco,PENCO-6031M,Locker,10 51 13,"Penco Guardian Medallion. Locker. 9""W x 18""D x 48.5""H. 1-tier. Cat.No 6031M",9,18,48.5,,,,USD,EA
Penco,PENCO-6032M,Locker,10 51 13,"Penco Guardian Medallion. Locker. 15""W x 21""D x 48.5""H. 1-tier. Cat.No 6032M",15,21,48.5,,,,USD,EA
Penco,PENCO-6033M,Locker,10 51 13,Penco Guardian Medallion. Locker. 1-tier. Cat.No 6033M,,,,,,,USD,EA
Penco,PENCO-6034M,Locker,10 51 13,"Penco Guardian Medallion. Locker. 30.5""W x 12""D x 48.5""H. 1-tier. Cat.No 6034M",30.5,12,48.5,,,,USD,EA
Penco,PENCO-6035M,Locker,10 51 13,"Penco Guardian Medallion. Locker. 30.5""W x 15""D x 48.5""H. 1-tier. Cat.No 6035M",30.5,15,48.5,,,,USD,EA
Penco,PENCO-6036M,Locker,10 51 13,"Penco Guardian Medallion. Locker. 15""W x 18""D x 48.5""H. 1-tier. Cat.No 6036M",15,18,48.5,,,,USD,EA
Penco,PENCO-6037M,Locker,10 51 13,"Penco Guardian Medallion. Locker. 1""W x 21""D x 48.5""H. 1-tier. Cat.No 6037M",1,21,48.5,,,,USD,EA
Penco,PENCO-6038M,Locker,10 51 13,"Penco Guardian Medallion. Locker. 24""W x 24""D x 48.5""H. 1-tier. Cat.No 6038M",24,24,48.5,,,,USD,EA
Penco,PENCO-6039M,Locker,10 51 13,"Penco Guardian Medallion. Locker. 12""W x 12""D x 48.5""H. 1-tier. Cat.No 6039M",12,12,48.5,,,,USD,EA
Penco,PENCO-6040M,Locker,10 51 13,"Penco Guardian Medallion. Locker. 15""W x 15""D x 48.5""H. 1-tier. Cat.No 6040M",15,15,48.5,,,,USD,EA
Penco,PENCO-6041M,Locker,10 51 13,"Penco Guardian Medallion. Locker. 18""W x 18""D x 48.5""H. 1-tier. Cat.No 6041M",18,18,48.5,,,,USD,EA
Penco,PENCO-6042M,Locker,10 51 13,"Penco Guardian Medallion. Locker. 21""W x 21""D x 48.5""H. 1-tier. Cat.No 6042M",21,21,48.5,,,,USD,EA
Penco,PENCO-6043M,Locker,10 51 13,"Penco Guardian Medallion. Locker. 24""W x 24""D x 48.5""H. 1-tier. Cat.No 6043M",24,24,48.5,,,,USD,EA
Penco,PENCO-6047M,Locker,10 51 13,"Penco Guardian Medallion. Locker. 12""W x 12""D x 48.5""H. 1-tier. Cat.No 6047M",12,12,48.5,,,,USD,EA
Penco,PENCO-6048M,Locker,10 51 13,"Penco Guardian Medallion. Locker. 15""W x 15""D x 48.5""H. 1-tier. Cat.No 6048M",15,15,48.5,,,,USD,EA
Penco,PENCO-6049M,Locker,10 51 13,"Penco Guardian Medallion. Locker. 24""W x 18""D x 48.5""H. 1-tier. Cat.No 6049M",24,18,48.5,,,,USD,EA
Penco,PENCO-6050M,Locker,10 51 13,"Penco Guardian Medallion. Locker. 21""W x 21""D x 48.5""H. 1-tier. Cat.No 6050M",21,21,48.5,,,,USD,EA
Penco,PENCO-6051M,Locker,10 51 13,"Penco Guardian Medallion. Locker. 24""W x 24""D x 48.5""H. 1-tier. Cat.No 6051M",24,24,48.5,,,,USD,EA
Penco,PENCO-6052M,Locker,10 51 13,"Penco Guardian Medallion. Locker. 24""W. 1-tier. Cat.No 6052M",24,,,,,,USD,EA
Penco,PENCO-6053M,Locker,10 51 13,"Penco Guardian Medallion. Locker. 18""W x 12""D x 60""H. 1-tier. Cat.No 6053M",18,12,60,,,,USD,EA
Penco,PENCO-6054M,Locker,10 51 13,"Penco Guardian Medallion. Locker. 21""W x 15""D x 60""H. 1-tier. Cat.No 6054M",21,15,60,,,,USD,EA
Penco,PENCO-6055M,Locker,10 51 13,"Penco Guardian Medallion. Locker. 24""W x 18""D x 60""H. 1-tier. Cat.No 6055M",24,18,60,,,,USD,EA
Penco,PENCO-6056M,Locker,10 51 13,"Penco Guardian Medallion. Locker. 18""W x 21""D x 72""H. 1-tier. Cat.No 6056M",18,21,72,,,,USD,EA
Penco,PENCO-6057M,Locker,10 51 13,"Penco Guardian Medallion. Locker. 21""W x 24""D x 72""H. 1-tier. Cat.No 6057M",21,24,72,,,,USD,EA
Penco,PENCO-6058M,Locker,10 51 13,"Penco Guardian Medallion. Locker. 24""W x 12""D x 72""H. 1-tier. Cat.No 6058M",24,12,72,,,,USD,EA
Penco,PENCO-6059M,Locker,10 51 13,"Penco Guardian Medallion. Locker. 12""W x 15""D x 72""H. 1-tier. Cat.No 6059M",12,15,72,,,,USD,EA
Penco,PENCO-6100M,Locker,10 51 13,"Penco Guardian Medallion. Locker. 12""W x 12""D x 60""H. 1-tier. Cat.No 6100M",12,12,60,,,,USD,EA
Penco,PENCO-6101M,Locker,10 51 13,"Penco Guardian Medallion. Locker. 12""D x 60""H. 1-tier. Cat.No 6101M",,12,60,,,,USD,EA
Penco,PENCO-6102M,Locker,10 51 13,"Penco Guardian Medallion. Locker. 15""W. 1-tier. Cat.No 6102M",15,,,,,,USD,EA
Penco,PENCO-6103M,Locker,10 51 13,"Penco Guardian Medallion. Locker. 15""D x 60""H. 1-tier. Cat.No 6103M",,15,60,,,,USD,EA
Penco,PENCO-6104M,Locker,10 51 13,"Penco Guardian Medallion. Locker. 21""W x 21""D x 36.5""H. 1-tier. Cat.No 6104M",21,21,36.5,,,,USD,EA
Penco,PENCO-6105M,Locker,10 51 13,"Penco Guardian Medallion. Locker. 9""W x 18""D x 60""H. 1-tier. Cat.No 6105M",9,18,60,,,,USD,EA
Penco,PENCO-6106M,Locker,10 51 13,"Penco Guardian Medallion. Locker. 24""W x 24""D x 36.5""H. 1-tier. Cat.No 6106M",24,24,36.5,,,,USD,EA
Penco,PENCO-6107M,Locker,10 51 13,"Penco Guardian Medallion. Locker. 12""W x 12""D x 36.5""H. 1-tier. Cat.No 6107M",12,12,36.5,,,,USD,EA
Penco,PENCO-6108M,Locker,10 51 13,"Penco Guardian Medallion. Locker. 9""W x 21""D x 60""H. 1-tier. Cat.No 6108M",9,21,60,,,,USD,EA
Penco,PENCO-6111M,Locker,10 51 13,"Penco Guardian Medallion. Locker. 24""W x 12""D x 60""H. 1-tier. Cat.No 6111M",24,12,60,,,,USD,EA
Penco,PENCO-6113M,Locker,10 51 13,"Penco Guardian Medallion. Locker. 24""W. 1-tier. Cat.No 6113M",24,,,,,,USD,EA
Penco,PENCO-6115M,Locker,10 51 13,"Penco Guardian Medallion. Locker. 12""W x 18""D x 60""H. 1-tier. Cat.No 6115M",12,18,60,,,,USD,EA
Penco,PENCO-6117M,Locker,10 51 13,"Penco Guardian Medallion. Locker. 12""W x 21""D x 60""H. 1-tier. Cat.No 6117M",12,21,60,,,,USD,EA
Penco,PENCO-6119M,Locker,10 51 13,"Penco Guardian Medallion. Locker. 12""W x 12""D x 60""H. 1-tier. Cat.No 6119M",12,12,60,,,,USD,EA
Penco,PENCO-6121M,Locker,10 51 13,"Penco Guardian Medallion. Locker. 15""W x 15""D x 60""H. 1-tier. Cat.No 6121M",15,15,60,,,,USD,EA
Penco,PENCO-6123M,Locker,10 51 13,"Penco Guardian Medallion. Locker. 15""W x 18""D x 60""H. 1-tier. Cat.No 6123M",15,18,60,,,,USD,EA
Penco,PENCO-6125M,Locker,10 51 13,"Penco Guardian Medallion. Locker. 21""W x 21""D x 60""H. 1-tier. Cat.No 6125M",21,21,60,,,,USD,EA
Penco,PENCO-6126M,Locker,10 51 13,"Penco Guardian Medallion. Locker. 24""W x 24""D x 60""H. 1-tier. Cat.No 6126M",24,24,60,,,,USD,EA
Penco,PENCO-6127M,Locker,10 51 13,"Penco Guardian Medallion. Locker. 15""W x 15""D x 36.5""H. 1-tier. Cat.No 6127M",15,15,36.5,,,,USD,EA
Penco,PENCO-6129M,Locker,10 51 13,"Penco Guardian Medallion. Locker. 15""W. 1-tier. Cat.No 6129M",15,,,,,,USD,EA
Penco,PENCO-6130M,Locker,10 51 13,"Penco Guardian Medallion. Locker. 21""W x 21""D x 36.5""H. 1-tier. Cat.No 6130M",21,21,36.5,,,,USD,EA
Penco,PENCO-6131M,Locker,10 51 13,"Penco Guardian Medallion. Locker. 18""W x 18""D x 60""H. 1-tier. Cat.No 6131M",18,18,60,,,,USD,EA
Penco,PENCO-6132M,Locker,10 51 13,"Penco Guardian Medallion. Locker. 24""W x 24""D x 36.5""H. 1-tier. Cat.No 6132M",24,24,36.5,,,,USD,EA
Penco,PENCO-6133M,Locker,10 51 13,"Penco Guardian Medallion. Locker. 12""W x 21""D x 60""H. 1-tier. Cat.No 6133M",12,21,60,,,,USD,EA
Penco,PENCO-6135M,Locker,10 51 13,"Penco Guardian Medallion. Locker. 15""W x 24""D x 60""H. 1-tier. Cat.No 6135M",15,24,60,,,,USD,EA
Penco,PENCO-6136M,Locker,10 51 13,"Penco Guardian Medallion. Locker. 12""W x 12""D x 36.5""H. 1-tier. Cat.No 6136M",12,12,36.5,,,,USD,EA
Penco,PENCO-6137M,Locker,10 51 13,"Penco Guardian Medallion. Locker. 12""W x 12""D x 30.5""H. 1-tier. Cat.No 6137M",12,12,30.5,,,,USD,EA
Penco,PENCO-6138M,Locker,10 51 13,"Penco Guardian Medallion. Locker. 15""W x 15""D x 36.5""H. 1-tier. Cat.No 6138M",15,15,36.5,,,,USD,EA
Penco,PENCO-6139M,Locker,10 51 13,"Penco Guardian Medallion. Locker. 15""W x 15""D x 30.5""H. 1-tier. Cat.No 6139M",15,15,30.5,,,,USD,EA
Penco,PENCO-6140M,Locker,10 51 13,"Penco Guardian Medallion. Locker. 15""W. 1-tier. Cat.No 6140M",15,,,,,,USD,EA
Penco,PENCO-6142M,Locker,10 51 13,"Penco Guardian Medallion. Locker. 21""W x 21""D x 36.5""H. 1-tier. Cat.No 6142M",21,21,36.5,,,,USD,EA
Penco,PENCO-6144M,Locker,10 51 13,"Penco Guardian Medallion. Locker. 12""W x 24""D x 60""H. 1-tier. Cat.No 6144M",12,24,60,,,,USD,EA
Penco,PENCO-6146M,Locker,10 51 13,"Penco Guardian Medallion. Locker. 12""W x 12""D x 36.5""H. 1-tier. Cat.No 6146M",12,12,36.5,,,,USD,EA
Penco,PENCO-6147M,Locker,10 51 13,"Penco Guardian Medallion. Locker. 18""W x 18""D x 30.5""H. 1-tier. Cat.No 6147M",18,18,30.5,,,,USD,EA
Penco,PENCO-6148M,Locker,10 51 13,"Penco Guardian Medallion. Locker. 21""W x 21""D x 30.5""H. 1-tier. Cat.No 6148M",21,21,30.5,,,,USD,EA
Penco,PENCO-6149M,Locker,10 51 13,"Penco Guardian Medallion. Locker. 15""W x 15""D x 60""H. 1-tier. Cat.No 6149M",15,15,60,,,,USD,EA
Penco,PENCO-6150M,Locker,10 51 13,"Penco Guardian Medallion. Locker. 24""W x 24""D x 30.5""H. 1-tier. Cat.No 6150M",24,24,30.5,,,,USD,EA
Penco,PENCO-6151M,Locker,10 51 13,"Penco Guardian Medallion. Locker. 21""W x 12""D x 72""H. 1-tier. Cat.No 6151M",21,12,72,,,,USD,EA
Penco,PENCO-6152M,Locker,10 51 13,"Penco Guardian Medallion. Locker. 12""W x 12""D x 30.5""H. 1-tier. Cat.No 6152M",12,12,30.5,,,,USD,EA
Penco,PENCO-6153M,Locker,10 51 13,"Penco Guardian Medallion. Locker. 24""W x 15""D x 72""H. 1-tier. Cat.No 6153M",24,15,72,,,,USD,EA
Penco,PENCO-6154M,Locker,10 51 13,"Penco Guardian Medallion. Locker. 15""W x 15""D x 30.5""H. 1-tier. Cat.No 6154M",15,15,30.5,,,,USD,EA
Penco,PENCO-6155M,Locker,10 51 13,"Penco Guardian Medallion. Locker. 9""W x 18""D x 72""H. 1-tier. Cat.No 6155M",9,18,72,,,,USD,EA
Penco,PENCO-6156M,Locker,10 51 13,"Penco Guardian Medallion. Locker. 18""W x 18""D x 30.5""H. 1-tier. Cat.No 6156M",18,18,30.5,,,,USD,EA
Penco,PENCO-6158M,Locker,10 51 13,"Penco Guardian Medallion. Locker. 12""W x 21""D x 60""H. 1-tier. Cat.No 6158M",12,21,60,,,,USD,EA
Penco,PENCO-6160M,Locker,10 51 13,"Penco Guardian Medallion. Locker. 15""W x 24""D x 60""H. 1-tier. Cat.No 6160M",15,24,60,,,,USD,EA
Penco,PENCO-6161M,Locker,10 51 13,"Penco Guardian Medallion. Locker. 12""D x 72""H. 1-tier. Cat.No 6161M",,12,72,,,,USD,EA
Penco,PENCO-6162M,Locker,10 51 13,"Penco Guardian Medallion. Locker. 21""W x 21""D x 30.5""H. 1-tier. Cat.No 6162M",21,21,30.5,,,,USD,EA
Penco,PENCO-6163M,Locker,10 51 13,"Penco Guardian Medallion. Locker. 12""W x 15""D x 72""H. 1-tier. Cat.No 6163M",12,15,72,,,,USD,EA
Penco,PENCO-6164M,Locker,10 51 13,"Penco Guardian Medallion. Locker. 24""W x 24""D x 30.5""H. 1-tier. Cat.No 6164M",24,24,30.5,,,,USD,EA
Penco,PENCO-6165M,Locker,10 51 13,"Penco Guardian Medallion. Locker. 12""W x 18""D x 72""H. 1-tier. Cat.No 6165M",12,18,72,,,,USD,EA
Penco,PENCO-6166M,Locker,10 51 13,"Penco Guardian Medallion. Locker. 12""W x 12""D x 30.5""H. 1-tier. Cat.No 6166M",12,12,30.5,,,,USD,EA
Penco,PENCO-6167M,Locker,10 51 13,"Penco Guardian Medallion. Locker. 18""W x 21""D x 72""H. 1-tier. Cat.No 6167M",18,21,72,,,,USD,EA
Penco,PENCO-6168M,Locker,10 51 13,"Penco Guardian Medallion. Locker. 21""W x 24""D x 72""H. 1-tier. Cat.No 6168M",21,24,72,,,,USD,EA
Penco,PENCO-6169M,Locker,10 51 13,"Penco Guardian Medallion. Locker. 24""W x 12""D x 72""H. 1-tier. Cat.No 6169M",24,12,72,,,,USD,EA
Penco,PENCO-6170M,Locker,10 51 13,"Penco Guardian Medallion. Locker. 15""W x 15""D x 30.5""H. 1-tier. Cat.No 6170M",15,15,30.5,,,,USD,EA
Penco,PENCO-6171M,Locker,10 51 13,"Penco Guardian Medallion. Locker. 12""W x 15""D x 72""H. 1-tier. Cat.No 6171M",12,15,72,,,,USD,EA
Penco,PENCO-6172M,Locker,10 51 13,"Penco Guardian Medallion. Locker. 18""W x 18""D x 30.5""H. 1-tier. Cat.No 6172M",18,18,30.5,,,,USD,EA
Penco,PENCO-6173M,Locker,10 51 13,"Penco Guardian Medallion. Locker. 15""W x 18""D x 72""H. 1-tier. Cat.No 6173M",15,18,72,,,,USD,EA
Penco,PENCO-6174M,Locker,10 51 13,"Penco Guardian Medallion. Locker. 21""W x 21""D x 30.5""H. 1-tier. Cat.No 6174M",21,21,30.5,,,,USD,EA
Penco,PENCO-6175M,Locker,10 51 13,"Penco Guardian Medallion. Locker. 18""W x 21""D x 72""H. 1-tier. Cat.No 6175M",18,21,72,,,,USD,EA
Penco,PENCO-6176M,Locker,10 51 13,"Penco Guardian Medallion. Locker. 21""W x 12""D x 48.5""H. 1-tier. Cat.No 6176M",21,12,48.5,,,,USD,EA
Penco,PENCO-6177M,Locker,10 51 13,"Penco Guardian Medallion. Locker. 21""W x 24""D x 72""H. 1-tier. Cat.No 6177M",21,24,72,,,,USD,EA
Penco,PENCO-6178M,Locker,10 51 13,"Penco Guardian Medallion. Locker. 24""W x 24""D x 30.5""H. 1-tier. Cat.No 6178M",24,24,30.5,,,,USD,EA
Penco,PENCO-6179M,Locker,10 51 13,"Penco Guardian Medallion. Locker. 12""W x 15""D x 72""H. 1-tier. Cat.No 6179M",12,15,72,,,,USD,EA
Penco,PENCO-6181M,Locker,10 51 13,"Penco Guardian Medallion. Locker. 18""W x 18""D x 72""H. 1-tier. Cat.No 6181M",18,18,72,,,,USD,EA
Penco,PENCO-6182M,Locker,10 51 13,"Penco Guardian Medallion. Locker. 12""W x 12""D x 30.5""H. 1-tier. Cat.No 6182M",12,12,30.5,,,,USD,EA
Penco,PENCO-6183M,Locker,10 51 13,"Penco Guardian Medallion. Locker. 18""W x 21""D x 72""H. 1-tier. Cat.No 6183M",18,21,72,,,,USD,EA
Penco,PENCO-6184M,Locker,10 51 13,"Penco Guardian Medallion. Locker. 24""W x 15""D x 48.5""H. 1-tier. Cat.No 6184M",24,15,48.5,,,,USD,EA
Penco,PENCO-6185M,Locker,10 51 13,"Penco Guardian Medallion. Locker. 21""W x 24""D x 72""H. 1-tier. Cat.No 6185M",21,24,72,,,,USD,EA
Penco,PENCO-6186M,Locker,10 51 13,"Penco Guardian Medallion. Locker. 15""W x 15""D x 30.5""H. 1-tier. Cat.No 6186M",15,15,30.5,,,,USD,EA
Penco,PENCO-6187M,Locker,10 51 13,"Penco Guardian Medallion. Locker. 12""W x 18""D x 48.5""H. 1-tier. Cat.No 6187M",12,18,48.5,,,,USD,EA
Penco,PENCO-6188M,Locker,10 51 13,"Penco Guardian Medallion. Locker. 18""W x 18""D x 30.5""H. 1-tier. Cat.No 6188M",18,18,30.5,,,,USD,EA
Penco,PENCO-6189M,Locker,10 51 13,"Penco Guardian Medallion. Locker. 18""W x 30""D x 5""H. 1-tier. Cat.No 6189M",18,30,5,,,,USD,EA
Penco,PENCO-6190M,Locker,10 51 13,"Penco Guardian Medallion. Locker. 18""W x 30""D x 5""H. 1-tier. Cat.No 6190M",18,30,5,,,,USD,EA
Penco,PENCO-6196M,Locker,10 51 13,"Penco Guardian Medallion. Locker. 24""W x 18""D x 72""H. 1-tier. Cat.No 6196M",24,18,72,,,,USD,EA
Penco,PENCO-6198M,Locker,10 51 13,"Penco Guardian Medallion. Locker. 18""W x 21""D x 72""H. 1-tier. Cat.No 6198M",18,21,72,,,,USD,EA
Penco,PENCO-6199M,Locker,10 51 13,"Penco Guardian Medallion. Locker. 15""W x 24""D x 72""H. 1-tier. Cat.No 6199M",15,24,72,,,,USD,EA
Penco,PENCO-6219M,Locker,10 51 13,"Penco Guardian Medallion. Locker. 24""W x 12""D x 72""H. 1-tier. Cat.No 6219M",24,12,72,,,,USD,EA
Penco,PENCO-6019M,Locker,10 51 13,"Penco Guardian Medallion. Locker. 24""W x 48""D x 5""H. 2-tier. Cat.No 6019M",24,48,5,,,,USD,EA
Penco,PENCO-6027M,Locker,10 51 13,"Penco Guardian Medallion. Locker. 12""W x 12""D x 72""H. 2-tier. Cat.No 6027M",12,12,72,,,,USD,EA
Penco,PENCO-6075M,Locker,10 51 13,"Penco Guardian Medallion. Locker. 24""W x 48""D x 5""H. 2-tier. Cat.No 6075M",24,48,5,,,,USD,EA
Penco,PENCO-6076M,Locker,10 51 13,"Penco Guardian Medallion. Locker. 24""W x 12""D x 18""H. 2-tier. Cat.No 6076M",24,12,18,,,,USD,EA
Penco,PENCO-6077M,Locker,10 51 13,"Penco Guardian Medallion. Locker. 24""W x 48""D x 5""H. 2-tier. Cat.No 6077M",24,48,5,,,,USD,EA
Penco,PENCO-6078M,Locker,10 51 13,"Penco Guardian Medallion. Locker. 24""W x 48""D x 5""H. 2-tier. Cat.No 6078M",24,48,5,,,,USD,EA
Penco,PENCO-6079M,Locker,10 51 13,"Penco Guardian Medallion. Locker. 24""W x 48""D x 5""H. 2-tier. Cat.No 6079M",24,48,5,,,,USD,EA
Penco,PENCO-6080M,Locker,10 51 13,"Penco Guardian Medallion. Locker. 24""W x 48""D x 5""H. 2-tier. Cat.No 6080M",24,48,5,,,,USD,EA
Penco,PENCO-6081M,Locker,10 51 13,"Penco Guardian Medallion. Locker. 24""W x 48""D x 5""H. 2-tier. Cat.No 6081M",24,48,5,,,,USD,EA
Penco,PENCO-6082M,Locker,10 51 13,"Penco Guardian Medallion. Locker. 24""W x 48""D x 5""H. 2-tier. Cat.No 6082M",24,48,5,,,,USD,EA
Penco,PENCO-6083M,Locker,10 51 13,"Penco Guardian Medallion. Locker. 24""W x 48""D x 5""H. 2-tier. Cat.No 6083M",24,48,5,,,,USD,EA
Penco,PENCO-6084M,Locker,10 51 13,"Penco Guardian Medallion. Locker. 24""W x 48""D x 5""H. 2-tier. Cat.No 6084M",24,48,5,,,,USD,EA
Penco,PENCO-6085M,Locker,10 51 13,"Penco Guardian Medallion. Locker. 24""W x 48""D x 5""H. 2-tier. Cat.No 6085M",24,48,5,,,,USD,EA
Penco,PENCO-6086M,Locker,10 51 13,"Penco Guardian Medallion. Locker. 24""W x 18""D x 18""H. 2-tier. Cat.No 6086M",24,18,18,,,,USD,EA
Penco,PENCO-6087M,Locker,10 51 13,"Penco Guardian Medallion. Locker. 24""W x 48""D x 5""H. 2-tier. Cat.No 6087M",24,48,5,,,,USD,EA
Penco,PENCO-6088M,Locker,10 51 13,"Penco Guardian Medallion. Locker. 24""W x 48""D x 5""H. 2-tier. Cat.No 6088M",24,48,5,,,,USD,EA
Penco,PENCO-6089M,Locker,10 51 13,"Penco Guardian Medallion. 2 Person. 21""W x 21""D x 60""H. 1-tier. Cat.No 6089M",21,21,60,,,,USD,EA
Penco,PENCO-6090M,Locker,10 51 13,"Penco Guardian Medallion. 2 Person. 24""W x 24""D x 60""H. 1-tier. Cat.No 6090M",24,24,60,,,,USD,EA
Penco,PENCO-6091M,Locker,10 51 13,"Penco Guardian Medallion. Locker. 12""W x 12""D x 60""H. 3-tier. Cat.No 6091M",12,12,60,,,,USD,EA
Penco,PENCO-6092M,Locker,10 51 13,"Penco Guardian Medallion. Locker. 12""W x 12""D x 60""H. 3-tier. Cat.No 6092M",12,12,60,,,,USD,EA
Penco,PENCO-6093M,Locker,10 51 13,"Penco Guardian Medallion. Locker. 15""W x 15""D x 60""H. 3-tier. Cat.No 6093M",15,15,60,,,,USD,EA
Penco,PENCO-6094M,Locker,10 51 13,"Penco Guardian Medallion. Locker. 24""W x 18""D x 60""H. 3-tier. Cat.No 6094M",24,18,60,,,,USD,EA
Penco,PENCO-6095M,Locker,10 51 13,"Penco Guardian Medallion. Locker. 21""W x 21""D x 60""H. 3-tier. Cat.No 6095M",21,21,60,,,,USD,EA
Penco,PENCO-6096M,Locker,10 51 13,"Penco Guardian Medallion. Locker. 24""W x 24""D x 60""H. 3-tier. Cat.No 6096M",24,24,60,,,,USD,EA
Penco,PENCO-6097M,Locker,10 51 13,"Penco Guardian Medallion. Locker. 21""W x 21""D x 72""H. 2-tier. Cat.No 6097M",21,21,72,,,,USD,EA
Penco,PENCO-6098M,Locker,10 51 13,"Penco Guardian Medallion. Locker. 24""W x 24""D x 72""H. 2-tier. Cat.No 6098M",24,24,72,,,,USD,EA
Penco,PENCO-6099M,Locker,10 51 13,"Penco Guardian Medallion. Locker. 15""W x 30/60""D x 72""H. 2-tier. Cat.No 6099M",15,30/60,72,,,,USD,EA
Penco,PENCO-6200M,Locker,10 51 13,"Penco Guardian Medallion. Locker. 24""W x 24""D x 60""H. 3-tier. Cat.No 6200M",24,24,60,,,,USD,EA
Penco,PENCO-6201M,Locker,10 51 13,"Penco Guardian Medallion. Locker. 12""W x 12""D x 60""H. 2-tier. Cat.No 6201M",12,12,60,,,,USD,EA
Penco,PENCO-6203M,Locker,10 51 13,"Penco Guardian Medallion. Locker. 15""W x 15""D x 60""H. 2-tier. Cat.No 6203M",15,15,60,,,,USD,EA
Penco,PENCO-6205M,Locker,10 51 13,"Penco Guardian Medallion. Locker. 9""W x 18""D x 60""H. 2-tier. Cat.No 6205M",9,18,60,,,,USD,EA
Penco,PENCO-6211M,Locker,10 51 13,"Penco Guardian Medallion. 2 Person. 12""W x 12""D x 60""H. 1-tier. Cat.No 6211M",12,12,60,,,,USD,EA
Penco,PENCO-6213M,Locker,10 51 13,"Penco Guardian Medallion. 2 Person. 15""W x 15""D x 60""H. 1-tier. Cat.No 6213M",15,15,60,,,,USD,EA
Penco,PENCO-6215M,Locker,10 51 13,"Penco Guardian Medallion. 2 Person. 12""W x 18""D x 60""H. 1-tier. Cat.No 6215M",12,18,60,,,,USD,EA
Penco,PENCO-6217M,Locker,10 51 13,"Penco Guardian Medallion. Locker. 21""W x 21""D x 60""H. 3-tier. Cat.No 6217M",21,21,60,,,,USD,EA
Penco,PENCO-6218M,Locker,10 51 13,"Penco Guardian Medallion. Locker. 21""W x 21""D x 72""H. 2-tier. Cat.No 6218M",21,21,72,,,,USD,EA
Penco,PENCO-6220M,Locker,10 51 13,"Penco Guardian Medallion. Locker. 24""W x 24""D x 72""H. 2-tier. Cat.No 6220M",24,24,72,,,,USD,EA
Penco,PENCO-6223M,Locker,10 51 13,"Penco Guardian Medallion. Locker. 15""W x 15""D x 72""H. 2-tier. Cat.No 6223M",15,15,72,,,,USD,EA
Penco,PENCO-6225M,Locker,10 51 13,"Penco Guardian Medallion. Locker. 9""W x 18""D x 72""H. 2-tier. Cat.No 6225M",9,18,72,,,,USD,EA
Penco,PENCO-6227M,Locker,10 51 13,"Penco Guardian Medallion. Locker. 12""W x 12""D x 60""H. 3-tier. Cat.No 6227M",12,12,60,,,,USD,EA
Penco,PENCO-6229M,Locker,10 51 13,"Penco Guardian Medallion. Locker. 15""W x 15""D x 60""H. 3-tier. Cat.No 6229M",15,15,60,,,,USD,EA
Penco,PENCO-6230M,Locker,10 51 13,"Penco Guardian Medallion. Locker. 12""W x 12""D x 72""H. 2-tier. Cat.No 6230M",12,12,72,,,,USD,EA
Penco,PENCO-6231M,Locker,10 51 13,"Penco Guardian Medallion. Locker. 12""W x 12""D x 72""H. 2-tier. Cat.No 6231M",12,12,72,,,,USD,EA
Penco,PENCO-6233M,Locker,10 51 13,"Penco Guardian Medallion. Locker. 15""W x 15""D x 72""H. 2-tier. Cat.No 6233M",15,15,72,,,,USD,EA
Penco,PENCO-6235M,Locker,10 51 13,"Penco Guardian Medallion. Locker. 12""W x 18""D x 72""H. 2-tier. Cat.No 6235M",12,18,72,,,,USD,EA
Penco,PENCO-6237M,Locker,10 51 13,"Penco Guardian Medallion. Locker. 15""W x 18""D x 60""H. 3-tier. Cat.No 6237M",15,18,60,,,,USD,EA
Penco,PENCO-6239M,Locker,10 51 13,"Penco Guardian Medallion. Locker. 12""W x 12""D x 72""H. 2-tier. Cat.No 6239M",12,12,72,,,,USD,EA
Penco,PENCO-6241M,Locker,10 51 13,"Penco Guardian Medallion. Locker. 15""W x 15""D x 72""H. 2-tier. Cat.No 6241M",15,15,72,,,,USD,EA
Penco,PENCO-6243M,Locker,10 51 13,"Penco Guardian Medallion. Locker. 15""W x 18""D x 72""H. 2-tier. Cat.No 6243M",15,18,72,,,,USD,EA
Penco,PENCO-6245M,Locker,10 51 13,"Penco Guardian Medallion. Locker. 21""W x 21""D x 72""H. 2-tier. Cat.No 6245M",21,21,72,,,,USD,EA
Penco,PENCO-6246M,Locker,10 51 13,"Penco Guardian Medallion. Locker. 24""W x 24""D x 72""H. 2-tier. Cat.No 6246M",24,24,72,,,,USD,EA
Penco,PENCO-6247M,Locker,10 51 13,"Penco Guardian Medallion. Locker. 18""W x 18""D x 72""H. 2-tier. Cat.No 6247M",18,18,72,,,,USD,EA
Penco,PENCO-6249M,Locker,10 51 13,"Penco Guardian Medallion. Locker. 21""W x 21""D x 72""H. 2-tier. Cat.No 6249M",21,21,72,,,,USD,EA
Penco,PENCO-6250M,Locker,10 51 13,"Penco Guardian Medallion. Locker. 12""W x 30/60""D x 72""H. 2-tier. Cat.No 6250M",12,30/60,72,,,,USD,EA
Penco,PENCO-6257M,Locker,10 51 13,"Penco Guardian Medallion. Locker. 21""W x 21""D x 60""H. 3-tier. Cat.No 6257M",21,21,60,,,,USD,EA
Penco,PENCO-6258M,Locker,10 51 13,"Penco Guardian Medallion. Locker. 24""W x 24""D x 60""H. 3-tier. Cat.No 6258M",24,24,60,,,,USD,EA
Penco,PENCO-6259M,Locker,10 51 13,"Penco Guardian Medallion. Locker. 15""W x 15""D x 72""H. 2-tier. Cat.No 6259M",15,15,72,,,,USD,EA
Penco,PENCO-6271M,Locker,10 51 13,"Penco Guardian Medallion. 2 Person. 21""W x 24""D x 72""H. 1-tier. Cat.No 6271M",21,24,72,,,,USD,EA
Penco,PENCO-6273M,Locker,10 51 13,"Penco Guardian Medallion. 2 Person. 24""W x 30/60""D x 72""H. 1-tier. Cat.No 6273M",24,30/60,72,,,,USD,EA
Penco,PENCO-6274M,Locker,10 51 13,"Penco Guardian Medallion. 2 Person. 24""W x 24""D x 72""H. 1-tier. Cat.No 6274M",24,24,72,,,,USD,EA
Penco,PENCO-6279M,Locker,10 51 13,"Penco Guardian Medallion. Locker. 15""W x 15""D x 60""H. 3-tier. Cat.No 6279M",15,15,60,,,,USD,EA
Penco,PENCO-6281M,Locker,10 51 13,"Penco Guardian Medallion. Locker. 18""W x 18""D x 60""H. 3-tier. Cat.No 6281M",18,18,60,,,,USD,EA
Penco,PENCO-6283M,Locker,10 51 13,"Penco Guardian Medallion. Locker. 21""W x 21""D x 60""H. 3-tier. Cat.No 6283M",21,21,60,,,,USD,EA
Penco,PENCO-6285M,Locker,10 51 13,"Penco Guardian Medallion. Locker. 24""W x 24""D x 60""H. 3-tier. Cat.No 6285M",24,24,60,,,,USD,EA
Penco,PENCO-6292M,Locker,10 51 13,"Penco Guardian Medallion. Locker. 15""W x 24""D x 60""H. 3-tier. Cat.No 6292M",15,24,60,,,,USD,EA
Penco,PENCO-6308M,Locker,10 51 13,"Penco Guardian Medallion. Locker. 18""W x 12""D x 60""H. 3-tier. Cat.No 6308M",18,12,60,,,,USD,EA
Penco,PENCO-6312M,Locker,10 51 13,"Penco Guardian Medallion. Locker. 15""W x 24""D x 60""H. 3-tier. Cat.No 6312M",15,24,60,,,,USD,EA
Penco,PENCO-6401M,Locker,10 51 13,"Penco Guardian Medallion. Locker. 24""W x 12""D x 60""H. 3-tier. Cat.No 6401M",24,12,60,,,,USD,EA
Penco,PENCO-6403M,Locker,10 51 13,"Penco Guardian Medallion. Locker. 12""W x 15""D x 60""H. 3-tier. Cat.No 6403M",12,15,60,,,,USD,EA
Penco,PENCO-6405M,Locker,10 51 13,"Penco Guardian Medallion. Locker. 15""W x 18""D x 60""H. 3-tier. Cat.No 6405M",15,18,60,,,,USD,EA
Penco,PENCO-6407M,Locker,10 51 13,"Penco Guardian Medallion. Locker. 18""W x 12""D x 60""H. 3-tier. Cat.No 6407M",18,12,60,,,,USD,EA
Penco,PENCO-6409M,Locker,10 51 13,"Penco Guardian Medallion. Locker. 21""W x 15""D x 60""H. 3-tier. Cat.No 6409M",21,15,60,,,,USD,EA
Penco,PENCO-6411M,Locker,10 51 13,"Penco Guardian Medallion. Locker. 12""W x 18""D x 60""H. 3-tier. Cat.No 6411M",12,18,60,,,,USD,EA
Penco,PENCO-6413M,Locker,10 51 13,"Penco Guardian Medallion. Locker. 12""W x 12""D x 72""H. 2-tier. Cat.No 6413M",12,12,72,,,,USD,EA
Penco,PENCO-6415M,Locker,10 51 13,"Penco Guardian Medallion. Locker. 15""W x 15""D x 72""H. 2-tier. Cat.No 6415M",15,15,72,,,,USD,EA
Penco,PENCO-6417M,Locker,10 51 13,"Penco Guardian Medallion. Locker. 9""W x 18""D x 72""H. 2-tier. Cat.No 6417M",9,18,72,,,,USD,EA
Penco,PENCO-6418M,Locker,10 51 13,"Penco Guardian Medallion. Locker. 21""W x 21""D x 72""H. 2-tier. Cat.No 6418M",21,21,72,,,,USD,EA
Penco,PENCO-6419M,Locker,10 51 13,"Penco Guardian Medallion. Locker. 12""W x 12""D x 72""H. 2-tier. Cat.No 6419M",12,12,72,,,,USD,EA
Penco,PENCO-6420M,Locker,10 51 13,"Penco Guardian Medallion. Locker. 24""W x 24""D x 72""H. 2-tier. Cat.No 6420M",24,24,72,,,,USD,EA
Penco,PENCO-6421M,Locker,10 51 13,"Penco Guardian Medallion. Locker. 15""W x 15""D x 72""H. 2-tier. Cat.No 6421M",15,15,72,,,,USD,EA
Penco,PENCO-6423M,Locker,10 51 13,"Penco Guardian Medallion. Locker. 12""W x 18""D x 72""H. 2-tier. Cat.No 6423M",12,18,72,,,,USD,EA
Penco,PENCO-6425M,Locker,10 51 13,"Penco Guardian Medallion. Locker. 12""W x 12""D x 72""H. 2-tier. Cat.No 6425M",12,12,72,,,,USD,EA
Penco,PENCO-6427M,Locker,10 51 13,"Penco Guardian Medallion. Locker. 15""W x 15""D x 72""H. 2-tier. Cat.No 6427M",15,15,72,,,,USD,EA
Penco,PENCO-6429M,Locker,10 51 13,"Penco Guardian Medallion. Locker. 15""W x 18""D x 72""H. 2-tier. Cat.No 6429M",15,18,72,,,,USD,EA
Penco,PENCO-6449M,Locker,10 51 13,"Penco Guardian Medallion. Locker. 12""W x 21""D x 60""H. 3-tier. Cat.No 6449M",12,21,60,,,,USD,EA
Penco,PENCO-6451M,Locker,10 51 13,"Penco Guardian Medallion. Locker. 21""W x 15""D x 60""H. 3-tier. Cat.No 6451M",21,15,60,,,,USD,EA
Penco,PENCO-6453M,Locker,10 51 13,"Penco Guardian Medallion. Locker. 15""W x 18""D x 60""H. 3-tier. Cat.No 6453M",15,18,60,,,,USD,EA
Penco,PENCO-6455M,Locker,10 51 13,"Penco Guardian Medallion. Locker. 12""W x 21""D x 60""H. 3-tier. Cat.No 6455M",12,21,60,,,,USD,EA
Penco,PENCO-6499M,Locker,10 51 13,"Penco Guardian Medallion. Locker. 21""W x 21""D x 72""H. 2-tier. Cat.No 6499M",21,21,72,,,,USD,EA
Penco,PENCO-6500M,Locker,10 51 13,"Penco Guardian Medallion. 2 Person. 12""D x 60""H. 1-tier. Cat.No 6500M",,12,60,,,,USD,EA
Penco,PENCO-6501M,Locker,10 51 13,"Penco Guardian Medallion. 2 Person. 15""W x 15""D x 72""H. 1-tier. Cat.No 6501M",15,15,72,,,,USD,EA
Penco,PENCO-6503M,Locker,10 51 13,"Penco Guardian Medallion. 2 Person. 18""W x 18""D x 72""H. 1-tier. Cat.No 6503M",18,18,72,,,,USD,EA
Penco,PENCO-6505M,Locker,10 51 13,"Penco Guardian Medallion. Locker. 21""W x 21""D x 72""H. 3-tier. Cat.No 6505M",21,21,72,,,,USD,EA
Penco,PENCO-6701M,Locker,10 51 13,"Penco Guardian Medallion. 2 Person. 15""W x 15""D x 72""H. 1-tier. Cat.No 6701M",15,15,72,,,,USD,EA
Penco,PENCO-6727M,Locker,10 51 13,"Penco Guardian Medallion. Locker. 24""W x 24""D x 72""H. 2-tier. Cat.No 6727M",24,24,72,,,,USD,EA
Penco,PENCO-6728M,Locker,10 51 13,"Penco Guardian Medallion. Locker. 21""W x 21""D x 72""H. 2-tier. Cat.No 6728M",21,21,72,,,,USD,EA
Penco,PENCO-6729M,Locker,10 51 13,"Penco Guardian Medallion. Locker. 18""W x 12""D x 60""H. 3-tier. Cat.No 6729M",18,12,60,,,,USD,EA
Penco,PENCO-6730M,Locker,10 51 13,"Penco Guardian Medallion. Locker. 21""W x 15""D x 60""H. 3-tier. Cat.No 6730M",21,15,60,,,,USD,EA
Penco,PENCO-6731M,Locker,10 51 13,"Penco Guardian Medallion. Locker. 18""W x 18""D x 60""H. 3-tier. Cat.No 6731M",18,18,60,,,,USD,EA
Penco,PENCO-6732M,Locker,10 51 13,"Penco Guardian Medallion. Locker. 21""W x 21""D x 60""H. 3-tier. Cat.No 6732M",21,21,60,,,,USD,EA
Penco,PENCO-6733M,Locker,10 51 13,"Penco Guardian Medallion. Locker. 24""W x 24""D x 60""H. 3-tier. Cat.No 6733M",24,24,60,,,,USD,EA
Penco,PENCO-6734M,Locker,10 51 13,"Penco Guardian Medallion. Locker. 24""W x 24""D x 72""H. 2-tier. Cat.No 6734M",24,24,72,,,,USD,EA
Penco,PENCO-6735M,Locker,10 51 13,"Penco Guardian Medallion. Locker. 12""W x 12""D x 72""H. 2-tier. Cat.No 6735M",12,12,72,,,,USD,EA
Penco,PENCO-6736M,Locker,10 51 13,"Penco Guardian Medallion. Locker. 15""W x 15""D x 72""H. 2-tier. Cat.No 6736M",15,15,72,,,,USD,EA
Penco,PENCO-6737M,Locker,10 51 13,"Penco Guardian Medallion. Locker. 18""W x 18""D x 72""H. 2-tier. Cat.No 6737M",18,18,72,,,,USD,EA
Penco,PENCO-6738M,Locker,10 51 13,"Penco Guardian Medallion. Locker. 21""W x 21""D x 72""H. 2-tier. Cat.No 6738M",21,21,72,,,,USD,EA
Penco,PENCO-6739M,Locker,10 51 13,"Penco Guardian Medallion. Locker. 24""W x 24""D x 72""H. 2-tier. Cat.No 6739M",24,24,72,,,,USD,EA
Penco,PENCO-6C009,Locker,10 51 13,"Penco Guardian Plus. Locker. 15""W x 15""D x 36.5""H. 1-tier. Cat.No 6C009",15,15,36.5,,,,USD,EA
Penco,PENCO-6C010,Locker,10 51 13,"Penco Guardian Plus. Locker. 18""W x 18""D x 36.5""H. 1-tier. Cat.No 6C010",18,18,36.5,,,,USD,EA
Penco,PENCO-6C011,Locker,10 51 13,"Penco Guardian Plus. Locker. 21""W x 21""D x 36.5""H. 1-tier. Cat.No 6C011",21,21,36.5,,,,USD,EA
Penco,PENCO-6C012,Locker,10 51 13,"Penco Guardian Plus. Locker. 24""W x 24""D x 36.5""H. 1-tier. Cat.No 6C012",24,24,36.5,,,,USD,EA
Penco,PENCO-6C027,Locker,10 51 13,"Penco Guardian Plus. Locker. 12""W x 12""D x 72""H. 1-tier. Cat.No 6C027",12,12,72,,,,USD,EA
Penco,PENCO-6C030,Locker,10 51 13,"Penco Guardian Plus. Locker. 24""W x 24""D x 36.5""H. 2-tier. Cat.No 6C030",24,24,36.5,,,,USD,EA
Penco,PENCO-6C032,Locker,10 51 13,"Penco Guardian Plus. Locker. 21""W x 21""D x 48.5""H. 1-tier. Cat.No 6C032",21,21,48.5,,,,USD,EA
Penco,PENCO-6C033,Locker,10 51 13,"Penco Guardian Plus. Locker. 24""W x 24""D x 48.5""H. 1-tier. Cat.No 6C033",24,24,48.5,,,,USD,EA
Penco,PENCO-6C034,Locker,10 51 13,"Penco Guardian Plus. Locker. 12""W x 12""D x 48.5""H. 1-tier. Cat.No 6C034",12,12,48.5,,,,USD,EA
Penco,PENCO-6C035,Locker,10 51 13,"Penco Guardian Plus. Locker. 15""W x 15""D x 48.5""H. 3-tier. Cat.No 6C035",15,15,48.5,,,,USD,EA
Penco,PENCO-6C036,Locker,10 51 13,"Penco Guardian Plus. Locker. 15""W x 18""D x 48.5""H. 3-tier. Cat.No 6C036",15,18,48.5,,,,USD,EA
Penco,PENCO-6C037,Locker,10 51 13,"Penco Guardian Plus. Locker. 21""W x 21""D x 48.5""H. 3-tier. Cat.No 6C037",21,21,48.5,,,,USD,EA
Penco,PENCO-6C038,Locker,10 51 13,"Penco Guardian Plus. Locker. 24""W x 24""D x 48.5""H. 3-tier. Cat.No 6C038",24,24,48.5,,,,USD,EA
Penco,PENCO-6C039,Locker,10 51 13,"Penco Guardian Plus. Locker. 12""W x 12""D x 48.5""H. 3-tier. Cat.No 6C039",12,12,48.5,,,,USD,EA
Penco,PENCO-6C040,Locker,10 51 13,"Penco Guardian Plus. Locker. 15""W x 15""D x 48.5""H. 3-tier. Cat.No 6C040",15,15,48.5,,,,USD,EA
Penco,PENCO-6C041,Locker,10 51 13,"Penco Guardian Plus. Locker. 18""W x 18""D x 48.5""H. 3-tier. Cat.No 6C041",18,18,48.5,,,,USD,EA
Penco,PENCO-6C042,Locker,10 51 13,"Penco Guardian Plus. Locker. 21""W x 21""D x 48.5""H. 3-tier. Cat.No 6C042",21,21,48.5,,,,USD,EA
Penco,PENCO-6C043,Locker,10 51 13,"Penco Guardian Plus. Locker. 24""W x 24""D x 48.5""H. 3-tier. Cat.No 6C043",24,24,48.5,,,,USD,EA
Penco,PENCO-6C052,Locker,10 51 13,"Penco Guardian Plus. Locker. 9""W x 24""D x 60""H. 2-tier. Cat.No 6C052",9,24,60,,,,USD,EA
Penco,PENCO-6C056,Locker,10 51 13,"Penco Guardian Plus. Locker. 18""W x 21""D x 72""H. 1-tier. Cat.No 6C056",18,21,72,,,,USD,EA
Penco,PENCO-6C057,Locker,10 51 13,"Penco Guardian Plus. Locker. 24""D x 72""H. 1-tier. Cat.No 6C057",,24,72,,,,USD,EA
Penco,PENCO-6C091,Locker,10 51 13,"Penco Guardian Plus. Locker. 12""W x 12""D x 60""H. 1-tier. Cat.No 6C091",12,12,60,,,,USD,EA
Penco,PENCO-6C100,Locker,10 51 13,"Penco Guardian Plus. Locker. 12""W x 12""D x 60""H. 1-tier. Cat.No 6C100",12,12,60,,,,USD,EA
Penco,PENCO-6C101,Locker,10 51 13,"Penco Guardian Plus. Locker. 12""D x 60""H. 2-tier. Cat.No 6C101",,12,60,,,,USD,EA
Penco,PENCO-6C103,Locker,10 51 13,"Penco Guardian Plus. Locker. 15""D x 60""H. 2-tier. Cat.No 6C103",,15,60,,,,USD,EA
Penco,PENCO-6C105,Locker,10 51 13,"Penco Guardian Plus. Locker. 9""W x 18""D x 60""H. 2-tier. Cat.No 6C105",9,18,60,,,,USD,EA
Penco,PENCO-6C107,Locker,10 51 13,"Penco Guardian Plus. Locker. 12""W x 12""D x 36.5""H. 1-tier. Cat.No 6C107",12,12,36.5,,,,USD,EA
Penco,PENCO-6C108,Locker,10 51 13,"Penco Guardian Plus. Locker. 9""W x 21""D x 60""H. 2-tier. Cat.No 6C108",9,21,60,,,,USD,EA
Penco,PENCO-6C111,Locker,10 51 13,"Penco Guardian Plus. Locker. 9""W x 12""D x 60""H. 2-tier. Cat.No 6C111",9,12,60,,,,USD,EA
Penco,PENCO-6C113,Locker,10 51 13,"Penco Guardian Plus. Locker. 9""W x 15""D x 60""H. 2-tier. Cat.No 6C113",9,15,60,,,,USD,EA
Penco,PENCO-6C115,Locker,10 51 13,"Penco Guardian Plus. Locker. 12""W x 18""D x 60""H. 2-tier. Cat.No 6C115",12,18,60,,,,USD,EA
Penco,PENCO-6C117,Locker,10 51 13,"Penco Guardian Plus. Locker. 12""W x 21""D x 60""H. 2-tier. Cat.No 6C117",12,21,60,,,,USD,EA
Penco,PENCO-6C119,Locker,10 51 13,"Penco Guardian Plus. Locker. 12""W x 12""D x 60""H. 1-tier. Cat.No 6C119",12,12,60,,,,USD,EA
Penco,PENCO-6C121,Locker,10 51 13,"Penco Guardian Plus. Locker. 15""W x 15""D x 60""H. 1-tier. Cat.No 6C121",15,15,60,,,,USD,EA
Penco,PENCO-6C123,Locker,10 51 13,"Penco Guardian Plus. Locker. 15""W x 18""D x 60""H. 1-tier. Cat.No 6C123",15,18,60,,,,USD,EA
Penco,PENCO-6C125,Locker,10 51 13,"Penco Guardian Plus. Locker. 21""W x 21""D x 60""H. 1-tier. Cat.No 6C125",21,21,60,,,,USD,EA
Penco,PENCO-6C126,Locker,10 51 13,"Penco Guardian Plus. Locker. 24""W x 24""D x 60""H. 1-tier. Cat.No 6C126",24,24,60,,,,USD,EA
Penco,PENCO-6C127,Locker,10 51 13,"Penco Guardian Plus. Locker. 15""W x 15""D x 36.5""H. 1-tier. Cat.No 6C127",15,15,36.5,,,,USD,EA
Penco,PENCO-6C129,Locker,10 51 13,"Penco Guardian Plus. Locker. 12""W x 18""D x 36.5""H. 1-tier. Cat.No 6C129",12,18,36.5,,,,USD,EA
Penco,PENCO-6C130,Locker,10 51 13,"Penco Guardian Plus. Locker. 21""W x 21""D x 36.5""H. 1-tier. Cat.No 6C130",21,21,36.5,,,,USD,EA
Penco,PENCO-6C131,Locker,10 51 13,"Penco Guardian Plus. Locker. 18""W x 18""D x 60""H. 2-tier. Cat.No 6C131",18,18,60,,,,USD,EA
Penco,PENCO-6C132,Locker,10 51 13,"Penco Guardian Plus. Locker. 24""W x 24""D x 36.5""H. 1-tier. Cat.No 6C132",24,24,36.5,,,,USD,EA
Penco,PENCO-6C133,Locker,10 51 13,"Penco Guardian Plus. Locker. 21""W x 21""D x 60""H. 2-tier. Cat.No 6C133",21,21,60,,,,USD,EA
Penco,PENCO-6C135,Locker,10 51 13,"Penco Guardian Plus. Locker. 24""W x 24""D x 60""H. 2-tier. Cat.No 6C135",24,24,60,,,,USD,EA
Penco,PENCO-6C136,Locker,10 51 13,"Penco Guardian Plus. Locker. 12""W x 12""D x 36.5""H. 1-tier. Cat.No 6C136",12,12,36.5,,,,USD,EA
Penco,PENCO-6C138,Locker,10 51 13,"Penco Guardian Plus. Locker. 15""W x 15""D x 36.5""H. 2-tier. Cat.No 6C138",15,15,36.5,,,,USD,EA
Penco,PENCO-6C140,Locker,10 51 13,"Penco Guardian Plus. Locker. 15""W x 18""D x 36.5""H. 2-tier. Cat.No 6C140",15,18,36.5,,,,USD,EA
Penco,PENCO-6C142,Locker,10 51 13,"Penco Guardian Plus. Locker. 21""W x 21""D x 36.5""H. 2-tier. Cat.No 6C142",21,21,36.5,,,,USD,EA
Penco,PENCO-6C144,Locker,10 51 13,"Penco Guardian Plus. Locker. 12""W x 24""D x 60""H. 2-tier. Cat.No 6C144",12,24,60,,,,USD,EA
Penco,PENCO-6C146,Locker,10 51 13,"Penco Guardian Plus. Locker. 12""W x 12""D x 36.5""H. 2-tier. Cat.No 6C146",12,12,36.5,,,,USD,EA
Penco,PENCO-6C149,Locker,10 51 13,"Penco Guardian Plus. Locker. 15""W x 15""D x 60""H. 2-tier. Cat.No 6C149",15,15,60,,,,USD,EA
Penco,PENCO-6C151,Locker,10 51 13,"Penco Guardian Plus. Locker. 21""W x 12""D x 72""H. 1-tier. Cat.No 6C151",21,12,72,,,,USD,EA
Penco,PENCO-6C153,Locker,10 51 13,"Penco Guardian Plus. Locker. 24""W x 15""D x 72""H. 1-tier. Cat.No 6C153",24,15,72,,,,USD,EA
Penco,PENCO-6C155,Locker,10 51 13,"Penco Guardian Plus. Locker. 9""W x 18""D x 72""H. 1-tier. Cat.No 6C155",9,18,72,,,,USD,EA
Penco,PENCO-6C161,Locker,10 51 13,"Penco Guardian Plus. Locker. 24""W x 12""D x 72""H. 1-tier. Cat.No 6C161",24,12,72,,,,USD,EA
Penco,PENCO-6C163,Locker,10 51 13,"Penco Guardian Plus. Locker. 12""W x 15""D x 72""H. 1-tier. Cat.No 6C163",12,15,72,,,,USD,EA
Penco,PENCO-6C165,Locker,10 51 13,"Penco Guardian Plus. Locker. 12""W x 18""D x 72""H. 1-tier. Cat.No 6C165",12,18,72,,,,USD,EA
Penco,PENCO-6C167,Locker,10 51 13,"Penco Guardian Plus. Locker. 18""W x 21""D x 72""H. 1-tier. Cat.No 6C167",18,21,72,,,,USD,EA
Penco,PENCO-6C168,Locker,10 51 13,"Penco Guardian Plus. Locker. 21""W x 24""D x 72""H. 1-tier. Cat.No 6C168",21,24,72,,,,USD,EA
Penco,PENCO-6C169,Locker,10 51 13,"Penco Guardian Plus. Locker. 24""W x 12""D x 72""H. 1-tier. Cat.No 6C169",24,12,72,,,,USD,EA
Penco,PENCO-6C171,Locker,10 51 13,"Penco Guardian Plus. Locker. 24""W x 15""D x 72""H. 3-tier. Cat.No 6C171",24,15,72,,,,USD,EA
Penco,PENCO-6C173,Locker,10 51 13,"Penco Guardian Plus. Locker. 15""W x 18""D x 72""H. 3-tier. Cat.No 6C173",15,18,72,,,,USD,EA
Penco,PENCO-6C175,Locker,10 51 13,"Penco Guardian Plus. Locker. 12""W x 21""D x 72""H. 3-tier. Cat.No 6C175",12,21,72,,,,USD,EA
Penco,PENCO-6C176,Locker,10 51 13,"Penco Guardian Plus. Locker. 12""W x 12""D x 48.5""H. 1-tier. Cat.No 6C176",12,12,48.5,,,,USD,EA
Penco,PENCO-6C177,Locker,10 51 13,"Penco Guardian Plus. Locker. 15""W x 24""D x 72""H. 3-tier. Cat.No 6C177",15,24,72,,,,USD,EA
Penco,PENCO-6C179,Locker,10 51 13,"Penco Guardian Plus. Locker. 21""W x 15""D x 72""H. 3-tier. Cat.No 6C179",21,15,72,,,,USD,EA
Penco,PENCO-6C181,Locker,10 51 13,"Penco Guardian Plus. Locker. 18""W x 18""D x 72""H. 3-tier. Cat.No 6C181",18,18,72,,,,USD,EA
Penco,PENCO-6C183,Locker,10 51 13,"Penco Guardian Plus. Locker. 12""W x 21""D x 72""H. 3-tier. Cat.No 6C183",12,21,72,,,,USD,EA
Penco,PENCO-6C184,Locker,10 51 13,"Penco Guardian Plus. Locker. 15""W x 15""D x 48.5""H. 1-tier. Cat.No 6C184",15,15,48.5,,,,USD,EA
Penco,PENCO-6C185,Locker,10 51 13,"Penco Guardian Plus. Locker. 15""W x 24""D x 72""H. 3-tier. Cat.No 6C185",15,24,72,,,,USD,EA
Penco,PENCO-6C187,Locker,10 51 13,"Penco Guardian Plus. Locker. 12""W x 18""D x 48.5""H. 1-tier. Cat.No 6C187",12,18,48.5,,,,USD,EA
Penco,PENCO-6C200,Locker,10 51 13,"Penco Guardian Plus. Locker. 24""W x 24""D x 60""H. 2-tier. Cat.No 6C200",24,24,60,,,,USD,EA
Penco,PENCO-6C211,Locker,10 51 13,"Penco Guardian Plus. Locker. 24""W x 12""D x 60""H. 2-tier. Cat.No 6C211",24,12,60,,,,USD,EA
Penco,PENCO-6C213,Locker,10 51 13,"Penco Guardian Plus. Locker. 15""W x 15""D x 60""H. 2-tier. Cat.No 6C213",15,15,60,,,,USD,EA
Penco,PENCO-6C215,Locker,10 51 13,"Penco Guardian Plus. Locker. 12""W x 18""D x 60""H. 2-tier. Cat.No 6C215",12,18,60,,,,USD,EA
Penco,PENCO-6C217,Locker,10 51 13,"Penco Guardian Plus. Locker. 21""W x 21""D x 60""H. 2-tier. Cat.No 6C217",21,21,60,,,,USD,EA
Penco,PENCO-6C218,Locker,10 51 13,"Penco Guardian Plus. Locker. 15""W x 21""D x 72""H. 1-tier. Cat.No 6C218",15,21,72,,,,USD,EA
Penco,PENCO-6C219,Locker,10 51 13,"Penco Guardian Plus. Locker. 18""W x 12""D x 72""H. 3-tier. Cat.No 6C219",18,12,72,,,,USD,EA
Penco,PENCO-6C220,Locker,10 51 13,"Penco Guardian Plus. Locker. 18""W x 24""D x 72""H. 1-tier. Cat.No 6C220",18,24,72,,,,USD,EA
Penco,PENCO-6C227,Locker,10 51 13,"Penco Guardian Plus. Locker. 12""W x 12""D x 60""H. 2-tier. Cat.No 6C227",12,12,60,,,,USD,EA
Penco,PENCO-6C229,Locker,10 51 13,"Penco Guardian Plus. Locker. 15""W x 15""D x 60""H. 2-tier. Cat.No 6C229",15,15,60,,,,USD,EA
Penco,PENCO-6C231,Locker,10 51 13,"Penco Guardian Plus. Locker. 21""W x 12""D x 72""H. 2-tier. Cat.No 6C231",21,12,72,,,,USD,EA
Penco,PENCO-6C233,Locker,10 51 13,"Penco Guardian Plus. Locker. 24""W x 15""D x 72""H. 2-tier. Cat.No 6C233",24,15,72,,,,USD,EA
Penco,PENCO-6C235,Locker,10 51 13,"Penco Guardian Plus. Locker. 12""W x 18""D x 72""H. 2-tier. Cat.No 6C235",12,18,72,,,,USD,EA
Penco,PENCO-6C237,Locker,10 51 13,"Penco Guardian Plus. Locker. 15""W x 18""D x 60""H. 2-tier. Cat.No 6C237",15,18,60,,,,USD,EA
Penco,PENCO-6C239,Locker,10 51 13,"Penco Guardian Plus. Locker. 12""W x 12""D x 72""H. 1-tier. Cat.No 6C239",12,12,72,,,,USD,EA
Penco,PENCO-6C241,Locker,10 51 13,"Penco Guardian Plus. Locker. 15""W x 15""D x 72""H. 1-tier. Cat.No 6C241",15,15,72,,,,USD,EA
Penco,PENCO-6C243,Locker,10 51 13,"Penco Guardian Plus. Locker. 15""W x 18""D x 72""H. 1-tier. Cat.No 6C243",15,18,72,,,,USD,EA
Penco,PENCO-6C245,Locker,10 51 13,"Penco Guardian Plus. Locker. 21""W x 21""D x 72""H. 1-tier. Cat.No 6C245",21,21,72,,,,USD,EA
Penco,PENCO-6C246,Locker,10 51 13,"Penco Guardian Plus. Locker. 24""W x 24""D x 72""H. 1-tier. Cat.No 6C246",24,24,72,,,,USD,EA
Penco,PENCO-6C247,Locker,10 51 13,"Penco Guardian Plus. Locker. 18""W x 18""D x 72""H. 1-tier. Cat.No 6C247",18,18,72,,,,USD,EA
Penco,PENCO-6C249,Locker,10 51 13,"Penco Guardian Plus. Locker. 21""W x 21""D x 72""H. 1-tier. Cat.No 6C249",21,21,72,,,,USD,EA
Penco,PENCO-6C250,Locker,10 51 13,"Penco Guardian Plus. Locker. 24""W x 24""D x 72""H. 1-tier. Cat.No 6C250",24,24,72,,,,USD,EA
Penco,PENCO-6C257,Locker,10 51 13,"Penco Guardian Plus. Locker. 21""W x 21""D x 60""H. 2-tier. Cat.No 6C257",21,21,60,,,,USD,EA
Penco,PENCO-6C258,Locker,10 51 13,"Penco Guardian Plus. Locker. 24""W x 24""D x 60""H. 2-tier. Cat.No 6C258",24,24,60,,,,USD,EA
Penco,PENCO-6C259,Locker,10 51 13,"Penco Guardian Plus. Locker. 15""W x 15""D x 72""H. 1-tier. Cat.No 6C259",15,15,72,,,,USD,EA
Penco,PENCO-6C279,Locker,10 51 13,"Penco Guardian Plus. Locker. 15""W x 15""D x 60""H. 1-tier. Cat.No 6C279",15,15,60,,,,USD,EA
Penco,PENCO-6C281,Locker,10 51 13,"Penco Guardian Plus. Locker. 18""W x 18""D x 60""H. 1-tier. Cat.No 6C281",18,18,60,,,,USD,EA
Penco,PENCO-6C283,Locker,10 51 13,"Penco Guardian Plus. Locker. 21""W x 21""D x 60""H. 1-tier. Cat.No 6C283",21,21,60,,,,USD,EA
Penco,PENCO-6C285,Locker,10 51 13,"Penco Guardian Plus. Locker. 24""W x 24""D x 60""H. 1-tier. Cat.No 6C285",24,24,60,,,,USD,EA
Penco,PENCO-6C292,Locker,10 51 13,"Penco Guardian Plus. Locker. 18""W x 24""D x 60""H. 3-tier. Cat.No 6C292",18,24,60,,,,USD,EA
Penco,PENCO-6C308,Locker,10 51 13,"Penco Guardian Plus. Locker. 21""W x 12""D x 60""H. 3-tier. Cat.No 6C308",21,12,60,,,,USD,EA
Penco,PENCO-6C312,Locker,10 51 13,"Penco Guardian Plus. Locker. 24""W x 24""D x 60""H. 2-tier. Cat.No 6C312",24,24,60,,,,USD,EA
Penco,PENCO-6C407,Locker,10 51 13,"Penco Guardian Plus. Locker. 21""W x 12""D x 60""H. 3-tier. Cat.No 6C407",21,12,60,,,,USD,EA
Penco,PENCO-6C409,Locker,10 51 13,"Penco Guardian Plus. Locker. 24""W x 15""D x 60""H. 3-tier. Cat.No 6C409",24,15,60,,,,USD,EA
Penco,PENCO-6C411,Locker,10 51 13,"Penco Guardian Plus. Locker. 12""W x 18""D x 60""H. 3-tier. Cat.No 6C411",12,18,60,,,,USD,EA
Penco,PENCO-6C449,Locker,10 51 13,"Penco Guardian Plus. Locker. 15""W x 21""D x 60""H. 3-tier. Cat.No 6C449",15,21,60,,,,USD,EA
Penco,PENCO-6C451,Locker,10 51 13,"Penco Guardian Plus. Locker. 24""W x 15""D x 60""H. 3-tier. Cat.No 6C451",24,15,60,,,,USD,EA
Penco,PENCO-6C453,Locker,10 51 13,"Penco Guardian Plus. Locker. 15""W x 18""D x 60""H. 3-tier. Cat.No 6C453",15,18,60,,,,USD,EA
Penco,PENCO-6C455,Locker,10 51 13,"Penco Guardian Plus. Locker. 18""W. 1-tier. Cat.No 6C455",18,,,,,,USD,EA
Penco,PENCO-6C729,Locker,10 51 13,"Penco Guardian Plus. Locker. 12""W x 12""D x 60""H. 2-tier. Cat.No 6C729",12,12,60,,,,USD,EA
Penco,PENCO-6C730,Locker,10 51 13,"Penco Guardian Plus. Locker. 15""W x 15""D x 60""H. 2-tier. Cat.No 6C730",15,15,60,,,,USD,EA
Penco,PENCO-6C731,Locker,10 51 13,"Penco Guardian Plus. Locker. 18""W x 18""D x 60""H. 2-tier. Cat.No 6C731",18,18,60,,,,USD,EA
Penco,PENCO-6C732,Locker,10 51 13,"Penco Guardian Plus. Locker. 21""W x 21""D x 60""H. 2-tier. Cat.No 6C732",21,21,60,,,,USD,EA
Penco,PENCO-6C733,Locker,10 51 13,"Penco Guardian Plus. Locker. 24""W x 24""D x 60""H. 2-tier. Cat.No 6C733",24,24,60,,,,USD,EA
Penco,PENCO-6C327,Locker,10 51 13,"Penco Guardian Plus. Locker. 21""W x 24""D x 72""H. 3-tier. Cat.No 6C327",21,24,72,,,,USD,EA
Penco,PENCO-6C332,Locker,10 51 13,"Penco Guardian Plus. Locker. 21""W x 24""D x 72""H. 2-tier. Cat.No 6C332",21,24,72,,,,USD,EA
Penco,PENCO-6C419,Locker,10 51 13,"Penco Guardian Plus. Locker. 12""W x 12""D x 72""H. 3-tier. Cat.No 6C419",12,12,72,,,,USD,EA
Penco,PENCO-6C421,Locker,10 51 13,"Penco Guardian Plus. Locker. 15""W x 15""D x 72""H. 3-tier. Cat.No 6C421",15,15,72,,,,USD,EA
Penco,PENCO-6C423,Locker,10 51 13,"Penco Guardian Plus. Locker. 12""W x 18""D x 72""H. 3-tier. Cat.No 6C423",12,18,72,,,,USD,EA
Penco,PENCO-6C425,Locker,10 51 13,"Penco Guardian Plus. Locker. 12""W x 12""D x 72""H. 3-tier. Cat.No 6C425",12,12,72,,,,USD,EA
Penco,PENCO-6C427,Locker,10 51 13,"Penco Guardian Plus. Locker. 15""W x 15""D x 72""H. 2-tier. Cat.No 6C427",15,15,72,,,,USD,EA
Penco,PENCO-6C429,Locker,10 51 13,"Penco Guardian Plus. Locker. 15""W x 18""D x 72""H. 2-tier. Cat.No 6C429",15,18,72,,,,USD,EA
Penco,PENCO-6C437,Locker,10 51 13,"Penco Guardian Plus. Locker. 21""W x 21""D x 72""H. 2-tier. Cat.No 6C437",21,21,72,,,,USD,EA
Penco,PENCO-6C499,Locker,10 51 13,"Penco Guardian Plus. Locker. 21""W x 21""D x 72""H. 3-tier. Cat.No 6C499",21,21,72,,,,USD,EA
Penco,PENCO-6C735,Locker,10 51 13,"Penco Guardian Plus. Locker. 12""W x 12""D x 72""H. 2-tier. Cat.No 6C735",12,12,72,,,,USD,EA
Penco,PENCO-6C736,Locker,10 51 13,"Penco Guardian Plus. Locker. 15""W x 15""D x 72""H. 1-tier. Cat.No 6C736",15,15,72,,,,USD,EA
Penco,PENCO-6C737,Locker,10 51 13,"Penco Guardian Plus. Locker. 18""W x 18""D x 72""H. 1-tier. Cat.No 6C737",18,18,72,,,,USD,EA
Penco,PENCO-6C738,Locker,10 51 13,"Penco Guardian Plus. Locker. 21""W x 21""D x 72""H. 1-tier. Cat.No 6C738",21,21,72,,,,USD,EA
Penco,PENCO-6C739,Locker,10 51 13,"Penco Guardian Plus. Locker. 21""W x 24""D x 72""H. 1-tier. Cat.No 6C739",21,24,72,,,,USD,EA
Penco,PENCO-6E009,Locker,10 51 13,Penco Guardian Defiant II. Locker. 1-tier. Cat.No 6E009,,,,,,,USD,EA
Penco,PENCO-6E010,Locker,10 51 13,"Penco Guardian Defiant II. Locker. 18""W. 1-tier. Cat.No 6E010",18,,,,,,USD,EA
Penco,PENCO-6E011,Locker,10 51 13,"Penco Guardian Defiant II. Locker. 18""W. 1-tier. Cat.No 6E011",18,,,,,,USD,EA
Penco,PENCO-6E012,Locker,10 51 13,"Penco Guardian Defiant II. Locker. 18""W. 1-tier. Cat.No 6E012",18,,,,,,USD,EA
Penco,PENCO-6E027,Locker,10 51 13,"Penco Guardian Defiant II. Locker. 1""W x 12""D x 72""H. 1-tier. Cat.No 6E027",1,12,72,,,,USD,EA
Penco,PENCO-6E030,Locker,10 51 13,"Penco Guardian Defiant II. Locker. 21""W. 1-tier. Cat.No 6E030",21,,,,,,USD,EA
Penco,PENCO-6E032,Locker,10 51 13,"Penco Guardian Defiant II. Locker. 21""W x 21""D x 48.5""H. 1-tier. Cat.No 6E032",21,21,48.5,,,,USD,EA
Penco,PENCO-6E033,Locker,10 51 13,"Penco Guardian Defiant II. Locker. 24""W x 24""D x 48.5""H. 1-tier. Cat.No 6E033",24,24,48.5,,,,USD,EA
Penco,PENCO-6E034,Locker,10 51 13,"Penco Guardian Defiant II. Locker. 12""W x 12""D x 48.5""H. 3-tier. Cat.No 6E034",12,12,48.5,,,,USD,EA
Penco,PENCO-6E035,Locker,10 51 13,"Penco Guardian Defiant II. Locker. 15""W x 15""D x 48.5""H. 3-tier. Cat.No 6E035",15,15,48.5,,,,USD,EA
Penco,PENCO-6E036,Locker,10 51 13,"Penco Guardian Defiant II. Locker. 15""W x 18""D x 48.5""H. 3-tier. Cat.No 6E036",15,18,48.5,,,,USD,EA
Penco,PENCO-6E037,Locker,10 51 13,"Penco Guardian Defiant II. Locker. 21""W x 21""D x 48.5""H. 3-tier. Cat.No 6E037",21,21,48.5,,,,USD,EA
Penco,PENCO-6E038,Locker,10 51 13,"Penco Guardian Defiant II. Locker. 24""W x 24""D x 48.5""H. 3-tier. Cat.No 6E038",24,24,48.5,,,,USD,EA
Penco,PENCO-6E039,Locker,10 51 13,"Penco Guardian Defiant II. Locker. 12""W x 12""D x 48.5""H. 3-tier. Cat.No 6E039",12,12,48.5,,,,USD,EA
Penco,PENCO-6E040,Locker,10 51 13,"Penco Guardian Defiant II. Locker. 15""W x 15""D x 48.5""H. 2-tier. Cat.No 6E040",15,15,48.5,,,,USD,EA
Penco,PENCO-6E041,Locker,10 51 13,"Penco Guardian Defiant II. Locker. 18""W x 18""D x 48.5""H. 2-tier. Cat.No 6E041",18,18,48.5,,,,USD,EA
Penco,PENCO-6E042,Locker,10 51 13,"Penco Guardian Defiant II. Locker. 21""W x 21""D x 48.5""H. 2-tier. Cat.No 6E042",21,21,48.5,,,,USD,EA
Penco,PENCO-6E043,Locker,10 51 13,"Penco Guardian Defiant II. Locker. 24""W x 24""D x 48.5""H. 2-tier. Cat.No 6E043",24,24,48.5,,,,USD,EA
Penco,PENCO-6E091,Locker,10 51 13,"Penco Guardian Defiant II. Locker. 12""W x 12""D x 60""H. 1-tier. Cat.No 6E091",12,12,60,,,,USD,EA
Penco,PENCO-6E100,Locker,10 51 13,"Penco Guardian Defiant II. Locker. 21""W x 12""D x 60""H. 1-tier. Cat.No 6E100",21,12,60,,,,USD,EA
Penco,PENCO-6E107,Locker,10 51 13,"Penco Guardian Defiant II. Locker. 12""W x 12""D x 36.5""H. 1-tier. Cat.No 6E107",12,12,36.5,,,,USD,EA
Penco,PENCO-6E111,Locker,10 51 13,"Penco Guardian Defiant II. Locker. 21""W x 12""D x 60""H. 1-tier. Cat.No 6E111",21,12,60,,,,USD,EA
Penco,PENCO-6E113,Locker,10 51 13,"Penco Guardian Defiant II. Locker. 24""W x 15""D x 60""H. 1-tier. Cat.No 6E113",24,15,60,,,,USD,EA
Penco,PENCO-6E115,Locker,10 51 13,"Penco Guardian Defiant II. Locker. 12""W x 18""D x 60""H. 1-tier. Cat.No 6E115",12,18,60,,,,USD,EA
Penco,PENCO-6E117,Locker,10 51 13,"Penco Guardian Defiant II. Locker. 12""W x 21""D x 60""H. 1-tier. Cat.No 6E117",12,21,60,,,,USD,EA
Penco,PENCO-6E119,Locker,10 51 13,"Penco Guardian Defiant II. Locker. 12""W x 12""D x 60""H. 1-tier. Cat.No 6E119",12,12,60,,,,USD,EA
Penco,PENCO-6E121,Locker,10 51 13,"Penco Guardian Defiant II. Locker. 15""D x 60""H. 1-tier. Cat.No 6E121",,15,60,,,,USD,EA
Penco,PENCO-6E123,Locker,10 51 13,"Penco Guardian Defiant II. Locker. 15""W x 18""D x 60""H. 1-tier. Cat.No 6E123",15,18,60,,,,USD,EA
Penco,PENCO-6E125,Locker,10 51 13,"Penco Guardian Defiant II. Locker. 15""W x 21""D x 60""H. 1-tier. Cat.No 6E125",15,21,60,,,,USD,EA
Penco,PENCO-6E126,Locker,10 51 13,"Penco Guardian Defiant II. Locker. 18""W x 24""D x 60""H. 1-tier. Cat.No 6E126",18,24,60,,,,USD,EA
Penco,PENCO-6E127,Locker,10 51 13,"Penco Guardian Defiant II. Locker. 15""W x 15""D x 36.5""H. 1-tier. Cat.No 6E127",15,15,36.5,,,,USD,EA
Penco,PENCO-6E129,Locker,10 51 13,"Penco Guardian Defiant II. Locker. 12""W x 18""D x 36.5""H. 1-tier. Cat.No 6E129",12,18,36.5,,,,USD,EA
Penco,PENCO-6E130,Locker,10 51 13,"Penco Guardian Defiant II. Locker. 21""W x 21""D x 36.5""H. 1-tier. Cat.No 6E130",21,21,36.5,,,,USD,EA
Penco,PENCO-6E131,Locker,10 51 13,"Penco Guardian Defiant II. Locker. 18""D x 18""H. 2-tier. Cat.No 6E131",,18,18,,,,USD,EA
Penco,PENCO-6E132,Locker,10 51 13,"Penco Guardian Defiant II. Locker. 21""W. 2-tier. Cat.No 6E132",21,,,,,,USD,EA
Penco,PENCO-6E133,Locker,10 51 13,"Penco Guardian Defiant II. Locker. 15""W x 21""D x 60""H. 2-tier. Cat.No 6E133",15,21,60,,,,USD,EA
Penco,PENCO-6E135,Locker,10 51 13,"Penco Guardian Defiant II. Locker. 18""W x 24""D x 60""H. 2-tier. Cat.No 6E135",18,24,60,,,,USD,EA
Penco,PENCO-6E136,Locker,10 51 13,"Penco Guardian Defiant II. Locker. 12""W x 12""D x 36.5""H. 2-tier. Cat.No 6E136",12,12,36.5,,,,USD,EA
Penco,PENCO-6E138,Locker,10 51 13,"Penco Guardian Defiant II. Locker. 15""W x 15""D x 36.5""H. 2-tier. Cat.No 6E138",15,15,36.5,,,,USD,EA
Penco,PENCO-6E140,Locker,10 51 13,"Penco Guardian Defiant II. Locker. 15""W x 18""D x 36.5""H. 2-tier. Cat.No 6E140",15,18,36.5,,,,USD,EA
Penco,PENCO-6E142,Locker,10 51 13,"Penco Guardian Defiant II. Locker. 21""W x 21""D x 36.5""H. 2-tier. Cat.No 6E142",21,21,36.5,,,,USD,EA
Penco,PENCO-6E144,Locker,10 51 13,"Penco Guardian Defiant II. Locker. 1""W x 24""D x 60""H. 1-tier. Cat.No 6E144",1,24,60,,,,USD,EA
Penco,PENCO-6E146,Locker,10 51 13,Penco Guardian Defiant II. Locker. 1-tier. Cat.No 6E146,,,,,,,USD,EA
Penco,PENCO-6E149,Locker,10 51 13,"Penco Guardian Defiant II. Locker. 15""W x 132""D x 15""H. 2-tier. Cat.No 6E149",15,132,15,,,,USD,EA
Penco,PENCO-6E161,Locker,10 51 13,"Penco Guardian Defiant II. Locker. 009""W x 12""D x 72""H. 1-tier. Cat.No 6E161",009,12,72,,,,USD,EA
Penco,PENCO-6E163,Locker,10 51 13,"Penco Guardian Defiant II. Locker. 18""W x 15""D x 72""H. 1-tier. Cat.No 6E163",18,15,72,,,,USD,EA
Penco,PENCO-6E165,Locker,10 51 13,"Penco Guardian Defiant II. Locker. 12""W x 18""D x 72""H. 1-tier. Cat.No 6E165",12,18,72,,,,USD,EA
Penco,PENCO-6E167,Locker,10 51 13,"Penco Guardian Defiant II. Locker. 012""W x 21""D x 72""H. 1-tier. Cat.No 6E167",012,21,72,,,,USD,EA
Penco,PENCO-6E168,Locker,10 51 13,"Penco Guardian Defiant II. Locker. 012""W x 24""D x 72""H. 1-tier. Cat.No 6E168",012,24,72,,,,USD,EA
Penco,PENCO-6E169,Locker,10 51 13,"Penco Guardian Defiant II. Locker. 012""W x 12""D x 72""H. 1-tier. Cat.No 6E169",012,12,72,,,,USD,EA
Penco,PENCO-6E171,Locker,10 51 13,"Penco Guardian Defiant II. Locker. 15""D x 72""H. 1-tier. Cat.No 6E171",,15,72,,,,USD,EA
Penco,PENCO-6E173,Locker,10 51 13,"Penco Guardian Defiant II. Locker. 15""W x 18""D x 72""H. 1-tier. Cat.No 6E173",15,18,72,,,,USD,EA
Penco,PENCO-6E175,Locker,10 51 13,"Penco Guardian Defiant II. Locker. 15""W x 21""D x 72""H. 1-tier. Cat.No 6E175",15,21,72,,,,USD,EA
Penco,PENCO-6E176,Locker,10 51 13,"Penco Guardian Defiant II. Locker. 12""W x 12""D x 48.5""H. 1-tier. Cat.No 6E176",12,12,48.5,,,,USD,EA
Penco,PENCO-6E177,Locker,10 51 13,"Penco Guardian Defiant II. Locker. 15""W x 24""D x 72""H. 1-tier. Cat.No 6E177",15,24,72,,,,USD,EA
Penco,PENCO-6E179,Locker,10 51 13,"Penco Guardian Defiant II. Locker. 15""W x 15""D x 72""H. 3-tier. Cat.No 6E179",15,15,72,,,,USD,EA
Penco,PENCO-6E181,Locker,10 51 13,"Penco Guardian Defiant II. Locker. 18""W x 18""D x 72""H. 3-tier. Cat.No 6E181",18,18,72,,,,USD,EA
Penco,PENCO-6E183,Locker,10 51 13,"Penco Guardian Defiant II. Locker. 21""W x 21""D x 72""H. 3-tier. Cat.No 6E183",21,21,72,,,,USD,EA
Penco,PENCO-6E184,Locker,10 51 13,"Penco Guardian Defiant II. Locker. 15""W x 15""D x 48.5""H. 1-tier. Cat.No 6E184",15,15,48.5,,,,USD,EA
Penco,PENCO-6E185,Locker,10 51 13,"Penco Guardian Defiant II. Locker. 24""W x 24""D x 72""H. 3-tier. Cat.No 6E185",24,24,72,,,,USD,EA
Penco,PENCO-6E187,Locker,10 51 13,"Penco Guardian Defiant II. Locker. 12""W x 18""D x 48.5""H. 1-tier. Cat.No 6E187",12,18,48.5,,,,USD,EA
Penco,PENCO-6E200,Locker,10 51 13,"Penco Guardian Defiant II. Locker. 18""W x 24""D x 60""H. 1-tier. Cat.No 6E200",18,24,60,,,,USD,EA
Penco,PENCO-6E211,Locker,10 51 13,"Penco Guardian Defiant II. Locker. 21""W x 12""D x 60""H. 2-tier. Cat.No 6E211",21,12,60,,,,USD,EA
Penco,PENCO-6E213,Locker,10 51 13,"Penco Guardian Defiant II. Locker. 24""W x 15""D x 60""H. 2-tier. Cat.No 6E213",24,15,60,,,,USD,EA
Penco,PENCO-6E215,Locker,10 51 13,"Penco Guardian Defiant II. Locker. 12""W x 18""D x 60""H. 2-tier. Cat.No 6E215",12,18,60,,,,USD,EA
Penco,PENCO-6E217,Locker,10 51 13,"Penco Guardian Defiant II. Locker. 15""W x 21""D x 60""H. 1-tier. Cat.No 6E217",15,21,60,,,,USD,EA
Penco,PENCO-6E218,Locker,10 51 13,"Penco Guardian Defiant II. Locker. 24""W x 21""D x 72""H. 2-tier. Cat.No 6E218",24,21,72,,,,USD,EA
Penco,PENCO-6E219,Locker,10 51 13,"Penco Guardian Defiant II. Locker. 12""W x 12""D x 72""H. 3-tier. Cat.No 6E219",12,12,72,,,,USD,EA
Penco,PENCO-6E220,Locker,10 51 13,"Penco Guardian Defiant II. Locker. 12""W x 24""D x 72""H. 1-tier. Cat.No 6E220",12,24,72,,,,USD,EA
Penco,PENCO-6E227,Locker,10 51 13,"Penco Guardian Defiant II. Locker. 12""W x 12""D x 60""H. 1-tier. Cat.No 6E227",12,12,60,,,,USD,EA
Penco,PENCO-6E229,Locker,10 51 13,"Penco Guardian Defiant II. Locker. 15""W x 15""D x 60""H. 1-tier. Cat.No 6E229",15,15,60,,,,USD,EA
Penco,PENCO-6E231,Locker,10 51 13,"Penco Guardian Defiant II. Locker. 21""W x 12""D x 72""H. 2-tier. Cat.No 6E231",21,12,72,,,,USD,EA
Penco,PENCO-6E233,Locker,10 51 13,"Penco Guardian Defiant II. Locker. 24""W x 15""D x 72""H. 2-tier. Cat.No 6E233",24,15,72,,,,USD,EA
Penco,PENCO-6E235,Locker,10 51 13,"Penco Guardian Defiant II. Locker. 12""W x 18""D x 72""H. 2-tier. Cat.No 6E235",12,18,72,,,,USD,EA
Penco,PENCO-6E237,Locker,10 51 13,"Penco Guardian Defiant II. Locker. 15""W x 18""D x 60""H. 1-tier. Cat.No 6E237",15,18,60,,,,USD,EA
Penco,PENCO-6E239,Locker,10 51 13,"Penco Guardian Defiant II. Locker. 15""W x 12""D x 72""H. 1-tier. Cat.No 6E239",15,12,72,,,,USD,EA
Penco,PENCO-6E241,Locker,10 51 13,"Penco Guardian Defiant II. Locker. 18""W x 15""D x 72""H. 1-tier. Cat.No 6E241",18,15,72,,,,USD,EA
Penco,PENCO-6E243,Locker,10 51 13,"Penco Guardian Defiant II. Locker. 15""W x 18""D x 72""H. 1-tier. Cat.No 6E243",15,18,72,,,,USD,EA
Penco,PENCO-6E245,Locker,10 51 13,"Penco Guardian Defiant II. Locker. 24""W x 21""D x 72""H. 1-tier. Cat.No 6E245",24,21,72,,,,USD,EA
Penco,PENCO-6E246,Locker,10 51 13,"Penco Guardian Defiant II. Locker. 24""W x 24""D x 72""H. 1-tier. Cat.No 6E246",24,24,72,,,,USD,EA
Penco,PENCO-6E247,Locker,10 51 13,"Penco Guardian Defiant II. Locker. 18""W x 18""D x 72""H. 1-tier. Cat.No 6E247",18,18,72,,,,USD,EA
Penco,PENCO-6E249,Locker,10 51 13,"Penco Guardian Defiant II. Locker. 15""W x 21""D x 72""H. 1-tier. Cat.No 6E249",15,21,72,,,,USD,EA
Penco,PENCO-6E250,Locker,10 51 13,"Penco Guardian Defiant II. Locker. 18""W x 24""D x 72""H. 1-tier. Cat.No 6E250",18,24,72,,,,USD,EA
Penco,PENCO-6E257,Locker,10 51 13,"Penco Guardian Defiant II. Locker. 21""W x 21""D x 60""H. 1-tier. Cat.No 6E257",21,21,60,,,,USD,EA
Penco,PENCO-6E258,Locker,10 51 13,"Penco Guardian Defiant II. Locker. 24""W x 24""D x 60""H. 1-tier. Cat.No 6E258",24,24,60,,,,USD,EA
Penco,PENCO-6E259,Locker,10 51 13,"Penco Guardian Defiant II. Locker. 15""W x 15""D x 72""H. 1-tier. Cat.No 6E259",15,15,72,,,,USD,EA
Penco,PENCO-6E279,Locker,10 51 13,"Penco Guardian Defiant II. Locker. 15""W x 15""D x 60""H. 1-tier. Cat.No 6E279",15,15,60,,,,USD,EA
Penco,PENCO-6E281,Locker,10 51 13,"Penco Guardian Defiant II. Locker. 18""W x 18""D x 60""H. 1-tier. Cat.No 6E281",18,18,60,,,,USD,EA
Penco,PENCO-6E283,Locker,10 51 13,"Penco Guardian Defiant II. Locker. 21""W x 21""D x 60""H. 1-tier. Cat.No 6E283",21,21,60,,,,USD,EA
Penco,PENCO-6E285,Locker,10 51 13,"Penco Guardian Defiant II. Locker. 24""W x 24""D x 60""H. 1-tier. Cat.No 6E285",24,24,60,,,,USD,EA
Penco,PENCO-6E292,Locker,10 51 13,"Penco Guardian Defiant II. Locker. 24""W x 24""D x 60""H. 3-tier. Cat.No 6E292",24,24,60,,,,USD,EA
Penco,PENCO-6E308,Locker,10 51 13,"Penco Guardian Defiant II. Locker. 12""W x 12""D x 60""H. 3-tier. Cat.No 6E308",12,12,60,,,,USD,EA
Penco,PENCO-6E312,Locker,10 51 13,"Penco Guardian Defiant II. Locker. 24""W x 24""D x 60""H. 3-tier. Cat.No 6E312",24,24,60,,,,USD,EA
Penco,PENCO-6E327,Locker,10 51 13,"Penco Guardian Defiant II. Locker. 21""W x 24""D x 72""H. 3-tier. Cat.No 6E327",21,24,72,,,,USD,EA
Penco,PENCO-6E332,Locker,10 51 13,"Penco Guardian Defiant II. Locker. 21""W x 24""D x 72""H. 3-tier. Cat.No 6E332",21,24,72,,,,USD,EA
Penco,PENCO-6E407,Locker,10 51 13,"Penco Guardian Defiant II. Locker. 12""W x 12""D x 60""H. 3-tier. Cat.No 6E407",12,12,60,,,,USD,EA
Penco,PENCO-6E409,Locker,10 51 13,"Penco Guardian Defiant II. Locker. 15""W x 15""D x 60""H. 3-tier. Cat.No 6E409",15,15,60,,,,USD,EA
Penco,PENCO-6E411,Locker,10 51 13,"Penco Guardian Defiant II. Locker. 12""W x 18""D x 60""H. 3-tier. Cat.No 6E411",12,18,60,,,,USD,EA
Penco,PENCO-6E419,Locker,10 51 13,"Penco Guardian Defiant II. Locker. 12""W x 12""D x 72""H. 3-tier. Cat.No 6E419",12,12,72,,,,USD,EA
Penco,PENCO-6E421,Locker,10 51 13,"Penco Guardian Defiant II. Locker. 15""W x 15""D x 72""H. 3-tier. Cat.No 6E421",15,15,72,,,,USD,EA
Penco,PENCO-6E423,Locker,10 51 13,"Penco Guardian Defiant II. Locker. 12""W x 18""D x 72""H. 3-tier. Cat.No 6E423",12,18,72,,,,USD,EA
Penco,PENCO-6E425,Locker,10 51 13,"Penco Guardian Defiant II. Locker. 12""W x 12""D x 72""H. 3-tier. Cat.No 6E425",12,12,72,,,,USD,EA
Penco,PENCO-6E427,Locker,10 51 13,"Penco Guardian Defiant II. Locker. 15""W x 15""D x 72""H. 3-tier. Cat.No 6E427",15,15,72,,,,USD,EA
Penco,PENCO-6E429,Locker,10 51 13,"Penco Guardian Defiant II. Locker. 15""W x 18""D x 72""H. 3-tier. Cat.No 6E429",15,18,72,,,,USD,EA
Penco,PENCO-6E437,Locker,10 51 13,"Penco Guardian Defiant II. Locker. 21""W x 21""D x 72""H. 3-tier. Cat.No 6E437",21,21,72,,,,USD,EA
Penco,PENCO-6E449,Locker,10 51 13,"Penco Guardian Defiant II. Locker. 21""W x 21""D x 60""H. 3-tier. Cat.No 6E449",21,21,60,,,,USD,EA
Penco,PENCO-6E451,Locker,10 51 13,"Penco Guardian Defiant II. Locker. 15""W x 15""D x 60""H. 3-tier. Cat.No 6E451",15,15,60,,,,USD,EA
Penco,PENCO-6E453,Locker,10 51 13,"Penco Guardian Defiant II. Locker. 15""W x 18""D x 60""H. 3-tier. Cat.No 6E453",15,18,60,,,,USD,EA
Penco,PENCO-6E455,Locker,10 51 13,"Penco Guardian Defiant II. Locker. 21""W x 21""D x 60""H. 3-tier. Cat.No 6E455",21,21,60,,,,USD,EA
Penco,PENCO-6E499,Locker,10 51 13,"Penco Guardian Defiant II. Locker. 21""W x 21""D x 72""H. 3-tier. Cat.No 6E499",21,21,72,,,,USD,EA
Penco,PENCO-6E729,Locker,10 51 13,"Penco Guardian Defiant II. Locker. 12""W x 12""D x 60""H. 3-tier. Cat.No 6E729",12,12,60,,,,USD,EA
Penco,PENCO-6E730,Locker,10 51 13,"Penco Guardian Defiant II. Locker. 15""W x 15""D x 60""H. 3-tier. Cat.No 6E730",15,15,60,,,,USD,EA
Penco,PENCO-6E731,Locker,10 51 13,"Penco Guardian Defiant II. Locker. 18""W x 18""D x 60""H. 3-tier. Cat.No 6E731",18,18,60,,,,USD,EA
Penco,PENCO-6E732,Locker,10 51 13,"Penco Guardian Defiant II. Locker. 21""W x 21""D x 60""H. 3-tier. Cat.No 6E732",21,21,60,,,,USD,EA
Penco,PENCO-6E733,Locker,10 51 13,"Penco Guardian Defiant II. Locker. 24""W x 24""D x 60""H. 3-tier. Cat.No 6E733",24,24,60,,,,USD,EA
Penco,PENCO-6E735,Locker,10 51 13,"Penco Guardian Defiant II. Locker. 12""W x 12""D x 72""H. 3-tier. Cat.No 6E735",12,12,72,,,,USD,EA
Penco,PENCO-6E736,Locker,10 51 13,"Penco Guardian Defiant II. Locker. 15""W x 15""D x 72""H. 3-tier. Cat.No 6E736",15,15,72,,,,USD,EA
Penco,PENCO-6E737,Locker,10 51 13,"Penco Guardian Defiant II. Locker. 18""W x 18""D x 72""H. 3-tier. Cat.No 6E737",18,18,72,,,,USD,EA
Penco,PENCO-6E738,Locker,10 51 13,"Penco Guardian Defiant II. Locker. 21""W x 21""D x 72""H. 3-tier. Cat.No 6E738",21,21,72,,,,USD,EA
Penco,PENCO-6E739,Locker,10 51 13,"Penco Guardian Defiant II. Locker. 21""W x 24""D x 72""H. 3-tier. Cat.No 6E739",21,24,72,,,,USD,EA
Penco,PENCO-6A011,Locker,10 51 13,"Penco Invincible II Classic III. Locker. 12""W x 12""D x 36.5""H. 1-tier. Cat.No 6A011",12,12,36.5,,,,USD,EA
Penco,PENCO-6A013,Locker,10 51 13,"Penco Invincible II Classic III. Locker. 15""W x 15""D x 36.5""H. 1-tier. Cat.No 6A013",15,15,36.5,,,,USD,EA
Penco,PENCO-6A014,Locker,10 51 13,"Penco Invincible II Classic III. Locker. 21""W x 21""D x 36.5""H. 1-tier. Cat.No 6A014",21,21,36.5,,,,USD,EA
Penco,PENCO-6A015,Locker,10 51 13,"Penco Invincible II Classic III. Locker. 12""W x 18""D x 36.5""H. 1-tier. Cat.No 6A015",12,18,36.5,,,,USD,EA
Penco,PENCO-6A016,Locker,10 51 13,"Penco Invincible II Classic III. Locker. 24""W x 24""D x 36.5""H. 1-tier. Cat.No 6A016",24,24,36.5,,,,USD,EA
Penco,PENCO-6A017,Locker,10 51 13,"Penco Invincible II Classic III. Locker. 12""W x 12""D x 48.5""H. 1-tier. Cat.No 6A017",12,12,48.5,,,,USD,EA
Penco,PENCO-6A018,Locker,10 51 13,"Penco Invincible II Classic III. Locker. 12""W x 12""D x 36.5""H. 1-tier. Cat.No 6A018",12,12,36.5,,,,USD,EA
Penco,PENCO-6A019,Locker,10 51 13,"Penco Invincible II Classic III. Locker. 15""W x 15""D x 48.5""H. 1-tier. Cat.No 6A019",15,15,48.5,,,,USD,EA
Penco,PENCO-6A021,Locker,10 51 13,"Penco Invincible II Classic III. Locker. 12""W x 18""D x 48.5""H. 1-tier. Cat.No 6A021",12,18,48.5,,,,USD,EA
Penco,PENCO-6A022,Locker,10 51 13,"Penco Invincible II Classic III. Locker. 15""W x 15""D x 36.5""H. 2-tier. Cat.No 6A022",15,15,36.5,,,,USD,EA
Penco,PENCO-6A023,Locker,10 51 13,"Penco Invincible II Classic III. Locker. 15""W x 18""D x 36.5""H. 2-tier. Cat.No 6A023",15,18,36.5,,,,USD,EA
Penco,PENCO-6A024,Locker,10 51 13,"Penco Invincible II Classic III. Locker. 21""W x 21""D x 36.5""H. 2-tier. Cat.No 6A024",21,21,36.5,,,,USD,EA
Penco,PENCO-6A025,Locker,10 51 13,"Penco Invincible II Classic III. Locker. 24""W x 24""D x 36.5""H. 2-tier. Cat.No 6A025",24,24,36.5,,,,USD,EA
Penco,PENCO-6A026,Locker,10 51 13,"Penco Invincible II Classic III. Locker. 12""W x 12""D x 36.5""H. 2-tier. Cat.No 6A026",12,12,36.5,,,,USD,EA
Penco,PENCO-6A027,Locker,10 51 13,"Penco Invincible II Classic III. Locker. 15""W x 15""D x 36.5""H. 2-tier. Cat.No 6A027",15,15,36.5,,,,USD,EA
Penco,PENCO-6A029,Locker,10 51 13,"Penco Invincible II Classic III. Locker. 21""W x 21""D x 36.5""H. 2-tier. Cat.No 6A029",21,21,36.5,,,,USD,EA
Penco,PENCO-6A030,Locker,10 51 13,"Penco Invincible II Classic III. Locker. 24""W x 24""D x 36.5""H. 2-tier. Cat.No 6A030",24,24,36.5,,,,USD,EA
Penco,PENCO-6A032,Locker,10 51 13,"Penco Invincible II Classic III. Locker. 21""W x 21""D x 48.5""H. 1-tier. Cat.No 6A032",21,21,48.5,,,,USD,EA
Penco,PENCO-6A033,Locker,10 51 13,"Penco Invincible II Classic III. Locker. 24""W x 24""D x 48.5""H. 1-tier. Cat.No 6A033",24,24,48.5,,,,USD,EA
Penco,PENCO-6A034,Locker,10 51 13,"Penco Invincible II Classic III. Locker. 12""W x 12""D x 48.5""H. 1-tier. Cat.No 6A034",12,12,48.5,,,,USD,EA
Penco,PENCO-6A035,Locker,10 51 13,"Penco Invincible II Classic III. Locker. 15""W x 15""D x 48.5""H. 1-tier. Cat.No 6A035",15,15,48.5,,,,USD,EA
Penco,PENCO-6A036,Locker,10 51 13,"Penco Invincible II Classic III. Locker. 15""W x 18""D x 48.5""H. 1-tier. Cat.No 6A036",15,18,48.5,,,,USD,EA
Penco,PENCO-6A037,Locker,10 51 13,"Penco Invincible II Classic III. Locker. 21""W x 21""D x 48.5""H. 1-tier. Cat.No 6A037",21,21,48.5,,,,USD,EA
Penco,PENCO-6A038,Locker,10 51 13,"Penco Invincible II Classic III. Locker. 24""W x 24""D x 48.5""H. 1-tier. Cat.No 6A038",24,24,48.5,,,,USD,EA
Penco,PENCO-6A039,Locker,10 51 13,"Penco Invincible II Classic III. Locker. 12""W x 12""D x 48.5""H. 1-tier. Cat.No 6A039",12,12,48.5,,,,USD,EA
Penco,PENCO-6A040,Locker,10 51 13,"Penco Invincible II Classic III. Locker. 15""W x 15""D x 48.5""H. 2-tier. Cat.No 6A040",15,15,48.5,,,,USD,EA
Penco,PENCO-6A041,Locker,10 51 13,"Penco Invincible II Classic III. Locker. 18""W x 18""D x 48.5""H. 2-tier. Cat.No 6A041",18,18,48.5,,,,USD,EA
Penco,PENCO-6A042,Locker,10 51 13,"Penco Invincible II Classic III. Locker. 21""W x 21""D x 48.5""H. 2-tier. Cat.No 6A042",21,21,48.5,,,,USD,EA
Penco,PENCO-6A043,Locker,10 51 13,"Penco Invincible II Classic III. Locker. 24""W x 24""D x 48.5""H. 2-tier. Cat.No 6A043",24,24,48.5,,,,USD,EA
Penco,PENCO-6A052,Locker,10 51 13,"Penco Invincible II Classic III. Locker. 9""W x 24""D x 60""H. 1-tier. Cat.No 6A052",9,24,60,,,,USD,EA
Penco,PENCO-6A053,Locker,10 51 13,"Penco Invincible II Classic III. Locker. 15""W x 12""D x 60""H. 2-tier. Cat.No 6A053",15,12,60,,,,USD,EA
Penco,PENCO-6A054,Locker,10 51 13,"Penco Invincible II Classic III. Locker. 1""W x 15""D x 60""H. 1-tier. Cat.No 6A054",1,15,60,,,,USD,EA
Penco,PENCO-6A056,Locker,10 51 13,"Penco Invincible II Classic III. Locker. 24""W x 21""D x 72""H. 1-tier. Cat.No 6A056",24,21,72,,,,USD,EA
Penco,PENCO-6A057,Locker,10 51 13,"Penco Invincible II Classic III. Locker. 12""W x 24""D x 72""H. 1-tier. Cat.No 6A057",12,24,72,,,,USD,EA
Penco,PENCO-6A058,Locker,10 51 13,"Penco Invincible II Classic III. Locker. 12""W x 12""D x 72""H. 1-tier. Cat.No 6A058",12,12,72,,,,USD,EA
Penco,PENCO-6A091,Locker,10 51 13,"Penco Invincible II Classic III. Locker. 21""W x 12""D x 60""H. 1-tier. Cat.No 6A091",21,12,60,,,,USD,EA
Penco,PENCO-6A092,Locker,10 51 13,"Penco Invincible II Classic III. Locker. 12""W x 12""D x 60""H. 1-tier. Cat.No 6A092",12,12,60,,,,USD,EA
Penco,PENCO-6A093,Locker,10 51 13,"Penco Invincible II Classic III. Locker. 12""W x 15""D x 60""H. 1-tier. Cat.No 6A093",12,15,60,,,,USD,EA
Penco,PENCO-6A101,Locker,10 51 13,"Penco Invincible II Classic III. Locker. 12""D x 60""H. 1-tier. Cat.No 6A101",,12,60,,,,USD,EA
Penco,PENCO-6A103,Locker,10 51 13,"Penco Invincible II Classic III. Locker. 15""D x 60""H. 1-tier. Cat.No 6A103",,15,60,,,,USD,EA
Penco,PENCO-6A105,Locker,10 51 13,"Penco Invincible II Classic III. Locker. 9""W x 18""D x 60""H. 1-tier. Cat.No 6A105",9,18,60,,,,USD,EA
Penco,PENCO-6A107,Locker,10 51 13,"Penco Invincible II Classic III. Locker. 15""W x 12""D x 72""H. 1-tier. Cat.No 6A107",15,12,72,,,,USD,EA
Penco,PENCO-6A108,Locker,10 51 13,"Penco Invincible II Classic III. Locker. 9""W x 21""D x 60""H. 1-tier. Cat.No 6A108",9,21,60,,,,USD,EA
Penco,PENCO-6A109,Locker,10 51 13,"Penco Invincible II Classic III. Locker. 18""W x 15""D x 72""H. 1-tier. Cat.No 6A109",18,15,72,,,,USD,EA
Penco,PENCO-6A111,Locker,10 51 13,"Penco Invincible II Classic III. Locker. 9""W x 18""D x 72""H. 1-tier. Cat.No 6A111",9,18,72,,,,USD,EA
Penco,PENCO-6A117,Locker,10 51 13,"Penco Invincible II Classic III. Locker. 24""W x 18""D x 60""H. 1-tier. Cat.No 6A117",24,18,60,,,,USD,EA
Penco,PENCO-6A119,Locker,10 51 13,"Penco Invincible II Classic III. Locker. 12""W x 21""D x 60""H. 1-tier. Cat.No 6A119",12,21,60,,,,USD,EA
Penco,PENCO-6A121,Locker,10 51 13,"Penco Invincible II Classic III. Locker. 15""W x 24""D x 60""H. 1-tier. Cat.No 6A121",15,24,60,,,,USD,EA
Penco,PENCO-6A123,Locker,10 51 13,"Penco Invincible II Classic III. Locker. 24""W x 18""D x 72""H. 1-tier. Cat.No 6A123",24,18,72,,,,USD,EA
Penco,PENCO-6A125,Locker,10 51 13,"Penco Invincible II Classic III. Locker. 21""W x 21""D x 72""H. 1-tier. Cat.No 6A125",21,21,72,,,,USD,EA
Penco,PENCO-6A126,Locker,10 51 13,"Penco Invincible II Classic III. Locker. 24""W x 24""D x 60""H. 2-tier. Cat.No 6A126",24,24,60,,,,USD,EA
Penco,PENCO-6A127,Locker,10 51 13,"Penco Invincible II Classic III. Locker. 24""W x 24""D x 72""H. 1-tier. Cat.No 6A127",24,24,72,,,,USD,EA
Penco,PENCO-6A129,Locker,10 51 13,"Penco Invincible II Classic III. Locker. 12""W x 12""D x 60""H. 1-tier. Cat.No 6A129",12,12,60,,,,USD,EA
Penco,PENCO-6A131,Locker,10 51 13,"Penco Invincible II Classic III. Locker. 15""W x 15""D x 60""H. 1-tier. Cat.No 6A131",15,15,60,,,,USD,EA
Penco,PENCO-6A133,Locker,10 51 13,"Penco Invincible II Classic III. Locker. 21""W x 21""D x 60""H. 1-tier. Cat.No 6A133",21,21,60,,,,USD,EA
Penco,PENCO-6A135,Locker,10 51 13,"Penco Invincible II Classic III. Locker. 12""W x 18""D x 60""H. 1-tier. Cat.No 6A135",12,18,60,,,,USD,EA
Penco,PENCO-6A137,Locker,10 51 13,"Penco Invincible II Classic III. Locker. 24""W x 24""D x 60""H. 1-tier. Cat.No 6A137",24,24,60,,,,USD,EA
Penco,PENCO-6A141,Locker,10 51 13,"Penco Invincible II Classic III. Locker. 12""W x 12""D x 60""H. 1-tier. Cat.No 6A141",12,12,60,,,,USD,EA
Penco,PENCO-6A143,Locker,10 51 13,"Penco Invincible II Classic III. Locker. 15""W x 15""D x 60""H. 2-tier. Cat.No 6A143",15,15,60,,,,USD,EA
Penco,PENCO-6A145,Locker,10 51 13,"Penco Invincible II Classic III. Locker. 15""W x 18""D x 60""H. 2-tier. Cat.No 6A145",15,18,60,,,,USD,EA
Penco,PENCO-6A147,Locker,10 51 13,"Penco Invincible II Classic III. Locker. 21""W x 21""D x 60""H. 2-tier. Cat.No 6A147",21,21,60,,,,USD,EA
Penco,PENCO-6A149,Locker,10 51 13,"Penco Invincible II Classic III. Locker. 15""W x 15""D x 60""H. 2-tier. Cat.No 6A149",15,15,60,,,,USD,EA
Penco,PENCO-6A151,Locker,10 51 13,"Penco Invincible II Classic III. Locker. 18""W x 18""D x 60""H. 2-tier. Cat.No 6A151",18,18,60,,,,USD,EA
Penco,PENCO-6A153,Locker,10 51 13,"Penco Invincible II Classic III. Locker. 21""W x 21""D x 60""H. 2-tier. Cat.No 6A153",21,21,60,,,,USD,EA
Penco,PENCO-6A155,Locker,10 51 13,"Penco Invincible II Classic III. Locker. 24""W x 24""D x 60""H. 2-tier. Cat.No 6A155",24,24,60,,,,USD,EA
Penco,PENCO-6A157,Locker,10 51 13,"Penco Invincible II Classic III. Locker. 15""W x 12""D x 72""H. 2-tier. Cat.No 6A157",15,12,72,,,,USD,EA
Penco,PENCO-6A159,Locker,10 51 13,"Penco Invincible II Classic III. Locker. 18""W x 15""D x 72""H. 2-tier. Cat.No 6A159",18,15,72,,,,USD,EA
Penco,PENCO-6A161,Locker,10 51 13,"Penco Invincible II Classic III. Locker. 12""W x 18""D x 72""H. 2-tier. Cat.No 6A161",12,18,72,,,,USD,EA
Penco,PENCO-6A163,Locker,10 51 13,"Penco Invincible II Classic III. Locker. 24""W x 21""D x 72""H. 2-tier. Cat.No 6A163",24,21,72,,,,USD,EA
Penco,PENCO-6A165,Locker,10 51 13,"Penco Invincible II Classic III. Locker. 1""W x 12""D x 72""H. 1-tier. Cat.No 6A165",1,12,72,,,,USD,EA
Penco,PENCO-6A167,Locker,10 51 13,"Penco Invincible II Classic III. Locker. 15""W x 24""D x 72""H. 2-tier. Cat.No 6A167",15,24,72,,,,USD,EA
Penco,PENCO-6A169,Locker,10 51 13,"Penco Invincible II Classic III. Locker. 15""D x 72""H. 1-tier. Cat.No 6A169",,15,72,,,,USD,EA
Penco,PENCO-6A171,Locker,10 51 13,"Penco Invincible II Classic III. Locker. 15""W x 18""D x 72""H. 1-tier. Cat.No 6A171",15,18,72,,,,USD,EA
Penco,PENCO-6A172,Locker,10 51 13,"Penco Invincible II Classic III. Locker. 18""W x 24""D x 72""H. 1-tier. Cat.No 6A172",18,24,72,,,,USD,EA
Penco,PENCO-6A173,Locker,10 51 13,"Penco Invincible II Classic III. Locker. 15""W x 21""D x 72""H. 1-tier. Cat.No 6A173",15,21,72,,,,USD,EA
Penco,PENCO-6A175,Locker,10 51 13,"Penco Invincible II Classic III. Locker. 24""W x 15""D x 72""H. 1-tier. Cat.No 6A175",24,15,72,,,,USD,EA
Penco,PENCO-6A177,Locker,10 51 13,"Penco Invincible II Classic III. Locker. 18""W x 18""D x 72""H. 1-tier. Cat.No 6A177",18,18,72,,,,USD,EA
Penco,PENCO-6A179,Locker,10 51 13,"Penco Invincible II Classic III. Locker. 15""W x 21""D x 72""H. 1-tier. Cat.No 6A179",15,21,72,,,,USD,EA
Penco,PENCO-6A181,Locker,10 51 13,"Penco Invincible II Classic III. Locker. 18""W x 24""D x 72""H. 1-tier. Cat.No 6A181",18,24,72,,,,USD,EA
Penco,PENCO-6A182,Locker,10 51 13,"Penco Invincible II Classic III. Locker. 15""W x 15""D x 72""H. 1-tier. Cat.No 6A182",15,15,72,,,,USD,EA
Penco,PENCO-6A200,Locker,10 51 13,"Penco Invincible II Classic III. Locker. 18""W x 24""D x 60""H. 2-tier. Cat.No 6A200",18,24,60,,,,USD,EA
Penco,PENCO-6A206,Locker,10 51 13,"Penco Invincible II Classic III. Locker. 15""W x 21""D x 60""H. 2-tier. Cat.No 6A206",15,21,60,,,,USD,EA
Penco,PENCO-6A208,Locker,10 51 13,"Penco Invincible II Classic III. Locker. 21""W x 12""D x 60""H. 2-tier. Cat.No 6A208",21,12,60,,,,USD,EA
Penco,PENCO-6A212,Locker,10 51 13,"Penco Invincible II Classic III. Locker. 18""W x 24""D x 60""H. 1-tier. Cat.No 6A212",18,24,60,,,,USD,EA
Penco,PENCO-6A213,Locker,10 51 13,"Penco Invincible II Classic III. Locker. 21""W x 12""D x 60""H. 2-tier. Cat.No 6A213",21,12,60,,,,USD,EA
Penco,PENCO-6A215,Locker,10 51 13,"Penco Invincible II Classic III. Locker. 24""W x 15""D x 60""H. 2-tier. Cat.No 6A215",24,15,60,,,,USD,EA
Penco,PENCO-6A217,Locker,10 51 13,"Penco Invincible II Classic III. Locker. 12""W x 18""D x 60""H. 2-tier. Cat.No 6A217",12,18,60,,,,USD,EA
Penco,PENCO-6A223,Locker,10 51 13,"Penco Invincible II Classic III. Locker. 24""W x 15""D x 60""H. 1-tier. Cat.No 6A223",24,15,60,,,,USD,EA
Penco,PENCO-6A225,Locker,10 51 13,"Penco Invincible II Classic III. Locker. 24""W x 15""D x 60""H. 2-tier. Cat.No 6A225",24,15,60,,,,USD,EA
Penco,PENCO-6A227,Locker,10 51 13,"Penco Invincible II Classic III. Locker. 18""W x 18""D x 60""H. 1-tier. Cat.No 6A227",18,18,60,,,,USD,EA
Penco,PENCO-6A228,Locker,10 51 13,"Penco Invincible II Classic III. Locker. 18""W x 12""D x 72""H. 1-tier. Cat.No 6A228",18,12,72,,,,USD,EA
Penco,PENCO-6A229,Locker,10 51 13,"Penco Invincible II Classic III. Locker. 21""W x 21""D x 60""H. 1-tier. Cat.No 6A229",21,21,60,,,,USD,EA
Penco,PENCO-6A231,Locker,10 51 13,"Penco Invincible II Classic III. Locker. 24""W x 24""D x 60""H. 1-tier. Cat.No 6A231",24,24,60,,,,USD,EA
Penco,PENCO-6A233,Locker,10 51 13,"Penco Invincible II Classic III. Locker. 24""W x 18""D x 60""H. 1-tier. Cat.No 6A233",24,18,60,,,,USD,EA
Penco,PENCO-6A235,Locker,10 51 13,"Penco Invincible II Classic III. Locker. 18""W x 21""D x 60""H. 1-tier. Cat.No 6A235",18,21,60,,,,USD,EA
Penco,PENCO-6A237,Locker,10 51 13,"Penco Invincible II Classic III. Locker. 21""W x 24""D x 60""H. 1-tier. Cat.No 6A237",21,24,60,,,,USD,EA
Penco,PENCO-6A239,Locker,10 51 13,"Penco Invincible II Classic III. Locker. 15""W x 18""D x 60""H. 2-tier. Cat.No 6A239",15,18,60,,,,USD,EA
Penco,PENCO-6A241,Locker,10 51 13,"Penco Invincible II Classic III. Locker. 15""W x 21""D x 60""H. 1-tier. Cat.No 6A241",15,21,60,,,,USD,EA
Penco,PENCO-6A245,Locker,10 51 13,"Penco Invincible II Classic III. Locker. 18""W x 12""D x 72""H. 2-tier. Cat.No 6A245",18,12,72,,,,USD,EA
Penco,PENCO-6A247,Locker,10 51 13,"Penco Invincible II Classic III. Locker. 21""W x 15""D x 72""H. 2-tier. Cat.No 6A247",21,15,72,,,,USD,EA
Penco,PENCO-6A249,Locker,10 51 13,"Penco Invincible II Classic III. Locker. 12""W x 18""D x 72""H. 2-tier. Cat.No 6A249",12,18,72,,,,USD,EA
Penco,PENCO-6A251,Locker,10 51 13,"Penco Invincible II Classic III. Locker. 12""W x 21""D x 72""H. 1-tier. Cat.No 6A251",12,21,72,,,,USD,EA
Penco,PENCO-6A252,Locker,10 51 13,"Penco Invincible II Classic III. Locker. 15""W x 24""D x 72""H. 1-tier. Cat.No 6A252",15,24,72,,,,USD,EA
Penco,PENCO-6A253,Locker,10 51 13,"Penco Invincible II Classic III. Locker. 24""W x 24""D x 72""H. 1-tier. Cat.No 6A253",24,24,72,,,,USD,EA
Penco,PENCO-6A257,Locker,10 51 13,"Penco Invincible II Classic III. Locker. 21""W x 15""D x 72""H. 1-tier. Cat.No 6A257",21,15,72,,,,USD,EA
Penco,PENCO-6A259,Locker,10 51 13,"Penco Invincible II Classic III. Locker. 15""W x 18""D x 72""H. 1-tier. Cat.No 6A259",15,18,72,,,,USD,EA
Penco,PENCO-6A261,Locker,10 51 13,"Penco Invincible II Classic III. Locker. 21""W x 21""D x 72""H. 1-tier. Cat.No 6A261",21,21,72,,,,USD,EA
Penco,PENCO-6A263,Locker,10 51 13,"Penco Invincible II Classic III. Locker. 15""W x 15""D x 72""H. 1-tier. Cat.No 6A263",15,15,72,,,,USD,EA
Penco,PENCO-6A265,Locker,10 51 13,"Penco Invincible II Classic III. Locker. 18""W x 18""D x 72""H. 1-tier. Cat.No 6A265",18,18,72,,,,USD,EA
Penco,PENCO-6A267,Locker,10 51 13,"Penco Invincible II Classic III. Locker. 24""W x 21""D x 72""H. 1-tier. Cat.No 6A267",24,21,72,,,,USD,EA
Penco,PENCO-6A269,Locker,10 51 13,"Penco Invincible II Classic III. Locker. 24""W x 24""D x 72""H. 1-tier. Cat.No 6A269",24,24,72,,,,USD,EA
Penco,PENCO-6A500,Locker,10 51 13,"Penco Invincible II Classic III. Locker. 21""W x 12""D x 72""H. 1-tier. Cat.No 6A500",21,12,72,,,,USD,EA
Penco,PENCO-6A501,Locker,10 51 13,"Penco Invincible II Classic III. Locker. 12""W x 12""D x 60""H. 2-tier. Cat.No 6A501",12,12,60,,,,USD,EA
Penco,PENCO-6A508,Locker,10 51 13,"Penco Invincible II Classic III. Locker. 12""W x 12""D x 72""H. 1-tier. Cat.No 6A508",12,12,72,,,,USD,EA
Penco,PENCO-6A099,Locker,10 51 13,"Penco Invincible II Classic III. 2-Tier Box Locker. 12""W x 12""D x 72""H. 2-tier. Cat.No 6A099",12,12,72,,,,USD,EA
Penco,PENCO-6A220,Locker,10 51 13,"Penco Invincible II Classic III. 5-Tier Box Locker. 18""W x 18""D x 60""H. 5-tier. Cat.No 6A220",18,18,60,,,,USD,EA
Penco,PENCO-6A221,Locker,10 51 13,"Penco Invincible II Classic III. Locker. 18""W x 18""D x 72""H. 3-tier. Cat.No 6A221",18,18,72,,,,USD,EA
Penco,PENCO-6A222,Locker,10 51 13,"Penco Invincible II Classic III. 5-Tier Box Locker. 24""W x 24""D x 60""H. 5-tier. Cat.No 6A222",24,24,60,,,,USD,EA
Penco,PENCO-6A271,Locker,10 51 13,"Penco Invincible II Classic III. 2-Tier Box Locker. 24""W x 18""D x 72""H. 2-tier. Cat.No 6A271",24,18,72,,,,USD,EA
Penco,PENCO-6A273,Locker,10 51 13,"Penco Invincible II Classic III. 2-Tier Box Locker. 21""W x 21""D x 72""H. 2-tier. Cat.No 6A273",21,21,72,,,,USD,EA
Penco,PENCO-6A275,Locker,10 51 13,"Penco Invincible II Classic III. 2-Tier Box Locker. 24""W x 24""D x 72""H. 2-tier. Cat.No 6A275",24,24,72,,,,USD,EA
Penco,PENCO-6A281,Locker,10 51 13,"Penco Invincible II Classic III. Locker. 12""W x 12""D x 72""H. 3-tier. Cat.No 6A281",12,12,72,,,,USD,EA
Penco,PENCO-6A283,Locker,10 51 13,"Penco Invincible II Classic III. Locker. 15""W x 15""D x 72""H. 3-tier. Cat.No 6A283",15,15,72,,,,USD,EA
Penco,PENCO-6A285,Locker,10 51 13,"Penco Invincible II Classic III. Locker. 12""W x 18""D x 72""H. 3-tier. Cat.No 6A285",12,18,72,,,,USD,EA
Penco,PENCO-6A287,Locker,10 51 13,"Penco Invincible II Classic III. Box Locker. 12""W x 12""D x 60""H. Cat.No 6A287",12,12,60,,,,USD,EA
Penco,PENCO-6A289,Locker,10 51 13,"Penco Invincible II Classic III. Box Locker. 15""W x 15""D x 60""H. Cat.No 6A289",15,15,60,,,,USD,EA
Penco,PENCO-6A291,Locker,10 51 13,"Penco Invincible II Classic III. Box Locker. 12""W x 18""D x 60""H. Cat.No 6A291",12,18,60,,,,USD,EA
Penco,PENCO-6A292,Locker,10 51 13,"Penco Invincible II Classic III. Box Locker. 24""W x 24""D x 60""H. Cat.No 6A292",24,24,60,,,,USD,EA
Penco,PENCO-6A293,Locker,10 51 13,"Penco Invincible II Classic III. Box Locker. 15""W x 15""D x 60""H. Cat.No 6A293",15,15,60,,,,USD,EA
Penco,PENCO-6A295,Locker,10 51 13,"Penco Invincible II Classic III. Box Locker. 15""W x 18""D x 60""H. Cat.No 6A295",15,18,60,,,,USD,EA
Penco,PENCO-6A297,Locker,10 51 13,"Penco Invincible II Classic III. Box Locker. 21""W x 21""D x 60""H. Cat.No 6A297",21,21,60,,,,USD,EA
Penco,PENCO-6A301,Locker,10 51 13,"Penco Invincible II Classic III. Locker. 15""W x 15""D x 72""H. 3-tier. Cat.No 6A301",15,15,72,,,,USD,EA
Penco,PENCO-6A303,Locker,10 51 13,"Penco Invincible II Classic III. Locker. 15""W x 18""D x 72""H. 3-tier. Cat.No 6A303",15,18,72,,,,USD,EA
Penco,PENCO-6A305,Locker,10 51 13,"Penco Invincible II Classic III. Locker. 21""W x 21""D x 72""H. 3-tier. Cat.No 6A305",21,21,72,,,,USD,EA
Penco,PENCO-6A306,Locker,10 51 13,"Penco Invincible II Classic III. Box Locker. 21""W x 21""D x 60""H. Cat.No 6A306",21,21,60,,,,USD,EA
Penco,PENCO-6A307,Locker,10 51 13,"Penco Invincible II Classic III. 2-Tier Box Locker. 21""W x 12""D x 60""H. 2-tier. Cat.No 6A307",21,12,60,,,,USD,EA
Penco,PENCO-6A308,Locker,10 51 13,"Penco Invincible II Classic III. Box Locker. 12""W x 12""D x 60""H. Cat.No 6A308",12,12,60,,,,USD,EA
Penco,PENCO-6A309,Locker,10 51 13,"Penco Invincible II Classic III. 2-Tier Box Locker. 24""W x 15""D x 60""H. 2-tier. Cat.No 6A309",24,15,60,,,,USD,EA
Penco,PENCO-6A311,Locker,10 51 13,"Penco Invincible II Classic III. 2-Tier Box Locker. 12""W x 18""D x 60""H. 2-tier. Cat.No 6A311",12,18,60,,,,USD,EA
Penco,PENCO-6A312,Locker,10 51 13,"Penco Invincible II Classic III. Box Locker. 24""W x 24""D x 60""H. Cat.No 6A312",24,24,60,,,,USD,EA
Penco,PENCO-6A313,Locker,10 51 13,"Penco Invincible II Classic III. Box Locker. 15""W x 15""D x 60""H. Cat.No 6A313",15,15,60,,,,USD,EA
Penco,PENCO-6A314,Locker,10 51 13,"Penco Invincible II Classic III. 5-Tier Box Locker. 21""W x 21""D x 60""H. 5-tier. Cat.No 6A314",21,21,60,,,,USD,EA
Penco,PENCO-6A315,Locker,10 51 13,"Penco Invincible II Classic III. Box Locker. 15""W x 18""D x 60""H. Cat.No 6A315",15,18,60,,,,USD,EA
Penco,PENCO-6A316,Locker,10 51 13,"Penco Invincible II Classic III. Locker. 24""W x 24""D x 60""H. 3-tier. Cat.No 6A316",24,24,60,,,,USD,EA
Penco,PENCO-6A317,Locker,10 51 13,"Penco Invincible II Classic III. Box Locker. 21""W x 21""D x 60""H. Cat.No 6A317",21,21,60,,,,USD,EA
Penco,PENCO-6A318,Locker,10 51 13,"Penco Invincible II Classic III. Box Locker. 12""W x 12""D x 60""H. Cat.No 6A318",12,12,60,,,,USD,EA
Penco,PENCO-6A319,Locker,10 51 13,"Penco Invincible II Classic III. 5-Tier Box Locker. 12""W x 12""D x 72""H. 5-tier. Cat.No 6A319",12,12,72,,,,USD,EA
Penco,PENCO-6A320,Locker,10 51 13,"Penco Invincible II Classic III. Box Locker. 15""W x 15""D x 60""H. Cat.No 6A320",15,15,60,,,,USD,EA
Penco,PENCO-6A321,Locker,10 51 13,"Penco Invincible II Classic III. Locker. 3""W x 15""D x 72""H. 3-tier. Cat.No 6A321",3,15,72,,,,USD,EA
Penco,PENCO-6A322,Locker,10 51 13,"Penco Invincible II Classic III. 2-Tier Box Locker. 9""W x 15""D x 60""H. 2-tier. Cat.No 6A322",9,15,60,,,,USD,EA
Penco,PENCO-6A323,Locker,10 51 13,"Penco Invincible II Classic III. Locker. 12""W x 18""D x 72""H. 3-tier. Cat.No 6A323",12,18,72,,,,USD,EA
Penco,PENCO-6A324,Locker,10 51 13,"Penco Invincible II Classic III. 2-Tier Box Locker. 18""W x 18""D x 60""H. 2-tier. Cat.No 6A324",18,18,60,,,,USD,EA
Penco,PENCO-6A325,Locker,10 51 13,"Penco Invincible II Classic III. Box Locker. 18""W x 18""D x 60""H. Cat.No 6A325",18,18,60,,,,USD,EA
Penco,PENCO-6A326,Locker,10 51 13,"Penco Invincible II Classic III. Locker. 21""W x 21""D x 72""H. 3-tier. Cat.No 6A326",21,21,72,,,,USD,EA
Penco,PENCO-6A327,Locker,10 51 13,"Penco Invincible II Classic III. Locker. 21""W x 24""D x 72""H. 3-tier. Cat.No 6A327",21,24,72,,,,USD,EA
Penco,PENCO-6A328,Locker,10 51 13,"Penco Invincible II Classic III. Locker. 12""W x 12""D x 72""H. 3-tier. Cat.No 6A328",12,12,72,,,,USD,EA
Penco,PENCO-6A329,Locker,10 51 13,"Penco Invincible II Classic III. Box Locker. 21""W x 21""D x 60""H. Cat.No 6A329",21,21,60,,,,USD,EA
Penco,PENCO-6A330,Locker,10 51 13,"Penco Invincible II Classic III. Box Locker. 24""W x 24""D x 60""H. Cat.No 6A330",24,24,60,,,,USD,EA
Penco,PENCO-6A331,Locker,10 51 13,"Penco Invincible II Classic III. Locker. 21""W x 15""D x 72""H. 3-tier. Cat.No 6A331",21,15,72,,,,USD,EA
Penco,PENCO-6A332,Locker,10 51 13,"Penco Invincible II Classic III. Locker. 21""W x 24""D x 72""H. 3-tier. Cat.No 6A332",21,24,72,,,,USD,EA
Penco,PENCO-6A335,Locker,10 51 13,"Penco Invincible II Classic III. Locker. 15""W x 18""D x 72""H. 3-tier. Cat.No 6A335",15,18,72,,,,USD,EA
Penco,PENCO-6A351,Locker,10 51 13,"Penco Invincible II Classic III. 2-Tier Box Locker. 12""W x 12""D x 60""H. 2-tier. Cat.No 6A351",12,12,60,,,,USD,EA
Penco,PENCO-6A353,Locker,10 51 13,"Penco Invincible II Classic III. 2-Tier Box Locker. 15""W x 15""D x 60""H. 2-tier. Cat.No 6A353",15,15,60,,,,USD,EA
Penco,PENCO-6A355,Locker,10 51 13,"Penco Invincible II Classic III. 2-Tier Box Locker. 12""W x 18""D x 60""H. 2-tier. Cat.No 6A355",12,18,60,,,,USD,EA
Penco,PENCO-6A356,Locker,10 51 13,"Penco Invincible II Classic III. Box Locker. 12""W x 12""D x 60""H. Cat.No 6A356",12,12,60,,,,USD,EA
Penco,PENCO-6A357,Locker,10 51 13,"Penco Invincible II Classic III. Box Locker. 15""W x 15""D x 60""H. Cat.No 6A357",15,15,60,,,,USD,EA
Penco,PENCO-6A359,Locker,10 51 13,"Penco Invincible II Classic III. Box Locker. 15""W x 18""D x 60""H. Cat.No 6A359",15,18,60,,,,USD,EA
Penco,PENCO-6A361,Locker,10 51 13,"Penco Invincible II Classic III. Box Locker. 21""W x 21""D x 60""H. Cat.No 6A361",21,21,60,,,,USD,EA
Penco,PENCO-6A363,Locker,10 51 13,"Penco Invincible II Classic III. 5-Tier Box Locker. 12""W x 4""D x 72""H. 5-tier. Cat.No 6A363",12,4,72,,,,USD,EA
Penco,PENCO-6A365,Locker,10 51 13,"Penco Invincible II Classic III. Locker. 12""W x 4""D x 72""H. 3-tier. Cat.No 6A365",12,4,72,,,,USD,EA
Penco,PENCO-6A367,Locker,10 51 13,"Penco Invincible II Classic III. Locker. 12""W x 12""D x 18""H. 3-tier. Cat.No 6A367",12,12,18,,,,USD,EA
Penco,PENCO-6A369,Locker,10 51 13,"Penco Invincible II Classic III. Locker. 12""W x 4""D x 72""H. 3-tier. Cat.No 6A369",12,4,72,,,,USD,EA
Penco,PENCO-6A371,Locker,10 51 13,"Penco Invincible II Classic III. Locker. 12""W x 15""D x 18""H. 3-tier. Cat.No 6A371",12,15,18,,,,USD,EA
Penco,PENCO-6A373,Locker,10 51 13,"Penco Invincible II Classic III. Locker. 12""W x 4""D x 72""H. 3-tier. Cat.No 6A373",12,4,72,,,,USD,EA
Penco,PENCO-6A374,Locker,10 51 13,"Penco Invincible II Classic III. Locker. 12""W x 4""D x 72""H. 3-tier. Cat.No 6A374",12,4,72,,,,USD,EA
Penco,PENCO-6A406,Locker,10 51 13,"Penco Invincible II Classic III. Locker. 3""W x 21""D x 60""H. 3-tier. Cat.No 6A406",3,21,60,,,,USD,EA
Penco,PENCO-6A408,Locker,10 51 13,"Penco Invincible II Classic III. Box Locker. 12""W x 12""D x 60""H. Cat.No 6A408",12,12,60,,,,USD,EA
Penco,PENCO-6A412,Locker,10 51 13,"Penco Invincible II Classic III. Box Locker. 24""W x 24""D x 60""H. Cat.No 6A412",24,24,60,,,,USD,EA
Penco,PENCO-6A419,Locker,10 51 13,"Penco Invincible II Classic III. Box Locker. 18""W x 18""D x 60""H. Cat.No 6A419",18,18,60,,,,USD,EA
Penco,PENCO-6A421,Locker,10 51 13,"Penco Invincible II Classic III. Box Locker. 21""W x 21""D x 60""H. Cat.No 6A421",21,21,60,,,,USD,EA
Penco,PENCO-6A426,Locker,10 51 13,"Penco Invincible II Classic III. Locker. 12""W x 21""D x 72""H. 3-tier. Cat.No 6A426",12,21,72,,,,USD,EA
Penco,PENCO-6A427,Locker,10 51 13,"Penco Invincible II Classic III. Locker. 15""W x 24""D x 72""H. 3-tier. Cat.No 6A427",15,24,72,,,,USD,EA
Penco,PENCO-6A428,Locker,10 51 13,"Penco Invincible II Classic III. Locker. 18""W x 12""D x 72""H. 3-tier. Cat.No 6A428",18,12,72,,,,USD,EA
Penco,PENCO-6A431,Locker,10 51 13,"Penco Invincible II Classic III. Locker. 12""W x 21""D x 72""H. 3-tier. Cat.No 6A431",12,21,72,,,,USD,EA
Penco,PENCO-6A432,Locker,10 51 13,"Penco Invincible II Classic III. Locker. 15""W x 24""D x 72""H. 3-tier. Cat.No 6A432",15,24,72,,,,USD,EA
Penco,PENCO-6A445,Locker,10 51 13,"Penco Invincible II Classic III. Locker. 12""W x 18""D x 18""H. 3-tier. Cat.No 6A445",12,18,18,,,,USD,EA
Penco,PENCO-6A447,Locker,10 51 13,"Penco Invincible II Classic III. Locker. 15""W x 24/72""D x 21""H. 3-tier. Cat.No 6A447",15,24/72,21,,,,USD,EA
Penco,PENCO-6A526,Locker,10 51 13,"Penco Invincible II Classic III. Locker. 12""W x 4""D x 72""H. 3-tier. Cat.No 6A526",12,4,72,,,,USD,EA
Penco,PENCO-6A527,Locker,10 51 13,"Penco Invincible II Classic III. Locker. 12""W x 4""D x 72""H. 3-tier. Cat.No 6A527",12,4,72,,,,USD,EA
Penco,PENCO-6A528,Locker,10 51 13,"Penco Invincible II Classic III. Locker. 12""W x 4""D x 72""H. 3-tier. Cat.No 6A528",12,4,72,,,,USD,EA
Penco,PENCO-6A531,Locker,10 51 13,"Penco Invincible II Classic III. Locker. 21""W x 21""D x 60""H. 3-tier. Cat.No 6A531",21,21,60,,,,USD,EA
Penco,PENCO-6A532,Locker,10 51 13,"Penco Invincible II Classic III. Locker. 24""W x 24""D x 60""H. 3-tier. Cat.No 6A532",24,24,60,,,,USD,EA
Penco,PENCO-6A534,Locker,10 51 13,"Penco Invincible II Classic III. Box Locker. 24""W x 24""D x 60""H. Cat.No 6A534",24,24,60,,,,USD,EA
Penco,PENCO-6A701,Locker,10 51 13,"Penco Invincible II Classic III. 2-Tier Box Locker. 15""W x 15""D x 72""H. 2-tier. Cat.No 6A701",15,15,72,,,,USD,EA
Penco,PENCO-6A726,Locker,10 51 13,"Penco Invincible II Classic III. 5-Tier Box Locker. 24""W x 24""D x 60""H. 5-tier. Cat.No 6A726",24,24,60,,,,USD,EA
Penco,PENCO-6A729,Locker,10 51 13,"Penco Invincible II Classic III. Box Locker. 12""W x 12""D x 60""H. Cat.No 6A729",12,12,60,,,,USD,EA
Penco,PENCO-6A730,Locker,10 51 13,"Penco Invincible II Classic III. 5-Tier Box Locker. 15""W x 15""D x 60""H. 5-tier. Cat.No 6A730",15,15,60,,,,USD,EA
Penco,PENCO-6A735,Locker,10 51 13,"Penco Invincible II Classic III. Locker. 12""W x 12""D x 72""H. 3-tier. Cat.No 6A735",12,12,72,,,,USD,EA
Penco,PENCO-6A736,Locker,10 51 13,"Penco Invincible II Classic III. Locker. 15""W x 15""D x 72""H. 3-tier. Cat.No 6A736",15,15,72,,,,USD,EA
Penco,PENCO-6A738,Locker,10 51 13,"Penco Invincible II Classic III. Locker. 21""W x 21""D x 72""H. 3-tier. Cat.No 6A738",21,21,72,,,,USD,EA
Penco,PENCO-6A739,Locker,10 51 13,"Penco Invincible II Classic III. Locker. 21""W x 24""D x 72""H. 3-tier. Cat.No 6A739",21,24,72,,,,USD,EA
Penco,PENCO-6A740,Locker,10 51 13,"Penco Invincible II Classic III. Locker. 24""W x 24""D x 72""H. 3-tier. Cat.No 6A740",24,24,72,,,,USD,EA
Penco,PENCO-6A746,Locker,10 51 13,"Penco Invincible II Classic III. 2-Tier Box Locker. 12""W x 12""D x 60""H. 2-tier. Cat.No 6A746",12,12,60,,,,USD,EA
Penco,PENCO-6A747,Locker,10 51 13,"Penco Invincible II Classic III. 5-Tier Box Locker. 21""W x 12""D x 72""H. 5-tier. Cat.No 6A747",21,12,72,,,,USD,EA
Penco,PENCO-6A748,Locker,10 51 13,"Penco Invincible II Classic III. 5-Tier Box Locker. 9""W x 15""D x 72""H. 5-tier. Cat.No 6A748",9,15,72,,,,USD,EA
Penco,PENCO-6A749,Locker,10 51 13,"Penco Invincible II Classic III. 5-Tier Box Locker. 24""W x 18""D x 72""H. 5-tier. Cat.No 6A749",24,18,72,,,,USD,EA
Penco,PENCO-6A750,Locker,10 51 13,"Penco Invincible II Classic III. Locker. 18""W x 12""D x 72""H. 3-tier. Cat.No 6A750",18,12,72,,,,USD,EA
Penco,PENCO-6A751,Locker,10 51 13,"Penco Invincible II Classic III. Locker. 15""W x 15""D x 72""H. 3-tier. Cat.No 6A751",15,15,72,,,,USD,EA
Penco,PENCO-6A752,Locker,10 51 13,"Penco Invincible II Classic III. Locker. 18""W x 18""D x 72""H. 3-tier. Cat.No 6A752",18,18,72,,,,USD,EA
Penco,PENCO-6A753,Locker,10 51 13,"Penco Invincible II Classic III. Locker. 21""W x 21""D x 72""H. 3-tier. Cat.No 6A753",21,21,72,,,,USD,EA
Penco,PENCO-6A754,Locker,10 51 13,"Penco Invincible II Classic III. Locker. 24""W x 24""D x 72""H. 3-tier. Cat.No 6A754",24,24,72,,,,USD,EA
Penco,PENCO-6A760,Locker,10 51 13,"Penco Invincible II Classic III. 2-Tier Box Locker. 12""W x 12""D x 60""H. 2-tier. Cat.No 6A760",12,12,60,,,,USD,EA
Penco,PENCO-6A761,Locker,10 51 13,"Penco Invincible II Classic III. 2-Tier Box Locker. 9""W x 15""D x 60""H. 2-tier. Cat.No 6A761",9,15,60,,,,USD,EA
Penco,PENCO-6A762,Locker,10 51 13,"Penco Invincible II Classic III. 2-Tier Box Locker. 18""W x 18""D x 60""H. 2-tier. Cat.No 6A762",18,18,60,,,,USD,EA
Penco,PENCO-6A764,Locker,10 51 13,"Penco Invincible II Classic III. Box Locker. 12""W x 12""D x 60""H. Cat.No 6A764",12,12,60,,,,USD,EA
Penco,PENCO-6A765,Locker,10 51 13,"Penco Invincible II Classic III. Box Locker. 15""W x 15""D x 60""H. Cat.No 6A765",15,15,60,,,,USD,EA
Penco,PENCO-6A768,Locker,10 51 13,"Penco Invincible II Classic III. Box Locker. 24""W x 24""D x 60""H. Cat.No 6A768",24,24,60,,,,USD,EA
Penco,PENCO-6A769,Locker,10 51 13,"Penco Invincible II Classic III. 5-Tier Box Locker. 12""W x 4""D x 72""H. 5-tier. Cat.No 6A769",12,4,72,,,,USD,EA
Penco,PENCO-6A770,Locker,10 51 13,"Penco Invincible II Classic III. 5-Tier Box Locker. 12""W x 9""D x 15""H. 5-tier. Cat.No 6A770",12,9,15,,,,USD,EA
Penco,PENCO-6A771,Locker,10 51 13,"Penco Invincible II Classic III. 5-Tier Box Locker. 12""W x 4""D x 72""H. 5-tier. Cat.No 6A771",12,4,72,,,,USD,EA
Penco,PENCO-6A773,Locker,10 51 13,"Penco Invincible II Classic III. Locker. 21""W x 24/72""D x 12""H. 3-tier. Cat.No 6A773",21,24/72,12,,,,USD,EA
Penco,PENCO-6A774,Locker,10 51 13,"Penco Invincible II Classic III. Locker. 24""W x 24/72""D x 15""H. 3-tier. Cat.No 6A774",24,24/72,15,,,,USD,EA
Penco,PENCO-6A777,Locker,10 51 13,"Penco Invincible II Classic III. Locker. 18""W x 24/72""D x 24""H. 3-tier. Cat.No 6A777",18,24/72,24,,,,USD,EA
Penco,PENCO-6A375,Locker,10 51 13,"Penco Invincible II Classic III. 6-Tier Box Locker. 18""W x 12""D x 72""H. 6-tier. Cat.No 6A375",18,12,72,,,,USD,EA
Penco,PENCO-6A377,Locker,10 51 13,"Penco Invincible II Classic III. 6-Tier Box Locker. 15""W x 15""D x 72""H. 6-tier. Cat.No 6A377",15,15,72,,,,USD,EA
Penco,PENCO-6A379,Locker,10 51 13,"Penco Invincible II Classic III. 6-Tier Box Locker. 12""W x 18""D x 72""H. 6-tier. Cat.No 6A379",12,18,72,,,,USD,EA
Penco,PENCO-6A381,Locker,10 51 13,"Penco Invincible II Classic III. 6-Tier Box Locker. 21""W x 21""D x 72""H. 6-tier. Cat.No 6A381",21,21,72,,,,USD,EA
Penco,PENCO-6A383,Locker,10 51 13,"Penco Invincible II Classic III. 6-Tier Box Locker. 15""W x 15""D x 72""H. 6-tier. Cat.No 6A383",15,15,72,,,,USD,EA
Penco,PENCO-6A385,Locker,10 51 13,"Penco Invincible II Classic III. 6-Tier Box Locker. 15""W x 18""D x 72""H. 6-tier. Cat.No 6A385",15,18,72,,,,USD,EA
Penco,PENCO-6A389,Locker,10 51 13,"Penco Invincible II Classic III. 6-Tier Box Locker. 21""W x 21""D x 72""H. 6-tier. Cat.No 6A389",21,21,72,,,,USD,EA
Penco,PENCO-6A393,Locker,10 51 13,"Penco Invincible II Classic III. 8-Tier Box Locker. 12""W x 12""D x 72""H. 8-tier. Cat.No 6A393",12,12,72,,,,USD,EA
Penco,PENCO-6A395,Locker,10 51 13,"Penco Invincible II Classic III. 8-Tier Box Locker. 12""W x 15""D x 72""H. 8-tier. Cat.No 6A395",12,15,72,,,,USD,EA
Penco,PENCO-6A397,Locker,10 51 13,"Penco Invincible II Classic III. 8-Tier Box Locker. 18""W x 18""D x 72""H. 8-tier. Cat.No 6A397",18,18,72,,,,USD,EA
Penco,PENCO-6A401,Locker,10 51 13,"Penco Invincible II Classic III. 8-Tier Box Locker. 15""W x 15""D x 72""H. 8-tier. Cat.No 6A401",15,15,72,,,,USD,EA
Penco,PENCO-6A403,Locker,10 51 13,"Penco Invincible II Classic III. 8-Tier Box Locker. 15""W x 18""D x 72""H. 8-tier. Cat.No 6A403",15,18,72,,,,USD,EA
Penco,PENCO-6A405,Locker,10 51 13,"Penco Invincible II Classic III. 8-Tier Box Locker. 21""W x 21""D x 72""H. 8-tier. Cat.No 6A405",21,21,72,,,,USD,EA
Penco,PENCO-6A407,Locker,10 51 13,"Penco Invincible II Classic III. 9-Tier Box Locker. 12""W x 12""D x 72""H. 9-tier. Cat.No 6A407",12,12,72,,,,USD,EA
Penco,PENCO-6A409,Locker,10 51 13,"Penco Invincible II Classic III. 9-Tier Box Locker. 12""W x 15""D x 72""H. 9-tier. Cat.No 6A409",12,15,72,,,,USD,EA
Penco,PENCO-6A411,Locker,10 51 13,"Penco Invincible II Classic III. 9-Tier Box Locker. 18""W x 18""D x 72""H. 9-tier. Cat.No 6A411",18,18,72,,,,USD,EA
Penco,PENCO-6A413,Locker,10 51 13,"Penco Invincible II Classic III. 9-Tier Box Locker. 15""W x 15""D x 72""H. 9-tier. Cat.No 6A413",15,15,72,,,,USD,EA
Penco,PENCO-6A415,Locker,10 51 13,"Penco Invincible II Classic III. 9-Tier Box Locker. 15""W x 18""D x 72""H. 9-tier. Cat.No 6A415",15,18,72,,,,USD,EA
Penco,PENCO-6A417,Locker,10 51 13,"Penco Invincible II Classic III. 9-Tier Box Locker. 21""W x 21""D x 72""H. 9-tier. Cat.No 6A417",21,21,72,,,,USD,EA
Penco,PENCO-6A423,Locker,10 51 13,"Penco Invincible II Classic III. 6-Tier Box Locker. 18""W x 18""D x 72""H. 6-tier. Cat.No 6A423",18,18,72,,,,USD,EA
Penco,PENCO-6A425,Locker,10 51 13,"Penco Invincible II Classic III. 6-Tier Box Locker. 21""W x 21""D x 72""H. 6-tier. Cat.No 6A425",21,21,72,,,,USD,EA
Penco,PENCO-6A541,Locker,10 51 13,"Penco Invincible II Classic III. 6-Tier Box Locker. 24""W x 24""D x 72""H. 6-tier. Cat.No 6A541",24,24,72,,,,USD,EA
Penco,PENCO-6A627,Locker,10 51 13,"Penco Invincible II Classic III. 6-Tier Box Locker. 24""W x 24""D x 72""H. 6-tier. Cat.No 6A627",24,24,72,,,,USD,EA
Penco,PENCO-6A628,Locker,10 51 13,"Penco Invincible II Classic III. 6-Tier Box Locker. 24""W x 12""D x 72""H. 6-tier. Cat.No 6A628",24,12,72,,,,USD,EA
Penco,PENCO-6A778,Locker,10 51 13,"Penco Invincible II Classic III. 6-Tier Box Locker. 12""D x 72""H. 6-tier. Cat.No 6A778",,12,72,,,,USD,EA
Penco,PENCO-6A779,Locker,10 51 13,"Penco Invincible II Classic III. 6-Tier Box Locker. 9""W x 15""D x 72""H. 6-tier. Cat.No 6A779",9,15,72,,,,USD,EA
Penco,PENCO-6A780,Locker,10 51 13,"Penco Invincible II Classic III. 6-Tier Box Locker. 18""W x 18""D x 72""H. 6-tier. Cat.No 6A780",18,18,72,,,,USD,EA
Penco,PENCO-6A782,Locker,10 51 13,"Penco Invincible II Classic III. 6-Tier Box Locker. 24""W x 12""D x 72""H. 6-tier. Cat.No 6A782",24,12,72,,,,USD,EA
Penco,PENCO-6A783,Locker,10 51 13,"Penco Invincible II Classic III. 6-Tier Box Locker. 15""W x 15""D x 72""H. 6-tier. Cat.No 6A783",15,15,72,,,,USD,EA
Penco,PENCO-6A784,Locker,10 51 13,"Penco Invincible II Classic III. 6-Tier Box Locker. 24""W x 24""D x 72""H. 6-tier. Cat.No 6A784",24,24,72,,,,USD,EA
Penco,PENCO-6P011,Locker,10 51 13,"Penco Invincible II Defiant II. Locker. 12""W x 12""D x 36.5""H. 1-tier. Cat.No 6P011",12,12,36.5,,,,USD,EA
Penco,PENCO-6P013,Locker,10 51 13,"Penco Invincible II Defiant II. Locker. 15""W x 15""D x 36.5""H. 1-tier. Cat.No 6P013",15,15,36.5,,,,USD,EA
Penco,PENCO-6P014,Locker,10 51 13,"Penco Invincible II Defiant II. Locker. 21""W x 21""D x 36.5""H. 1-tier. Cat.No 6P014",21,21,36.5,,,,USD,EA
Penco,PENCO-6P015,Locker,10 51 13,"Penco Invincible II Defiant II. Locker. 12""W x 18""D x 36.5""H. 1-tier. Cat.No 6P015",12,18,36.5,,,,USD,EA
Penco,PENCO-6P016,Locker,10 51 13,"Penco Invincible II Defiant II. Locker. 24""W x 24""D x 36.5""H. 1-tier. Cat.No 6P016",24,24,36.5,,,,USD,EA
Penco,PENCO-6P017,Locker,10 51 13,"Penco Invincible II Defiant II. Locker. 12""W x 12""D x 48.5""H. 1-tier. Cat.No 6P017",12,12,48.5,,,,USD,EA
Penco,PENCO-6P018,Locker,10 51 13,"Penco Invincible II Defiant II. Locker. 12""W x 12""D x 36.5""H. 1-tier. Cat.No 6P018",12,12,36.5,,,,USD,EA
Penco,PENCO-6P019,Locker,10 51 13,"Penco Invincible II Defiant II. Locker. 15""W x 15""D x 48.5""H. 1-tier. Cat.No 6P019",15,15,48.5,,,,USD,EA
Penco,PENCO-6P021,Locker,10 51 13,"Penco Invincible II Defiant II. Locker. 12""W x 18""D x 48.5""H. 1-tier. Cat.No 6P021",12,18,48.5,,,,USD,EA
Penco,PENCO-6P022,Locker,10 51 13,"Penco Invincible II Defiant II. Locker. 15""W x 15""D x 36.5""H. 1-tier. Cat.No 6P022",15,15,36.5,,,,USD,EA
Penco,PENCO-6P023,Locker,10 51 13,"Penco Invincible II Defiant II. Locker. 15""W x 18""D x 36.5""H. 1-tier. Cat.No 6P023",15,18,36.5,,,,USD,EA
Penco,PENCO-6P024,Locker,10 51 13,"Penco Invincible II Defiant II. Locker. 21""W x 21""D x 36.5""H. 1-tier. Cat.No 6P024",21,21,36.5,,,,USD,EA
Penco,PENCO-6P025,Locker,10 51 13,"Penco Invincible II Defiant II. Locker. 24""W x 24""D x 36.5""H. 1-tier. Cat.No 6P025",24,24,36.5,,,,USD,EA
Penco,PENCO-6P026,Locker,10 51 13,"Penco Invincible II Defiant II. Locker. 12""W x 12""D x 36.5""H. 1-tier. Cat.No 6P026",12,12,36.5,,,,USD,EA
Penco,PENCO-6P027,Locker,10 51 13,"Penco Invincible II Defiant II. Locker. 15""W x 15""D x 36.5""H. 1-tier. Cat.No 6P027",15,15,36.5,,,,USD,EA
Penco,PENCO-6P029,Locker,10 51 13,"Penco Invincible II Defiant II. Locker. 21""W x 21""D x 36.5""H. 2-tier. Cat.No 6P029",21,21,36.5,,,,USD,EA
Penco,PENCO-6P030,Locker,10 51 13,"Penco Invincible II Defiant II. Locker. 24""W x 24""D x 36.5""H. 2-tier. Cat.No 6P030",24,24,36.5,,,,USD,EA
Penco,PENCO-6P032,Locker,10 51 13,"Penco Invincible II Defiant II. Locker. 21""W x 21""D x 48.5""H. 1-tier. Cat.No 6P032",21,21,48.5,,,,USD,EA
Penco,PENCO-6P033,Locker,10 51 13,"Penco Invincible II Defiant II. Locker. 24""W x 24""D x 48.5""H. 1-tier. Cat.No 6P033",24,24,48.5,,,,USD,EA
Penco,PENCO-6P034,Locker,10 51 13,"Penco Invincible II Defiant II. Locker. 12""W x 12""D x 48.5""H. 1-tier. Cat.No 6P034",12,12,48.5,,,,USD,EA
Penco,PENCO-6P035,Locker,10 51 13,"Penco Invincible II Defiant II. Locker. 15""W x 15""D x 48.5""H. 1-tier. Cat.No 6P035",15,15,48.5,,,,USD,EA
Penco,PENCO-6P036,Locker,10 51 13,"Penco Invincible II Defiant II. Locker. 15""W x 18""D x 48.5""H. 1-tier. Cat.No 6P036",15,18,48.5,,,,USD,EA
Penco,PENCO-6P037,Locker,10 51 13,"Penco Invincible II Defiant II. Locker. 21""W x 21""D x 48.5""H. 1-tier. Cat.No 6P037",21,21,48.5,,,,USD,EA
Penco,PENCO-6P038,Locker,10 51 13,"Penco Invincible II Defiant II. Locker. 24""W x 24""D x 48.5""H. 1-tier. Cat.No 6P038",24,24,48.5,,,,USD,EA
Penco,PENCO-6P039,Locker,10 51 13,"Penco Invincible II Defiant II. Locker. 12""W x 12""D x 48.5""H. 1-tier. Cat.No 6P039",12,12,48.5,,,,USD,EA
Penco,PENCO-6P040,Locker,10 51 13,"Penco Invincible II Defiant II. Locker. 15""W x 15""D x 48.5""H. 1-tier. Cat.No 6P040",15,15,48.5,,,,USD,EA
Penco,PENCO-6P041,Locker,10 51 13,"Penco Invincible II Defiant II. Locker. 18""W x 18""D x 48.5""H. 1-tier. Cat.No 6P041",18,18,48.5,,,,USD,EA
Penco,PENCO-6P042,Locker,10 51 13,"Penco Invincible II Defiant II. Locker. 21""W x 21""D x 48.5""H. 1-tier. Cat.No 6P042",21,21,48.5,,,,USD,EA
Penco,PENCO-6P043,Locker,10 51 13,"Penco Invincible II Defiant II. Locker. 24""W x 24""D x 48.5""H. 1-tier. Cat.No 6P043",24,24,48.5,,,,USD,EA
Penco,PENCO-6P053,Locker,10 51 13,"Penco Invincible II Defiant II. Locker. 12""D x 60""H. 1-tier. Cat.No 6P053",,12,60,,,,USD,EA
Penco,PENCO-6P054,Locker,10 51 13,"Penco Invincible II Defiant II. Locker. 15""D x 60""H. 1-tier. Cat.No 6P054",,15,60,,,,USD,EA
Penco,PENCO-6P058,Locker,10 51 13,"Penco Invincible II Defiant II. Locker. 24""W x 12""D x 72""H. 1-tier. Cat.No 6P058",24,12,72,,,,USD,EA
Penco,PENCO-6P091,Locker,10 51 13,"Penco Invincible II Defiant II. Locker. 12""W x 12""D x 60""H. 1-tier. Cat.No 6P091",12,12,60,,,,USD,EA
Penco,PENCO-6P092,Locker,10 51 13,"Penco Invincible II Defiant II. Locker. 12""W x 12""D x 60""H. 1-tier. Cat.No 6P092",12,12,60,,,,USD,EA
Penco,PENCO-6P093,Locker,10 51 13,"Penco Invincible II Defiant II. Locker. 15""W x 15""D x 60""H. 1-tier. Cat.No 6P093",15,15,60,,,,USD,EA
Penco,PENCO-6P099,Locker,10 51 13,"Penco Invincible II Defiant II. Locker. 12""W x 12""D x 72""H. 1-tier. Cat.No 6P099",12,12,72,,,,USD,EA
Penco,PENCO-6P117,Locker,10 51 13,"Penco Invincible II Defiant II. Locker. 24""W x 18""D x 60""H. 1-tier. Cat.No 6P117",24,18,60,,,,USD,EA
Penco,PENCO-6P119,Locker,10 51 13,"Penco Invincible II Defiant II. Locker. 24""W x 21""D x 60""H. 1-tier. Cat.No 6P119",24,21,60,,,,USD,EA
Penco,PENCO-6P121,Locker,10 51 13,"Penco Invincible II Defiant II. Locker. 24""W x 24""D x 60""H. 1-tier. Cat.No 6P121",24,24,60,,,,USD,EA
Penco,PENCO-6P123,Locker,10 51 13,"Penco Invincible II Defiant II. Locker. 24""W x 18""D x 72""H. 1-tier. Cat.No 6P123",24,18,72,,,,USD,EA
Penco,PENCO-6P125,Locker,10 51 13,"Penco Invincible II Defiant II. Locker. 18""W x 21""D x 72""H. 1-tier. Cat.No 6P125",18,21,72,,,,USD,EA
Penco,PENCO-6P126,Locker,10 51 13,"Penco Invincible II Defiant II. Locker. 15""W x 24""D x 60""H. 1-tier. Cat.No 6P126",15,24,60,,,,USD,EA
Penco,PENCO-6P127,Locker,10 51 13,"Penco Invincible II Defiant II. Locker. 24""W x 24""D x 72""H. 1-tier. Cat.No 6P127",24,24,72,,,,USD,EA
Penco,PENCO-6P129,Locker,10 51 13,"Penco Invincible II Defiant II. Locker. 12""D x 60""H. 1-tier. Cat.No 6P129",,12,60,,,,USD,EA
Penco,PENCO-6P131,Locker,10 51 13,"Penco Invincible II Defiant II. Locker. 15""D x 60""H. 1-tier. Cat.No 6P131",,15,60,,,,USD,EA
Penco,PENCO-6P133,Locker,10 51 13,"Penco Invincible II Defiant II. Locker. 12""W x 21""D x 60""H. 1-tier. Cat.No 6P133",12,21,60,,,,USD,EA
Penco,PENCO-6P135,Locker,10 51 13,"Penco Invincible II Defiant II. Locker. 12""W x 18""D x 60""H. 1-tier. Cat.No 6P135",12,18,60,,,,USD,EA
Penco,PENCO-6P137,Locker,10 51 13,"Penco Invincible II Defiant II. Locker. 12""W x 24""D x 60""H. 1-tier. Cat.No 6P137",12,24,60,,,,USD,EA
Penco,PENCO-6P141,Locker,10 51 13,"Penco Invincible II Defiant II. Locker. 12""W x 12""D x 60""H. 1-tier. Cat.No 6P141",12,12,60,,,,USD,EA
Penco,PENCO-6P143,Locker,10 51 13,"Penco Invincible II Defiant II. Locker. 12""W x 15""D x 60""H. 1-tier. Cat.No 6P143",12,15,60,,,,USD,EA
Penco,PENCO-6P145,Locker,10 51 13,"Penco Invincible II Defiant II. Locker. 15""W x 18""D x 60""H. 1-tier. Cat.No 6P145",15,18,60,,,,USD,EA
Penco,PENCO-6P147,Locker,10 51 13,"Penco Invincible II Defiant II. Locker. 15""W x 21""D x 60""H. 1-tier. Cat.No 6P147",15,21,60,,,,USD,EA
Penco,PENCO-6P149,Locker,10 51 13,"Penco Invincible II Defiant II. Locker. 15""W x 15""D x 60""H. 1-tier. Cat.No 6P149",15,15,60,,,,USD,EA
Penco,PENCO-6P151,Locker,10 51 13,"Penco Invincible II Defiant II. Locker. 18""W x 18""D x 60""H. 1-tier. Cat.No 6P151",18,18,60,,,,USD,EA
Penco,PENCO-6P153,Locker,10 51 13,"Penco Invincible II Defiant II. Locker. 21""W x 21""D x 60""H. 1-tier. Cat.No 6P153",21,21,60,,,,USD,EA
Penco,PENCO-6P155,Locker,10 51 13,"Penco Invincible II Defiant II. Locker. 24""W x 24""D x 60""H. 1-tier. Cat.No 6P155",24,24,60,,,,USD,EA
Penco,PENCO-6P157,Locker,10 51 13,"Penco Invincible II Defiant II. Locker. 18""W x 12""D x 72""H. 2-tier. Cat.No 6P157",18,12,72,,,,USD,EA
Penco,PENCO-6P159,Locker,10 51 13,"Penco Invincible II Defiant II. Locker. 21""W x 15""D x 72""H. 2-tier. Cat.No 6P159",21,15,72,,,,USD,EA
Penco,PENCO-6P161,Locker,10 51 13,"Penco Invincible II Defiant II. Locker. 12""W x 18""D x 72""H. 2-tier. Cat.No 6P161",12,18,72,,,,USD,EA
Penco,PENCO-6P163,Locker,10 51 13,"Penco Invincible II Defiant II. Locker. 12""W x 21""D x 72""H. 2-tier. Cat.No 6P163",12,21,72,,,,USD,EA
Penco,PENCO-6P165,Locker,10 51 13,"Penco Invincible II Defiant II. Locker. 12""D x 72""H. 1-tier. Cat.No 6P165",,12,72,,,,USD,EA
Penco,PENCO-6P167,Locker,10 51 13,"Penco Invincible II Defiant II. Locker. 12""W x 24""D x 72""H. 1-tier. Cat.No 6P167",12,24,72,,,,USD,EA
Penco,PENCO-6P169,Locker,10 51 13,"Penco Invincible II Defiant II. Locker. 12""W x 15""D x 72""H. 1-tier. Cat.No 6P169",12,15,72,,,,USD,EA
Penco,PENCO-6P171,Locker,10 51 13,"Penco Invincible II Defiant II. Locker. 15""W x 18""D x 72""H. 1-tier. Cat.No 6P171",15,18,72,,,,USD,EA
Penco,PENCO-6P172,Locker,10 51 13,"Penco Invincible II Defiant II. Locker. 021""W x 24""D x 72""H. 1-tier. Cat.No 6P172",021,24,72,,,,USD,EA
Penco,PENCO-6P173,Locker,10 51 13,"Penco Invincible II Defiant II. Locker. 18""W x 21""D x 72""H. 1-tier. Cat.No 6P173",18,21,72,,,,USD,EA
Penco,PENCO-6P175,Locker,10 51 13,"Penco Invincible II Defiant II. Locker. 12""W x 15""D x 72""H. 1-tier. Cat.No 6P175",12,15,72,,,,USD,EA
Penco,PENCO-6P177,Locker,10 51 13,"Penco Invincible II Defiant II. Locker. 18""W x 18""D x 72""H. 1-tier. Cat.No 6P177",18,18,72,,,,USD,EA
Penco,PENCO-6P179,Locker,10 51 13,"Penco Invincible II Defiant II. Locker. 18""W x 21""D x 72""H. 1-tier. Cat.No 6P179",18,21,72,,,,USD,EA
Penco,PENCO-6P181,Locker,10 51 13,"Penco Invincible II Defiant II. Locker. 036""W x 24""D x 72""H. 1-tier. Cat.No 6P181",036,24,72,,,,USD,EA
Penco,PENCO-6P182,Locker,10 51 13,"Penco Invincible II Defiant II. Locker. 12""W x 15""D x 72""H. 1-tier. Cat.No 6P182",12,15,72,,,,USD,EA
Penco,PENCO-6P200,Locker,10 51 13,"Penco Invincible II Defiant II. Locker. 21""W x 24""D x 60""H. 1-tier. Cat.No 6P200",21,24,60,,,,USD,EA
Penco,PENCO-6P206,Locker,10 51 13,"Penco Invincible II Defiant II. Locker. 21""W x 21""D x 60""H. 1-tier. Cat.No 6P206",21,21,60,,,,USD,EA
Penco,PENCO-6P208,Locker,10 51 13,"Penco Invincible II Defiant II. Locker. 24""W x 12""D x 60""H. 1-tier. Cat.No 6P208",24,12,60,,,,USD,EA
Penco,PENCO-6P212,Locker,10 51 13,"Penco Invincible II Defiant II. Locker. 24""W x 24""D x 60""H. 1-tier. Cat.No 6P212",24,24,60,,,,USD,EA
Penco,PENCO-6P213,Locker,10 51 13,"Penco Invincible II Defiant II. Locker. 12""W x 12""D x 60""H. 1-tier. Cat.No 6P213",12,12,60,,,,USD,EA
Penco,PENCO-6P215,Locker,10 51 13,"Penco Invincible II Defiant II. Locker. 12""W x 15""D x 60""H. 1-tier. Cat.No 6P215",12,15,60,,,,USD,EA
Penco,PENCO-6P217,Locker,10 51 13,"Penco Invincible II Defiant II. Locker. 12""W x 18""D x 60""H. 1-tier. Cat.No 6P217",12,18,60,,,,USD,EA
Penco,PENCO-6P223,Locker,10 51 13,"Penco Invincible II Defiant II. Locker. 15""W x 15""D x 60""H. 1-tier. Cat.No 6P223",15,15,60,,,,USD,EA
Penco,PENCO-6P225,Locker,10 51 13,"Penco Invincible II Defiant II. Locker. 12""W x 15""D x 60""H. 1-tier. Cat.No 6P225",12,15,60,,,,USD,EA
Penco,PENCO-6P227,Locker,10 51 13,"Penco Invincible II Defiant II. Locker. 18""W x 18""D x 60""H. 1-tier. Cat.No 6P227",18,18,60,,,,USD,EA
Penco,PENCO-6P228,Locker,10 51 13,"Penco Invincible II Defiant II. Locker. 12""W x 12""D x 72""H. 1-tier. Cat.No 6P228",12,12,72,,,,USD,EA
Penco,PENCO-6P229,Locker,10 51 13,"Penco Invincible II Defiant II. Locker. 21""W x 21""D x 60""H. 1-tier. Cat.No 6P229",21,21,60,,,,USD,EA
Penco,PENCO-6P231,Locker,10 51 13,"Penco Invincible II Defiant II. Locker. 24""W x 24""D x 60""H. 1-tier. Cat.No 6P231",24,24,60,,,,USD,EA
Penco,PENCO-6P233,Locker,10 51 13,"Penco Invincible II Defiant II. Locker. 24""W x 18""D x 60""H. 1-tier. Cat.No 6P233",24,18,60,,,,USD,EA
Penco,PENCO-6P235,Locker,10 51 13,"Penco Invincible II Defiant II. Locker. 21""W x 21""D x 60""H. 1-tier. Cat.No 6P235",21,21,60,,,,USD,EA
Penco,PENCO-6P237,Locker,10 51 13,"Penco Invincible II Defiant II. Locker. 24""W x 24""D x 60""H. 1-tier. Cat.No 6P237",24,24,60,,,,USD,EA
Penco,PENCO-6P239,Locker,10 51 13,"Penco Invincible II Defiant II. Locker. 15""W x 18""D x 60""H. 1-tier. Cat.No 6P239",15,18,60,,,,USD,EA
Penco,PENCO-6P241,Locker,10 51 13,"Penco Invincible II Defiant II. Locker. 18""W x 21""D x 60""H. 1-tier. Cat.No 6P241",18,21,60,,,,USD,EA
Penco,PENCO-6P245,Locker,10 51 13,"Penco Invincible II Defiant II. Locker. 12""W x 12""D x 72""H. 2-tier. Cat.No 6P245",12,12,72,,,,USD,EA
Penco,PENCO-6P247,Locker,10 51 13,"Penco Invincible II Defiant II. Locker. 15""W x 15""D x 72""H. 2-tier. Cat.No 6P247",15,15,72,,,,USD,EA
Penco,PENCO-6P249,Locker,10 51 13,"Penco Invincible II Defiant II. Locker. 12""W x 18""D x 72""H. 1-tier. Cat.No 6P249",12,18,72,,,,USD,EA
Penco,PENCO-6P251,Locker,10 51 13,"Penco Invincible II Defiant II. Locker. 21""W x 21""D x 72""H. 1-tier. Cat.No 6P251",21,21,72,,,,USD,EA
Penco,PENCO-6P252,Locker,10 51 13,"Penco Invincible II Defiant II. Locker. 24""W x 24""D x 72""H. 1-tier. Cat.No 6P252",24,24,72,,,,USD,EA
Penco,PENCO-6P253,Locker,10 51 13,"Penco Invincible II Defiant II. Locker. 24""W x 24""D x 72""H. 1-tier. Cat.No 6P253",24,24,72,,,,USD,EA
Penco,PENCO-6P257,Locker,10 51 13,"Penco Invincible II Defiant II. Locker. 15""W x 15""D x 72""H. 1-tier. Cat.No 6P257",15,15,72,,,,USD,EA
Penco,PENCO-6P259,Locker,10 51 13,"Penco Invincible II Defiant II. Locker. 15""W x 18""D x 72""H. 1-tier. Cat.No 6P259",15,18,72,,,,USD,EA
Penco,PENCO-6P261,Locker,10 51 13,"Penco Invincible II Defiant II. Locker. 21""W x 21""D x 72""H. 1-tier. Cat.No 6P261",21,21,72,,,,USD,EA
Penco,PENCO-6P263,Locker,10 51 13,"Penco Invincible II Defiant II. Locker. 15""W x 15""D x 72""H. 1-tier. Cat.No 6P263",15,15,72,,,,USD,EA
Penco,PENCO-6P265,Locker,10 51 13,"Penco Invincible II Defiant II. Locker. 18""W x 18""D x 72""H. 1-tier. Cat.No 6P265",18,18,72,,,,USD,EA
Penco,PENCO-6P267,Locker,10 51 13,"Penco Invincible II Defiant II. Locker. 21""W x 21""D x 72""H. 1-tier. Cat.No 6P267",21,21,72,,,,USD,EA
Penco,PENCO-6P269,Locker,10 51 13,"Penco Invincible II Defiant II. Locker. 24""W x 24""D x 72""H. 1-tier. Cat.No 6P269",24,24,72,,,,USD,EA
Penco,PENCO-6P271,Locker,10 51 13,"Penco Invincible II Defiant II. Locker. 24""W x 18""D x 72""H. 1-tier. Cat.No 6P271",24,18,72,,,,USD,EA
Penco,PENCO-6P273,Locker,10 51 13,"Penco Invincible II Defiant II. Locker. 21""W x 21""D x 72""H. 1-tier. Cat.No 6P273",21,21,72,,,,USD,EA
Penco,PENCO-6P275,Locker,10 51 13,"Penco Invincible II Defiant II. Locker. 2""W x 24""D x 72""H. 2-tier. Cat.No 6P275",2,24,72,,,,USD,EA
Penco,PENCO-6P500,Locker,10 51 13,"Penco Invincible II Defiant II. Locker. 24""W x 12""D x 72""H. 1-tier. Cat.No 6P500",24,12,72,,,,USD,EA
Penco,PENCO-6P501,Locker,10 51 13,"Penco Invincible II Defiant II. Locker. 12""W x 12""D x 60""H. 1-tier. Cat.No 6P501",12,12,60,,,,USD,EA
Penco,PENCO-6P508,Locker,10 51 13,"Penco Invincible II Defiant II. Locker. 12""W x 12""D x 72""H. 1-tier. Cat.No 6P508",12,12,72,,,,USD,EA
Penco,PENCO-6P701,Locker,10 51 13,"Penco Invincible II Defiant II. Locker. 15""W x 15""D x 72""H. 1-tier. Cat.No 6P701",15,15,72,,,,USD,EA
Penco,PENCO-6P220,Locker,10 51 13,"Penco Invincible II Defiant II. Locker. 18""W x 18""D x 60""H. 3-tier. Cat.No 6P220",18,18,60,,,,USD,EA
Penco,PENCO-6P221,Locker,10 51 13,"Penco Invincible II Defiant II. Locker. 18""W x 18""D x 72""H. 3-tier. Cat.No 6P221",18,18,72,,,,USD,EA
Penco,PENCO-6P222,Locker,10 51 13,"Penco Invincible II Defiant II. Locker. 24""W x 24""D x 60""H. 6-tier. Cat.No 6P222",24,24,60,,,,USD,EA
Penco,PENCO-6P281,Locker,10 51 13,"Penco Invincible II Defiant II. Locker. 12""W x 12""D x 72""H. 3-tier. Cat.No 6P281",12,12,72,,,,USD,EA
Penco,PENCO-6P283,Locker,10 51 13,"Penco Invincible II Defiant II. Locker. 15""W x 15""D x 72""H. 3-tier. Cat.No 6P283",15,15,72,,,,USD,EA
Penco,PENCO-6P285,Locker,10 51 13,"Penco Invincible II Defiant II. Locker. 12""W x 18""D x 72""H. 3-tier. Cat.No 6P285",12,18,72,,,,USD,EA
Penco,PENCO-6P287,Locker,10 51 13,"Penco Invincible II Defiant II. Locker. 12""W x 12""D x 60""H. 3-tier. Cat.No 6P287",12,12,60,,,,USD,EA
Penco,PENCO-6P289,Locker,10 51 13,"Penco Invincible II Defiant II. Locker. 15""W x 15""D x 60""H. 3-tier. Cat.No 6P289",15,15,60,,,,USD,EA
Penco,PENCO-6P291,Locker,10 51 13,"Penco Invincible II Defiant II. Locker. 12""W x 18""D x 60""H. 3-tier. Cat.No 6P291",12,18,60,,,,USD,EA
Penco,PENCO-6P292,Locker,10 51 13,"Penco Invincible II Defiant II. Locker. 24""W x 24""D x 60""H. 3-tier. Cat.No 6P292",24,24,60,,,,USD,EA
Penco,PENCO-6P293,Locker,10 51 13,"Penco Invincible II Defiant II. Locker. 15""W x 15""D x 60""H. 3-tier. Cat.No 6P293",15,15,60,,,,USD,EA
Penco,PENCO-6P295,Locker,10 51 13,"Penco Invincible II Defiant II. Locker. 15""W x 18""D x 60""H. 3-tier. Cat.No 6P295",15,18,60,,,,USD,EA
Penco,PENCO-6P297,Locker,10 51 13,"Penco Invincible II Defiant II. Locker. 21""W x 21""D x 60""H. 3-tier. Cat.No 6P297",21,21,60,,,,USD,EA
Penco,PENCO-6P301,Locker,10 51 13,"Penco Invincible II Defiant II. Locker. 15""W x 15""D x 72""H. 3-tier. Cat.No 6P301",15,15,72,,,,USD,EA
Penco,PENCO-6P303,Locker,10 51 13,"Penco Invincible II Defiant II. Locker. 15""W x 18""D x 72""H. 3-tier. Cat.No 6P303",15,18,72,,,,USD,EA
Penco,PENCO-6P305,Locker,10 51 13,"Penco Invincible II Defiant II. Locker. 21""W x 21""D x 72""H. 3-tier. Cat.No 6P305",21,21,72,,,,USD,EA
Penco,PENCO-6P306,Locker,10 51 13,"Penco Invincible II Defiant II. Locker. 21""W x 21""D x 60""H. 3-tier. Cat.No 6P306",21,21,60,,,,USD,EA
Penco,PENCO-6P308,Locker,10 51 13,"Penco Invincible II Defiant II. Locker. 12""W x 12""D x 60""H. 3-tier. Cat.No 6P308",12,12,60,,,,USD,EA
Penco,PENCO-6P312,Locker,10 51 13,"Penco Invincible II Defiant II. Locker. 24""W x 24""D x 60""H. 3-tier. Cat.No 6P312",24,24,60,,,,USD,EA
Penco,PENCO-6P314,Locker,10 51 13,"Penco Invincible II Defiant II. Locker. 21""W x 21""D x 60""H. 3-tier. Cat.No 6P314",21,21,60,,,,USD,EA
Penco,PENCO-6P326,Locker,10 51 13,"Penco Invincible II Defiant II. Locker. 21""W x 21""D x 72""H. 3-tier. Cat.No 6P326",21,21,72,,,,USD,EA
Penco,PENCO-6P327,Locker,10 51 13,"Penco Invincible II Defiant II. Locker. 21""W x 24""D x 72""H. 3-tier. Cat.No 6P327",21,24,72,,,,USD,EA
Penco,PENCO-6P328,Locker,10 51 13,"Penco Invincible II Defiant II. Locker. 12""W x 12""D x 72""H. 3-tier. Cat.No 6P328",12,12,72,,,,USD,EA
Penco,PENCO-6P332,Locker,10 51 13,"Penco Invincible II Defiant II. Locker. 21""W x 24""D x 72""H. 3-tier. Cat.No 6P332",21,24,72,,,,USD,EA
Penco,PENCO-6P519,Locker,10 51 13,"Penco Invincible II Defiant II. Locker. 21""W x 21""D x 72""H. 3-tier. Cat.No 6P519",21,21,72,,,,USD,EA
Penco,PENCO-6P520,Locker,10 51 13,"Penco Invincible II Defiant II. Locker. 21""W x 24""D x 72""H. 3-tier. Cat.No 6P520",21,24,72,,,,USD,EA
Penco,PENCO-6P726,Locker,10 51 13,"Penco Invincible II Defiant II. Locker. 24""W x 24""D x 60""H. 6-tier. Cat.No 6P726",24,24,60,,,,USD,EA
Penco,PENCO-6P729,Locker,10 51 13,"Penco Invincible II Defiant II. Locker. 12""W x 12""D x 60""H. 3-tier. Cat.No 6P729",12,12,60,,,,USD,EA
Penco,PENCO-6P730,Locker,10 51 13,"Penco Invincible II Defiant II. Locker. 15""W x 15""D x 60""H. 3-tier. Cat.No 6P730",15,15,60,,,,USD,EA
Penco,PENCO-6P735,Locker,10 51 13,"Penco Invincible II Defiant II. Locker. 12""W x 12""D x 72""H. 3-tier. Cat.No 6P735",12,12,72,,,,USD,EA
Penco,PENCO-6P736,Locker,10 51 13,"Penco Invincible II Defiant II. Locker. 15""W x 15""D x 72""H. 3-tier. Cat.No 6P736",15,15,72,,,,USD,EA
Penco,PENCO-6P740,Locker,10 51 13,"Penco Invincible II Defiant II. Locker. 24""W x 24""D x 72""H. 3-tier. Cat.No 6P740",24,24,72,,,,USD,EA
Penco,PENCO-6G011,Locker,10 51 13,"Penco Welded Gen2. Locker. 12""W x 12""D x 36.5""H. 2-tier. Cat.No 6G011",12,12,36.5,,,,USD,EA
Penco,PENCO-6G013,Locker,10 51 13,"Penco Welded Gen2. Locker. 15""W x 15""D x 36.5""H. 2-tier. Cat.No 6G013",15,15,36.5,,,,USD,EA
Penco,PENCO-6G014,Locker,10 51 13,"Penco Welded Gen2. Locker. 21""W x 21""D x 36.5""H. 2-tier. Cat.No 6G014",21,21,36.5,,,,USD,EA
Penco,PENCO-6G015,Locker,10 51 13,"Penco Welded Gen2. Locker. 12""W x 18""D x 36.5""H. 2-tier. Cat.No 6G015",12,18,36.5,,,,USD,EA
Penco,PENCO-6G016,Locker,10 51 13,"Penco Welded Gen2. Locker. 24""W x 24""D x 36.5""H. 2-tier. Cat.No 6G016",24,24,36.5,,,,USD,EA
Penco,PENCO-6G017,Locker,10 51 13,"Penco Welded Gen2. Locker. 12""W x 12""D x 48.5""H. 1-tier. Cat.No 6G017",12,12,48.5,,,,USD,EA
Penco,PENCO-6G018,Locker,10 51 13,"Penco Welded Gen2. Locker. 12""W x 12""D x 36.5""H. 2-tier. Cat.No 6G018",12,12,36.5,,,,USD,EA
Penco,PENCO-6G019,Locker,10 51 13,"Penco Welded Gen2. Locker. 15""W x 15""D x 48.5""H. 1-tier. Cat.No 6G019",15,15,48.5,,,,USD,EA
Penco,PENCO-6G021,Locker,10 51 13,"Penco Welded Gen2. Locker. 12""W x 18""D x 48.5""H. 1-tier. Cat.No 6G021",12,18,48.5,,,,USD,EA
Penco,PENCO-6G022,Locker,10 51 13,"Penco Welded Gen2. Locker. 15""W x 15""D x 36.5""H. 2-tier. Cat.No 6G022",15,15,36.5,,,,USD,EA
Penco,PENCO-6G023,Locker,10 51 13,"Penco Welded Gen2. Locker. 15""W x 18""D x 36.5""H. 2-tier. Cat.No 6G023",15,18,36.5,,,,USD,EA
Penco,PENCO-6G024,Locker,10 51 13,"Penco Welded Gen2. Locker. 21""W x 21""D x 36.5""H. 2-tier. Cat.No 6G024",21,21,36.5,,,,USD,EA
Penco,PENCO-6G025,Locker,10 51 13,"Penco Welded Gen2. Locker. 24""W x 24""D x 36.5""H. 2-tier. Cat.No 6G025",24,24,36.5,,,,USD,EA
Penco,PENCO-6G026,Locker,10 51 13,"Penco Welded Gen2. Locker. 12""W x 12""D x 36.5""H. 2-tier. Cat.No 6G026",12,12,36.5,,,,USD,EA
Penco,PENCO-6G027,Locker,10 51 13,"Penco Welded Gen2. Locker. 15""W x 15""D x 36.5""H. 2-tier. Cat.No 6G027",15,15,36.5,,,,USD,EA
Penco,PENCO-6G029,Locker,10 51 13,"Penco Welded Gen2. Locker. 21""W x 21""D x 36.5""H. 2-tier. Cat.No 6G029",21,21,36.5,,,,USD,EA
Penco,PENCO-6G030,Locker,10 51 13,"Penco Welded Gen2. Locker. 24""W x 24""D x 36.5""H. 2-tier. Cat.No 6G030",24,24,36.5,,,,USD,EA
Penco,PENCO-6G032,Locker,10 51 13,"Penco Welded Gen2. Locker. 21""W x 21""D x 48.5""H. 1-tier. Cat.No 6G032",21,21,48.5,,,,USD,EA
Penco,PENCO-6G033,Locker,10 51 13,"Penco Welded Gen2. Locker. 24""W x 24""D x 48.5""H. 2-tier. Cat.No 6G033",24,24,48.5,,,,USD,EA
Penco,PENCO-6G034,Locker,10 51 13,"Penco Welded Gen2. Locker. 12""W x 12""D x 48.5""H. 2-tier. Cat.No 6G034",12,12,48.5,,,,USD,EA
Penco,PENCO-6G035,Locker,10 51 13,"Penco Welded Gen2. Locker. 15""W x 15""D x 48.5""H. 2-tier. Cat.No 6G035",15,15,48.5,,,,USD,EA
Penco,PENCO-6G036,Locker,10 51 13,"Penco Welded Gen2. Locker. 15""W x 18""D x 48.5""H. 2-tier. Cat.No 6G036",15,18,48.5,,,,USD,EA
Penco,PENCO-6G037,Locker,10 51 13,"Penco Welded Gen2. Locker. 21""W x 21""D x 48.5""H. 2-tier. Cat.No 6G037",21,21,48.5,,,,USD,EA
Penco,PENCO-6G038,Locker,10 51 13,"Penco Welded Gen2. Locker. 24""W x 24""D x 48.5""H. 2-tier. Cat.No 6G038",24,24,48.5,,,,USD,EA
Penco,PENCO-6G039,Locker,10 51 13,"Penco Welded Gen2. Locker. 12""W x 12""D x 48.5""H. 2-tier. Cat.No 6G039",12,12,48.5,,,,USD,EA
Penco,PENCO-6G040,Locker,10 51 13,"Penco Welded Gen2. Locker. 15""W x 15""D x 48.5""H. 2-tier. Cat.No 6G040",15,15,48.5,,,,USD,EA
Penco,PENCO-6G041,Locker,10 51 13,"Penco Welded Gen2. Locker. 18""W x 18""D x 48.5""H. 2-tier. Cat.No 6G041",18,18,48.5,,,,USD,EA
Penco,PENCO-6G042,Locker,10 51 13,"Penco Welded Gen2. Locker. 21""W x 21""D x 48.5""H. 2-tier. Cat.No 6G042",21,21,48.5,,,,USD,EA
Penco,PENCO-6G043,Locker,10 51 13,"Penco Welded Gen2. Locker. 24""W x 24""D x 48.5""H. 2-tier. Cat.No 6G043",24,24,48.5,,,,USD,EA
Penco,PENCO-6G052,Locker,10 51 13,"Penco Welded Gen2. Locker. 9""W x 24""D x 60""H. 1-tier. Cat.No 6G052",9,24,60,,,,USD,EA
Penco,PENCO-6G053,Locker,10 51 13,"Penco Welded Gen2. Locker. 12""W x 12""D x 60""H. 2-tier. Cat.No 6G053",12,12,60,,,,USD,EA
Penco,PENCO-6G054,Locker,10 51 13,"Penco Welded Gen2. Locker. 15""W x 15""D x 60""H. 2-tier. Cat.No 6G054",15,15,60,,,,USD,EA
Penco,PENCO-6G056,Locker,10 51 13,"Penco Welded Gen2. Locker. 9""W x 21""D x 72""H. 2-tier. Cat.No 6G056",9,21,72,,,,USD,EA
Penco,PENCO-6G057,Locker,10 51 13,"Penco Welded Gen2. Locker. 24""D x 72""H. 2-tier. Cat.No 6G057",,24,72,,,,USD,EA
Penco,PENCO-6G058,Locker,10 51 13,"Penco Welded Gen2. Locker. 12""W x 12""D x 72""H. 1-tier. Cat.No 6G058",12,12,72,,,,USD,EA
Penco,PENCO-6G091,Locker,10 51 13,"Penco Welded Gen2. Locker. 12""W x 12""D x 60""H. 2-tier. Cat.No 6G091",12,12,60,,,,USD,EA
Penco,PENCO-6G092,Locker,10 51 13,"Penco Welded Gen2. Locker. 12""W x 12""D x 60""H. 2-tier. Cat.No 6G092",12,12,60,,,,USD,EA
Penco,PENCO-6G093,Locker,10 51 13,"Penco Welded Gen2. Locker. 1""W x 15""D x 60""H. 1-tier. Cat.No 6G093",1,15,60,,,,USD,EA
Penco,PENCO-6G099,Locker,10 51 13,"Penco Welded Gen2. Locker. 18""W x 12""D x 72""H. 1-tier. Cat.No 6G099",18,12,72,,,,USD,EA
Penco,PENCO-6G101,Locker,10 51 13,"Penco Welded Gen2. Locker. 12""D x 60""H. 1-tier. Cat.No 6G101",,12,60,,,,USD,EA
Penco,PENCO-6G103,Locker,10 51 13,"Penco Welded Gen2. Locker. 15""D x 60""H. 1-tier. Cat.No 6G103",,15,60,,,,USD,EA
Penco,PENCO-6G105,Locker,10 51 13,"Penco Welded Gen2. Locker. 9""W x 18""D x 60""H. 1-tier. Cat.No 6G105",9,18,60,,,,USD,EA
Penco,PENCO-6G107,Locker,10 51 13,"Penco Welded Gen2. Locker. 18""W x 12""D x 72""H. 1-tier. Cat.No 6G107",18,12,72,,,,USD,EA
Penco,PENCO-6G108,Locker,10 51 13,"Penco Welded Gen2. Locker. 9""W x 21""D x 60""H. 1-tier. Cat.No 6G108",9,21,60,,,,USD,EA
Penco,PENCO-6G109,Locker,10 51 13,"Penco Welded Gen2. Locker. 21""W x 15""D x 72""H. 1-tier. Cat.No 6G109",21,15,72,,,,USD,EA
Penco,PENCO-6G111,Locker,10 51 13,"Penco Welded Gen2. Locker. 9""W x 18""D x 72""H. 1-tier. Cat.No 6G111",9,18,72,,,,USD,EA
Penco,PENCO-6G112,Locker,10 51 13,"Penco Welded Gen2. Locker. 24""W x 24""D x 60""H. 2-tier. Cat.No 6G112",24,24,60,,,,USD,EA
Penco,PENCO-6G117,Locker,10 51 13,"Penco Welded Gen2. Locker. 24""W x 18""D x 60""H. 2-tier. Cat.No 6G117",24,18,60,,,,USD,EA
Penco,PENCO-6G119,Locker,10 51 13,"Penco Welded Gen2. Locker. 21""W x 21""D x 60""H. 2-tier. Cat.No 6G119",21,21,60,,,,USD,EA
Penco,PENCO-6G121,Locker,10 51 13,"Penco Welded Gen2. Locker. 24""W x 24""D x 60""H. 2-tier. Cat.No 6G121",24,24,60,,,,USD,EA
Penco,PENCO-6G123,Locker,10 51 13,"Penco Welded Gen2. Locker. 24""W x 18""D x 72""H. 1-tier. Cat.No 6G123",24,18,72,,,,USD,EA
Penco,PENCO-6G125,Locker,10 51 13,"Penco Welded Gen2. Locker. 21""W x 21""D x 72""H. 1-tier. Cat.No 6G125",21,21,72,,,,USD,EA
Penco,PENCO-6G127,Locker,10 51 13,"Penco Welded Gen2. Locker. 24""W x 24""D x 72""H. 1-tier. Cat.No 6G127",24,24,72,,,,USD,EA
Penco,PENCO-6G129,Locker,10 51 13,"Penco Welded Gen2. Locker. 9""W x 12""D x 60""H. 1-tier. Cat.No 6G129",9,12,60,,,,USD,EA
Penco,PENCO-6G131,Locker,10 51 13,"Penco Welded Gen2. Locker. 9""W x 15""D x 60""H. 1-tier. Cat.No 6G131",9,15,60,,,,USD,EA
Penco,PENCO-6G133,Locker,10 51 13,"Penco Welded Gen2. Locker. 12""W x 21""D x 60""H. 1-tier. Cat.No 6G133",12,21,60,,,,USD,EA
Penco,PENCO-6G135,Locker,10 51 13,"Penco Welded Gen2. Locker. 12""W x 18""D x 60""H. 1-tier. Cat.No 6G135",12,18,60,,,,USD,EA
Penco,PENCO-6G137,Locker,10 51 13,"Penco Welded Gen2. Locker. 12""W x 24""D x 60""H. 1-tier. Cat.No 6G137",12,24,60,,,,USD,EA
Penco,PENCO-6G141,Locker,10 51 13,"Penco Welded Gen2. Locker. 12""W x 12""D x 60""H. 2-tier. Cat.No 6G141",12,12,60,,,,USD,EA
Penco,PENCO-6G143,Locker,10 51 13,"Penco Welded Gen2. Locker. 15""W x 15""D x 60""H. 2-tier. Cat.No 6G143",15,15,60,,,,USD,EA
Penco,PENCO-6G145,Locker,10 51 13,"Penco Welded Gen2. Locker. 15""W x 18""D x 60""H. 2-tier. Cat.No 6G145",15,18,60,,,,USD,EA
Penco,PENCO-6G147,Locker,10 51 13,"Penco Welded Gen2. Locker. 21""W x 21""D x 60""H. 2-tier. Cat.No 6G147",21,21,60,,,,USD,EA
Penco,PENCO-6G149,Locker,10 51 13,"Penco Welded Gen2. Locker. 15""W x 15""D x 60""H. 2-tier. Cat.No 6G149",15,15,60,,,,USD,EA
Penco,PENCO-6G151,Locker,10 51 13,"Penco Welded Gen2. Locker. 18""W x 18""D x 60""H. 2-tier. Cat.No 6G151",18,18,60,,,,USD,EA
Penco,PENCO-6G153,Locker,10 51 13,"Penco Welded Gen2. Locker. 21""W x 21""D x 60""H. 2-tier. Cat.No 6G153",21,21,60,,,,USD,EA
Penco,PENCO-6G155,Locker,10 51 13,"Penco Welded Gen2. Locker. 24""W x 24""D x 60""H. 2-tier. Cat.No 6G155",24,24,60,,,,USD,EA
Penco,PENCO-6G157,Locker,10 51 13,"Penco Welded Gen2. Locker. 12""W x 12""D x 72""H. 2-tier. Cat.No 6G157",12,12,72,,,,USD,EA
Penco,PENCO-6G159,Locker,10 51 13,"Penco Welded Gen2. Locker. 15""W x 15""D x 72""H. 2-tier. Cat.No 6G159",15,15,72,,,,USD,EA
Penco,PENCO-6G161,Locker,10 51 13,"Penco Welded Gen2. Locker. 12""W x 18""D x 72""H. 2-tier. Cat.No 6G161",12,18,72,,,,USD,EA
Penco,PENCO-6G163,Locker,10 51 13,"Penco Welded Gen2. Locker. 21""W x 21""D x 72""H. 2-tier. Cat.No 6G163",21,21,72,,,,USD,EA
Penco,PENCO-6G165,Locker,10 51 13,"Penco Welded Gen2. Locker. 12""W x 12""D x 72""H. 2-tier. Cat.No 6G165",12,12,72,,,,USD,EA
Penco,PENCO-6G167,Locker,10 51 13,"Penco Welded Gen2. Locker. 24""W x 24""D x 72""H. 2-tier. Cat.No 6G167",24,24,72,,,,USD,EA
Penco,PENCO-6G169,Locker,10 51 13,"Penco Welded Gen2. Locker. 15""W x 15""D x 72""H. 2-tier. Cat.No 6G169",15,15,72,,,,USD,EA
Penco,PENCO-6G171,Locker,10 51 13,"Penco Welded Gen2. Locker. 15""W x 18""D x 72""H. 2-tier. Cat.No 6G171",15,18,72,,,,USD,EA
Penco,PENCO-6G172,Locker,10 51 13,"Penco Welded Gen2. Locker. 24""W x 24""D x 72""H. 2-tier. Cat.No 6G172",24,24,72,,,,USD,EA
Penco,PENCO-6G173,Locker,10 51 13,"Penco Welded Gen2. Locker. 21""W x 21""D x 72""H. 2-tier. Cat.No 6G173",21,21,72,,,,USD,EA
Penco,PENCO-6G175,Locker,10 51 13,"Penco Welded Gen2. Locker. 15""W x 15""D x 72""H. 1-tier. Cat.No 6G175",15,15,72,,,,USD,EA
Penco,PENCO-6G177,Locker,10 51 13,"Penco Welded Gen2. Locker. 18""W x 18""D x 72""H. 1-tier. Cat.No 6G177",18,18,72,,,,USD,EA
Penco,PENCO-6G179,Locker,10 51 13,"Penco Welded Gen2. Locker. 21""W x 21""D x 72""H. 1-tier. Cat.No 6G179",21,21,72,,,,USD,EA
Penco,PENCO-6G181,Locker,10 51 13,"Penco Welded Gen2. Locker. 24""W x 24""D x 72""H. 1-tier. Cat.No 6G181",24,24,72,,,,USD,EA
Penco,PENCO-6G182,Locker,10 51 13,"Penco Welded Gen2. Locker. 15""W x 15""D x 72""H. 1-tier. Cat.No 6G182",15,15,72,,,,USD,EA
Penco,PENCO-6G206,Locker,10 51 13,"Penco Welded Gen2. Locker. 21""W x 60""D x 21""H. 2-tier. Cat.No 6G206",21,60,21,,,,USD,EA
Penco,PENCO-6G207,Locker,10 51 13,"Penco Welded Gen2. Locker. 24""W x 24""D x 60""H. 2-tier. Cat.No 6G207",24,24,60,,,,USD,EA
Penco,PENCO-6G208,Locker,10 51 13,"Penco Welded Gen2. Locker. 12""W x 12""D x 60""H. 2-tier. Cat.No 6G208",12,12,60,,,,USD,EA
Penco,PENCO-6G212,Locker,10 51 13,"Penco Welded Gen2. Locker. 24""W x 24""D x 60""H. 2-tier. Cat.No 6G212",24,24,60,,,,USD,EA
Penco,PENCO-6G213,Locker,10 51 13,"Penco Welded Gen2. Locker. 12""W x 60""D x 12""H. 2-tier. Cat.No 6G213",12,60,12,,,,USD,EA
Penco,PENCO-6G215,Locker,10 51 13,"Penco Welded Gen2. Locker. 15""W x 60""D x 15""H. 2-tier. Cat.No 6G215",15,60,15,,,,USD,EA
Penco,PENCO-6G217,Locker,10 51 13,"Penco Welded Gen2. Locker. 12""W x 18""D x 60""H. 2-tier. Cat.No 6G217",12,18,60,,,,USD,EA
Penco,PENCO-6G223,Locker,10 51 13,"Penco Welded Gen2. Locker. 15""W x 15""D x 60""H. 2-tier. Cat.No 6G223",15,15,60,,,,USD,EA
Penco,PENCO-6G225,Locker,10 51 13,"Penco Welded Gen2. Locker. 15""W x 15""D x 60""H. 2-tier. Cat.No 6G225",15,15,60,,,,USD,EA
Penco,PENCO-6G227,Locker,10 51 13,"Penco Welded Gen2. Locker. 18""W x 18""D x 60""H. 2-tier. Cat.No 6G227",18,18,60,,,,USD,EA
Penco,PENCO-6G228,Locker,10 51 13,"Penco Welded Gen2. Locker. 12""W x 12""D x 72""H. 2-tier. Cat.No 6G228",12,12,72,,,,USD,EA
Penco,PENCO-6G229,Locker,10 51 13,"Penco Welded Gen2. Locker. 21""W x 21""D x 60""H. 2-tier. Cat.No 6G229",21,21,60,,,,USD,EA
Penco,PENCO-6G231,Locker,10 51 13,"Penco Welded Gen2. Locker. 24""W x 24""D x 60""H. 2-tier. Cat.No 6G231",24,24,60,,,,USD,EA
Penco,PENCO-6G233,Locker,10 51 13,"Penco Welded Gen2. Locker. 18""W x 18""D x 60""H. 1-tier. Cat.No 6G233",18,18,60,,,,USD,EA
Penco,PENCO-6G235,Locker,10 51 13,"Penco Welded Gen2. Locker. 12""W x 21""D x 60""H. 1-tier. Cat.No 6G235",12,21,60,,,,USD,EA
Penco,PENCO-6G237,Locker,10 51 13,"Penco Welded Gen2. Locker. 15""W x 24""D x 60""H. 1-tier. Cat.No 6G237",15,24,60,,,,USD,EA
Penco,PENCO-6G239,Locker,10 51 13,"Penco Welded Gen2. Locker. 15""W x 18""D x 60""H. 2-tier. Cat.No 6G239",15,18,60,,,,USD,EA
Penco,PENCO-6G241,Locker,10 51 13,"Penco Welded Gen2. Locker. 21""W x 21""D x 60""H. 2-tier. Cat.No 6G241",21,21,60,,,,USD,EA
Penco,PENCO-6G245,Locker,10 51 13,"Penco Welded Gen2. Locker. 12""W x 12""D x 72""H. 2-tier. Cat.No 6G245",12,12,72,,,,USD,EA
Penco,PENCO-6G247,Locker,10 51 13,"Penco Welded Gen2. Locker. 15""W x 15""D x 72""H. 2-tier. Cat.No 6G247",15,15,72,,,,USD,EA
Penco,PENCO-6G249,Locker,10 51 13,"Penco Welded Gen2. Locker. 18""W x 18""D x 72""H. 2-tier. Cat.No 6G249",18,18,72,,,,USD,EA
Penco,PENCO-6G251,Locker,10 51 13,"Penco Welded Gen2. Locker. 21""W x 21""D x 72""H. 2-tier. Cat.No 6G251",21,21,72,,,,USD,EA
Penco,PENCO-6G252,Locker,10 51 13,"Penco Welded Gen2. Locker. 24""W x 24""D x 72""H. 2-tier. Cat.No 6G252",24,24,72,,,,USD,EA
Penco,PENCO-6G253,Locker,10 51 13,"Penco Welded Gen2. Locker. 24""W x 24""D x 72""H. 2-tier. Cat.No 6G253",24,24,72,,,,USD,EA
Penco,PENCO-6G257,Locker,10 51 13,"Penco Welded Gen2. Locker. 15""W x 15""D x 72""H. 2-tier. Cat.No 6G257",15,15,72,,,,USD,EA
Penco,PENCO-6G259,Locker,10 51 13,"Penco Welded Gen2. Locker. 18""W x 18""D x 72""H. 2-tier. Cat.No 6G259",18,18,72,,,,USD,EA
Penco,PENCO-6G261,Locker,10 51 13,"Penco Welded Gen2. Locker. 21""W x 21""D x 72""H. 2-tier. Cat.No 6G261",21,21,72,,,,USD,EA
Penco,PENCO-6G263,Locker,10 51 13,"Penco Welded Gen2. Locker. 1""W x 15""D x 72""H. 1-tier. Cat.No 6G263",1,15,72,,,,USD,EA
Penco,PENCO-6G265,Locker,10 51 13,"Penco Welded Gen2. Locker. 18""W x 18""D x 72""H. 1-tier. Cat.No 6G265",18,18,72,,,,USD,EA
Penco,PENCO-6G267,Locker,10 51 13,"Penco Welded Gen2. Locker. 12""W x 21""D x 72""H. 1-tier. Cat.No 6G267",12,21,72,,,,USD,EA
Penco,PENCO-6G269,Locker,10 51 13,"Penco Welded Gen2. Locker. 15""W x 24""D x 72""H. 1-tier. Cat.No 6G269",15,24,72,,,,USD,EA
Penco,PENCO-6G271,Locker,10 51 13,"Penco Welded Gen2. Locker. 24""W x 18""D x 72""H. 1-tier. Cat.No 6G271",24,18,72,,,,USD,EA
Penco,PENCO-6G273,Locker,10 51 13,"Penco Welded Gen2. Locker. 12""W x 21""D x 72""H. 1-tier. Cat.No 6G273",12,21,72,,,,USD,EA
Penco,PENCO-6G275,Locker,10 51 13,"Penco Welded Gen2. Locker. 15""W x 24""D x 72""H. 1-tier. Cat.No 6G275",15,24,72,,,,USD,EA
Penco,PENCO-6G500,Locker,10 51 13,"Penco Welded Gen2. Locker. 12""W x 12""D x 72""H. 2-tier. Cat.No 6G500",12,12,72,,,,USD,EA
Penco,PENCO-6G501,Locker,10 51 13,"Penco Welded Gen2. Locker. 12""W x 12""D x 60""H. 2-tier. Cat.No 6G501",12,12,60,,,,USD,EA
Penco,PENCO-6G508,Locker,10 51 13,"Penco Welded Gen2. Locker. 12""W x 12""D x 72""H. 2-tier. Cat.No 6G508",12,12,72,,,,USD,EA
Penco,PENCO-6G701,Locker,10 51 13,"Penco Welded Gen2. Locker. 21""W x 15""D x 72""H. 1-tier. Cat.No 6G701",21,15,72,,,,USD,EA
Penco,PENCO-6G220,Locker,10 51 13,"Penco Welded Gen2. Locker. 18""W x 18""D x 60""H. 3-tier. Cat.No 6G220",18,18,60,,,,USD,EA
Penco,PENCO-6G221,Locker,10 51 13,"Penco Welded Gen2. Locker. 18""W x 18""D x 72""H. 3-tier. Cat.No 6G221",18,18,72,,,,USD,EA
Penco,PENCO-6G222,Locker,10 51 13,"Penco Welded Gen2. Locker. 24""W x 24""D x 60""H. 3-tier. Cat.No 6G222",24,24,60,,,,USD,EA
Penco,PENCO-6G224,Locker,10 51 13,"Penco Welded Gen2. Locker. 21""W x 24""D x 72""H. 3-tier. Cat.No 6G224",21,24,72,,,,USD,EA
Penco,PENCO-6G281,Locker,10 51 13,"Penco Welded Gen2. Locker. 12""W x 12""D x 72""H. 3-tier. Cat.No 6G281",12,12,72,,,,USD,EA
Penco,PENCO-6G283,Locker,10 51 13,"Penco Welded Gen2. Locker. 15""W x 15""D x 72""H. 3-tier. Cat.No 6G283",15,15,72,,,,USD,EA
Penco,PENCO-6G285,Locker,10 51 13,"Penco Welded Gen2. Locker. 12""W x 18""D x 72""H. 3-tier. Cat.No 6G285",12,18,72,,,,USD,EA
Penco,PENCO-6G287,Locker,10 51 13,"Penco Welded Gen2. Locker. 12""W x 12""D x 60""H. 3-tier. Cat.No 6G287",12,12,60,,,,USD,EA
Penco,PENCO-6G289,Locker,10 51 13,"Penco Welded Gen2. Locker. 15""W x 15""D x 60""H. 3-tier. Cat.No 6G289",15,15,60,,,,USD,EA
Penco,PENCO-6G291,Locker,10 51 13,"Penco Welded Gen2. Locker. 12""W x 18""D x 60""H. 3-tier. Cat.No 6G291",12,18,60,,,,USD,EA
Penco,PENCO-6G292,Locker,10 51 13,"Penco Welded Gen2. Locker. 24""W x 24""D x 60""H. 3-tier. Cat.No 6G292",24,24,60,,,,USD,EA
Penco,PENCO-6G293,Locker,10 51 13,"Penco Welded Gen2. Locker. 15""W x 15""D x 60""H. 3-tier. Cat.No 6G293",15,15,60,,,,USD,EA
Penco,PENCO-6G295,Locker,10 51 13,"Penco Welded Gen2. Locker. 15""W x 18""D x 60""H. 3-tier. Cat.No 6G295",15,18,60,,,,USD,EA
Penco,PENCO-6G297,Locker,10 51 13,"Penco Welded Gen2. Locker. 21""W x 21""D x 60""H. 3-tier. Cat.No 6G297",21,21,60,,,,USD,EA
Penco,PENCO-6G301,Locker,10 51 13,"Penco Welded Gen2. Locker. 15""W x 15""D x 72""H. 3-tier. Cat.No 6G301",15,15,72,,,,USD,EA
Penco,PENCO-6G303,Locker,10 51 13,"Penco Welded Gen2. Locker. 15""W x 18""D x 72""H. 3-tier. Cat.No 6G303",15,18,72,,,,USD,EA
Penco,PENCO-6G305,Locker,10 51 13,"Penco Welded Gen2. Locker. 21""W x 21""D x 72""H. 3-tier. Cat.No 6G305",21,21,72,,,,USD,EA
Penco,PENCO-6G306,Locker,10 51 13,"Penco Welded Gen2. Locker. 21""W x 21""D x 60""H. 3-tier. Cat.No 6G306",21,21,60,,,,USD,EA
Penco,PENCO-6G308,Locker,10 51 13,"Penco Welded Gen2. Locker. 12""W x 12""D x 60""H. 3-tier. Cat.No 6G308",12,12,60,,,,USD,EA
Penco,PENCO-6G312,Locker,10 51 13,"Penco Welded Gen2. Locker. 24""W x 24""D x 60""H. 3-tier. Cat.No 6G312",24,24,60,,,,USD,EA
Penco,PENCO-6G314,Locker,10 51 13,"Penco Welded Gen2. Locker. 21""W x 21""D x 60""H. 3-tier. Cat.No 6G314",21,21,60,,,,USD,EA
Penco,PENCO-6G326,Locker,10 51 13,"Penco Welded Gen2. Locker. 21""W x 21""D x 72""H. 3-tier. Cat.No 6G326",21,21,72,,,,USD,EA
Penco,PENCO-6G327,Locker,10 51 13,"Penco Welded Gen2. Locker. 21""W x 24""D x 72""H. 3-tier. Cat.No 6G327",21,24,72,,,,USD,EA
Penco,PENCO-6G328,Locker,10 51 13,"Penco Welded Gen2. Locker. 12""W x 12""D x 72""H. 3-tier. Cat.No 6G328",12,12,72,,,,USD,EA
Penco,PENCO-6G332,Locker,10 51 13,"Penco Welded Gen2. Locker. 21""W x 24""D x 72""H. 3-tier. Cat.No 6G332",21,24,72,,,,USD,EA
Penco,PENCO-6G334,Locker,10 51 13,"Penco Welded Gen2. Locker. 21""W x 21""D x 72""H. 3-tier. Cat.No 6G334",21,21,72,,,,USD,EA
Penco,PENCO-6G726,Locker,10 51 13,"Penco Welded Gen2. Locker. 24""W x 24""D x 60""H. 3-tier. Cat.No 6G726",24,24,60,,,,USD,EA
Penco,PENCO-6G729,Locker,10 51 13,"Penco Welded Gen2. Locker. 12""W x 12""D x 60""H. 3-tier. Cat.No 6G729",12,12,60,,,,USD,EA
Penco,PENCO-6G730,Locker,10 51 13,"Penco Welded Gen2. Locker. 15""W x 15""D x 60""H. 3-tier. Cat.No 6G730",15,15,60,,,,USD,EA
Penco,PENCO-6G735,Locker,10 51 13,"Penco Welded Gen2. Locker. 12""W x 12""D x 72""H. 3-tier. Cat.No 6G735",12,12,72,,,,USD,EA
Penco,PENCO-6G736,Locker,10 51 13,"Penco Welded Gen2. Locker. 15""W x 15""D x 72""H. 3-tier. Cat.No 6G736",15,15,72,,,,USD,EA
Penco,PENCO-6G740,Locker,10 51 13,"Penco Welded Gen2. Locker. 24""W x 24""D x 72""H. 3-tier. Cat.No 6G740",24,24,72,,,,USD,EA
Penco,PENCO-6G307,Locker,10 51 13,"Penco Welded Gen2. 4-Tier Box Locker. 12""W x 12""D x 60""H. 4-tier. Cat.No 6G307",12,12,60,,,,USD,EA
Penco,PENCO-6G309,Locker,10 51 13,"Penco Welded Gen2. 4-Tier Box Locker. 12""W x 15""D x 60""H. 4-tier. Cat.No 6G309",12,15,60,,,,USD,EA
Penco,PENCO-6G311,Locker,10 51 13,"Penco Welded Gen2. 4-Tier Box Locker. 12""W x 18""D x 60""H. 4-tier. Cat.No 6G311",12,18,60,,,,USD,EA
Penco,PENCO-6G313,Locker,10 51 13,"Penco Welded Gen2. 4-Tier Box Locker. 12""W x 15""D x 60""H. 4-tier. Cat.No 6G313",12,15,60,,,,USD,EA
Penco,PENCO-6G315,Locker,10 51 13,"Penco Welded Gen2. 4-Tier Box Locker. 15""W x 18""D x 60""H. 4-tier. Cat.No 6G315",15,18,60,,,,USD,EA
Penco,PENCO-6G316,Locker,10 51 13,"Penco Welded Gen2. 4-Tier Box Locker. 24""W x 24""D x 60""H. 4-tier. Cat.No 6G316",24,24,60,,,,USD,EA
Penco,PENCO-6G317,Locker,10 51 13,"Penco Welded Gen2. 4-Tier Box Locker. 21""W x 21""D x 60""H. 4-tier. Cat.No 6G317",21,21,60,,,,USD,EA
Penco,PENCO-6G318,Locker,10 51 13,"Penco Welded Gen2. Box Locker. 12""W x 12""D x 60""H. Cat.No 6G318",12,12,60,,,,USD,EA
Penco,PENCO-6G319,Locker,10 51 13,"Penco Welded Gen2. 4-Tier Box Locker. 12""W x 12""D x 72""H. 4-tier. Cat.No 6G319",12,12,72,,,,USD,EA
Penco,PENCO-6G320,Locker,10 51 13,"Penco Welded Gen2. Box Locker. 12""W x 15""D x 60""H. Cat.No 6G320",12,15,60,,,,USD,EA
Penco,PENCO-6G321,Locker,10 51 13,"Penco Welded Gen2. 4-Tier Box Locker. 15""W x 15""D x 72""H. 4-tier. Cat.No 6G321",15,15,72,,,,USD,EA
Penco,PENCO-6G322,Locker,10 51 13,"Penco Welded Gen2. 4-Tier Box Locker. 9""W x 15""D x 60""H. 4-tier. Cat.No 6G322",9,15,60,,,,USD,EA
Penco,PENCO-6G323,Locker,10 51 13,"Penco Welded Gen2. 4-Tier Box Locker. 12""W x 18""D x 72""H. 4-tier. Cat.No 6G323",12,18,72,,,,USD,EA
Penco,PENCO-6G324,Locker,10 51 13,"Penco Welded Gen2. 4-Tier Box Locker. 18""W x 18""D x 60""H. 4-tier. Cat.No 6G324",18,18,60,,,,USD,EA
Penco,PENCO-6G325,Locker,10 51 13,"Penco Welded Gen2. Box Locker. 18""W x 18""D x 60""H. Cat.No 6G325",18,18,60,,,,USD,EA
Penco,PENCO-6G329,Locker,10 51 13,"Penco Welded Gen2. Box Locker. 21""W x 21""D x 60""H. Cat.No 6G329",21,21,60,,,,USD,EA
Penco,PENCO-6G330,Locker,10 51 13,"Penco Welded Gen2. Box Locker. 24""W x 24""D x 60""H. Cat.No 6G330",24,24,60,,,,USD,EA
Penco,PENCO-6G331,Locker,10 51 13,"Penco Welded Gen2. 9-Tier Box Locker. 15""W x 15""D x 72""H. 9-tier. Cat.No 6G331",15,15,72,,,,USD,EA
Penco,PENCO-6G335,Locker,10 51 13,"Penco Welded Gen2. 9-Tier Box Locker. 15""W x 18""D x 72""H. 9-tier. Cat.No 6G335",15,18,72,,,,USD,EA
Penco,PENCO-6G351,Locker,10 51 13,"Penco Welded Gen2. 4-Tier Box Locker. 12""W x 12""D x 60""H. 4-tier. Cat.No 6G351",12,12,60,,,,USD,EA
Penco,PENCO-6G353,Locker,10 51 13,"Penco Welded Gen2. 4-Tier Box Locker. 15""W x 15""D x 60""H. 4-tier. Cat.No 6G353",15,15,60,,,,USD,EA
Penco,PENCO-6G355,Locker,10 51 13,"Penco Welded Gen2. 4-Tier Box Locker. 12""W x 18""D x 60""H. 4-tier. Cat.No 6G355",12,18,60,,,,USD,EA
Penco,PENCO-6G356,Locker,10 51 13,"Penco Welded Gen2. 4-Tier Box Locker. 12""W x 12""D x 60""H. 4-tier. Cat.No 6G356",12,12,60,,,,USD,EA
Penco,PENCO-6G357,Locker,10 51 13,"Penco Welded Gen2. 4-Tier Box Locker. 15""W x 15""D x 60""H. 4-tier. Cat.No 6G357",15,15,60,,,,USD,EA
Penco,PENCO-6G359,Locker,10 51 13,"Penco Welded Gen2. 4-Tier Box Locker. 15""W x 18""D x 60""H. 4-tier. Cat.No 6G359",15,18,60,,,,USD,EA
Penco,PENCO-6G361,Locker,10 51 13,"Penco Welded Gen2. 4-Tier Box Locker. 21""W x 21""D x 60""H. 4-tier. Cat.No 6G361",21,21,60,,,,USD,EA
Penco,PENCO-6G363,Locker,10 51 13,"Penco Welded Gen2. 4-Tier Box Locker. 12""W x 18/72""D x 12""H. 4-tier. Cat.No 6G363",12,18/72,12,,,,USD,EA
Penco,PENCO-6G365,Locker,10 51 13,"Penco Welded Gen2. 4-Tier Box Locker. 15""W x 18/72""D x 15""H. 4-tier. Cat.No 6G365",15,18/72,15,,,,USD,EA
Penco,PENCO-6G367,Locker,10 51 13,"Penco Welded Gen2. 4-Tier Box Locker. 18""W x 12""D x 18""H. 4-tier. Cat.No 6G367",18,12,18,,,,USD,EA
Penco,PENCO-6G369,Locker,10 51 13,"Penco Welded Gen2. 9-Tier Box Locker. 15""W x 18/72""D x 15""H. 9-tier. Cat.No 6G369",15,18/72,15,,,,USD,EA
Penco,PENCO-6G371,Locker,10 51 13,"Penco Welded Gen2. 9-Tier Box Locker. 18""W x 15""D x 18""H. 9-tier. Cat.No 6G371",18,15,18,,,,USD,EA
Penco,PENCO-6G373,Locker,10 51 13,"Penco Welded Gen2. 9-Tier Box Locker. 21""W x 18/72""D x 21""H. 9-tier. Cat.No 6G373",21,18/72,21,,,,USD,EA
Penco,PENCO-6G374,Locker,10 51 13,"Penco Welded Gen2. 9-Tier Box Locker. 24""W x 18/72""D x 24""H. 9-tier. Cat.No 6G374",24,18/72,24,,,,USD,EA
Penco,PENCO-6G375,Locker,10 51 13,"Penco Welded Gen2. 4-Tier Box Locker. 12""W x 12""D x 72""H. 4-tier. Cat.No 6G375",12,12,72,,,,USD,EA
Penco,PENCO-6G377,Locker,10 51 13,"Penco Welded Gen2. 4-Tier Box Locker. 15""W x 15""D x 72""H. 4-tier. Cat.No 6G377",15,15,72,,,,USD,EA
Penco,PENCO-6G379,Locker,10 51 13,"Penco Welded Gen2. 4-Tier Box Locker. 12""W x 18""D x 72""H. 4-tier. Cat.No 6G379",12,18,72,,,,USD,EA
Penco,PENCO-6G381,Locker,10 51 13,"Penco Welded Gen2. 4-Tier Box Locker. 21""W x 21""D x 72""H. 4-tier. Cat.No 6G381",21,21,72,,,,USD,EA
Penco,PENCO-6G383,Locker,10 51 13,"Penco Welded Gen2. 4-Tier Box Locker. 15""W x 15""D x 72""H. 4-tier. Cat.No 6G383",15,15,72,,,,USD,EA
Penco,PENCO-6G385,Locker,10 51 13,"Penco Welded Gen2. 4-Tier Box Locker. 15""W x 18""D x 72""H. 4-tier. Cat.No 6G385",15,18,72,,,,USD,EA
Penco,PENCO-6G389,Locker,10 51 13,"Penco Welded Gen2. 4-Tier Box Locker. 21""W x 21""D x 72""H. 4-tier. Cat.No 6G389",21,21,72,,,,USD,EA
Penco,PENCO-6G393,Locker,10 51 13,"Penco Welded Gen2. 4-Tier Box Locker. 12""W x 12""D x 72""H. 4-tier. Cat.No 6G393",12,12,72,,,,USD,EA
Penco,PENCO-6G395,Locker,10 51 13,"Penco Welded Gen2. 4-Tier Box Locker. 12""W x 15""D x 72""H. 4-tier. Cat.No 6G395",12,15,72,,,,USD,EA
Penco,PENCO-6G397,Locker,10 51 13,"Penco Welded Gen2. 4-Tier Box Locker. 18""W x 18""D x 72""H. 4-tier. Cat.No 6G397",18,18,72,,,,USD,EA
Penco,PENCO-6G401,Locker,10 51 13,"Penco Welded Gen2. 4-Tier Box Locker. 15""W x 15""D x 72""H. 4-tier. Cat.No 6G401",15,15,72,,,,USD,EA
Penco,PENCO-6G403,Locker,10 51 13,"Penco Welded Gen2. 4-Tier Box Locker. 18""W x 18""D x 72""H. 4-tier. Cat.No 6G403",18,18,72,,,,USD,EA
Penco,PENCO-6G406,Locker,10 51 13,"Penco Welded Gen2. 4-Tier Box Locker. 21""W x 21""D x 60""H. 4-tier. Cat.No 6G406",21,21,60,,,,USD,EA
Penco,PENCO-6G407,Locker,10 51 13,"Penco Welded Gen2. 9-Tier Box Locker. 15""W x 12""D x 72""H. 9-tier. Cat.No 6G407",15,12,72,,,,USD,EA
Penco,PENCO-6G408,Locker,10 51 13,"Penco Welded Gen2. 4-Tier Box Locker. 12""W x 12""D x 60""H. 4-tier. Cat.No 6G408",12,12,60,,,,USD,EA
Penco,PENCO-6G409,Locker,10 51 13,"Penco Welded Gen2. 9-Tier Box Locker. 12""W x 15""D x 72""H. 9-tier. Cat.No 6G409",12,15,72,,,,USD,EA
Penco,PENCO-6G411,Locker,10 51 13,"Penco Welded Gen2. 9-Tier Box Locker. 21""W x 18""D x 72""H. 9-tier. Cat.No 6G411",21,18,72,,,,USD,EA
Penco,PENCO-6G412,Locker,10 51 13,"Penco Welded Gen2. 4-Tier Box Locker. 24""W x 24""D x 60""H. 4-tier. Cat.No 6G412",24,24,60,,,,USD,EA
Penco,PENCO-6G413,Locker,10 51 13,"Penco Welded Gen2. 9-Tier Box Locker. 12""W x 15""D x 72""H. 9-tier. Cat.No 6G413",12,15,72,,,,USD,EA
Penco,PENCO-6G415,Locker,10 51 13,"Penco Welded Gen2. 9-Tier Box Locker. 15""W x 18""D x 72""H. 9-tier. Cat.No 6G415",15,18,72,,,,USD,EA
Penco,PENCO-6G417,Locker,10 51 13,"Penco Welded Gen2. 9-Tier Box Locker. 18""W x 21""D x 72""H. 9-tier. Cat.No 6G417",18,21,72,,,,USD,EA
Penco,PENCO-6G419,Locker,10 51 13,"Penco Welded Gen2. Box Locker. 18""W x 18""D x 60""H. Cat.No 6G419",18,18,60,,,,USD,EA
Penco,PENCO-6G421,Locker,10 51 13,"Penco Welded Gen2. Box Locker. 21""W x 21""D x 60""H. Cat.No 6G421",21,21,60,,,,USD,EA
Penco,PENCO-6G423,Locker,10 51 13,"Penco Welded Gen2. Box Locker. 18""W x 18""D x 72""H. Cat.No 6G423",18,18,72,,,,USD,EA
Penco,PENCO-6G425,Locker,10 51 13,"Penco Welded Gen2. Box Locker. 21""W x 21""D x 72""H. Cat.No 6G425",21,21,72,,,,USD,EA
Penco,PENCO-6G426,Locker,10 51 13,"Penco Welded Gen2. 4-Tier Box Locker. 21""W x 21""D x 72""H. 4-tier. Cat.No 6G426",21,21,72,,,,USD,EA
Penco,PENCO-6G427,Locker,10 51 13,"Penco Welded Gen2. 9-Tier Box Locker. 24""W x 24""D x 72""H. 9-tier. Cat.No 6G427",24,24,72,,,,USD,EA
Penco,PENCO-6G428,Locker,10 51 13,"Penco Welded Gen2. 9-Tier Box Locker. 12""W x 12""D x 72""H. 9-tier. Cat.No 6G428",12,12,72,,,,USD,EA
Penco,PENCO-6G431,Locker,10 51 13,"Penco Welded Gen2. 9-Tier Box Locker. 21""W x 21""D x 72""H. 9-tier. Cat.No 6G431",21,21,72,,,,USD,EA
Penco,PENCO-6G432,Locker,10 51 13,"Penco Welded Gen2. 9-Tier Box Locker. 24""W x 24""D x 72""H. 9-tier. Cat.No 6G432",24,24,72,,,,USD,EA
Penco,PENCO-6G445,Locker,10 51 13,"Penco Welded Gen2. 9-Tier Box Locker. 18""W x 18""D x 18""H. 9-tier. Cat.No 6G445",18,18,18,,,,USD,EA
Penco,PENCO-6G447,Locker,10 51 13,"Penco Welded Gen2. 9-Tier Box Locker. 21""W x 18/72""D x 21""H. 9-tier. Cat.No 6G447",21,18/72,21,,,,USD,EA
Penco,PENCO-6G526,Locker,10 51 13,"Penco Welded Gen2. 4-Tier Box Locker. 21""W x 18/72""D x 21""H. 4-tier. Cat.No 6G526",21,18/72,21,,,,USD,EA
Penco,PENCO-6G527,Locker,10 51 13,"Penco Welded Gen2. 9-Tier Box Locker. 24""W x 18/72""D x 24""H. 9-tier. Cat.No 6G527",24,18/72,24,,,,USD,EA
Penco,PENCO-6G528,Locker,10 51 13,"Penco Welded Gen2. 9-Tier Box Locker. 12""W x 18/72""D x 12""H. 9-tier. Cat.No 6G528",12,18/72,12,,,,USD,EA
Penco,PENCO-6G531,Locker,10 51 13,"Penco Welded Gen2. 4-Tier Box Locker. 21""W x 21""D x 60""H. 4-tier. Cat.No 6G531",21,21,60,,,,USD,EA
Penco,PENCO-6G532,Locker,10 51 13,"Penco Welded Gen2. 4-Tier Box Locker. 24""W x 24""D x 60""H. 4-tier. Cat.No 6G532",24,24,60,,,,USD,EA
Penco,PENCO-6G534,Locker,10 51 13,"Penco Welded Gen2. 4-Tier Box Locker. 24""W x 24""D x 60""H. 4-tier. Cat.No 6G534",24,24,60,,,,USD,EA
Penco,PENCO-6G541,Locker,10 51 13,"Penco Welded Gen2. 4-Tier Box Locker. 24""W x 24""D x 72""H. 4-tier. Cat.No 6G541",24,24,72,,,,USD,EA
Penco,PENCO-6G627,Locker,10 51 13,"Penco Welded Gen2. 4-Tier Box Locker. 24""W x 24""D x 72""H. 4-tier. Cat.No 6G627",24,24,72,,,,USD,EA
Penco,PENCO-6G628,Locker,10 51 13,"Penco Welded Gen2. 4-Tier Box Locker. 12""W x 12""D x 72""H. 4-tier. Cat.No 6G628",12,12,72,,,,USD,EA
Penco,PENCO-6G746,Locker,10 51 13,"Penco Welded Gen2. 4-Tier Box Locker. 12""W x 12""D x 60""H. 4-tier. Cat.No 6G746",12,12,60,,,,USD,EA
Penco,PENCO-6G747,Locker,10 51 13,"Penco Welded Gen2. 4-Tier Box Locker. 12""W x 12""D x 72""H. 4-tier. Cat.No 6G747",12,12,72,,,,USD,EA
Penco,PENCO-6G748,Locker,10 51 13,"Penco Welded Gen2. 4-Tier Box Locker. 9""W x 15""D x 72""H. 4-tier. Cat.No 6G748",9,15,72,,,,USD,EA
Penco,PENCO-6G749,Locker,10 51 13,"Penco Welded Gen2. 4-Tier Box Locker. 15""W x 18""D x 72""H. 4-tier. Cat.No 6G749",15,18,72,,,,USD,EA
Penco,PENCO-6G750,Locker,10 51 13,"Penco Welded Gen2. 9-Tier Box Locker. 12""W x 12""D x 72""H. 9-tier. Cat.No 6G750",12,12,72,,,,USD,EA
Penco,PENCO-6G751,Locker,10 51 13,"Penco Welded Gen2. 9-Tier Box Locker. 15""W x 15""D x 72""H. 9-tier. Cat.No 6G751",15,15,72,,,,USD,EA
Penco,PENCO-6G752,Locker,10 51 13,"Penco Welded Gen2. 9-Tier Box Locker. 18""W x 18""D x 72""H. 9-tier. Cat.No 6G752",18,18,72,,,,USD,EA
Penco,PENCO-6G753,Locker,10 51 13,"Penco Welded Gen2. 9-Tier Box Locker. 21""W x 21""D x 72""H. 9-tier. Cat.No 6G753",21,21,72,,,,USD,EA
Penco,PENCO-6G754,Locker,10 51 13,"Penco Welded Gen2. 9-Tier Box Locker. 24""W x 24""D x 72""H. 9-tier. Cat.No 6G754",24,24,72,,,,USD,EA
Penco,PENCO-6G760,Locker,10 51 13,"Penco Welded Gen2. 4-Tier Box Locker. 12""W x 12""D x 60""H. 4-tier. Cat.No 6G760",12,12,60,,,,USD,EA
Penco,PENCO-6G761,Locker,10 51 13,"Penco Welded Gen2. 4-Tier Box Locker. 9""W x 15""D x 60""H. 4-tier. Cat.No 6G761",9,15,60,,,,USD,EA
Penco,PENCO-6G762,Locker,10 51 13,"Penco Welded Gen2. 4-Tier Box Locker. 18""W x 18""D x 60""H. 4-tier. Cat.No 6G762",18,18,60,,,,USD,EA
Penco,PENCO-6G764,Locker,10 51 13,"Penco Welded Gen2. Box Locker. 12""W x 12""D x 60""H. Cat.No 6G764",12,12,60,,,,USD,EA
Penco,PENCO-6G765,Locker,10 51 13,"Penco Welded Gen2. Box Locker. 15""W x 15""D x 60""H. Cat.No 6G765",15,15,60,,,,USD,EA
Penco,PENCO-6G768,Locker,10 51 13,"Penco Welded Gen2. Box Locker. 24""W x 24""D x 60""H. Cat.No 6G768",24,24,60,,,,USD,EA
Penco,PENCO-6G769,Locker,10 51 13,"Penco Welded Gen2. 4-Tier Box Locker. 12""W x 18/72""D x 12""H. 4-tier. Cat.No 6G769",12,18/72,12,,,,USD,EA
Penco,PENCO-6G770,Locker,10 51 13,"Penco Welded Gen2. 4-Tier Box Locker. 15""W x 9""D x 15""H. 4-tier. Cat.No 6G770",15,9,15,,,,USD,EA
Penco,PENCO-6G771,Locker,10 51 13,"Penco Welded Gen2. 4-Tier Box Locker. 18""W x 18/72""D x 18""H. 4-tier. Cat.No 6G771",18,18/72,18,,,,USD,EA
Penco,PENCO-6G773,Locker,10 51 13,"Penco Welded Gen2. 9-Tier Box Locker. 12""W x 18/72""D x 12""H. 9-tier. Cat.No 6G773",12,18/72,12,,,,USD,EA
Penco,PENCO-6G774,Locker,10 51 13,"Penco Welded Gen2. 9-Tier Box Locker. 15""W x 18/72""D x 15""H. 9-tier. Cat.No 6G774",15,18/72,15,,,,USD,EA
Penco,PENCO-6G777,Locker,10 51 13,"Penco Welded Gen2. 9-Tier Box Locker. 24""W x 18/72""D x 24""H. 9-tier. Cat.No 6G777",24,18/72,24,,,,USD,EA
Penco,PENCO-6G778,Locker,10 51 13,"Penco Welded Gen2. 4-Tier Box Locker. 12""W x 12""D x 72""H. 4-tier. Cat.No 6G778",12,12,72,,,,USD,EA
Penco,PENCO-6G779,Locker,10 51 13,"Penco Welded Gen2. 4-Tier Box Locker. 9""W x 15""D x 72""H. 4-tier. Cat.No 6G779",9,15,72,,,,USD,EA
Penco,PENCO-6G780,Locker,10 51 13,"Penco Welded Gen2. 4-Tier Box Locker. 18""W x 18""D x 72""H. 4-tier. Cat.No 6G780",18,18,72,,,,USD,EA
Penco,PENCO-6G782,Locker,10 51 13,"Penco Welded Gen2. Box Locker. 12""W x 12""D x 72""H. Cat.No 6G782",12,12,72,,,,USD,EA
Penco,PENCO-6G783,Locker,10 51 13,"Penco Welded Gen2. Box Locker. 15""W x 15""D x 72""H. Cat.No 6G783",15,15,72,,,,USD,EA
Penco,PENCO-6G784,Locker,10 51 13,"Penco Welded Gen2. Box Locker. 24""W x 24""D x 72""H. Cat.No 6G784",24,24,72,,,,USD,EA
Penco,PENCO-6G828,Locker,10 51 13,"Penco Welded Gen2. 4-Tier Box Locker. 12""W x 12""D x 72""H. 4-tier. Cat.No 6G828",12,12,72,,,,USD,EA
Penco,PENCO-6G928,Locker,10 51 13,"Penco Welded Gen2. 9-Tier Box Locker. 24""W x 12""D x 72""H. 9-tier. Cat.No 6G928",24,12,72,,,,USD,EA
Penco,PENCO-6GD011,Locker,10 51 13,"Penco Welded Gen2 Defiant II. Locker. 12""W x 12""D x 36.5""H. 1-tier. Cat.No 6GD011",12,12,36.5,,,,USD,EA
Penco,PENCO-6GD013,Locker,10 51 13,"Penco Welded Gen2 Defiant II. Locker. 15""W x 15""D x 36.5""H. 1-tier. Cat.No 6GD013",15,15,36.5,,,,USD,EA
Penco,PENCO-6GD014,Locker,10 51 13,"Penco Welded Gen2 Defiant II. Locker. 21""W x 21""D x 36.5""H. 1-tier. Cat.No 6GD014",21,21,36.5,,,,USD,EA
Penco,PENCO-6GD015,Locker,10 51 13,"Penco Welded Gen2 Defiant II. Locker. 12""W x 18""D x 36.5""H. 1-tier. Cat.No 6GD015",12,18,36.5,,,,USD,EA
Penco,PENCO-6GD016,Locker,10 51 13,"Penco Welded Gen2 Defiant II. Locker. 24""W x 24""D x 36.5""H. 1-tier. Cat.No 6GD016",24,24,36.5,,,,USD,EA
Penco,PENCO-6GD017,Locker,10 51 13,"Penco Welded Gen2 Defiant II. Locker. 12""W x 12""D x 48.5""H. 1-tier. Cat.No 6GD017",12,12,48.5,,,,USD,EA
Penco,PENCO-6GD018,Locker,10 51 13,"Penco Welded Gen2 Defiant II. Locker. 12""W x 12""D x 36.5""H. 1-tier. Cat.No 6GD018",12,12,36.5,,,,USD,EA
Penco,PENCO-6GD019,Locker,10 51 13,"Penco Welded Gen2 Defiant II. Locker. 15""W x 15""D x 48.5""H. 1-tier. Cat.No 6GD019",15,15,48.5,,,,USD,EA
Penco,PENCO-6GD021,Locker,10 51 13,"Penco Welded Gen2 Defiant II. Locker. 12""W x 18""D x 48.5""H. 1-tier. Cat.No 6GD021",12,18,48.5,,,,USD,EA
Penco,PENCO-6GD022,Locker,10 51 13,"Penco Welded Gen2 Defiant II. Locker. 15""W x 15""D x 36.5""H. 1-tier. Cat.No 6GD022",15,15,36.5,,,,USD,EA
Penco,PENCO-6GD023,Locker,10 51 13,"Penco Welded Gen2 Defiant II. Locker. 15""W x 18""D x 36.5""H. 1-tier. Cat.No 6GD023",15,18,36.5,,,,USD,EA
Penco,PENCO-6GD024,Locker,10 51 13,"Penco Welded Gen2 Defiant II. Locker. 21""W x 21""D x 36.5""H. 1-tier. Cat.No 6GD024",21,21,36.5,,,,USD,EA
Penco,PENCO-6GD025,Locker,10 51 13,"Penco Welded Gen2 Defiant II. Locker. 24""W x 24""D x 36.5""H. 1-tier. Cat.No 6GD025",24,24,36.5,,,,USD,EA
Penco,PENCO-6GD026,Locker,10 51 13,"Penco Welded Gen2 Defiant II. Locker. 12""W x 12""D x 36.5""H. 1-tier. Cat.No 6GD026",12,12,36.5,,,,USD,EA
Penco,PENCO-6GD027,Locker,10 51 13,"Penco Welded Gen2 Defiant II. Locker. 15""W x 15""D x 36.5""H. 1-tier. Cat.No 6GD027",15,15,36.5,,,,USD,EA
Penco,PENCO-6GD029,Locker,10 51 13,"Penco Welded Gen2 Defiant II. Locker. 21""W x 21""D x 36.5""H. 1-tier. Cat.No 6GD029",21,21,36.5,,,,USD,EA
Penco,PENCO-6GD030,Locker,10 51 13,"Penco Welded Gen2 Defiant II. Locker. 24""W x 24""D x 36.5""H. 1-tier. Cat.No 6GD030",24,24,36.5,,,,USD,EA
Penco,PENCO-6GD032,Locker,10 51 13,"Penco Welded Gen2 Defiant II. Locker. 21""W x 21""D x 48.5""H. 1-tier. Cat.No 6GD032",21,21,48.5,,,,USD,EA
Penco,PENCO-6GD033,Locker,10 51 13,"Penco Welded Gen2 Defiant II. Locker. 24""W x 24""D x 48.5""H. 1-tier. Cat.No 6GD033",24,24,48.5,,,,USD,EA
Penco,PENCO-6GD034,Locker,10 51 13,"Penco Welded Gen2 Defiant II. Locker. 12""W x 12""D x 48.5""H. 1-tier. Cat.No 6GD034",12,12,48.5,,,,USD,EA
Penco,PENCO-6GD035,Locker,10 51 13,"Penco Welded Gen2 Defiant II. Locker. 15""W x 15""D x 48.5""H. 1-tier. Cat.No 6GD035",15,15,48.5,,,,USD,EA
Penco,PENCO-6GD036,Locker,10 51 13,"Penco Welded Gen2 Defiant II. Locker. 15""W x 18""D x 48.5""H. 1-tier. Cat.No 6GD036",15,18,48.5,,,,USD,EA
Penco,PENCO-6GD037,Locker,10 51 13,"Penco Welded Gen2 Defiant II. Locker. 21""W x 21""D x 48.5""H. 1-tier. Cat.No 6GD037",21,21,48.5,,,,USD,EA
Penco,PENCO-6GD038,Locker,10 51 13,"Penco Welded Gen2 Defiant II. Locker. 24""W x 24""D x 48.5""H. 1-tier. Cat.No 6GD038",24,24,48.5,,,,USD,EA
Penco,PENCO-6GD039,Locker,10 51 13,"Penco Welded Gen2 Defiant II. Locker. 12""W x 12""D x 48.5""H. 1-tier. Cat.No 6GD039",12,12,48.5,,,,USD,EA
Penco,PENCO-6GD040,Locker,10 51 13,"Penco Welded Gen2 Defiant II. Locker. 15""W x 15""D x 48.5""H. 1-tier. Cat.No 6GD040",15,15,48.5,,,,USD,EA
Penco,PENCO-6GD041,Locker,10 51 13,"Penco Welded Gen2 Defiant II. Locker. 18""W x 18""D x 48.5""H. 1-tier. Cat.No 6GD041",18,18,48.5,,,,USD,EA
Penco,PENCO-6GD042,Locker,10 51 13,"Penco Welded Gen2 Defiant II. Locker. 21""W x 21""D x 48.5""H. 1-tier. Cat.No 6GD042",21,21,48.5,,,,USD,EA
Penco,PENCO-6GD043,Locker,10 51 13,"Penco Welded Gen2 Defiant II. Locker. 24""W x 24""D x 48.5""H. 1-tier. Cat.No 6GD043",24,24,48.5,,,,USD,EA
Penco,PENCO-6GD053,Locker,10 51 13,"Penco Welded Gen2 Defiant II. Locker. 12""W x 12""D x 60""H. 1-tier. Cat.No 6GD053",12,12,60,,,,USD,EA
Penco,PENCO-6GD054,Locker,10 51 13,"Penco Welded Gen2 Defiant II. Locker. 15""W x 15""D x 60""H. 1-tier. Cat.No 6GD054",15,15,60,,,,USD,EA
Penco,PENCO-6GD058,Locker,10 51 13,"Penco Welded Gen2 Defiant II. Locker. 15""W x 12""D x 72""H. 1-tier. Cat.No 6GD058",15,12,72,,,,USD,EA
Penco,PENCO-6GD091,Locker,10 51 13,"Penco Welded Gen2 Defiant II. Locker. 12""W x 12""D x 60""H. 1-tier. Cat.No 6GD091",12,12,60,,,,USD,EA
Penco,PENCO-6GD092,Locker,10 51 13,"Penco Welded Gen2 Defiant II. Locker. 12""W x 12""D x 60""H. 1-tier. Cat.No 6GD092",12,12,60,,,,USD,EA
Penco,PENCO-6GD093,Locker,10 51 13,"Penco Welded Gen2 Defiant II. Locker. 15""W x 15""D x 60""H. 1-tier. Cat.No 6GD093",15,15,60,,,,USD,EA
Penco,PENCO-6GD099,Locker,10 51 13,"Penco Welded Gen2 Defiant II. Locker. 12""W x 12""D x 72""H. 1-tier. Cat.No 6GD099",12,12,72,,,,USD,EA
Penco,PENCO-6GD112,Locker,10 51 13,"Penco Welded Gen2 Defiant II. Locker. 15""W x 24""D x 60""H. 1-tier. Cat.No 6GD112",15,24,60,,,,USD,EA
Penco,PENCO-6GD117,Locker,10 51 13,"Penco Welded Gen2 Defiant II. Locker. 24""W x 18""D x 60""H. 1-tier. Cat.No 6GD117",24,18,60,,,,USD,EA
Penco,PENCO-6GD119,Locker,10 51 13,"Penco Welded Gen2 Defiant II. Locker. 21""W x 21""D x 60""H. 1-tier. Cat.No 6GD119",21,21,60,,,,USD,EA
Penco,PENCO-6GD121,Locker,10 51 13,"Penco Welded Gen2 Defiant II. Locker. 24""W x 24""D x 60""H. 1-tier. Cat.No 6GD121",24,24,60,,,,USD,EA
Penco,PENCO-6GD123,Locker,10 51 13,"Penco Welded Gen2 Defiant II. Locker. 24""W x 18""D x 72""H. 1-tier. Cat.No 6GD123",24,18,72,,,,USD,EA
Penco,PENCO-6GD125,Locker,10 51 13,"Penco Welded Gen2 Defiant II. Locker. 24""W x 21""D x 72""H. 1-tier. Cat.No 6GD125",24,21,72,,,,USD,EA
Penco,PENCO-6GD127,Locker,10 51 13,"Penco Welded Gen2 Defiant II. Locker. 24""W x 24""D x 72""H. 1-tier. Cat.No 6GD127",24,24,72,,,,USD,EA
Penco,PENCO-6GD129,Locker,10 51 13,"Penco Welded Gen2 Defiant II. Locker. 12""D x 60""H. 1-tier. Cat.No 6GD129",,12,60,,,,USD,EA
Penco,PENCO-6GD131,Locker,10 51 13,"Penco Welded Gen2 Defiant II. Locker. 15""D x 60""H. 1-tier. Cat.No 6GD131",,15,60,,,,USD,EA
Penco,PENCO-6GD133,Locker,10 51 13,"Penco Welded Gen2 Defiant II. Locker. 12""W x 21""D x 60""H. 1-tier. Cat.No 6GD133",12,21,60,,,,USD,EA
Penco,PENCO-6GD135,Locker,10 51 13,"Penco Welded Gen2 Defiant II. Locker. 12""W x 18""D x 60""H. 1-tier. Cat.No 6GD135",12,18,60,,,,USD,EA
Penco,PENCO-6GD137,Locker,10 51 13,"Penco Welded Gen2 Defiant II. Locker. 12""W x 24""D x 60""H. 1-tier. Cat.No 6GD137",12,24,60,,,,USD,EA
Penco,PENCO-6GD141,Locker,10 51 13,"Penco Welded Gen2 Defiant II. Locker. 12""W x 12""D x 60""H. 1-tier. Cat.No 6GD141",12,12,60,,,,USD,EA
Penco,PENCO-6GD143,Locker,10 51 13,"Penco Welded Gen2 Defiant II. Locker. 12""W x 15""D x 60""H. 1-tier. Cat.No 6GD143",12,15,60,,,,USD,EA
Penco,PENCO-6GD145,Locker,10 51 13,"Penco Welded Gen2 Defiant II. Locker. 15""W x 18""D x 60""H. 1-tier. Cat.No 6GD145",15,18,60,,,,USD,EA
Penco,PENCO-6GD147,Locker,10 51 13,"Penco Welded Gen2 Defiant II. Locker. 15""W x 21""D x 60""H. 1-tier. Cat.No 6GD147",15,21,60,,,,USD,EA
Penco,PENCO-6GD149,Locker,10 51 13,"Penco Welded Gen2 Defiant II. Locker. 15""W x 15""D x 60""H. 1-tier. Cat.No 6GD149",15,15,60,,,,USD,EA
Penco,PENCO-6GD151,Locker,10 51 13,"Penco Welded Gen2 Defiant II. Locker. 18""W x 18""D x 60""H. 1-tier. Cat.No 6GD151",18,18,60,,,,USD,EA
Penco,PENCO-6GD153,Locker,10 51 13,"Penco Welded Gen2 Defiant II. Locker. 21""W x 21""D x 60""H. 1-tier. Cat.No 6GD153",21,21,60,,,,USD,EA
Penco,PENCO-6GD155,Locker,10 51 13,"Penco Welded Gen2 Defiant II. Locker. 24""W x 24""D x 60""H. 1-tier. Cat.No 6GD155",24,24,60,,,,USD,EA
Penco,PENCO-6GD157,Locker,10 51 13,"Penco Welded Gen2 Defiant II. Locker. 12""D x 72""H. 1-tier. Cat.No 6GD157",,12,72,,,,USD,EA
Penco,PENCO-6GD159,Locker,10 51 13,"Penco Welded Gen2 Defiant II. Locker. 15""D x 72""H. 1-tier. Cat.No 6GD159",,15,72,,,,USD,EA
Penco,PENCO-6GD161,Locker,10 51 13,"Penco Welded Gen2 Defiant II. Locker. 12""W x 18""D x 72""H. 1-tier. Cat.No 6GD161",12,18,72,,,,USD,EA
Penco,PENCO-6GD163,Locker,10 51 13,"Penco Welded Gen2 Defiant II. Locker. 12""W x 21""D x 72""H. 1-tier. Cat.No 6GD163",12,21,72,,,,USD,EA
Penco,PENCO-6GD165,Locker,10 51 13,"Penco Welded Gen2 Defiant II. Locker. 12""D x 72""H. 1-tier. Cat.No 6GD165",,12,72,,,,USD,EA
Penco,PENCO-6GD167,Locker,10 51 13,"Penco Welded Gen2 Defiant II. Locker. 12""W x 24""D x 72""H. 1-tier. Cat.No 6GD167",12,24,72,,,,USD,EA
Penco,PENCO-6GD169,Locker,10 51 13,"Penco Welded Gen2 Defiant II. Locker. 15""D x 72""H. 1-tier. Cat.No 6GD169",,15,72,,,,USD,EA
Penco,PENCO-6GD171,Locker,10 51 13,"Penco Welded Gen2 Defiant II. Locker. 15""W x 18""D x 72""H. 1-tier. Cat.No 6GD171",15,18,72,,,,USD,EA
Penco,PENCO-6GD172,Locker,10 51 13,"Penco Welded Gen2 Defiant II. Locker. 15""W x 24""D x 72""H. 1-tier. Cat.No 6GD172",15,24,72,,,,USD,EA
Penco,PENCO-6GD173,Locker,10 51 13,"Penco Welded Gen2 Defiant II. Locker. 15""W x 21""D x 72""H. 1-tier. Cat.No 6GD173",15,21,72,,,,USD,EA
Penco,PENCO-6GD175,Locker,10 51 13,"Penco Welded Gen2 Defiant II. Locker. 15""W x 15""D x 72""H. 1-tier. Cat.No 6GD175",15,15,72,,,,USD,EA
Penco,PENCO-6GD177,Locker,10 51 13,"Penco Welded Gen2 Defiant II. Locker. 18""W x 18""D x 72""H. 1-tier. Cat.No 6GD177",18,18,72,,,,USD,EA
Penco,PENCO-6GD179,Locker,10 51 13,"Penco Welded Gen2 Defiant II. Locker. 15""W x 21""D x 72""H. 1-tier. Cat.No 6GD179",15,21,72,,,,USD,EA
Penco,PENCO-6GD181,Locker,10 51 13,"Penco Welded Gen2 Defiant II. Locker. 15""W x 24""D x 72""H. 1-tier. Cat.No 6GD181",15,24,72,,,,USD,EA
Penco,PENCO-6GD182,Locker,10 51 13,"Penco Welded Gen2 Defiant II. Locker. 15""W x 15""D x 72""H. 1-tier. Cat.No 6GD182",15,15,72,,,,USD,EA
Penco,PENCO-6GD200,Locker,10 51 13,"Penco Welded Gen2 Defiant II. Locker. 24""W x 24""D x 60""H. 1-tier. Cat.No 6GD200",24,24,60,,,,USD,EA
Penco,PENCO-6GD206,Locker,10 51 13,"Penco Welded Gen2 Defiant II. Locker. 21""W x 21""D x 60""H. 1-tier. Cat.No 6GD206",21,21,60,,,,USD,EA
Penco,PENCO-6GD208,Locker,10 51 13,"Penco Welded Gen2 Defiant II. Locker. 12""W x 12""D x 60""H. 1-tier. Cat.No 6GD208",12,12,60,,,,USD,EA
Penco,PENCO-6GD212,Locker,10 51 13,"Penco Welded Gen2 Defiant II. Locker. 24""W x 24""D x 60""H. 1-tier. Cat.No 6GD212",24,24,60,,,,USD,EA
Penco,PENCO-6GD213,Locker,10 51 13,"Penco Welded Gen2 Defiant II. Locker. 12""W x 12""D x 60""H. 1-tier. Cat.No 6GD213",12,12,60,,,,USD,EA
Penco,PENCO-6GD215,Locker,10 51 13,"Penco Welded Gen2 Defiant II. Locker. 15""W x 15""D x 60""H. 1-tier. Cat.No 6GD215",15,15,60,,,,USD,EA
Penco,PENCO-6GD217,Locker,10 51 13,"Penco Welded Gen2 Defiant II. Locker. 12""W x 18""D x 60""H. 1-tier. Cat.No 6GD217",12,18,60,,,,USD,EA
Penco,PENCO-6GD223,Locker,10 51 13,"Penco Welded Gen2 Defiant II. Locker. 15""W x 15""D x 60""H. 1-tier. Cat.No 6GD223",15,15,60,,,,USD,EA
Penco,PENCO-6GD225,Locker,10 51 13,"Penco Welded Gen2 Defiant II. Locker. 15""W x 15""D x 60""H. 1-tier. Cat.No 6GD225",15,15,60,,,,USD,EA
Penco,PENCO-6GD227,Locker,10 51 13,"Penco Welded Gen2 Defiant II. Locker. 18""W x 18""D x 60""H. 1-tier. Cat.No 6GD227",18,18,60,,,,USD,EA
Penco,PENCO-6GD228,Locker,10 51 13,"Penco Welded Gen2 Defiant II. Locker. 12""W x 12""D x 72""H. 1-tier. Cat.No 6GD228",12,12,72,,,,USD,EA
Penco,PENCO-6GD229,Locker,10 51 13,"Penco Welded Gen2 Defiant II. Locker. 21""W x 21""D x 60""H. 1-tier. Cat.No 6GD229",21,21,60,,,,USD,EA
Penco,PENCO-6GD231,Locker,10 51 13,"Penco Welded Gen2 Defiant II. Locker. 24""W x 24""D x 60""H. 1-tier. Cat.No 6GD231",24,24,60,,,,USD,EA
Penco,PENCO-6GD233,Locker,10 51 13,"Penco Welded Gen2 Defiant II. Locker. 24""W x 18""D x 60""H. 1-tier. Cat.No 6GD233",24,18,60,,,,USD,EA
Penco,PENCO-6GD235,Locker,10 51 13,"Penco Welded Gen2 Defiant II. Locker. 21""W x 21""D x 60""H. 1-tier. Cat.No 6GD235",21,21,60,,,,USD,EA
Penco,PENCO-6GD237,Locker,10 51 13,"Penco Welded Gen2 Defiant II. Locker. 24""W x 24""D x 60""H. 1-tier. Cat.No 6GD237",24,24,60,,,,USD,EA
Penco,PENCO-6GD239,Locker,10 51 13,"Penco Welded Gen2 Defiant II. Locker. 15""W x 18""D x 60""H. 1-tier. Cat.No 6GD239",15,18,60,,,,USD,EA
Penco,PENCO-6GD241,Locker,10 51 13,"Penco Welded Gen2 Defiant II. Locker. 21""W x 21""D x 60""H. 1-tier. Cat.No 6GD241",21,21,60,,,,USD,EA
Penco,PENCO-6GD245,Locker,10 51 13,"Penco Welded Gen2 Defiant II. Locker. 12""W x 12""D x 72""H. 1-tier. Cat.No 6GD245",12,12,72,,,,USD,EA
Penco,PENCO-6GD247,Locker,10 51 13,"Penco Welded Gen2 Defiant II. Locker. 15""W x 15""D x 72""H. 1-tier. Cat.No 6GD247",15,15,72,,,,USD,EA
Penco,PENCO-6GD249,Locker,10 51 13,"Penco Welded Gen2 Defiant II. Locker. 18""W x 18""D x 72""H. 1-tier. Cat.No 6GD249",18,18,72,,,,USD,EA
Penco,PENCO-6GD251,Locker,10 51 13,"Penco Welded Gen2 Defiant II. Locker. 21""W x 21""D x 72""H. 1-tier. Cat.No 6GD251",21,21,72,,,,USD,EA
Penco,PENCO-6GD252,Locker,10 51 13,"Penco Welded Gen2 Defiant II. Locker. 24""W x 24""D x 72""H. 1-tier. Cat.No 6GD252",24,24,72,,,,USD,EA
Penco,PENCO-6GD253,Locker,10 51 13,"Penco Welded Gen2 Defiant II. Locker. 24""W x 24""D x 72""H. 1-tier. Cat.No 6GD253",24,24,72,,,,USD,EA
Penco,PENCO-6GD257,Locker,10 51 13,"Penco Welded Gen2 Defiant II. Locker. 15""W x 15""D x 72""H. 1-tier. Cat.No 6GD257",15,15,72,,,,USD,EA
Penco,PENCO-6GD259,Locker,10 51 13,"Penco Welded Gen2 Defiant II. Locker. 15""W x 18""D x 72""H. 1-tier. Cat.No 6GD259",15,18,72,,,,USD,EA
Penco,PENCO-6GD261,Locker,10 51 13,"Penco Welded Gen2 Defiant II. Locker. 21""W x 21""D x 72""H. 1-tier. Cat.No 6GD261",21,21,72,,,,USD,EA
Penco,PENCO-6GD263,Locker,10 51 13,"Penco Welded Gen2 Defiant II. Locker. 15""W x 15""D x 72""H. 1-tier. Cat.No 6GD263",15,15,72,,,,USD,EA
Penco,PENCO-6GD265,Locker,10 51 13,"Penco Welded Gen2 Defiant II. Locker. 18""W x 18""D x 72""H. 1-tier. Cat.No 6GD265",18,18,72,,,,USD,EA
Penco,PENCO-6GD267,Locker,10 51 13,"Penco Welded Gen2 Defiant II. Locker. 21""W x 21""D x 72""H. 1-tier. Cat.No 6GD267",21,21,72,,,,USD,EA
Penco,PENCO-6GD269,Locker,10 51 13,"Penco Welded Gen2 Defiant II. Locker. 24""W x 24""D x 72""H. 1-tier. Cat.No 6GD269",24,24,72,,,,USD,EA
Penco,PENCO-6GD271,Locker,10 51 13,"Penco Welded Gen2 Defiant II. Locker. 24""W x 18""D x 72""H. 1-tier. Cat.No 6GD271",24,18,72,,,,USD,EA
Penco,PENCO-6GD273,Locker,10 51 13,"Penco Welded Gen2 Defiant II. Locker. 21""W x 21""D x 72""H. 1-tier. Cat.No 6GD273",21,21,72,,,,USD,EA
Penco,PENCO-6GD275,Locker,10 51 13,"Penco Welded Gen2 Defiant II. Locker. 24""W x 24""D x 72""H. 1-tier. Cat.No 6GD275",24,24,72,,,,USD,EA
Penco,PENCO-6GD287,Locker,10 51 13,"Penco Welded Gen2 Defiant II. Locker. 12""W x 12""D x 60""H. 1-tier. Cat.No 6GD287",12,12,60,,,,USD,EA
Penco,PENCO-6GD289,Locker,10 51 13,"Penco Welded Gen2 Defiant II. Locker. 15""W x 15""D x 60""H. 1-tier. Cat.No 6GD289",15,15,60,,,,USD,EA
Penco,PENCO-6GD291,Locker,10 51 13,"Penco Welded Gen2 Defiant II. Locker. 12""W x 18""D x 60""H. 1-tier. Cat.No 6GD291",12,18,60,,,,USD,EA
Penco,PENCO-6GD292,Locker,10 51 13,"Penco Welded Gen2 Defiant II. Locker. 24""W x 24""D x 60""H. 1-tier. Cat.No 6GD292",24,24,60,,,,USD,EA
Penco,PENCO-6GD293,Locker,10 51 13,"Penco Welded Gen2 Defiant II. Locker. 15""W x 15""D x 60""H. 1-tier. Cat.No 6GD293",15,15,60,,,,USD,EA
Penco,PENCO-6GD295,Locker,10 51 13,"Penco Welded Gen2 Defiant II. Locker. 15""W x 18""D x 60""H. 1-tier. Cat.No 6GD295",15,18,60,,,,USD,EA
Penco,PENCO-6GD297,Locker,10 51 13,"Penco Welded Gen2 Defiant II. Locker. 21""W x 21""D x 60""H. 1-tier. Cat.No 6GD297",21,21,60,,,,USD,EA
Penco,PENCO-6GD306,Locker,10 51 13,"Penco Welded Gen2 Defiant II. Locker. 21""W x 21""D x 60""H. 1-tier. Cat.No 6GD306",21,21,60,,,,USD,EA
Penco,PENCO-6GD308,Locker,10 51 13,"Penco Welded Gen2 Defiant II. Locker. 12""W x 12""D x 60""H. 1-tier. Cat.No 6GD308",12,12,60,,,,USD,EA
Penco,PENCO-6GD312,Locker,10 51 13,"Penco Welded Gen2 Defiant II. Locker. 24""W x 24""D x 60""H. 1-tier. Cat.No 6GD312",24,24,60,,,,USD,EA
Penco,PENCO-6GD500,Locker,10 51 13,"Penco Welded Gen2 Defiant II. Locker. 15""W x 12""D x 72""H. 1-tier. Cat.No 6GD500",15,12,72,,,,USD,EA
Penco,PENCO-6GD501,Locker,10 51 13,"Penco Welded Gen2 Defiant II. Locker. 12""W x 12""D x 60""H. 1-tier. Cat.No 6GD501",12,12,60,,,,USD,EA
Penco,PENCO-6GD508,Locker,10 51 13,"Penco Welded Gen2 Defiant II. Locker. 12""W x 12""D x 72""H. 1-tier. Cat.No 6GD508",12,12,72,,,,USD,EA
Penco,PENCO-6GD701,Locker,10 51 13,"Penco Welded Gen2 Defiant II. Locker. 15""W x 15""D x 72""H. 1-tier. Cat.No 6GD701",15,15,72,,,,USD,EA
Penco,PENCO-6GD220,Locker,10 51 13,"Penco Welded Gen2 Defiant II. Locker. 18""W x 18""D x 60""H. 3-tier. Cat.No 6GD220",18,18,60,,,,USD,EA
Penco,PENCO-6GD221,Locker,10 51 13,"Penco Welded Gen2 Defiant II. Locker. 18""W x 18""D x 72""H. 3-tier. Cat.No 6GD221",18,18,72,,,,USD,EA
Penco,PENCO-6GD222,Locker,10 51 13,"Penco Welded Gen2 Defiant II. Locker. 24""W x 24""D x 60""H. 3-tier. Cat.No 6GD222",24,24,60,,,,USD,EA
Penco,PENCO-6GD224,Locker,10 51 13,"Penco Welded Gen2 Defiant II. Locker. 21""W x 24""D x 72""H. 3-tier. Cat.No 6GD224",21,24,72,,,,USD,EA
Penco,PENCO-6GD281,Locker,10 51 13,"Penco Welded Gen2 Defiant II. Locker. 12""W x 12""D x 72""H. 3-tier. Cat.No 6GD281",12,12,72,,,,USD,EA
Penco,PENCO-6GD283,Locker,10 51 13,"Penco Welded Gen2 Defiant II. Locker. 15""W x 15""D x 72""H. 3-tier. Cat.No 6GD283",15,15,72,,,,USD,EA
Penco,PENCO-6GD285,Locker,10 51 13,"Penco Welded Gen2 Defiant II. Locker. 12""W x 18""D x 72""H. 3-tier. Cat.No 6GD285",12,18,72,,,,USD,EA
Penco,PENCO-6GD301,Locker,10 51 13,"Penco Welded Gen2 Defiant II. Locker. 15""W x 15""D x 72""H. 3-tier. Cat.No 6GD301",15,15,72,,,,USD,EA
Penco,PENCO-6GD303,Locker,10 51 13,"Penco Welded Gen2 Defiant II. Locker. 15""W x 18""D x 72""H. 3-tier. Cat.No 6GD303",15,18,72,,,,USD,EA
Penco,PENCO-6GD305,Locker,10 51 13,"Penco Welded Gen2 Defiant II. Locker. 21""W x 21""D x 72""H. 3-tier. Cat.No 6GD305",21,21,72,,,,USD,EA
Penco,PENCO-6GD314,Locker,10 51 13,"Penco Welded Gen2 Defiant II. Locker. 21""W x 21""D x 60""H. 3-tier. Cat.No 6GD314",21,21,60,,,,USD,EA
Penco,PENCO-6GD326,Locker,10 51 13,"Penco Welded Gen2 Defiant II. Locker. 21""W x 21""D x 72""H. 3-tier. Cat.No 6GD326",21,21,72,,,,USD,EA
Penco,PENCO-6GD327,Locker,10 51 13,"Penco Welded Gen2 Defiant II. Locker. 21""W x 24""D x 72""H. 3-tier. Cat.No 6GD327",21,24,72,,,,USD,EA
Penco,PENCO-6GD328,Locker,10 51 13,"Penco Welded Gen2 Defiant II. Locker. 12""W x 12""D x 72""H. 3-tier. Cat.No 6GD328",12,12,72,,,,USD,EA
Penco,PENCO-6GD332,Locker,10 51 13,"Penco Welded Gen2 Defiant II. Locker. 21""W x 24""D x 72""H. 3-tier. Cat.No 6GD332",21,24,72,,,,USD,EA
Penco,PENCO-6GD334,Locker,10 51 13,"Penco Welded Gen2 Defiant II. Locker. 21""W x 21""D x 72""H. 3-tier. Cat.No 6GD334",21,21,72,,,,USD,EA
Penco,PENCO-6GD726,Locker,10 51 13,"Penco Welded Gen2 Defiant II. Locker. 24""W x 24""D x 60""H. 3-tier. Cat.No 6GD726",24,24,60,,,,USD,EA
Penco,PENCO-6GD729,Locker,10 51 13,"Penco Welded Gen2 Defiant II. Locker. 12""W x 12""D x 60""H. 3-tier. Cat.No 6GD729",12,12,60,,,,USD,EA
Penco,PENCO-6GD730,Locker,10 51 13,"Penco Welded Gen2 Defiant II. Locker. 15""W x 15""D x 60""H. 3-tier. Cat.No 6GD730",15,15,60,,,,USD,EA
Penco,PENCO-6GD735,Locker,10 51 13,"Penco Welded Gen2 Defiant II. Locker. 12""W x 12""D x 72""H. 3-tier. Cat.No 6GD735",12,12,72,,,,USD,EA
Penco,PENCO-6GD736,Locker,10 51 13,"Penco Welded Gen2 Defiant II. Locker. 15""W x 15""D x 72""H. 3-tier. Cat.No 6GD736",15,15,72,,,,USD,EA
Penco,PENCO-6GD740,Locker,10 51 13,"Penco Welded Gen2 Defiant II. Locker. 24""W x 24""D x 72""H. 3-tier. Cat.No 6GD740",24,24,72,,,,USD,EA
Penco,PENCO-WG4CB12,Locker Accessory,10 51 13,"Penco Welded Gen2. Channel Base Accessory. 24""W x 24""D x 20/60""H. Cat.No WG4CB12",24,24,20/60,,,,USD,EA
Penco,PENCO-WG4CB15,Locker Accessory,10 51 13,Penco Welded Gen2. Channel Base Accessory. Cat.No WG4CB15,,,,,,,USD,EA
Penco,PENCO-WG4CB18,Locker Accessory,10 51 13,Penco Welded Gen2. Channel Base Accessory. Cat.No WG4CB18,,,,,,,USD,EA
Penco,PENCO-WG4CB24,Locker Accessory,10 51 13,Penco Welded Gen2. Channel Base Accessory. Cat.No WG4CB24,,,,,,,USD,EA
Penco,PENCO-WG4CB9,Locker Accessory,10 51 13,"Penco Welded Gen2. Channel Base Accessory. 24""D x 20/60""H. Cat.No WG4CB9",,24,20/60,,,,USD,EA
Penco,PENCO-WG6CB12,Locker Accessory,10 51 13,"Penco Welded Gen2. Channel Base Accessory. 24""D x 24/72""H. Cat.No WG6CB12",,24,24/72,,,,USD,EA
Penco,PENCO-WG6CB15,Locker Accessory,10 51 13,"Penco Welded Gen2. Channel Base Accessory. 12""D x 24/72""H. Cat.No WG6CB15",,12,24/72,,,,USD,EA
Penco,PENCO-WG6CB18,Locker Accessory,10 51 13,"Penco Welded Gen2. Channel Base Accessory. 15""D x 24/72""H. Cat.No WG6CB18",,15,24/72,,,,USD,EA
Penco,PENCO-WG6CB24,Locker Accessory,10 51 13,"Penco Welded Gen2. Channel Base Accessory. 15""W x 18""D x 24/72""H. Cat.No WG6CB24",15,18,24/72,,,,USD,EA
Penco,PENCO-WG6CB9,Locker Accessory,10 51 13,"Penco Welded Gen2. Channel Base Accessory. 21""D x 24/72""H. Cat.No WG6CB9",,21,24/72,,,,USD,EA
Penco,PENCO-SK241872DDNBF,Locker,10 51 13,"Penco Stadium Fully Framed. Configured Stadium Locker (example). 24""W x 18""D x 72""H. Cat.No SK241872DDNBF",24,18,72,,,,USD,EA
Penco,PENCO-SK242472SSNBN,Locker,10 51 13,"Penco Stadium Fully Framed. Configured Stadium Locker (example). 24""W x 24""D x 72""H. Cat.No SK242472SSNBN",24,24,72,,,,USD,EA
Penco,PENCO-SW242172DD4BF,Locker,10 51 13,"Penco Stadium Fully Framed. Configured Stadium Locker (example). 24""W x 21""D x 72""H. Cat.No SW242172DD4BF",24,21,72,,,,USD,EA
Penco,PENCO-SW242472SSNBN,Locker,10 51 13,"Penco Stadium Fully Framed. Configured Stadium Locker (example). 24""W x 24""D x 72""H. Cat.No SW242472SSNBN",24,24,72,,,,USD,EA
Penco,PENCO-MK362478EEDCD,Locker,10 51 13,"Penco Patriot TA50. Configured TA50 Locker (example). 36""W x 24""D x 78""H. Cat.No MK362478EEDCD",36,24,78,,,,USD,EA
Penco,PENCO-MK422478SSDCL,Locker,10 51 13,"Penco Patriot TA50. Configured TA50 Locker (example). 42""W x 24""D x 78""H. Cat.No MK422478SSDCL",42,24,78,,,,USD,EA
Penco,PENCO-MW422478EEDCD,Locker,10 51 13,"Penco Patriot TA50. Configured TA50 Locker (example). 42""W x 24""D x 78""H. Cat.No MW422478EEDCD",42,24,78,,,,USD,EA
Penco,PENCO-MW482478SSDCL,Locker,10 51 13,"Penco Patriot TA50. Configured TA50 Locker (example). 48""W x 24""D x 78""H. Cat.No MW482478SSDCL",48,24,78,,,,USD,EA
Penco,PENCO-GK362472DSDCL,Locker,10 51 13,"Penco Patriot Gear. Configured Gear Locker (example). 36""W x 24""D x 72""H. Cat.No GK362472DSDCL",36,24,72,,,,USD,EA
Penco,PENCO-GW362472DS4DCL,Locker,10 51 13,"Penco Patriot Gear. Configured Gear Locker (example). 36""W x 24""D x 72""H. Cat.No GW362472DS4DCL",36,24,72,,,,USD,EA
Penco,PENCO-TK181872DSN,Locker,10 51 13,"Penco Patriot Team. Configured Team Locker (example). 18""W x 18""D x 72""H. Cat.No TK181872DSN",18,18,72,,,,USD,EA
Penco,PENCO-TK482472ESN,Locker,10 51 13,"Penco Patriot Team. Configured Team Locker (example). 48""W x 24""D x 72""H. Cat.No TK482472ESN",48,24,72,,,,USD,EA
Penco,PENCO-DK182490SSESCL,Locker,10 51 13,"Penco Patriot Duty. Configured Duty Locker (example). 18""W x 24""D x 90""H. Cat.No DK182490SSESCL",18,24,90,,,,USD,EA
Penco,PENCO-DK242478SSNDCS,Locker,10 51 13,"Penco Patriot Duty. Configured Duty Locker (example). 24""W x 24""D x 78""H. Cat.No DK242478SSNDCS",24,24,78,,,,USD,EA
Penco,PENCO-DW182478SSNSCL,Locker,10 51 13,"Penco Patriot Duty. Configured Duty Locker (example). 18""W x 24""D x 78""H. Cat.No DW182478SSNSCL",18,24,78,,,,USD,EA
Penco,PENCO-DW242490SSEDCS,Locker,10 51 13,"Penco Patriot Duty. Configured Duty Locker (example). 24""W x 24""D x 90""H. Cat.No DW242490SSEDCS",24,24,90,,,,USD,EA
Penco,PENCO-6FCP1844-K,Locker Accessory,10 51 13,Penco Patriot Fully Framed Accessories. Locker Accessories (Not for TA-50 or Stadium). Cat.No 6FCP1844-K,,,,,,,USD,EA
Penco,PENCO-6FCP1844-W,Locker Accessory,10 51 13,Penco Patriot Fully Framed Accessories. Locker Accessories (Not for TA-50 or Stadium). Cat.No 6FCP1844-W,,,,,,,USD,EA
Penco,PENCO-6FCP1851-K,Locker Accessory,10 51 13,Penco Patriot Fully Framed Accessories. Locker Accessories (Not for TA-50 or Stadium). Cat.No 6FCP1851-K,,,,,,,USD,EA
Penco,PENCO-6FCP1851-W,Locker Accessory,10 51 13,Penco Patriot Fully Framed Accessories. Locker Accessories (Not for TA-50 or Stadium). Cat.No 6FCP1851-W,,,,,,,USD,EA
Penco,PENCO-6FCP1857-K,Locker Accessory,10 51 13,Penco Patriot Fully Framed Accessories. Locker Accessories (Not for TA-50 or Stadium). Cat.No 6FCP1857-K,,,,,,,USD,EA
Penco,PENCO-6FCP1857-W,Locker Accessory,10 51 13,Penco Patriot Fully Framed Accessories. Locker Accessories (Not for TA-50 or Stadium). Cat.No 6FCP1857-W,,,,,,,USD,EA
Penco,PENCO-6FCP2444-K,Locker Accessory,10 51 13,Penco Patriot Fully Framed Accessories. Locker Accessories (Not for TA-50 or Stadium). Cat.No 6FCP2444-K,,,,,,,USD,EA
Penco,PENCO-6FCP2444-W,Locker Accessory,10 51 13,Penco Patriot Fully Framed Accessories. Locker Accessories (Not for TA-50 or Stadium). Cat.No 6FCP2444-W,,,,,,,USD,EA
Penco,PENCO-6FCP2451-K,Locker Accessory,10 51 13,Penco Patriot Fully Framed Accessories. Locker Accessories (Not for TA-50 or Stadium). Cat.No 6FCP2451-K,,,,,,,USD,EA
Penco,PENCO-6FCP2451-W,Locker Accessory,10 51 13,Penco Patriot Fully Framed Accessories. Locker Accessories (Not for TA-50 or Stadium). Cat.No 6FCP2451-W,,,,,,,USD,EA
Penco,PENCO-6FCP2457-K,Locker Accessory,10 51 13,Penco Patriot Fully Framed Accessories. Locker Accessories (Not for TA-50 or Stadium). Cat.No 6FCP2457-K,,,,,,,USD,EA
Penco,PENCO-6FCP2457-W,Locker Accessory,10 51 13,Penco Patriot Fully Framed Accessories. Locker Accessories (Not for TA-50 or Stadium). Cat.No 6FCP2457-W,,,,,,,USD,EA
Penco,PENCO-6FCR18-K,Locker Accessory,10 51 13,Penco Patriot Fully Framed Accessories. Locker Accessories (Not for TA-50 or Stadium). Cat.No 6FCR18-K,,,,,,,USD,EA
Penco,PENCO-6FCR18-W,Locker Accessory,10 51 13,"Penco Patriot Fully Framed Accessories. Intermediate Drawer - 6"" High                    30 x 18 x 6. Cat.No 6FCR18-W",,,,,,,USD,EA
Penco,PENCO-6FCR24-K,Locker Accessory,10 51 13,"Penco Patriot Fully Framed Accessories. Intermediate Drawer - 6"" High                    30 x 18 x 6. Cat.No 6FCR24-K",,,,,,,USD,EA
Penco,PENCO-6FCR24-W,Locker Accessory,10 51 13,"Penco Patriot Fully Framed Accessories. Intermediate Drawer - 6"" High                    30 x 18 x 6. Cat.No 6FCR24-W",,,,,,,USD,EA
Penco,PENCO-6FCR30-K,Locker Accessory,10 51 13,"Penco Patriot Fully Framed Accessories. Intermediate Drawer - 6"" High                    30 x 18 x 6. Cat.No 6FCR30-K",,,,,,,USD,EA
Penco,PENCO-6FCR30-W,Locker Accessory,10 51 13,"Penco Patriot Fully Framed Accessories. Intermediate Drawer - 6"" High                    30 x 18 x 6. Cat.No 6FCR30-W",,,,,,,USD,EA
Penco,PENCO-6FCR36-K,Locker Accessory,10 51 13,"Penco Patriot Fully Framed Accessories. Intermediate Drawer - 6"" High                    30 x 18 x 6. Cat.No 6FCR36-K",,,,,,,USD,EA
Penco,PENCO-6FCR36-W,Locker Accessory,10 51 13,"Penco Patriot Fully Framed Accessories. Intermediate Drawer - 6"" High                    30 x 18 x 6. Cat.No 6FCR36-W",,,,,,,USD,EA
Penco,PENCO-6FCR42-K,Locker Accessory,10 51 13,"Penco Patriot Fully Framed Accessories. Intermediate Drawer - 6"" High                    30 x 18 x 6. Cat.No 6FCR42-K",,,,,,,USD,EA
Penco,PENCO-6FCR42-W,Locker Accessory,10 51 13,"Penco Patriot Fully Framed Accessories. Intermediate Drawer - 6"" High                    30 x 18 x 6. Cat.No 6FCR42-W",,,,,,,USD,EA
Penco,PENCO-6FCR48-K,Locker Accessory,10 51 13,"Penco Patriot Fully Framed Accessories. Intermediate Drawer - 6"" High                    30 x 18 x 6. Cat.No 6FCR48-K",,,,,,,USD,EA
Penco,PENCO-6FCR48-W,Locker Accessory,10 51 13,"Penco Patriot Fully Framed Accessories. Intermediate Drawer - 6"" High                    30 x 18 x 6. Cat.No 6FCR48-W",,,,,,,USD,EA
Penco,PENCO-6FCRH09-18K,Locker Accessory,10 51 13,"Penco Patriot Fully Framed Accessories. Coat Rod Kit - Half Length (9""       6FCRH09-18K      9. 9""W. Cat.No 6FCRH09-18K",9,,,,,,USD,EA
Penco,PENCO-6FCRH09-18W,Locker Accessory,10 51 13,"Penco Patriot Fully Framed Accessories. Coat Rod Kit - Half Length (9""       6FCRH09-18K      9. 18""W. Cat.No 6FCRH09-18W",18,,,,,,USD,EA
Penco,PENCO-6FCRH12-24K,Locker Accessory,10 51 13,"Penco Patriot Fully Framed Accessories. Coat Rod Kit - Half Length (9""       6FCRH09-18K      9. 12""W. Cat.No 6FCRH12-24K",12,,,,,,USD,EA
Penco,PENCO-6FCRH12-24W,Locker Accessory,10 51 13,"Penco Patriot Fully Framed Accessories. Coat Rod Kit - Half Length (9""       6FCRH09-18K      9. Cat.No 6FCRH12-24W",,,,,,,USD,EA
Penco,PENCO-6FCRH15-30K,Locker Accessory,10 51 13,"Penco Patriot Fully Framed Accessories. Coat Rod Kit - Half Length (9""       6FCRH09-18K      9. 15""W. Cat.No 6FCRH15-30K",15,,,,,,USD,EA
Penco,PENCO-6FCRH15-30W,Locker Accessory,10 51 13,"Penco Patriot Fully Framed Accessories. Coat Rod Kit - Half Length (9""       6FCRH09-18K      9. Cat.No 6FCRH15-30W",,,,,,,USD,EA
Penco,PENCO-6FCRH18-36K,Locker Accessory,10 51 13,"Penco Patriot Fully Framed Accessories. Coat Rod Kit - Half Length (9""       6FCRH09-18K      9. Cat.No 6FCRH18-36K",,,,,,,USD,EA
Penco,PENCO-6FCRH18-36W,Locker Accessory,10 51 13,"Penco Patriot Fully Framed Accessories. Coat Rod Kit - Half Length (18"". 36""W. Cat.No 6FCRH18-36W",36,,,,,,USD,EA
Penco,PENCO-6FCRH21-42K,Locker Accessory,10 51 13,"Penco Patriot Fully Framed Accessories. Coat Rod Kit - Half Length (18"". 21""W. Cat.No 6FCRH21-42K",21,,,,,,USD,EA
Penco,PENCO-6FCRH21-42W,Locker Accessory,10 51 13,"Penco Patriot Fully Framed Accessories. Coat Rod Kit - Half Length (18"". Cat.No 6FCRH21-42W",,,,,,,USD,EA
Penco,PENCO-6FCRH24-48K,Locker Accessory,10 51 13,"Penco Patriot Fully Framed Accessories. Coat Rod Kit - Half Length (18"". 24""W. Cat.No 6FCRH24-48K",24,,,,,,USD,EA
Penco,PENCO-6FCRH24-48W,Locker Accessory,10 51 13,"Penco Patriot Fully Framed Accessories. Coat Rod Kit - Half Length (18"". 48""W. Cat.No 6FCRH24-48W",48,,,,,,USD,EA
Penco,PENCO-CPHS0918-K,Locker Accessory,10 51 13,Penco Patriot Fully Framed Accessories. Locker Accessories (Not for TA-50 or Stadium). Cat.No CPHS0918-K,,,,,,,USD,EA
Penco,PENCO-CPHS0918-W,Locker Accessory,10 51 13,Penco Patriot Fully Framed Accessories. Locker Accessories (Not for TA-50 or Stadium). Cat.No CPHS0918-W,,,,,,,USD,EA
Penco,PENCO-CPHS0924-K,Locker Accessory,10 51 13,Penco Patriot Fully Framed Accessories. Locker Accessories (Not for TA-50 or Stadium). Cat.No CPHS0924-K,,,,,,,USD,EA
Penco,PENCO-CPHS0924-W,Locker Accessory,10 51 13,Penco Patriot Fully Framed Accessories. Locker Accessories (Not for TA-50 or Stadium). Cat.No CPHS0924-W,,,,,,,USD,EA
Penco,PENCO-CPHS1218-K,Locker Accessory,10 51 13,Penco Patriot Fully Framed Accessories. Locker Accessories (Not for TA-50 or Stadium). Cat.No CPHS1218-K,,,,,,,USD,EA
Penco,PENCO-CPHS1218-W,Locker Accessory,10 51 13,Penco Patriot Fully Framed Accessories. Locker Accessories (Not for TA-50 or Stadium). Cat.No CPHS1218-W,,,,,,,USD,EA
Penco,PENCO-CPHS1224-K,Locker Accessory,10 51 13,Penco Patriot Fully Framed Accessories. Locker Accessories (Not for TA-50 or Stadium). Cat.No CPHS1224-K,,,,,,,USD,EA
Penco,PENCO-CPHS1224-W,Locker Accessory,10 51 13,Penco Patriot Fully Framed Accessories. Locker Accessories (Not for TA-50 or Stadium). Cat.No CPHS1224-W,,,,,,,USD,EA
Penco,PENCO-CPHS1524-K,Locker Accessory,10 51 13,Penco Patriot Fully Framed Accessories. Locker Accessories (Not for TA-50 or Stadium). Cat.No CPHS1524-K,,,,,,,USD,EA
Penco,PENCO-CPHS1524-W,Locker Accessory,10 51 13,Penco Patriot Fully Framed Accessories. Locker Accessories (Not for TA-50 or Stadium). Cat.No CPHS1524-W,,,,,,,USD,EA
Penco,PENCO-CPHS1824-K,Locker Accessory,10 51 13,Penco Patriot Fully Framed Accessories. Locker Accessories (Not for TA-50 or Stadium). Cat.No CPHS1824-K,,,,,,,USD,EA
Penco,PENCO-CPHS1824-W,Locker Accessory,10 51 13,Penco Patriot Fully Framed Accessories. Locker Accessories (Not for TA-50 or Stadium). Cat.No CPHS1824-W,,,,,,,USD,EA
Penco,PENCO-CPHS2124-K,Locker Accessory,10 51 13,Penco Patriot Fully Framed Accessories. Locker Accessories (Not for TA-50 or Stadium). Cat.No CPHS2124-K,,,,,,,USD,EA
Penco,PENCO-CPHS2124-W,Locker Accessory,10 51 13,Penco Patriot Fully Framed Accessories. Locker Accessories (Not for TA-50 or Stadium). Cat.No CPHS2124-W,,,,,,,USD,EA
Penco,PENCO-CPHS2418-K,Locker Accessory,10 51 13,Penco Patriot Fully Framed Accessories. Locker Accessories (Not for TA-50 or Stadium). Cat.No CPHS2418-K,,,,,,,USD,EA
Penco,PENCO-CPHS2418-W,Locker Accessory,10 51 13,Penco Patriot Fully Framed Accessories. Locker Accessories (Not for TA-50 or Stadium). Cat.No CPHS2418-W,,,,,,,USD,EA
Penco,PENCO-CPHS2424-K,Locker Accessory,10 51 13,Penco Patriot Fully Framed Accessories. Locker Accessories (Not for TA-50 or Stadium). Cat.No CPHS2424-K,,,,,,,USD,EA
Penco,PENCO-CPHS2424-W,Locker Accessory,10 51 13,Penco Patriot Fully Framed Accessories. Locker Accessories (Not for TA-50 or Stadium). Cat.No CPHS2424-W,,,,,,,USD,EA
Penco,PENCO-DU181806-K,Locker Accessory,10 51 13,"Penco Patriot Fully Framed Accessories. Locker Accessories (Not for TA-50 or Stadium). 1824""W x 18""D x 24""H. Cat.No DU181806-K",1824,18,24,,,,USD,EA
Penco,PENCO-DU181806-W,Locker Accessory,10 51 13,Penco Patriot Fully Framed Accessories. Locker Accessories (Not for TA-50 or Stadium). Cat.No DU181806-W,,,,,,,USD,EA
Penco,PENCO-DU181812-K,Locker Accessory,10 51 13,"Penco Patriot Fully Framed Accessories. Locker Accessories (Not for TA-50 or Stadium). 1844""W x 18""D x 44""H. Cat.No DU181812-K",1844,18,44,,,,USD,EA
Penco,PENCO-DU181812-W,Locker Accessory,10 51 13,"Penco Patriot Fully Framed Accessories. Locker Accessories (Not for TA-50 or Stadium). 1844""W x 18""D x 44""H. Cat.No DU181812-W",1844,18,44,,,,USD,EA
Penco,PENCO-DU182406-K,Locker Accessory,10 51 13,"Penco Patriot Fully Framed Accessories. Locker Accessories (Not for TA-50 or Stadium). 2124""W x 21""D x 24""H. Cat.No DU182406-K",2124,21,24,,,,USD,EA
Penco,PENCO-DU182406-W,Locker Accessory,10 51 13,Penco Patriot Fully Framed Accessories. Locker Accessories (Not for TA-50 or Stadium). Cat.No DU182406-W,,,,,,,USD,EA
Penco,PENCO-DU182412-K,Locker Accessory,10 51 13,"Penco Patriot Fully Framed Accessories. Locker Accessories (Not for TA-50 or Stadium). 1857""W x 18""D x 57""H. Cat.No DU182412-K",1857,18,57,,,,USD,EA
Penco,PENCO-DU182412-W,Locker Accessory,10 51 13,Penco Patriot Fully Framed Accessories. Locker Accessories (Not for TA-50 or Stadium). Cat.No DU182412-W,,,,,,,USD,EA
Penco,PENCO-DU241806-K,Locker Accessory,10 51 13,"Penco Patriot Fully Framed Accessories. Locker Accessories (Not for TA-50 or Stadium). 2418""W x 24""D x 18""H. Cat.No DU241806-K",2418,24,18,,,,USD,EA
Penco,PENCO-DU241806-W,Locker Accessory,10 51 13,Penco Patriot Fully Framed Accessories. Locker Accessories (Not for TA-50 or Stadium). Cat.No DU241806-W,,,,,,,USD,EA
Penco,PENCO-DU241812-K,Locker Accessory,10 51 13,"Penco Patriot Fully Framed Accessories. Locker Accessories (Not for TA-50 or Stadium). 18""W x 51""D x 12""H. Cat.No DU241812-K",18,51,12,,,,USD,EA
Penco,PENCO-DU241812-W,Locker Accessory,10 51 13,Penco Patriot Fully Framed Accessories. Locker Accessories (Not for TA-50 or Stadium). Cat.No DU241812-W,,,,,,,USD,EA
Penco,PENCO-DU242406-K,Locker Accessory,10 51 13,Penco Patriot Fully Framed Accessories. Locker Accessories (Not for TA-50 or Stadium). Cat.No DU242406-K,,,,,,,USD,EA
Penco,PENCO-DU242406-W,Locker Accessory,10 51 13,Penco Patriot Fully Framed Accessories. Locker Accessories (Not for TA-50 or Stadium). Cat.No DU242406-W,,,,,,,USD,EA
Penco,PENCO-DU242412-K,Locker Accessory,10 51 13,"Penco Patriot Fully Framed Accessories. Locker Accessories (Not for TA-50 or Stadium). 2451""W x 24""D x 51""H. Cat.No DU242412-K",2451,24,51,,,,USD,EA
Penco,PENCO-DU242412-W,Locker Accessory,10 51 13,Penco Patriot Fully Framed Accessories. Locker Accessories (Not for TA-50 or Stadium). Cat.No DU242412-W,,,,,,,USD,EA
Penco,PENCO-DU301806-K,Locker Accessory,10 51 13,"Penco Patriot Fully Framed Accessories. Locker Accessories (Not for TA-50 or Stadium). 6""W x 18""D x 18""H. Cat.No DU301806-K",6,18,18,,,,USD,EA
Penco,PENCO-DU301806-W,Locker Accessory,10 51 13,"Penco Patriot Fully Framed Accessories. Intermediate Drawer - 6"" High                    30 x 18 x 6. 6""W x 18""D x 18""H. Cat.No DU301806-W",6,18,18,,,,USD,EA
Penco,PENCO-DU302406-K,Locker Accessory,10 51 13,"Penco Patriot Fully Framed Accessories. Intermediate Drawer - 6"" High                    30 x 18 x 6. 6""W x 24""D x 24""H. Cat.No DU302406-K",6,24,24,,,,USD,EA
Penco,PENCO-DU302406-W,Locker Accessory,10 51 13,"Penco Patriot Fully Framed Accessories. Intermediate Drawer - 6"" High                    30 x 18 x 6. Cat.No DU302406-W",,,,,,,USD,EA
Penco,PENCO-DU302412-K,Locker Accessory,10 51 13,Penco Patriot Fully Framed Accessories. Locker Accessories (Not for TA-50 or Stadium). Cat.No DU302412-K,,,,,,,USD,EA
Penco,PENCO-DU302412-W,Locker Accessory,10 51 13,Penco Patriot Fully Framed Accessories. Locker Accessories (Not for TA-50 or Stadium). Cat.No DU302412-W,,,,,,,USD,EA
Penco,PENCO-DU362406-K,Locker Accessory,10 51 13,"Penco Patriot Fully Framed Accessories. Intermediate Drawer - 6"" High                    30 x 18 x 6. 6""W x 30""D x 30""H. Cat.No DU362406-K",6,30,30,,,,USD,EA
Penco,PENCO-DU362406-W,Locker Accessory,10 51 13,"Penco Patriot Fully Framed Accessories. Intermediate Drawer - 6"" High                    30 x 18 x 6. Cat.No DU362406-W",,,,,,,USD,EA
Penco,PENCO-DU362412-K,Locker Accessory,10 51 13,"Penco Patriot Fully Framed Accessories. Locker Accessories (Not for TA-50 or Stadium). 12""W. Cat.No DU362412-K",12,,,,,,USD,EA
Penco,PENCO-DU362412-W,Locker Accessory,10 51 13,"Penco Patriot Fully Framed Accessories. Locker Accessories (Not for TA-50 or Stadium). 9""W x 18""D x 36""H. Cat.No DU362412-W",9,18,36,,,,USD,EA
Penco,PENCO-DU422406-K,Locker Accessory,10 51 13,"Penco Patriot Fully Framed Accessories. Intermediate Drawer - 6"" High                    30 x 18 x 6. Cat.No DU422406-K",,,,,,,USD,EA
Penco,PENCO-DU422406-W,Locker Accessory,10 51 13,"Penco Patriot Fully Framed Accessories. Intermediate Drawer - 6"" High                    30 x 18 x 6. Cat.No DU422406-W",,,,,,,USD,EA
Penco,PENCO-DU422412-K,Locker Accessory,10 51 13,"Penco Patriot Fully Framed Accessories. Locker Accessories (Not for TA-50 or Stadium). 9""W x 24""D x 12""H. Cat.No DU422412-K",9,24,12,,,,USD,EA
Penco,PENCO-DU422412-W,Locker Accessory,10 51 13,"Penco Patriot Fully Framed Accessories. Locker Accessories (Not for TA-50 or Stadium). 12""W x 18""D x 42""H. Cat.No DU422412-W",12,18,42,,,,USD,EA
Penco,PENCO-DU482406-K,Locker Accessory,10 51 13,"Penco Patriot Fully Framed Accessories. Intermediate Drawer - 6"" High                    30 x 18 x 6. Cat.No DU482406-K",,,,,,,USD,EA
Penco,PENCO-DU482406-W,Locker Accessory,10 51 13,"Penco Patriot Fully Framed Accessories. Intermediate Drawer - 6"" High                    30 x 18 x 6. 6""W x 48""D x 48""H. Cat.No DU482406-W",6,48,48,,,,USD,EA
Penco,PENCO-DU482412-K,Locker Accessory,10 51 13,"Penco Patriot Fully Framed Accessories. Locker Accessories (Not for TA-50 or Stadium). 12""W x 24""D x 12""H. Cat.No DU482412-K",12,24,12,,,,USD,EA
Penco,PENCO-DU482412-W,Locker Accessory,10 51 13,"Penco Patriot Fully Framed Accessories. Locker Accessories (Not for TA-50 or Stadium). 15""W x 24""D x 48""H. Cat.No DU482412-W",15,24,48,,,,USD,EA
Penco,PENCO-FT181812-K,Locker Accessory,10 51 13,"Penco Patriot Fully Framed Accessories. Intermediate Drawer - 6"" High                    30 x 18 x 6. 6""W x 48""D x 48""H. Cat.No FT181812-K",6,48,48,,,,USD,EA
Penco,PENCO-FT181812-W,Locker Accessory,10 51 13,"Penco Patriot Fully Framed Accessories. Intermediate Drawer - 6"" High                    30 x 18 x 6. Cat.No FT181812-W",,,,,,,USD,EA
Penco,PENCO-FT182412-K,Locker Accessory,10 51 13,"Penco Patriot Fully Framed Accessories. Coat Rod Kit - Half Length (9""       6FCRH09-18K      9. Cat.No FT182412-K",,,,,,,USD,EA
Penco,PENCO-FT182412-W,Locker Accessory,10 51 13,"Penco Patriot Fully Framed Accessories. Coat Rod Kit - Half Length (9""       6FCRH09-18K      9. Cat.No FT182412-W",,,,,,,USD,EA
Penco,PENCO-FT241812-K,Locker Accessory,10 51 13,"Penco Patriot Fully Framed Accessories. Coat Rod Kit - Half Length (9""       6FCRH09-18K      9. 12""W x 24""D x 12""H. Cat.No FT241812-K",12,24,12,,,,USD,EA
Penco,PENCO-FT241812-W,Locker Accessory,10 51 13,"Penco Patriot Fully Framed Accessories. Coat Rod Kit - Half Length (9""       6FCRH09-18K      9. 24""W. Cat.No FT241812-W",24,,,,,,USD,EA
Penco,PENCO-FT242412-K,Locker Accessory,10 51 13,"Penco Patriot Fully Framed Accessories. Coat Rod Kit - Half Length (9""       6FCRH09-18K      9. Cat.No FT242412-K",,,,,,,USD,EA
Penco,PENCO-FT242412-W,Locker Accessory,10 51 13,"Penco Patriot Fully Framed Accessories. Coat Rod Kit - Half Length (9""       6FCRH09-18K      9. Cat.No FT242412-W",,,,,,,USD,EA
Penco,PENCO-FT302412-K,Locker Accessory,10 51 13,"Penco Patriot Fully Framed Accessories. Coat Rod Kit - Half Length (9""       6FCRH09-18K      9. 15""W x 30""D x 15""H. Cat.No FT302412-K",15,30,15,,,,USD,EA
Penco,PENCO-FT302412-W,Locker Accessory,10 51 13,"Penco Patriot Fully Framed Accessories. Coat Rod Kit - Half Length (9""       6FCRH09-18K      9. 18""W x 36""D x 18""H. Cat.No FT302412-W",18,36,18,,,,USD,EA
Penco,PENCO-FT362412-K,Locker Accessory,10 51 13,"Penco Patriot Fully Framed Accessories. Coat Rod Kit - Half Length (18"". Cat.No FT362412-K",,,,,,,USD,EA
Penco,PENCO-FT362412-W,Locker Accessory,10 51 13,"Penco Patriot Fully Framed Accessories. Coat Rod Kit - Half Length (18"". Cat.No FT362412-W",,,,,,,USD,EA
Penco,PENCO-FT422412-K,Locker Accessory,10 51 13,"Penco Patriot Fully Framed Accessories. Coat Rod Kit - Half Length (18"". 21""W x 42""D x 21""H. Cat.No FT422412-K",21,42,21,,,,USD,EA
Penco,PENCO-FT422412-W,Locker Accessory,10 51 13,"Penco Patriot Fully Framed Accessories. Coat Rod Kit - Half Length (18"". 42""W. Cat.No FT422412-W",42,,,,,,USD,EA
Penco,PENCO-FT482412-K,Locker Accessory,10 51 13,"Penco Patriot Fully Framed Accessories. Coat Rod Kit - Half Length (18"". Cat.No FT482412-K",,,,,,,USD,EA
Penco,PENCO-FT482412-W,Locker Accessory,10 51 13,"Penco Patriot Fully Framed Accessories. Coat Rod Kit - Half Length (18"". Cat.No FT482412-W",,,,,,,USD,EA
Penco,PENCO-6FHSH0918-K,Locker Accessory,10 51 13,Penco Patriot Fully Framed Accessories. Locker Accessories (Not for TA-50* or Stadium*). Cat.No 6FHSH0918-K,,,,,,,USD,EA
Penco,PENCO-6FHSH0918-W,Locker Accessory,10 51 13,Penco Patriot Fully Framed Accessories. Locker Accessories (Not for TA-50* or Stadium*). Cat.No 6FHSH0918-W,,,,,,,USD,EA
Penco,PENCO-6FHSH0924-K,Locker Accessory,10 51 13,Penco Patriot Fully Framed Accessories. Locker Accessories (Not for TA-50* or Stadium*). Cat.No 6FHSH0924-K,,,,,,,USD,EA
Penco,PENCO-6FHSH0924-W,Locker Accessory,10 51 13,Penco Patriot Fully Framed Accessories. Locker Accessories (Not for TA-50* or Stadium*). Cat.No 6FHSH0924-W,,,,,,,USD,EA
Penco,PENCO-6FHSH1218-K,Locker Accessory,10 51 13,Penco Patriot Fully Framed Accessories. Locker Accessories (Not for TA-50* or Stadium*). Cat.No 6FHSH1218-K,,,,,,,USD,EA
Penco,PENCO-6FHSH1218-W,Locker Accessory,10 51 13,Penco Patriot Fully Framed Accessories. Locker Accessories (Not for TA-50* or Stadium*). Cat.No 6FHSH1218-W,,,,,,,USD,EA
Penco,PENCO-6FHSH1224-K,Locker Accessory,10 51 13,Penco Patriot Fully Framed Accessories. of shelf only). Cat.No 6FHSH1224-K,,,,,,,USD,EA
Penco,PENCO-6FHSH1224-W,Locker Accessory,10 51 13,Penco Patriot Fully Framed Accessories. of shelf only). Cat.No 6FHSH1224-W,,,,,,,USD,EA
Penco,PENCO-6FHSH1518-K,Locker Accessory,10 51 13,Penco Patriot Fully Framed Accessories. of shelf only). Cat.No 6FHSH1518-K,,,,,,,USD,EA
Penco,PENCO-6FHSH1518-W,Locker Accessory,10 51 13,Penco Patriot Fully Framed Accessories. of shelf only). Cat.No 6FHSH1518-W,,,,,,,USD,EA
Penco,PENCO-6FHSH1524-K,Locker Accessory,10 51 13,Penco Patriot Fully Framed Accessories. of shelf only). Cat.No 6FHSH1524-K,,,,,,,USD,EA
Penco,PENCO-6FHSH1524-W,Locker Accessory,10 51 13,Penco Patriot Fully Framed Accessories. of shelf only). Cat.No 6FHSH1524-W,,,,,,,USD,EA
Penco,PENCO-6FHSH1818-K,Locker Accessory,10 51 13,Penco Patriot Fully Framed Accessories. of shelf only). Cat.No 6FHSH1818-K,,,,,,,USD,EA
Penco,PENCO-6FHSH1818-W,Locker Accessory,10 51 13,Penco Patriot Fully Framed Accessories. of shelf only). Cat.No 6FHSH1818-W,,,,,,,USD,EA
Penco,PENCO-6FHSH1824-K,Locker Accessory,10 51 13,Penco Patriot Fully Framed Accessories. of shelf only). Cat.No 6FHSH1824-K,,,,,,,USD,EA
Penco,PENCO-6FHSH1824-W,Locker Accessory,10 51 13,Penco Patriot Fully Framed Accessories. of shelf only). Cat.No 6FHSH1824-W,,,,,,,USD,EA
Penco,PENCO-6FHSH2118-K,Locker Accessory,10 51 13,Penco Patriot Fully Framed Accessories. of shelf only). Cat.No 6FHSH2118-K,,,,,,,USD,EA
Penco,PENCO-6FHSH2118-W,Locker Accessory,10 51 13,Penco Patriot Fully Framed Accessories. of shelf only). Cat.No 6FHSH2118-W,,,,,,,USD,EA
Penco,PENCO-6FHSH2124-K,Locker Accessory,10 51 13,Penco Patriot Fully Framed Accessories. of shelf only). Cat.No 6FHSH2124-K,,,,,,,USD,EA
Penco,PENCO-6FHSH2124-W,Locker Accessory,10 51 13,Penco Patriot Fully Framed Accessories. of shelf only). Cat.No 6FHSH2124-W,,,,,,,USD,EA
Penco,PENCO-6FHSH2418-K,Locker Accessory,10 51 13,Penco Patriot Fully Framed Accessories. of shelf only). Cat.No 6FHSH2418-K,,,,,,,USD,EA
Penco,PENCO-6FHSH2418-W,Locker Accessory,10 51 13,Penco Patriot Fully Framed Accessories. of shelf only). Cat.No 6FHSH2418-W,,,,,,,USD,EA
Penco,PENCO-6FHSH2424-K,Locker Accessory,10 51 13,Penco Patriot Fully Framed Accessories. of shelf only). Cat.No 6FHSH2424-K,,,,,,,USD,EA
Penco,PENCO-6FHSH2424-W,Locker Accessory,10 51 13,Penco Patriot Fully Framed Accessories. of shelf only). Cat.No 6FHSH2424-W,,,,,,,USD,EA
Penco,PENCO-60830H,Locker Accessory,10 51 13,Penco Patriot Fully Framed Accessories. Channel Base. Cat.No 60830H,,,,,,,USD,EA
Penco,PENCO-6FSH1818-K,Locker Accessory,10 51 13,Penco Patriot Fully Framed Accessories. Channel Base. Cat.No 6FSH1818-K,,,,,,,USD,EA
Penco,PENCO-6FSH1818-W,Locker Accessory,10 51 13,Penco Patriot Fully Framed Accessories. Channel Base. Cat.No 6FSH1818-W,,,,,,,USD,EA
Penco,PENCO-6FSH1824-K,Locker Accessory,10 51 13,Penco Patriot Fully Framed Accessories. Channel Base. Cat.No 6FSH1824-K,,,,,,,USD,EA
Penco,PENCO-6FSH1824-W,Locker Accessory,10 51 13,Penco Patriot Fully Framed Accessories. Channel Base. Cat.No 6FSH1824-W,,,,,,,USD,EA
Penco,PENCO-6FSH2418-K,Locker Accessory,10 51 13,Penco Patriot Fully Framed Accessories. Channel Base. Cat.No 6FSH2418-K,,,,,,,USD,EA
Penco,PENCO-6FSH2418-W,Locker Accessory,10 51 13,Penco Patriot Fully Framed Accessories. Channel Base. Cat.No 6FSH2418-W,,,,,,,USD,EA
Penco,PENCO-6FSH2421-K,Locker Accessory,10 51 13,Penco Patriot Fully Framed Accessories. Channel Base. Cat.No 6FSH2421-K,,,,,,,USD,EA
Penco,PENCO-6FSH2421-W,Locker Accessory,10 51 13,Penco Patriot Fully Framed Accessories. Channel Base. Cat.No 6FSH2421-W,,,,,,,USD,EA
Penco,PENCO-6FSH2424-K,Locker Accessory,10 51 13,"Penco Patriot Fully Framed Accessories. Channel Base. 2""W. Cat.No 6FSH2424-K",2,,,,,,USD,EA
Penco,PENCO-6FSH2424-W,Locker Accessory,10 51 13,Penco Patriot Fully Framed Accessories. Channel Base. Cat.No 6FSH2424-W,,,,,,,USD,EA
Penco,PENCO-6FSH3024-K,Locker Accessory,10 51 13,Penco Patriot Fully Framed Accessories. Channel Base. Cat.No 6FSH3024-K,,,,,,,USD,EA
Penco,PENCO-6FSH3024-W,Locker Accessory,10 51 13,Penco Patriot Fully Framed Accessories. Channel Base. Cat.No 6FSH3024-W,,,,,,,USD,EA
Penco,PENCO-6FSH3624-K,Locker Accessory,10 51 13,Penco Patriot Fully Framed Accessories. Channel Base. Cat.No 6FSH3624-K,,,,,,,USD,EA
Penco,PENCO-6FSH3624-W,Locker Accessory,10 51 13,Penco Patriot Fully Framed Accessories. Channel Base. Cat.No 6FSH3624-W,,,,,,,USD,EA
Penco,PENCO-6FSH4224-K,Locker Accessory,10 51 13,Penco Patriot Fully Framed Accessories. Channel Base. Cat.No 6FSH4224-K,,,,,,,USD,EA
Penco,PENCO-6FSH4224-W,Locker Accessory,10 51 13,Penco Patriot Fully Framed Accessories. Channel Base. Cat.No 6FSH4224-W,,,,,,,USD,EA
Penco,PENCO-6FSH4824-K,Locker Accessory,10 51 13,Penco Patriot Fully Framed Accessories. Channel Base. Cat.No 6FSH4824-K,,,,,,,USD,EA
Penco,PENCO-6FSH4824-W,Locker Accessory,10 51 13,Penco Patriot Fully Framed Accessories. Channel Base. Cat.No 6FSH4824-W,,,,,,,USD,EA
Penco,PENCO-CBW1818-4K,Locker Accessory,10 51 13,"Penco Patriot Fully Framed Accessories. Locker Accessories (Not for TA-50* or Stadium*). 101018""W x 18""D. Cat.No CBW1818-4K",101018,18,,,,,USD,EA
Penco,PENCO-CBW1818-6K,Locker Accessory,10 51 13,"Penco Patriot Fully Framed Accessories. Channel Base. 101042""W x 42""D. Cat.No CBW1818-6K",101042,42,,,,,USD,EA
Penco,PENCO-CBW1824-4K,Locker Accessory,10 51 13,"Penco Patriot Fully Framed Accessories. Locker Accessories (Not for TA-50* or Stadium*). 101018""W x 18""D. Cat.No CBW1824-4K",101018,18,,,,,USD,EA
Penco,PENCO-CBW1824-6K,Locker Accessory,10 51 13,"Penco Patriot Fully Framed Accessories. Channel Base. 101048""W x 48""D. Cat.No CBW1824-6K",101048,48,,,,,USD,EA
Penco,PENCO-CBW2418-6K,Locker Accessory,10 51 13,Penco Patriot Fully Framed Accessories. Channel Base. Cat.No CBW2418-6K,,,,,,,USD,EA
Penco,PENCO-CBW2421-4K,Locker Accessory,10 51 13,"Penco Patriot Fully Framed Accessories. Locker Accessories (Not for TA-50* or Stadium*). 101024""W x 24""D. Cat.No CBW2421-4K",101024,24,,,,,USD,EA
Penco,PENCO-CBW2421-6K,Locker Accessory,10 51 13,"Penco Patriot Fully Framed Accessories. Channel Base. 101048""W x 48""D. Cat.No CBW2421-6K",101048,48,,,,,USD,EA
Penco,PENCO-CBW2424-4K,Locker Accessory,10 51 13,"Penco Patriot Fully Framed Accessories. Locker Accessories (Not for TA-50* or Stadium*). 101024""W x 24""D. Cat.No CBW2424-4K",101024,24,,,,,USD,EA
Penco,PENCO-CBW2424-6K,Locker Accessory,10 51 13,"Penco Patriot Fully Framed Accessories. Channel Base. 18""W x 18""D x 6""H. Cat.No CBW2424-6K",18,18,6,,,,USD,EA
Penco,PENCO-CBW3024-4K,Locker Accessory,10 51 13,"Penco Patriot Fully Framed Accessories. Channel Base. 101030""W x 30""D x 4""H. Cat.No CBW3024-4K",101030,30,4,,,,USD,EA
Penco,PENCO-CBW3024-6K,Locker Accessory,10 51 13,"Penco Patriot Fully Framed Accessories. Channel Base. 1818""W x 18""D x 18""H. Cat.No CBW3024-6K",1818,18,18,,,,USD,EA
Penco,PENCO-CBW3624-4K,Locker Accessory,10 51 13,"Penco Patriot Fully Framed Accessories. Channel Base. 101030""W x 30""D. Cat.No CBW3624-4K",101030,30,,,,,USD,EA
Penco,PENCO-CBW3624-6K,Locker Accessory,10 51 13,"Penco Patriot Fully Framed Accessories. Channel Base. 1824""W x 18""D x 24""H. Cat.No CBW3624-6K",1824,18,24,,,,USD,EA
Penco,PENCO-CBW4224-4K,Locker Accessory,10 51 13,"Penco Patriot Fully Framed Accessories. Channel Base. 101036""W x 36""D. Cat.No CBW4224-4K",101036,36,,,,,USD,EA
Penco,PENCO-CBW4224-6K,Locker Accessory,10 51 13,"Penco Patriot Fully Framed Accessories. Channel Base. 1824""W x 18""D x 24""H. Cat.No CBW4224-6K",1824,18,24,,,,USD,EA
Penco,PENCO-CBW4824-4K,Locker Accessory,10 51 13,"Penco Patriot Fully Framed Accessories. Channel Base. 101036""W x 36""D. Cat.No CBW4824-4K",101036,36,,,,,USD,EA
Penco,PENCO-CBW4824-6K,Locker Accessory,10 51 13,"Penco Patriot Fully Framed Accessories. Channel Base. 2418""W x 24""D x 18""H. Cat.No CBW4824-6K",2418,24,18,,,,USD,EA
Penco,PENCO-FF101018BK,Locker Accessory,10 51 13,Penco Patriot Fully Framed Accessories. Locker Accessories (Not for TA-50* or Stadium*). Cat.No FF101018BK,,,,,,,USD,EA
Penco,PENCO-FF101018BW,Locker Accessory,10 51 13,Penco Patriot Fully Framed Accessories. Locker Accessories (Not for TA-50* or Stadium*). Cat.No FF101018BW,,,,,,,USD,EA
Penco,PENCO-FF101018SK,Locker Accessory,10 51 13,"Penco Patriot Fully Framed Accessories. Channel Base. 2418""W x 24""D x 18""H. Cat.No FF101018SK",2418,24,18,,,,USD,EA
Penco,PENCO-FF101018SW,Locker Accessory,10 51 13,"Penco Patriot Fully Framed Accessories. Channel Base. 2421""W x 24""D x 21""H. Cat.No FF101018SW",2421,24,21,,,,USD,EA
Penco,PENCO-FF101021SK,Locker Accessory,10 51 13,"Penco Patriot Fully Framed Accessories. Channel Base. 2421""W x 24""D x 21""H. Cat.No FF101021SK",2421,24,21,,,,USD,EA
Penco,PENCO-FF101021SW,Locker Accessory,10 51 13,"Penco Patriot Fully Framed Accessories. Channel Base. 2424""W x 24""D x 24""H. Cat.No FF101021SW",2424,24,24,,,,USD,EA
Penco,PENCO-FF101024BK,Locker Accessory,10 51 13,Penco Patriot Fully Framed Accessories. Locker Accessories (Not for TA-50* or Stadium*). Cat.No FF101024BK,,,,,,,USD,EA
Penco,PENCO-FF101024BW,Locker Accessory,10 51 13,Penco Patriot Fully Framed Accessories. Locker Accessories (Not for TA-50* or Stadium*). Cat.No FF101024BW,,,,,,,USD,EA
Penco,PENCO-FF101024SK,Locker Accessory,10 51 13,"Penco Patriot Fully Framed Accessories. Channel Base. 2424""W x 24""D x 24""H. Cat.No FF101024SK",2424,24,24,,,,USD,EA
Penco,PENCO-FF101024SW,Locker Accessory,10 51 13,"Penco Patriot Fully Framed Accessories. Channel Base. 3024""W x 30""D x 24""H. Cat.No FF101024SW",3024,30,24,,,,USD,EA
Penco,PENCO-FF101030K,Locker Accessory,10 51 13,Penco Patriot Fully Framed Accessories. Channel Base. Cat.No FF101030K,,,,,,,USD,EA
Penco,PENCO-FF101030W,Locker Accessory,10 51 13,Penco Patriot Fully Framed Accessories. Channel Base. Cat.No FF101030W,,,,,,,USD,EA
Penco,PENCO-FF101036K,Locker Accessory,10 51 13,Penco Patriot Fully Framed Accessories. Channel Base. Cat.No FF101036K,,,,,,,USD,EA
Penco,PENCO-FF101036W,Locker Accessory,10 51 13,Penco Patriot Fully Framed Accessories. Channel Base. Cat.No FF101036W,,,,,,,USD,EA
Penco,PENCO-FF101042K,Locker Accessory,10 51 13,Penco Patriot Fully Framed Accessories. Channel Base. Cat.No FF101042K,,,,,,,USD,EA
Penco,PENCO-FF101042W,Locker Accessory,10 51 13,Penco Patriot Fully Framed Accessories. Channel Base. Cat.No FF101042W,,,,,,,USD,EA
Penco,PENCO-FF101048K,Locker Accessory,10 51 13,Penco Patriot Fully Framed Accessories. Channel Base. Cat.No FF101048K,,,,,,,USD,EA
Penco,PENCO-FF101048W,Locker Accessory,10 51 13,Penco Patriot Fully Framed Accessories. Channel Base. Cat.No FF101048W,,,,,,,USD,EA
Penco,PENCO-6ACXAB32C,Locker Accessory,10 51 13,Penco Patriot Fully Framed Accessories. center partition). Cat.No 6ACXAB32C,,,,,,,USD,EA
Penco,PENCO-6ACXAB33C-K,Locker Accessory,10 51 13,Penco Patriot Fully Framed Accessories. center partition). Cat.No 6ACXAB33C-K,,,,,,,USD,EA
Penco,PENCO-6ACXAB33C-W,Locker Accessory,10 51 13,Penco Patriot Fully Framed Accessories. securely to rear of locker.. Cat.No 6ACXAB33C-W,,,,,,,USD,EA
Penco,PENCO-6ACXFF09H,Locker Accessory,10 51 13,Penco Patriot Fully Framed Accessories. Boot Tray Rests on bottom    6ACXFF09H      14 X 12. Cat.No 6ACXFF09H,,,,,,,USD,EA
Penco,PENCO-6ACXFF54C,Locker Accessory,10 51 13,Penco Patriot Fully Framed Accessories. wider lockers. Cat.No 6ACXFF54C,,,,,,,USD,EA
Penco,PENCO-6FGARM-18HK,Locker Accessory,10 51 13,Penco Patriot Fully Framed Accessories. Locker Accessories (Not for TA-50* or Stadium*). Cat.No 6FGARM-18HK,,,,,,,USD,EA
Penco,PENCO-6FGARM-18HW,Locker Accessory,10 51 13,Penco Patriot Fully Framed Accessories. Locker Accessories (Not for TA-50* or Stadium*). Cat.No 6FGARM-18HW,,,,,,,USD,EA
Penco,PENCO-6FGARM-24HK,Locker Accessory,10 51 13,Penco Patriot Fully Framed Accessories. Locker Accessories (Not for TA-50* or Stadium*). Cat.No 6FGARM-24HK,,,,,,,USD,EA
Penco,PENCO-6FGARM-24HW,Locker Accessory,10 51 13,Penco Patriot Fully Framed Accessories. Locker Accessories (Not for TA-50* or Stadium*). Cat.No 6FGARM-24HW,,,,,,,USD,EA
Penco,PENCO-6FGARM-30HK,Locker Accessory,10 51 13,Penco Patriot Fully Framed Accessories. Locker Accessories (Not for TA-50* or Stadium*). Cat.No 6FGARM-30HK,,,,,,,USD,EA
Penco,PENCO-6FGARM-30HW,Locker Accessory,10 51 13,Penco Patriot Fully Framed Accessories. Locker Accessories (Not for TA-50* or Stadium*). Cat.No 6FGARM-30HW,,,,,,,USD,EA
Penco,PENCO-6FGARM-36HK,Locker Accessory,10 51 13,Penco Patriot Fully Framed Accessories. Locker Accessories (Not for TA-50* or Stadium*). Cat.No 6FGARM-36HK,,,,,,,USD,EA
Penco,PENCO-6FGARM-36HW,Locker Accessory,10 51 13,Penco Patriot Fully Framed Accessories. Locker Accessories (Not for TA-50* or Stadium*). Cat.No 6FGARM-36HW,,,,,,,USD,EA
Penco,PENCO-6FGARM-42HK,Locker Accessory,10 51 13,Penco Patriot Fully Framed Accessories. Locker Accessories (Not for TA-50* or Stadium*). Cat.No 6FGARM-42HK,,,,,,,USD,EA
Penco,PENCO-6FGARM-42HW,Locker Accessory,10 51 13,Penco Patriot Fully Framed Accessories. Locker Accessories (Not for TA-50* or Stadium*). Cat.No 6FGARM-42HW,,,,,,,USD,EA
Penco,PENCO-6FGARM-48HK,Locker Accessory,10 51 13,Penco Patriot Fully Framed Accessories. Locker Accessories (Not for TA-50* or Stadium*). Cat.No 6FGARM-48HK,,,,,,,USD,EA
Penco,PENCO-6FGARM-48HW,Locker Accessory,10 51 13,Penco Patriot Fully Framed Accessories. Locker Accessories (Not for TA-50* or Stadium*). Cat.No 6FGARM-48HW,,,,,,,USD,EA
Penco,PENCO-9446H,Locker Accessory,10 51 13,Penco Patriot Fully Framed Accessories. Locker Accessories (Not for TA-50* or Stadium*). Cat.No 9446H,,,,,,,USD,EA
Penco,PENCO-HGARM-09HK,Locker Accessory,10 51 13,"Penco Patriot Fully Framed Accessories. Locker Accessories (Not for TA-50* or Stadium*). 18""W x 18""D x 2""H. Cat.No HGARM-09HK",18,18,2,,,,USD,EA
Penco,PENCO-HGARM-09HW,Locker Accessory,10 51 13,"Penco Patriot Fully Framed Accessories. Locker Accessories (Not for TA-50* or Stadium*). 18""W x 18""D x 2""H. Cat.No HGARM-09HW",18,18,2,,,,USD,EA
Penco,PENCO-HGARM-12HK,Locker Accessory,10 51 13,"Penco Patriot Fully Framed Accessories. Locker Accessories (Not for TA-50* or Stadium*). 24""W x 24""D x 2""H. Cat.No HGARM-12HK",24,24,2,,,,USD,EA
Penco,PENCO-HGARM-12HW,Locker Accessory,10 51 13,"Penco Patriot Fully Framed Accessories. Locker Accessories (Not for TA-50* or Stadium*). 24""W x 24""D x 2""H. Cat.No HGARM-12HW",24,24,2,,,,USD,EA
Penco,PENCO-HGARM-15HK,Locker Accessory,10 51 13,"Penco Patriot Fully Framed Accessories. Locker Accessories (Not for TA-50* or Stadium*). 30""W x 30""D x 2""H. Cat.No HGARM-15HK",30,30,2,,,,USD,EA
Penco,PENCO-HGARM-15HW,Locker Accessory,10 51 13,"Penco Patriot Fully Framed Accessories. Locker Accessories (Not for TA-50* or Stadium*). 30""W x 30""D x 2""H. Cat.No HGARM-15HW",30,30,2,,,,USD,EA
Penco,PENCO-HGARM-18HK,Locker Accessory,10 51 13,"Penco Patriot Fully Framed Accessories. Locker Accessories (Not for TA-50* or Stadium*). 36""W x 36""D x 2""H. Cat.No HGARM-18HK",36,36,2,,,,USD,EA
Penco,PENCO-HGARM-18HW,Locker Accessory,10 51 13,"Penco Patriot Fully Framed Accessories. Locker Accessories (Not for TA-50* or Stadium*). 36""W x 36""D x 2""H. Cat.No HGARM-18HW",36,36,2,,,,USD,EA
Penco,PENCO-HGARM-21HK,Locker Accessory,10 51 13,"Penco Patriot Fully Framed Accessories. Locker Accessories (Not for TA-50* or Stadium*). 42""W x 42""D x 2""H. Cat.No HGARM-21HK",42,42,2,,,,USD,EA
Penco,PENCO-HGARM-21HW,Locker Accessory,10 51 13,"Penco Patriot Fully Framed Accessories. Locker Accessories (Not for TA-50* or Stadium*). 42""W x 42""D x 2""H. Cat.No HGARM-21HW",42,42,2,,,,USD,EA
Penco,PENCO-HGARM-24HK,Locker Accessory,10 51 13,"Penco Patriot Fully Framed Accessories. Locker Accessories (Not for TA-50* or Stadium*). 48""W x 48""D x 2""H. Cat.No HGARM-24HK",48,48,2,,,,USD,EA
Penco,PENCO-HGARM-24HW,Locker Accessory,10 51 13,"Penco Patriot Fully Framed Accessories. Locker Accessories (Not for TA-50* or Stadium*). 48""W x 48""D x 2""H. Cat.No HGARM-24HW",48,48,2,,,,USD,EA
Penco,PENCO-60230H,Locker Accessory,10 51 13,"Penco Locker Accessories. Welded, Stadium or Patriot lockers.. 12""W x 4""D. Cat.No 60230H",12,4,,,,,USD,EA
Penco,PENCO-60232H,Locker Accessory,10 51 13,"Penco Locker Accessories. Welded, Stadium or Patriot lockers.. 12""W x 15""D x 5""H. Cat.No 60232H",12,15,5,,,,USD,EA
Penco,PENCO-60234H,Locker Accessory,10 51 13,"Penco Locker Accessories. Welded, Stadium or Patriot lockers.. 18""W x 6""D. Cat.No 60234H",18,6,,,,,USD,EA
Penco,PENCO-60238H,Locker Accessory,10 51 13,"Penco Locker Accessories. Welded, Stadium or Patriot lockers.. 15""W x 5""D. Cat.No 60238H",15,5,,,,,USD,EA
Penco,PENCO-60240H,Locker Accessory,10 51 13,"Penco Locker Accessories. Welded, Stadium or Patriot lockers.. 18""W x 6""D. Cat.No 60240H",18,6,,,,,USD,EA
Penco,PENCO-60244H,Locker Accessory,10 51 13,"Penco Locker Accessories. Welded, Stadium or Patriot lockers.. 18""W x 18""D x 6""H. Cat.No 60244H",18,18,6,,,,USD,EA
Penco,PENCO-60332C,Locker Accessory,10 51 13,"Penco Locker Accessories. Welded, Stadium or Patriot lockers.. 12""W. Cat.No 60332C",12,,,,,,USD,EA
Penco,PENCO-60334C,Locker Accessory,10 51 13,"Penco Locker Accessories. Hood Supports. 9""W x 15""D. Cat.No 60334C",9,15,,,,,USD,EA
Penco,PENCO-60336C,Locker Accessory,10 51 13,"Penco Locker Accessories. Hood Supports. 18""W. Cat.No 60336C",18,,,,,,USD,EA
Penco,PENCO-60338C,Locker Accessory,10 51 13,"Penco Locker Accessories. Hood Supports. 12""W. Cat.No 60338C",12,,,,,,USD,EA
Penco,PENCO-60340C,Locker Accessory,10 51 13,"Penco Locker Accessories. Hood Splice. 15""W. Cat.No 60340C",15,,,,,,USD,EA
Penco,PENCO-60342C,Locker Accessory,10 51 13,"Penco Locker Accessories. Hood Splice. 18""W. Cat.No 60342C",18,,,,,,USD,EA
Penco,PENCO-60344C,Locker Accessory,10 51 13,"Penco Locker Accessories. Hood Splice. 21""W. Cat.No 60344C",21,,,,,,USD,EA
Penco,PENCO-60346C,Locker Accessory,10 51 13,"Penco Locker Accessories. Hood Splice. 15""W. Cat.No 60346C",15,,,,,,USD,EA
Penco,PENCO-60348C,Locker Accessory,10 51 13,"Penco Locker Accessories. Hood Splice. 18""W. Cat.No 60348C",18,,,,,,USD,EA
Penco,PENCO-60350C,Locker Accessory,10 51 13,"Penco Locker Accessories. Slope Ends for Hood. 21""W. Cat.No 60350C",21,,,,,,USD,EA
Penco,PENCO-60351C,Locker Accessory,10 51 13,"Penco Locker Accessories. Slope Ends for Hood. 18""W x 15""D. Cat.No 60351C",18,15,,,,,USD,EA
Penco,PENCO-60352C,Locker Accessory,10 51 13,"Penco Locker Accessories. Slope Ends for Hood. 18""W. Cat.No 60352C",18,,,,,,USD,EA
Penco,PENCO-60354C,Locker Accessory,10 51 13,"Penco Locker Accessories. Slope Ends for Hood. 21""W. Cat.No 60354C",21,,,,,,USD,EA
Penco,PENCO-60356C,Locker Accessory,10 51 13,"Penco Locker Accessories. Slope Ends for Hood. 24""W. Cat.No 60356C",24,,,,,,USD,EA
Penco,PENCO-60364C,Locker Accessory,10 51 13,"Penco Locker Accessories. Slope Ends for Hood. 24""W x 18""D. Cat.No 60364C",24,18,,,,,USD,EA
Penco,PENCO-60366C,Locker Accessory,10 51 13,"Penco Locker Accessories. Slope Ends for Hood. 21""W. Cat.No 60366C",21,,,,,,USD,EA
Penco,PENCO-60368C,Locker Accessory,10 51 13,"Penco Locker Accessories. Slope Ends for Hood. 24""W. Cat.No 60368C",24,,,,,,USD,EA
Penco,PENCO-60370C,Locker Accessory,10 51 13,"Penco Locker Accessories. Hood Splice. 24""W. Cat.No 60370C",24,,,,,,USD,EA
Penco,PENCO-60371C,Locker Accessory,10 51 13,"Penco Locker Accessories. Slope Ends for Hood. 24""W. Cat.No 60371C",24,,,,,,USD,EA
Penco,PENCO-60380C,Locker Accessory,10 51 13,"Penco Locker Accessories. Slope Ends for Hood. 12""W. Cat.No 60380C",12,,,,,,USD,EA
Penco,PENCO-60381C,Locker Accessory,10 51 13,"Penco Locker Accessories. Slope Ends for Hood. 15""W. Cat.No 60381C",15,,,,,,USD,EA
Penco,PENCO-66144H,Locker Accessory,10 51 13,"Penco Locker Accessories. Welded, Stadium or Patriot lockers.. 12""W x 5""D x 72""H. Cat.No 66144H",12,5,72,,,,USD,EA
Penco,PENCO-66147H,Locker Accessory,10 51 13,"Penco Locker Accessories. Welded, Stadium or Patriot lockers.. 15""W x 6""D x 72""H. Cat.No 66147H",15,6,72,,,,USD,EA
Penco,PENCO-66150H,Locker Accessory,10 51 13,"Penco Locker Accessories. Welded, Stadium or Patriot lockers.. 18""W x 7""D x 72""H. Cat.No 66150H",18,7,72,,,,USD,EA
Penco,PENCO-66153H,Locker Accessory,10 51 13,"Penco Locker Accessories. Welded, Stadium or Patriot lockers.. 21""W x 8""D x 72""H. Cat.No 66153H",21,8,72,,,,USD,EA
Penco,PENCO-66156H,Locker Accessory,10 51 13,"Penco Locker Accessories. Welded, Stadium or Patriot lockers.. 24""W x 9""D x 72""H. Cat.No 66156H",24,9,72,,,,USD,EA
Penco,PENCO-66158H,Locker Accessory,10 51 13,"Penco Locker Accessories. Slope Ends for Hood. 12""W x 5""D. Cat.No 66158H",12,5,,,,,USD,EA
Penco,PENCO-66159H,Locker Accessory,10 51 13,"Penco Locker Accessories. Slope Ends for Hood. 12""W x 5""D x 66158""H. Cat.No 66159H",12,5,66158,,,,USD,EA
Penco,PENCO-66160H,Locker Accessory,10 51 13,"Penco Locker Accessories. Slope Ends for Hood. 15""W x 6""D. Cat.No 66160H",15,6,,,,,USD,EA
Penco,PENCO-66161H,Locker Accessory,10 51 13,"Penco Locker Accessories. Slope Ends for Hood. 15""W x 6""D x 66160""H. Cat.No 66161H",15,6,66160,,,,USD,EA
Penco,PENCO-66162H,Locker Accessory,10 51 13,"Penco Locker Accessories. Slope Ends for Hood. 18""W x 7""D. Cat.No 66162H",18,7,,,,,USD,EA
Penco,PENCO-66163H,Locker Accessory,10 51 13,"Penco Locker Accessories. Slope Ends for Hood. 18""W x 7""D x 66162""H. Cat.No 66163H",18,7,66162,,,,USD,EA
Penco,PENCO-66164H,Locker Accessory,10 51 13,"Penco Locker Accessories. Slope Ends for Hood. 60352""W x 21""D x 8""H. Cat.No 66164H",60352,21,8,,,,USD,EA
Penco,PENCO-66165H,Locker Accessory,10 51 13,"Penco Locker Accessories. Slope Ends for Hood. 21""W x 8""D x 66164""H. Cat.No 66165H",21,8,66164,,,,USD,EA
Penco,PENCO-66166H,Locker Accessory,10 51 13,"Penco Locker Accessories. Slope Ends for Hood. 60354""W x 24""D x 9""H. Cat.No 66166H",60354,24,9,,,,USD,EA
Penco,PENCO-66167H,Locker Accessory,10 51 13,"Penco Locker Accessories. Slope Ends for Hood. 24""W x 9""D x 66166""H. Cat.No 66167H",24,9,66166,,,,USD,EA
Penco,PENCO-66168C,Locker Accessory,10 51 13,"Penco Locker Accessories. Hood Splice. 60342""W x 12""D x 5""H. Cat.No 66168C",60342,12,5,,,,USD,EA
Penco,PENCO-66169C,Locker Accessory,10 51 13,"Penco Locker Accessories. Hood Splice. 60344""W x 15""D x 6""H. Cat.No 66169C",60344,15,6,,,,USD,EA
Penco,PENCO-66170C,Locker Accessory,10 51 13,"Penco Locker Accessories. Hood Splice. 60370""W x 18""D x 7""H. Cat.No 66170C",60370,18,7,,,,USD,EA
Penco,PENCO-66171C,Locker Accessory,10 51 13,"Penco Locker Accessories. Hood Splice. 603450""W x 21""D x 8""H. Cat.No 66171C",603450,21,8,,,,USD,EA
Penco,PENCO-66172C,Locker Accessory,10 51 13,"Penco Locker Accessories. Hood Splice. 24""W x 9""D. Cat.No 66172C",24,9,,,,,USD,EA
Penco,PENCO-6HDX124H,Locker Accessory,10 51 13,"Penco Locker Accessories. Welded, Stadium or Patriot lockers.. 16""W x 6""D x 3""H. Cat.No 6HDX124H",16,6,3,,,,USD,EA
Penco,PENCO-6HDX125H,Locker Accessory,10 51 13,"Penco Locker Accessories. Slope Ends for Hood. 16""W x 6""D x 3""H. Cat.No 6HDX125H",16,6,3,,,,USD,EA
Penco,PENCO-6HDX126H,Locker Accessory,10 51 13,"Penco Locker Accessories. Slope Ends for Hood. 16""W x 6""D x 3""H. Cat.No 6HDX126H",16,6,3,,,,USD,EA
Penco,PENCO-6HDX127C,Locker Accessory,10 51 13,"Penco Locker Accessories. Hood Splice. 8""W x 66171""D x 16""H. Cat.No 6HDX127C",8,66171,16,,,,USD,EA
Penco,PENCO-6HDX330H,Locker Accessory,10 51 13,"Penco Locker Accessories. Welded, Stadium or Patriot lockers.. 13""W x 5""D x 3""H. Cat.No 6HDX330H",13,5,3,,,,USD,EA
Penco,PENCO-6HDX471H,Locker Accessory,10 51 13,"Penco Locker Accessories. Welded, Stadium or Patriot lockers.. 19""W x 7""D x 3""H. Cat.No 6HDX471H",19,7,3,,,,USD,EA
Penco,PENCO-6HDX473C,Locker Accessory,10 51 13,"Penco Locker Accessories. Hood Splice. 9""W x 66172""D x 19""H. Cat.No 6HDX473C",9,66172,19,,,,USD,EA
Penco,PENCO-6HDX474C,Locker Accessory,10 51 13,"Penco Locker Accessories. Hood Splice. 60340""W x 7""D x 3""H. Cat.No 6HDX474C",60340,7,3,,,,USD,EA
Penco,PENCO-6HDX480C,Locker Accessory,10 51 13,"Penco Locker Accessories. Hood Supports. 5""W x 3""D. Cat.No 6HDX480C",5,3,,,,,USD,EA
Penco,PENCO-6HDX481C,Locker Accessory,10 51 13,"Penco Locker Accessories. Hood Supports. 60338""W x 6""D x 3""H. Cat.No 6HDX481C",60338,6,3,,,,USD,EA
Penco,PENCO-6HDX484C,Locker Accessory,10 51 13,"Penco Locker Accessories. Hood Splice. 7""W x 66170""D x 13""H. Cat.No 6HDX484C",7,66170,13,,,,USD,EA
Penco,PENCO-6HDX642H,Locker Accessory,10 51 13,"Penco Locker Accessories. Slope Ends for Hood. 13""W x 5""D x 3""H. Cat.No 6HDX642H",13,5,3,,,,USD,EA
Penco,PENCO-6HDX643H,Locker Accessory,10 51 13,"Penco Locker Accessories. Slope Ends for Hood. 13""W x 5""D x 3""H. Cat.No 6HDX643H",13,5,3,,,,USD,EA
Penco,PENCO-6HDX694H,Locker Accessory,10 51 13,"Penco Locker Accessories. Slope Ends for Hood. 19""W x 7""D x 3""H. Cat.No 6HDX694H",19,7,3,,,,USD,EA
Penco,PENCO-6HDX695H,Locker Accessory,10 51 13,"Penco Locker Accessories. Slope Ends for Hood. 19""W x 7""D x 3""H. Cat.No 6HDX695H",19,7,3,,,,USD,EA
Penco,PENCO-60091C,Locker Accessory,10 51 13,"Penco Locker Accessories. sections join. Not for use on Stadium or Patriot lockers.. 6""W. Cat.No 60091C",6,,,,,,USD,EA
Penco,PENCO-60092C,Locker Accessory,10 51 13,"Penco Locker Accessories. is no concrete or wood base.. 4""W. Cat.No 60092C",4,,,,,,USD,EA
Penco,PENCO-60204C,Locker Accessory,10 51 13,"Penco Locker Accessories. End Bases Single Row. 12""W. Cat.No 60204C",12,,,,,,USD,EA
Penco,PENCO-60205C,Locker Accessory,10 51 13,"Penco Locker Accessories. End Bases Single Row. 15""W. Cat.No 60205C",15,,,,,,USD,EA
Penco,PENCO-60206C,Locker Accessory,10 51 13,"Penco Locker Accessories. End Bases Single Row. 18""W. Cat.No 60206C",18,,,,,,USD,EA
Penco,PENCO-60207C,Locker Accessory,10 51 13,"Penco Locker Accessories. End Bases Single Row. 21""W. Cat.No 60207C",21,,,,,,USD,EA
Penco,PENCO-60208C,Locker Accessory,10 51 13,"Penco Locker Accessories. End Bases Single Row. 24""W. Cat.No 60208C",24,,,,,,USD,EA
Penco,PENCO-60209C,Locker Accessory,10 51 13,"Penco Locker Accessories. End Bases Single Row. 24""W. Cat.No 60209C",24,,,,,,USD,EA
Penco,PENCO-60210C,Locker Accessory,10 51 13,"Penco Locker Accessories. Double Row - Includes (1) 72” long Front Zee Base. 30""W. Cat.No 60210C",30,,,,,,USD,EA
Penco,PENCO-60211C,Locker Accessory,10 51 13,"Penco Locker Accessories. Double Row - Includes (1) 72” long Front Zee Base. 36""W. Cat.No 60211C",36,,,,,,USD,EA
Penco,PENCO-60216C,Locker Accessory,10 51 13,"Penco Locker Accessories. Individual Closed Bases - 6” High. 9""W. Cat.No 60216C",9,,,,,,USD,EA
Penco,PENCO-60217C,Locker Accessory,10 51 13,"Penco Locker Accessories. Individual Closed Bases - 6” High. 12""W. Cat.No 60217C",12,,,,,,USD,EA
Penco,PENCO-60218C,Locker Accessory,10 51 13,"Penco Locker Accessories. Individual Closed Bases - 6” High. 15""W. Cat.No 60218C",15,,,,,,USD,EA
Penco,PENCO-60219C,Locker Accessory,10 51 13,"Penco Locker Accessories. Individual Closed Bases - 6” High. 18""W. Cat.No 60219C",18,,,,,,USD,EA
Penco,PENCO-60220C,Locker Accessory,10 51 13,"Penco Locker Accessories. Individual Closed Bases - 6” High. 24""W. Cat.No 60220C",24,,,,,,USD,EA
Penco,PENCO-66700H,Locker Accessory,10 51 13,"Penco Locker Accessories. Zee Bases - 72” Width. 72""W x 4""D. Cat.No 66700H",72,4,,,,,USD,EA
Penco,PENCO-66701H,Locker Accessory,10 51 13,"Penco Locker Accessories. Zee Bases - 72” Width. 12""W x 4""D. Cat.No 66701H",12,4,,,,,USD,EA
Penco,PENCO-66702H,Locker Accessory,10 51 13,"Penco Locker Accessories. Zee Bases - 72” Width. 15""W x 4""D. Cat.No 66702H",15,4,,,,,USD,EA
Penco,PENCO-66703H,Locker Accessory,10 51 13,"Penco Locker Accessories. Zee Bases - 72” Width. 18""W x 4""D. Cat.No 66703H",18,4,,,,,USD,EA
Penco,PENCO-66704H,Locker Accessory,10 51 13,"Penco Locker Accessories. Zee Bases - 72” Width. 21""W x 4""D. Cat.No 66704H",21,4,,,,,USD,EA
Penco,PENCO-66705H,Locker Accessory,10 51 13,"Penco Locker Accessories. Zee Bases - 72” Width. 24""W x 4""D. Cat.No 66705H",24,4,,,,,USD,EA
Penco,PENCO-66706H,Locker Accessory,10 51 13,"Penco Locker Accessories. Zee Bases - 72” Width. 24""W x 4""D. Cat.No 66706H",24,4,,,,,USD,EA
Penco,PENCO-66707H,Locker Accessory,10 51 13,"Penco Locker Accessories. Zee Bases                            SPLICE/END BASE. 30""W x 4""D. Cat.No 66707H",30,4,,,,,USD,EA
Penco,PENCO-66708H,Locker Accessory,10 51 13,"Penco Locker Accessories. Zee Bases                            SPLICE/END BASE. 36""W x 4""D. Cat.No 66708H",36,4,,,,,USD,EA
Penco,PENCO-66710H,Locker Accessory,10 51 13,"Penco Locker Accessories. is no concrete or wood base.. 4""W x 72""D x 6""H. Cat.No 66710H",4,72,6,,,,USD,EA
Penco,PENCO-66711H,Locker Accessory,10 51 13,"Penco Locker Accessories. the locker. (6” high zee bases are         ANCHOR TO FLOOR. 12""W x 6""D. Cat.No 66711H",12,6,,,,,USD,EA
Penco,PENCO-66712H,Locker Accessory,10 51 13,"Penco Locker Accessories. the locker. (6” high zee bases are         ANCHOR TO FLOOR. 15""W x 6""D. Cat.No 66712H",15,6,,,,,USD,EA
Penco,PENCO-66713H,Locker Accessory,10 51 13,"Penco Locker Accessories. the locker. (6” high zee bases are         ANCHOR TO FLOOR. 18""W x 6""D. Cat.No 66713H",18,6,,,,,USD,EA
Penco,PENCO-66714H,Locker Accessory,10 51 13,"Penco Locker Accessories. Zee bases are available only in. 21""W x 6""D. Cat.No 66714H",21,6,,,,,USD,EA
Penco,PENCO-66715H,Locker Accessory,10 51 13,"Penco Locker Accessories. Zee bases are available only in. 24""W x 6""D. Cat.No 66715H",24,6,,,,,USD,EA
Penco,PENCO-66716H,Locker Accessory,10 51 13,"Penco Locker Accessories. sections join. Not for use on Stadium or Patriot lockers.. 24""W x 4""D. Cat.No 66716H",24,4,,,,,USD,EA
Penco,PENCO-66717H,Locker Accessory,10 51 13,"Penco Locker Accessories. sections join. Not for use on Stadium or Patriot lockers.. 30""W x 4""D. Cat.No 66717H",30,4,,,,,USD,EA
Penco,PENCO-66718H,Locker Accessory,10 51 13,"Penco Locker Accessories. sections join. Not for use on Stadium or Patriot lockers.. 36""W x 4""D. Cat.No 66718H",36,4,,,,,USD,EA
Penco,PENCO-66719H,Locker Accessory,10 51 13,"Penco Locker Accessories. sections join. Not for use on Stadium or Patriot lockers.. 2""W x 2""D x 6""H. Cat.No 66719H",2,2,6,,,,USD,EA
Penco,PENCO-6ZBD424KIT,Locker Accessory,10 51 13,"Penco Locker Accessories. Double Row - Includes (1) 72” long Front Zee Base. 72""W x 24""D x 4""H. Cat.No 6ZBD424KIT",72,24,4,,,,USD,EA
Penco,PENCO-6ZBD430KIT,Locker Accessory,10 51 13,"Penco Locker Accessories. Double Row - Includes (1) 72” long Front Zee Base. 72""W x 30""D x 4""H. Cat.No 6ZBD430KIT",72,30,4,,,,USD,EA
Penco,PENCO-6ZBD436KIT,Locker Accessory,10 51 13,"Penco Locker Accessories. Double Row - Includes (1) 72” long Front Zee Base. 72""W x 36""D x 4""H. Cat.No 6ZBD436KIT",72,36,4,,,,USD,EA
Penco,PENCO-6ZBD624KIT,Locker Accessory,10 51 13,"Penco Locker Accessories. Double Row - Includes (1) 72” long Front Zee Base. 72""W x 24""D x 6""H. Cat.No 6ZBD624KIT",72,24,6,,,,USD,EA
Penco,PENCO-6ZBD630KIT,Locker Accessory,10 51 13,"Penco Locker Accessories. Double Row - Includes (1) 72” long Front Zee Base. 72""W x 30""D x 6""H. Cat.No 6ZBD630KIT",72,30,6,,,,USD,EA
Penco,PENCO-6ZBD636KIT,Locker Accessory,10 51 13,"Penco Locker Accessories. Double Row - Includes (1) 72” long Front Zee Base. 72""W x 36""D x 6""H. Cat.No 6ZBD636KIT",72,36,6,,,,USD,EA
Penco,PENCO-6ZBS412KIT,Locker Accessory,10 51 13,"Penco Locker Accessories. Individual Closed Bases - 6” High. 72""W x 12""D x 4""H. Cat.No 6ZBS412KIT",72,12,4,,,,USD,EA
Penco,PENCO-6ZBS415KIT,Locker Accessory,10 51 13,"Penco Locker Accessories. Individual Closed Bases - 6” High. 72""W x 15""D x 4""H. Cat.No 6ZBS415KIT",72,15,4,,,,USD,EA
Penco,PENCO-6ZBS418KIT,Locker Accessory,10 51 13,"Penco Locker Accessories. Individual Closed Bases - 6” High. 72""W x 18""D x 4""H. Cat.No 6ZBS418KIT",72,18,4,,,,USD,EA
Penco,PENCO-6ZBS421KIT,Locker Accessory,10 51 13,"Penco Locker Accessories. End Bases Single Row. 72""W x 21""D x 4""H. Cat.No 6ZBS421KIT",72,21,4,,,,USD,EA
Penco,PENCO-6ZBS424KIT,Locker Accessory,10 51 13,"Penco Locker Accessories. End Bases Single Row. 72""W x 24""D x 4""H. Cat.No 6ZBS424KIT",72,24,4,,,,USD,EA
Penco,PENCO-6ZBS612KIT,Locker Accessory,10 51 13,"Penco Locker Accessories. End Bases Single Row. 72""W x 12""D x 6""H. Cat.No 6ZBS612KIT",72,12,6,,,,USD,EA
Penco,PENCO-6ZBS615KIT,Locker Accessory,10 51 13,"Penco Locker Accessories. End Bases Single Row. 72""W x 15""D x 6""H. Cat.No 6ZBS615KIT",72,15,6,,,,USD,EA
Penco,PENCO-6ZBS618KIT,Locker Accessory,10 51 13,"Penco Locker Accessories. End Bases Single Row. 72""W x 18""D x 6""H. Cat.No 6ZBS618KIT",72,18,6,,,,USD,EA
Penco,PENCO-6ZBS621KIT,Locker Accessory,10 51 13,"Penco Locker Accessories. End Bases Single Row. 72""W x 21""D x 6""H. Cat.No 6ZBS621KIT",72,21,6,,,,USD,EA
Penco,PENCO-6ZBS624KIT,Locker Accessory,10 51 13,"Penco Locker Accessories. End Bases Single Row. 72""W x 24""D x 6""H. Cat.No 6ZBS624KIT",72,24,6,,,,USD,EA
Penco,PENCO-66092C,Locker Accessory,10 51 13,"Penco Locker Accessories. Slope Top Corner Fillers. 12""W x 12""D. Cat.No 66092C",12,12,,,,,USD,EA
Penco,PENCO-66093C,Locker Accessory,10 51 13,"Penco Locker Accessories. Slope Top Corner Fillers. 66119""W x 13""D x 13""H. Cat.No 66093C",66119,13,13,,,,USD,EA
Penco,PENCO-66094C,Locker Accessory,10 51 13,"Penco Locker Accessories. Vertical filler kits include 1 filler and 1 wall angle.. 661182""W x 15""D x 15""H. Cat.No 66094C",661182,15,15,,,,USD,EA
Penco,PENCO-66095C,Locker Accessory,10 51 13,"Penco Locker Accessories. Vertical filler kits include 1 filler and 1 wall angle.. 66121""W x 16""D x 16""H. Cat.No 66095C",66121,16,16,,,,USD,EA
Penco,PENCO-66096C,Locker Accessory,10 51 13,"Penco Locker Accessories. Vertical filler kits include 1 filler and 1 wall angle.. 661212""W x 18""D x 18""H. Cat.No 66096C",661212,18,18,,,,USD,EA
Penco,PENCO-66097C,Locker Accessory,10 51 13,"Penco Locker Accessories. Vertical filler kits include 1 filler and 1 wall angle.. 19""W x 19""D. Cat.No 66097C",19,19,,,,,USD,EA
Penco,PENCO-66098C,Locker Accessory,10 51 13,"Penco Locker Accessories. Fillers for Welded GEN2 Lockers with. 21""W x 21""D. Cat.No 66098C",21,21,,,,,USD,EA
Penco,PENCO-66099C,Locker Accessory,10 51 13,"Penco Locker Accessories. Fillers for Welded GEN2 Lockers with. 1""W x 24""D x 24""H. Cat.No 66099C",1,24,24,,,,USD,EA
Penco,PENCO-66100C,Locker Accessory,10 51 13,"Penco Locker Accessories. Fillers for Welded GEN2 Lockers with. 661371""W x 12""D x 12""H. Cat.No 66100C",661371,12,12,,,,USD,EA
Penco,PENCO-66101C,Locker Accessory,10 51 13,"Penco Locker Accessories. Fillers for Welded GEN2 Lockers with. 661374""W x 15""D x 15""H. Cat.No 66101C",661374,15,15,,,,USD,EA
Penco,PENCO-66102C,Locker Accessory,10 51 13,"Penco Locker Accessories. Fillers for Welded GEN2 Lockers with. 18""W x 18""D. Cat.No 66102C",18,18,,,,,USD,EA
Penco,PENCO-66103C,Locker Accessory,10 51 13,"Penco Locker Accessories. Fillers for Welded GEN2 Lockers with. 21""W x 21""D. Cat.No 66103C",21,21,,,,,USD,EA
Penco,PENCO-66104C,Locker Accessory,10 51 13,"Penco Locker Accessories. Fillers for Welded GEN2 Lockers with. 66141""W x 24""D x 24""H. Cat.No 66104C",66141,24,24,,,,USD,EA
Penco,PENCO-661123-KIT,Locker Accessory,10 51 13,"Penco Locker Accessories. Fillers for Welded GEN2 Lockers with. 64""W. Cat.No 661123-KIT",64,,,,,,USD,EA
Penco,PENCO-661124-KIT,Locker Accessory,10 51 13,"Penco Locker Accessories. Fillers for Welded GEN2 Lockers with. 76""W. Cat.No 661124-KIT",76,,,,,,USD,EA
Penco,PENCO-661125-KIT,Locker Accessory,10 51 13,"Penco Locker Accessories. Fillers for Welded GEN2 Lockers with. 64""W. Cat.No 661125-KIT",64,,,,,,USD,EA
Penco,PENCO-661126-KIT,Locker Accessory,10 51 13,"Penco Locker Accessories. Fillers for Welded GEN2 Lockers with. 76""W. Cat.No 661126-KIT",76,,,,,,USD,EA
Penco,PENCO-661127-KIT,Locker Accessory,10 51 13,"Penco Locker Accessories. Fillers for Welded GEN2 Lockers with. 64""W. Cat.No 661127-KIT",64,,,,,,USD,EA
Penco,PENCO-661128-KIT,Locker Accessory,10 51 13,"Penco Locker Accessories. Fillers for Welded GEN2 Lockers with. 76""W. Cat.No 661128-KIT",76,,,,,,USD,EA
Penco,PENCO-66112C,Locker Accessory,10 51 13,"Penco Locker Accessories. Steel Lockers. 5""W x 60""D. Cat.No 66112C",5,60,,,,,USD,EA
Penco,PENCO-66113C,Locker Accessory,10 51 13,"Penco Locker Accessories. Steel Lockers. 60""W. Cat.No 66113C",60,,,,,,USD,EA
Penco,PENCO-661141-KIT,Locker Accessory,10 51 13,"Penco Locker Accessories. Steel Lockers. 72""W. Cat.No 661141-KIT",72,,,,,,USD,EA
Penco,PENCO-66114C,Locker Accessory,10 51 13,"Penco Locker Accessories. Steel Lockers. 60""W. Cat.No 66114C",60,,,,,,USD,EA
Penco,PENCO-66115C,Locker Accessory,10 51 13,"Penco Locker Accessories. Steel Lockers. 72""W. Cat.No 66115C",72,,,,,,USD,EA
Penco,PENCO-66116C,Locker Accessory,10 51 13,"Penco Locker Accessories. Steel Lockers. 78""W. Cat.No 66116C",78,,,,,,USD,EA
Penco,PENCO-661173-KIT,Locker Accessory,10 51 13,"Penco Locker Accessories. Steel Lockers. 90""W. Cat.No 661173-KIT",90,,,,,,USD,EA
Penco,PENCO-66117C,Locker Accessory,10 51 13,"Penco Locker Accessories. Steel Lockers. 72""W. Cat.No 66117C",72,,,,,,USD,EA
Penco,PENCO-66118C,Locker Accessory,10 51 13,"Penco Locker Accessories. Slope Top Corner Fillers - For. 60""W. Cat.No 66118C",60,,,,,,USD,EA
Penco,PENCO-66119C,Locker Accessory,10 51 13,Penco Locker Accessories. Slope Top Corner Fillers. Cat.No 66119C,,,,,,,USD,EA
Penco,PENCO-66120C,Locker Accessory,10 51 13,"Penco Locker Accessories. Slope Top Corner Fillers. 66""W. Cat.No 66120C",66,,,,,,USD,EA
Penco,PENCO-66121C,Locker Accessory,10 51 13,"Penco Locker Accessories. Vertical filler kits include 1 filler and 1 wall angle.. 78""W. Cat.No 66121C",78,,,,,,USD,EA
Penco,PENCO-661221-KIT,Locker Accessory,10 51 13,"Penco Locker Accessories. Steel Lockers. 12""W x 66""D. Cat.No 661221-KIT",12,66,,,,,USD,EA
Penco,PENCO-661222-KIT,Locker Accessory,10 51 13,"Penco Locker Accessories. Steel Lockers. 66""W. Cat.No 661222-KIT",66,,,,,,USD,EA
Penco,PENCO-66122C,Locker Accessory,10 51 13,"Penco Locker Accessories. Steel Lockers. 66""W. Cat.No 66122C",66,,,,,,USD,EA
Penco,PENCO-66124C,Locker Accessory,10 51 13,"Penco Locker Accessories. Steel Lockers. 66""W. Cat.No 66124C",66,,,,,,USD,EA
Penco,PENCO-66127C,Locker Accessory,10 51 13,"Penco Locker Accessories. Steel Lockers. 78""W. Cat.No 66127C",78,,,,,,USD,EA
Penco,PENCO-66138C,Locker Accessory,10 51 13,"Penco Locker Accessories. Fillers for Welded GEN2 Lockers with. 12""W x 12""D. Cat.No 66138C",12,12,,,,,USD,EA
Penco,PENCO-66139C,Locker Accessory,10 51 13,"Penco Locker Accessories. Fillers for Welded GEN2 Lockers with. 15""W x 15""D. Cat.No 66139C",15,15,,,,,USD,EA
Penco,PENCO-66140C,Locker Accessory,10 51 13,"Penco Locker Accessories. Fillers for Welded GEN2 Lockers with. 18""W x 18""D. Cat.No 66140C",18,18,,,,,USD,EA
Penco,PENCO-66141C,Locker Accessory,10 51 13,"Penco Locker Accessories. Fillers for Welded GEN2 Lockers with. 21""W x 21""D. Cat.No 66141C",21,21,,,,,USD,EA
Penco,PENCO-66142C,Locker Accessory,10 51 13,"Penco Locker Accessories. Fillers for Welded GEN2 Lockers with. 24""W x 24""D. Cat.No 66142C",24,24,,,,,USD,EA
Penco,PENCO-66190C,Locker Accessory,10 51 13,"Penco Locker Accessories. Steel Lockers. 36-1/2""W. Cat.No 66190C",36-1/2,,,,,,USD,EA
Penco,PENCO-66191C,Locker Accessory,10 51 13,"Penco Locker Accessories. Steel Lockers. 48-1/2""W. Cat.No 66191C",48-1/2,,,,,,USD,EA
Penco,PENCO-66192C,Locker Accessory,10 51 13,"Penco Locker Accessories. Steel Lockers. 36-1/2""W. Cat.No 66192C",36-1/2,,,,,,USD,EA
Penco,PENCO-66193C,Locker Accessory,10 51 13,"Penco Locker Accessories. Steel Lockers. 48-1/2""W. Cat.No 66193C",48-1/2,,,,,,USD,EA
Penco,PENCO-66194C,Locker Accessory,10 51 13,"Penco Locker Accessories. Steel Lockers. 36-1/2""W. Cat.No 66194C",36-1/2,,,,,,USD,EA
Penco,PENCO-66195C,Locker Accessory,10 51 13,"Penco Locker Accessories. Steel Lockers. 48-1/2""W. Cat.No 66195C",48-1/2,,,,,,USD,EA
Penco,PENCO-66200C,Locker Accessory,10 51 13,"Penco Locker Accessories. Steel Lockers. 36-1/2""W. Cat.No 66200C",36-1/2,,,,,,USD,EA
Penco,PENCO-66201C,Locker Accessory,10 51 13,"Penco Locker Accessories. Slope Top Corner Fillers - For. 48-1/2""W. Cat.No 66201C",48-1/2,,,,,,USD,EA
Penco,PENCO-6HDX331C,Locker Accessory,10 51 13,"Penco Locker Accessories. Fillers for Welded GEN2 Lockers with. 661128""W x 13""D x 13""H. Cat.No 6HDX331C",661128,13,13,,,,USD,EA
Penco,PENCO-6HDX691C,Locker Accessory,10 51 13,"Penco Locker Accessories. Fillers for Welded GEN2 Lockers with. 661375""W x 16""D x 16""H. Cat.No 6HDX691C",661375,16,16,,,,USD,EA
Penco,PENCO-6STX071C,Locker Accessory,10 51 13,"Penco Locker Accessories. Fillers for Welded GEN2 Lockers with. 66138""W x 19""D x 19""H. Cat.No 6STX071C",66138,19,19,,,,USD,EA
Penco,PENCO-60456H,Locker Accessory,10 51 13,"Penco Locker Accessories. Extra Steel Locker Shelves. 74""W. Cat.No 60456H",74,,,,,,USD,EA
Penco,PENCO-60458C,Locker Accessory,10 51 13,"Penco Locker Accessories. mounting. In some cases shelf. 5""W x 72""D. Cat.No 60458C",5,72,,,,,USD,EA
Penco,PENCO-60465C,Locker Accessory,10 51 13,"Penco Locker Accessories. Side Trim - LH (Use with lockers that have No Legs or Base). 63""W. Cat.No 60465C",63,,,,,,USD,EA
Penco,PENCO-60466C,Locker Accessory,10 51 13,"Penco Locker Accessories. Side Trim - RH (Use with lockers that have No Legs or Base). 63""W. Cat.No 60466C",63,,,,,,USD,EA
Penco,PENCO-60467C,Locker Accessory,10 51 13,"Penco Locker Accessories. Side Trim - RH (Use with lockers that have No Legs or Base). 69""W. Cat.No 60467C",69,,,,,,USD,EA
Penco,PENCO-60468C,Locker Accessory,10 51 13,"Penco Locker Accessories. Side Trim - RH (Use with lockers that have No Legs or Base). 69""W. Cat.No 60468C",69,,,,,,USD,EA
Penco,PENCO-60469C,Locker Accessory,10 51 13,"Penco Locker Accessories. Side Trim - LH (Use with lockers that have No Legs or Base). 2""W x 6""D x 75""H. Cat.No 60469C",2,6,75,,,,USD,EA
Penco,PENCO-60470C,Locker Accessory,10 51 13,"Penco Locker Accessories. Side Trim - RH (Use with lockers that have No Legs or Base). 1""W x 75""D. Cat.No 60470C",1,75,,,,,USD,EA
Penco,PENCO-60471C,Locker Accessory,10 51 13,"Penco Locker Accessories. Side Trim - RH (Use with lockers that have No Legs or Base). 81""W. Cat.No 60471C",81,,,,,,USD,EA
Penco,PENCO-60472C,Locker Accessory,10 51 13,"Penco Locker Accessories. Side Trim - RH (Use with lockers that have No Legs or Base). 81""W. Cat.No 60472C",81,,,,,,USD,EA
Penco,PENCO-60473C,Locker Accessory,10 51 13,"Penco Locker Accessories. Side Trim - LH (Use with lockers that have No Legs or Base). 3""W x 87""D. Cat.No 60473C",3,87,,,,,USD,EA
Penco,PENCO-60474C,Locker Accessory,10 51 13,"Penco Locker Accessories. Side Trim - RH (Use with lockers that have No Legs or Base). 3""W x 8""D x 87""H. Cat.No 60474C",3,8,87,,,,USD,EA
Penco,PENCO-60475C,Locker Accessory,10 51 13,"Penco Locker Accessories. Side Trim - RH (Use with lockers that have No Legs or Base). 93""W. Cat.No 60475C",93,,,,,,USD,EA
Penco,PENCO-60476C,Locker Accessory,10 51 13,"Penco Locker Accessories. Side Trim - RH (Use with lockers that have No Legs or Base). 93""W. Cat.No 60476C",93,,,,,,USD,EA
Penco,PENCO-60477C,Locker Accessory,10 51 13,"Penco Locker Accessories. Side Trim - RH (Use with lockers that have No Legs or Base). 66""W. Cat.No 60477C",66,,,,,,USD,EA
Penco,PENCO-60478C,Locker Accessory,10 51 13,"Penco Locker Accessories. Side Trim - RH (Use with lockers that have No Legs or Base). 3""W x 66""D. Cat.No 60478C",3,66,,,,,USD,EA
Penco,PENCO-60479C,Locker Accessory,10 51 13,"Penco Locker Accessories. Side Trim - RH (Use with lockers that have No Legs or Base). 78""W. Cat.No 60479C",78,,,,,,USD,EA
Penco,PENCO-60480C,Locker Accessory,10 51 13,"Penco Locker Accessories. Side Trim - RH (Use with lockers that have No Legs or Base). 78""W. Cat.No 60480C",78,,,,,,USD,EA
Penco,PENCO-60481C,Locker Accessory,10 51 13,"Penco Locker Accessories. Side Trim - RH (Use with lockers that have No Legs or Base). 90""W. Cat.No 60481C",90,,,,,,USD,EA
Penco,PENCO-60482C,Locker Accessory,10 51 13,"Penco Locker Accessories. Side Trim - RH (Use with lockers that have No Legs or Base). 90""W. Cat.No 60482C",90,,,,,,USD,EA
Penco,PENCO-66105C,Locker Accessory,10 51 13,"Penco Locker Accessories. mounting. In some cases shelf. 2""W. Cat.No 66105C",2,,,,,,USD,EA
Penco,PENCO-66108C,Locker Accessory,10 51 13,"Penco Locker Accessories. mounting. In some cases shelf. 2""W. Cat.No 66108C",2,,,,,,USD,EA
Penco,PENCO-6RTX914C,Locker Accessory,10 51 13,"Penco Locker Accessories. w/ 4” Channel Base            64”               6RTX914C. 4""W x 64""D. Cat.No 6RTX914C",4,64,,,,,USD,EA
Penco,PENCO-6RTX915C,Locker Accessory,10 51 13,"Penco Locker Accessories. w/ 4” Channel Base             76”               6RTX918C. 4""W x 64""D. Cat.No 6RTX915C",4,64,,,,,USD,EA
Penco,PENCO-6RTX918C,Locker Accessory,10 51 13,"Penco Locker Accessories. w/ 4” Channel Base             76”               6RTX918C. 4""W x 76""D. Cat.No 6RTX918C",4,76,,,,,USD,EA
Penco,PENCO-6RTX919C,Locker Accessory,10 51 13,"Penco Locker Accessories. w/ 4” Channel Base             76”                 6RTX919C. 4""W x 76""D. Cat.No 6RTX919C",4,76,,,,,USD,EA
Penco,PENCO-60827H,Locker Bench,10 51 13,"Penco Locker Bench. B. Stainless Steel Free Standing Pedestal. 16-1/4""W. Cat.No 60827H",16-1/4,,,,,,USD,EA
Penco,PENCO-6RQ1478,Locker Bench,10 51 13,Penco Locker Accessories. B. Stainless Steel Free Standing Pedestal. Cat.No 6RQ1478,,,,,,,USD,EA
Penco,PENCO-9600,Locker Bench,10 51 13,"Penco Locker Bench. Standard Bench Tops. 48""W x 9-1/2""D x 1-1/4""H. Cat.No 9600",48,9/1/2002,1/1/2004,,,,USD,EA
Penco,PENCO-9601,Locker Bench,10 51 13,"Penco Locker Bench. Standard Bench Tops. 60""W x 9-1/2""D x 1-1/4""H. Cat.No 9601",60,9/1/2002,1/1/2004,,,,USD,EA
Penco,PENCO-9602,Locker Bench,10 51 13,"Penco Locker Bench. Standard Bench Tops. 72""W x 9-1/2""D x 1-1/4""H. Cat.No 9602",72,9/1/2002,1/1/2004,,,,USD,EA
Penco,PENCO-9603,Locker Bench,10 51 13,"Penco Locker Bench. Standard Bench Tops. 84""W x 9-1/2""D x 1-1/4""H. Cat.No 9603",84,9/1/2002,1/1/2004,,,,USD,EA
Penco,PENCO-9604,Locker Bench,10 51 13,"Penco Locker Bench. Standard Bench Tops. 96""W x 9-1/2""D x 1-1/4""H. Cat.No 9604",96,9/1/2002,1/1/2004,,,,USD,EA
Penco,PENCO-9605,Locker Bench,10 51 13,"Penco Locker Bench. Standard Bench Tops. 108""W x 9-1/2""D x 1-1/4""H. Cat.No 9605",108,9/1/2002,1/1/2004,,,,USD,EA
Penco,PENCO-9606,Locker Bench,10 51 13,"Penco Locker Bench. Standard Bench Tops. 120""W x 9-1/2""D x 1-1/4""H. Cat.No 9606",120,9/1/2002,1/1/2004,,,,USD,EA
Penco,PENCO-9607,Locker Bench,10 51 13,"Penco Locker Bench. Hardwood Bench Top. 132""W x 9-1/2""D x 1-1/4""H. Cat.No 9607",132,9/1/2002,1/1/2004,,,,USD,EA
Penco,PENCO-9608,Locker Bench,10 51 13,"Penco Locker Bench. Hardwood Bench Top. 144""W x 9-1/2""D x 1-1/4""H. Cat.No 9608",144,9/1/2002,1/1/2004,,,,USD,EA
Penco,PENCO-9611,Locker Bench,10 51 13,"Penco Locker Bench. Standard Bench Tops. 36""W x 9-1/2""D x 1-1/4""H. Cat.No 9611",36,9/1/2002,1/1/2004,,,,USD,EA
Penco,PENCO-9622,Locker Bench,10 51 13,"Penco Locker Bench. Standard Bench Tops. 48""W x 12""D x 1-1/4""H. Cat.No 9622",48,12,1/1/2004,,,,USD,EA
Penco,PENCO-9623,Locker Bench,10 51 13,"Penco Locker Bench. Hardwood Bench Top. 48""W x 24""D x 1-1/4""H. Cat.No 9623",48,24,1/1/2004,,,,USD,EA
Penco,PENCO-9624,Locker Bench,10 51 13,"Penco Locker Bench. Hardwood Bench Top. 42""W x 24""D x 1-1/4""H. Cat.No 9624",42,24,1/1/2004,,,,USD,EA
Penco,PENCO-9625,Locker Bench,10 51 13,"Penco Locker Bench. Hardwood Bench Top. 42""W x 18""D x 1-1/4""H. Cat.No 9625",42,18,1/1/2004,,,,USD,EA
Penco,PENCO-9628,Locker Bench,10 51 13,"Penco Locker Bench. Hardwood Bench Top. 48""W x 18""D x 1-1/4""H. Cat.No 9628",48,18,1/1/2004,,,,USD,EA
Penco,PENCO-9632,Locker Bench,10 51 13,"Penco Locker Bench. Hardwood Bench Top. 48""W x 20""D x 1-1/4""H. Cat.No 9632",48,20,1/1/2004,,,,USD,EA
Penco,PENCO-9634,Locker Bench,10 51 13,"Penco Locker Bench. Hardwood Bench Top. 42""W x 16""D x 1-1/4""H. Cat.No 9634",42,16,1/1/2004,,,,USD,EA
Penco,PENCO-9635,Locker Bench,10 51 13,"Penco Locker Bench. Hardwood Bench Top. 48""W x 16""D x 1-1/4""H. Cat.No 9635",48,16,1/1/2004,,,,USD,EA
Penco,PENCO-9636,Locker Bench,10 51 13,"Penco Locker Bench. Hardwood Bench Top. 42""W x 20""D x 1-1/4""H. Cat.No 9636",42,20,1/1/2004,,,,USD,EA
Penco,PENCO-96370,Locker Accessory,10 51 13,"Penco Locker Accessories. Acrylic Mirror. 6""W x 8""H. Cat.No 96370",6,,8,,,,USD,EA
Penco,PENCO-9676A,Locker Bench,10 51 13,Penco Locker Bench. Non-Skid Pedestal Kit for Stainless. Cat.No 9676A,,,,,,,USD,EA
Penco,PENCO-64001,Locker Accessory,10 51 13,"Penco Special Purpose. Kits, 18” Depth. 1""W x 16""D. Cat.No 64001",1,16,,,,,USD,EA
Penco,PENCO-64003,Locker Accessory,10 51 13,"Penco Special Purpose. Kits, 18” Depth. 3""W x 16""D. Cat.No 64003",3,16,,,,,USD,EA
Penco,PENCO-65540H,Locker Accessory,10 51 13,"Penco Special Purpose. Kits, 18” Depth. 16""W. Cat.No 65540H",16,,,,,,USD,EA
Penco,PENCO-65541H,Locker Bench,10 51 13,"Penco Special Purpose. Bench Support. 18""W. Cat.No 65541H",18,,,,,,USD,EA
Penco,PENCO-65542H,Locker Accessory,10 51 13,"Penco Special Purpose. End Front Leg. 16""W. Cat.No 65542H",16,,,,,,USD,EA
Penco,PENCO-65543H,Locker Accessory,10 51 13,"Penco Special Purpose. End Front Leg. 16""W. Cat.No 65543H",16,,,,,,USD,EA
Penco,PENCO-6ACXIA145H,Locker Accessory,10 51 13,Penco Shoulder Pads & Helmet Racks. pads and helmets dry. Cat.No 6ACXIA145H,,,,,,,USD,EA
Penco,PENCO-65800,Locker Accessory,10 51 13,"Penco Basket Racks & Baskets. 12in baskets, 3 wide x 7 high = 21. 40""W x 13""D x 70""H. Cat.No 65800",40,13,70,,,,USD,EA
Penco,PENCO-65830,Locker Accessory,10 51 13,"Penco Basket Racks & Baskets. 12in baskets, 3 wide x 8 high = 24. 40""W x 13""D x 79""H. Cat.No 65830",40,13,79,,,,USD,EA
Penco,PENCO-65840C,Locker Accessory,10 51 13,Penco Basket Racks & Baskets. Caster support; order 4 per caster set. Cat.No 65840C,,,,,,,USD,EA
Penco,PENCO-65910,Locker Accessory,10 51 13,"Penco Basket Racks & Baskets. 9in baskets, 4 wide x 7 high = 28. 40""W x 13""D x 70""H. Cat.No 65910",40,13,70,,,,USD,EA
Penco,PENCO-65930,Locker Accessory,10 51 13,"Penco Basket Racks & Baskets. 9in baskets, 4 wide x 8 high = 32. 40""W x 13""D x 79""H. Cat.No 65930",40,13,79,,,,USD,EA
Penco,PENCO-9620,Locker Bench,10 51 13,"Penco Basket Racks & Baskets. All-wire basket. 12""W x 13""D x 8""H. Cat.No 9620",12,13,8,,,,USD,EA
Penco,PENCO-9621,Locker Bench,10 51 13,"Penco Basket Racks & Baskets. All-wire basket. 9""W x 13""D x 8""H. Cat.No 9621",9,13,8,,,,USD,EA
Penco,PENCO-9650H,Locker Accessory,10 51 13,"Penco Basket Racks & Baskets. Caster set (4 swivel); Set UOM in catalog. 3""W x 3""D. Cat.No 9650H",3,3,,,,,USD,EA
Penco,PENCO-LF-2/2-GRY-CAM,Locker,10 51 13,Penco Garment Dispenser. Garment Locker. Cat.No LF-2/2-GRY-CAM,,,,,,,USD,EA
Penco,PENCO-LF-2/2-GRY-COM,Locker,10 51 13,Penco Garment Dispenser. Garment Locker. Cat.No LF-2/2-GRY-COM,,,,,,,USD,EA
Penco,PENCO-LF-2/2-GRY-TRNB,Locker,10 51 13,Penco Garment Dispenser. Garment Locker. Cat.No LF-2/2-GRY-TRNB,,,,,,,USD,EA
Penco,PENCO-LF-2/2-SLV-CAM,Locker,10 51 13,Penco Garment Dispenser. Garment Locker. Cat.No LF-2/2-SLV-CAM,,,,,,,USD,EA
Penco,PENCO-LF-2/2-SLV-COM,Locker,10 51 13,Penco Garment Dispenser. Garment Locker. Cat.No LF-2/2-SLV-COM,,,,,,,USD,EA
Penco,PENCO-LF-2/2-SLV-TRNB,Locker,10 51 13,Penco Garment Dispenser. Garment Locker. Cat.No LF-2/2-SLV-TRNB,,,,,,,USD,EA
Penco,PENCO-LF-8C-GRY-CAM,Locker,10 51 13,Penco Garment Dispenser. Garment Locker. Cat.No LF-8C-GRY-CAM,,,,,,,USD,EA
Penco,PENCO-LF-8C-GRY-COM,Locker,10 51 13,Penco Garment Dispenser. Garment Locker. Cat.No LF-8C-GRY-COM,,,,,,,USD,EA
Penco,PENCO-LF-8C-GRY-TRNB,Locker,10 51 13,Penco Garment Dispenser. Garment Locker. Cat.No LF-8C-GRY-TRNB,,,,,,,USD,EA
Penco,PENCO-LF-8C-SLV-CAM,Locker,10 51 13,Penco Garment Dispenser. Garment Locker. Cat.No LF-8C-SLV-CAM,,,,,,,USD,EA
Penco,PENCO-LF-8C-SLV-COM,Locker,10 51 13,Penco Garment Dispenser. Garment Locker. Cat.No LF-8C-SLV-COM,,,,,,,USD,EA
Penco,PENCO-LF-8C-SLV-TRNB,Locker,10 51 13,Penco Garment Dispenser. Garment Locker. Cat.No LF-8C-SLV-TRNB,,,,,,,USD,EA
Penco,PENCO-LF-BG4-GRY-CAM,Locker,10 51 13,Penco Garment Dispenser. Garment Locker. Cat.No LF-BG4-GRY-CAM,,,,,,,USD,EA
Penco,PENCO-LF-BG4-GRY-COM,Locker,10 51 13,Penco Garment Dispenser. Garment Locker. Cat.No LF-BG4-GRY-COM,,,,,,,USD,EA
Penco,PENCO-LF-BG4-GRY-TRNB,Locker,10 51 13,Penco Garment Dispenser. Garment Locker. Cat.No LF-BG4-GRY-TRNB,,,,,,,USD,EA
Penco,PENCO-LF-BG4-SLV-CAM,Locker,10 51 13,Penco Garment Dispenser. Garment Locker. Cat.No LF-BG4-SLV-CAM,,,,,,,USD,EA
Penco,PENCO-LF-BG4-SLV-COM,Locker,10 51 13,Penco Garment Dispenser. Garment Locker. Cat.No LF-BG4-SLV-COM,,,,,,,USD,EA
Penco,PENCO-LF-BG4-SLV-TRNB,Locker,10 51 13,Penco Garment Dispenser. Garment Locker. Cat.No LF-BG4-SLV-TRNB,,,,,,,USD,EA
Penco,PENCO-LF-BG6-GRY-CAM,Locker,10 51 13,Penco Garment Dispenser. Garment Locker. Cat.No LF-BG6-GRY-CAM,,,,,,,USD,EA
Penco,PENCO-LF-BG6-GRY-COM,Locker,10 51 13,Penco Garment Dispenser. Garment Locker. Cat.No LF-BG6-GRY-COM,,,,,,,USD,EA
Penco,PENCO-LF-BG6-GRY-TRNB,Locker,10 51 13,Penco Garment Dispenser. Garment Locker. Cat.No LF-BG6-GRY-TRNB,,,,,,,USD,EA
Penco,PENCO-LF-BG6-SLV-CAM,Locker,10 51 13,Penco Garment Dispenser. Garment Locker. Cat.No LF-BG6-SLV-CAM,,,,,,,USD,EA
Penco,PENCO-LF-BG6-SLV-COM,Locker,10 51 13,Penco Garment Dispenser. Garment Locker. Cat.No LF-BG6-SLV-COM,,,,,,,USD,EA
Penco,PENCO-LF-BG6-SLV-TRNB,Locker,10 51 13,Penco Garment Dispenser. Garment Locker. Cat.No LF-BG6-SLV-TRNB,,,,,,,USD,EA
Penco,PENCO-LF-BG8-GRY-CAM,Locker,10 51 13,Penco Garment Dispenser. Garment Locker. Cat.No LF-BG8-GRY-CAM,,,,,,,USD,EA
Penco,PENCO-LF-BG8-GRY-COM,Locker,10 51 13,Penco Garment Dispenser. Garment Locker. Cat.No LF-BG8-GRY-COM,,,,,,,USD,EA
Penco,PENCO-LF-BG8-GRY-TRNB,Locker,10 51 13,Penco Garment Dispenser. Garment Locker. Cat.No LF-BG8-GRY-TRNB,,,,,,,USD,EA
Penco,PENCO-LF-BG8-SLV-CAM,Locker,10 51 13,Penco Garment Dispenser. Garment Locker. Cat.No LF-BG8-SLV-CAM,,,,,,,USD,EA
Penco,PENCO-LF-BG8-SLV-COM,Locker,10 51 13,Penco Garment Dispenser. Garment Locker. Cat.No LF-BG8-SLV-COM,,,,,,,USD,EA
Penco,PENCO-LF-BG8-SLV-TRNB,Locker,10 51 13,Penco Garment Dispenser. Garment Locker. Cat.No LF-BG8-SLV-TRNB,,,,,,,USD,EA
Penco,PENCO-10200-GRAY,Locker,10 51 13,Penco Garment Dispenser. Garment Locker. Cat.No 10200-GRAY,,,,,,,USD,EA
Penco,PENCO-10200-SLVN,Locker,10 51 13,Penco Garment Dispenser. Garment Locker. Cat.No 10200-SLVN,,,,,,,USD,EA
Penco,PENCO-11100-GRAY,Locker,10 51 13,Penco Garment Dispenser. Garment Locker. Cat.No 11100-GRAY,,,,,,,USD,EA
Penco,PENCO-11700-GRAY,Locker,10 51 13,Penco Garment Dispenser. Garment Locker. Cat.No 11700-GRAY,,,,,,,USD,EA
Penco,PENCO-12100-GRAY,Locker,10 51 13,Penco Garment Dispenser. Garment Locker. Cat.No 12100-GRAY,,,,,,,USD,EA
Penco,PENCO-12700-GRAY,Locker,10 51 13,Penco Garment Dispenser. Garment Locker. Cat.No 12700-GRAY,,,,,,,USD,EA
Penco,PENCO-13100-GRAY,Locker,10 51 13,Penco Garment Dispenser. Garment Locker. Cat.No 13100-GRAY,,,,,,,USD,EA
Penco,PENCO-13700-GRAY,Locker,10 51 13,Penco Garment Dispenser. Garment Locker. Cat.No 13700-GRAY,,,,,,,USD,EA
Penco,PENCO-LF-LDM-GRY,Locker,10 51 13,Penco Garment Dispenser. Garment Locker. Cat.No LF-LDM-GRY,,,,,,,USD,EA
Penco,PENCO-LF-LDM-SLV,Locker,10 51 13,Penco Garment Dispenser. Garment Locker. Cat.No LF-LDM-SLV,,,,,,,USD,EA
Penco,PENCO-LF-LDS-GRY,Locker,10 51 13,Penco Garment Dispenser. Garment Locker. Cat.No LF-LDS-GRY,,,,,,,USD,EA
Penco,PENCO-LF-LDS-SLV,Locker,10 51 13,Penco Garment Dispenser. Garment Locker. Cat.No LF-LDS-SLV,,,,,,,USD,EA
